solid CadrixAI_mdl_e558b49e1650_preview
  // Generated by CadrixAI
  // Author: Bhavyadeep Rao
  // Year: 2026
 facet normal  0.000000e+00 -1.000000e+00  0.000000e+00
   outer loop
     vertex  5.800000e+01 -4.000000e+01  0.000000e+00
     vertex -5.800000e+01 -4.000000e+01  6.000000e+01
     vertex -5.800000e+01 -4.000000e+01  0.000000e+00
   endloop
 endfacet
 facet normal  0.000000e+00 -1.000000e+00  0.000000e+00
   outer loop
     vertex  5.800000e+01 -4.000000e+01  0.000000e+00
     vertex  5.800000e+01 -4.000000e+01  6.000000e+01
     vertex -5.800000e+01 -4.000000e+01  6.000000e+01
   endloop
 endfacet
 facet normal  0.000000e+00  0.000000e+00 -1.000000e+00
   outer loop
     vertex -5.954602e+01 -3.926879e+01  0.000000e+00
     vertex -5.941421e+01 -3.941421e+01  0.000000e+00
     vertex -5.948190e+01 -3.934312e+01  0.000000e+00
   endloop
 endfacet
 facet normal  0.000000e+00  0.000000e+00 -1.000000e+00
   outer loop
     vertex -5.966294e+01 -3.911114e+01  0.000000e+00
     vertex -5.954602e+01 -3.926879e+01  0.000000e+00
     vertex -5.960642e+01 -3.919140e+01  0.000000e+00
   endloop
 endfacet
 facet normal  0.000000e+00  0.000000e+00 -1.000000e+00
   outer loop
     vertex -5.966294e+01 -3.911114e+01  0.000000e+00
     vertex -5.941421e+01 -3.941421e+01  0.000000e+00
     vertex -5.954602e+01 -3.926879e+01  0.000000e+00
   endloop
 endfacet
 facet normal  0.000000e+00  0.000000e+00 -1.000000e+00
   outer loop
     vertex -5.911114e+01 -3.966294e+01  0.000000e+00
     vertex -5.919140e+01 -3.960642e+01  0.000000e+00
     vertex -5.926879e+01 -3.954602e+01  0.000000e+00
   endloop
 endfacet
 facet normal  0.000000e+00  0.000000e+00 -1.000000e+00
   outer loop
     vertex -5.911114e+01 -3.966294e+01  0.000000e+00
     vertex -5.926879e+01 -3.954602e+01  0.000000e+00
     vertex -5.934312e+01 -3.948190e+01  0.000000e+00
   endloop
 endfacet
 facet normal  0.000000e+00  0.000000e+00 -1.000000e+00
   outer loop
     vertex -5.911114e+01 -3.966294e+01  0.000000e+00
     vertex -5.934312e+01 -3.948190e+01  0.000000e+00
     vertex -5.941421e+01 -3.941421e+01  0.000000e+00
   endloop
 endfacet
 facet normal  0.000000e+00  0.000000e+00 -1.000000e+00
   outer loop
     vertex -5.885511e+01 -3.980798e+01  0.000000e+00
     vertex -5.894279e+01 -3.976384e+01  0.000000e+00
     vertex -5.902821e+01 -3.971546e+01  0.000000e+00
   endloop
 endfacet
 facet normal  0.000000e+00  0.000000e+00 -1.000000e+00
   outer loop
     vertex -5.876537e+01 -3.984776e+01  0.000000e+00
     vertex -5.885511e+01 -3.980798e+01  0.000000e+00
     vertex -5.902821e+01 -3.971546e+01  0.000000e+00
   endloop
 endfacet
 facet normal  0.000000e+00  0.000000e+00 -1.000000e+00
   outer loop
     vertex -5.984776e+01 -3.876537e+01  0.000000e+00
     vertex -5.966294e+01 -3.911114e+01  0.000000e+00
     vertex -5.971546e+01 -3.902821e+01  0.000000e+00
   endloop
 endfacet
 facet normal  0.000000e+00  0.000000e+00 -1.000000e+00
   outer loop
     vertex -5.984776e+01 -3.876537e+01  0.000000e+00
     vertex -5.971546e+01 -3.902821e+01  0.000000e+00
     vertex -5.976384e+01 -3.894279e+01  0.000000e+00
   endloop
 endfacet
 facet normal  0.000000e+00  0.000000e+00 -1.000000e+00
   outer loop
     vertex -5.984776e+01 -3.876537e+01  0.000000e+00
     vertex -5.976384e+01 -3.894279e+01  0.000000e+00
     vertex -5.980798e+01 -3.885511e+01  0.000000e+00
   endloop
 endfacet
 facet normal  0.000000e+00  0.000000e+00 -1.000000e+00
   outer loop
     vertex -5.984776e+01 -3.876537e+01  0.000000e+00
     vertex -5.941421e+01 -3.941421e+01  0.000000e+00
     vertex -5.966294e+01 -3.911114e+01  0.000000e+00
   endloop
 endfacet
 facet normal  0.000000e+00  0.000000e+00 -1.000000e+00
   outer loop
     vertex -5.867378e+01 -3.988309e+01  0.000000e+00
     vertex -5.902821e+01 -3.971546e+01  0.000000e+00
     vertex -5.911114e+01 -3.966294e+01  0.000000e+00
   endloop
 endfacet
 facet normal  0.000000e+00  0.000000e+00 -1.000000e+00
   outer loop
     vertex -5.867378e+01 -3.988309e+01  0.000000e+00
     vertex -5.876537e+01 -3.984776e+01  0.000000e+00
     vertex -5.902821e+01 -3.971546e+01  0.000000e+00
   endloop
 endfacet
 facet normal  0.000000e+00  0.000000e+00 -1.000000e+00
   outer loop
     vertex -5.867378e+01 -3.988309e+01  0.000000e+00
     vertex -5.911114e+01 -3.966294e+01  0.000000e+00
     vertex -5.941421e+01 -3.941421e+01  0.000000e+00
   endloop
 endfacet
 facet normal  0.000000e+00  0.000000e+00 -1.000000e+00
   outer loop
     vertex -5.848596e+01 -3.994006e+01  0.000000e+00
     vertex -5.858057e+01 -3.991388e+01  0.000000e+00
     vertex -5.867378e+01 -3.988309e+01  0.000000e+00
   endloop
 endfacet
 facet normal  0.000000e+00  0.000000e+00 -1.000000e+00
   outer loop
     vertex -5.994006e+01 -3.848596e+01  0.000000e+00
     vertex -5.988309e+01 -3.867378e+01  0.000000e+00
     vertex -5.991388e+01 -3.858057e+01  0.000000e+00
   endloop
 endfacet
 facet normal  0.000000e+00  0.000000e+00 -1.000000e+00
   outer loop
     vertex -5.997835e+01 -3.829346e+01  0.000000e+00
     vertex -5.994006e+01 -3.848596e+01  0.000000e+00
     vertex -5.996157e+01 -3.839018e+01  0.000000e+00
   endloop
 endfacet
 facet normal  0.000000e+00  0.000000e+00 -1.000000e+00
   outer loop
     vertex -5.829346e+01 -3.997835e+01  0.000000e+00
     vertex -5.839018e+01 -3.996157e+01  0.000000e+00
     vertex -5.848596e+01 -3.994006e+01  0.000000e+00
   endloop
 endfacet
 facet normal  0.000000e+00  0.000000e+00 -1.000000e+00
   outer loop
     vertex -5.999037e+01 -3.819603e+01  0.000000e+00
     vertex -5.984776e+01 -3.876537e+01  0.000000e+00
     vertex -5.988309e+01 -3.867378e+01  0.000000e+00
   endloop
 endfacet
 facet normal  0.000000e+00  0.000000e+00 -1.000000e+00
   outer loop
     vertex -5.999037e+01 -3.819603e+01  0.000000e+00
     vertex -5.941421e+01 -3.941421e+01  0.000000e+00
     vertex -5.984776e+01 -3.876537e+01  0.000000e+00
   endloop
 endfacet
 facet normal  0.000000e+00  0.000000e+00 -1.000000e+00
   outer loop
     vertex -5.999037e+01 -3.819603e+01  0.000000e+00
     vertex -5.988309e+01 -3.867378e+01  0.000000e+00
     vertex -5.994006e+01 -3.848596e+01  0.000000e+00
   endloop
 endfacet
 facet normal  0.000000e+00  0.000000e+00 -1.000000e+00
   outer loop
     vertex -5.999037e+01 -3.819603e+01  0.000000e+00
     vertex -5.994006e+01 -3.848596e+01  0.000000e+00
     vertex -5.997835e+01 -3.829346e+01  0.000000e+00
   endloop
 endfacet
 facet normal  0.000000e+00  0.000000e+00 -1.000000e+00
   outer loop
     vertex -5.819603e+01 -3.999037e+01  0.000000e+00
     vertex -5.848596e+01 -3.994006e+01  0.000000e+00
     vertex -5.867378e+01 -3.988309e+01  0.000000e+00
   endloop
 endfacet
 facet normal  0.000000e+00  0.000000e+00 -1.000000e+00
   outer loop
     vertex -5.819603e+01 -3.999037e+01  0.000000e+00
     vertex -5.867378e+01 -3.988309e+01  0.000000e+00
     vertex -5.941421e+01 -3.941421e+01  0.000000e+00
   endloop
 endfacet
 facet normal  0.000000e+00  0.000000e+00 -1.000000e+00
   outer loop
     vertex -5.819603e+01 -3.999037e+01  0.000000e+00
     vertex -5.941421e+01 -3.941421e+01  0.000000e+00
     vertex -5.999037e+01 -3.819603e+01  0.000000e+00
   endloop
 endfacet
 facet normal  0.000000e+00  0.000000e+00 -1.000000e+00
   outer loop
     vertex -5.819603e+01 -3.999037e+01  0.000000e+00
     vertex -5.829346e+01 -3.997835e+01  0.000000e+00
     vertex -5.848596e+01 -3.994006e+01  0.000000e+00
   endloop
 endfacet
 facet normal  0.000000e+00  0.000000e+00 -1.000000e+00
   outer loop
     vertex -5.800000e+01 -4.000000e+01  0.000000e+00
     vertex -5.809814e+01 -3.999759e+01  0.000000e+00
     vertex -5.819603e+01 -3.999037e+01  0.000000e+00
   endloop
 endfacet
 facet normal  0.000000e+00  0.000000e+00 -1.000000e+00
   outer loop
     vertex -6.000000e+01 -3.800000e+01  0.000000e+00
     vertex -5.999037e+01 -3.819603e+01  0.000000e+00
     vertex -5.999759e+01 -3.809814e+01  0.000000e+00
   endloop
 endfacet
 facet normal  0.000000e+00  0.000000e+00 -1.000000e+00
   outer loop
     vertex -6.000000e+01 -3.800000e+01  0.000000e+00
     vertex -5.819603e+01 -3.999037e+01  0.000000e+00
     vertex -5.999037e+01 -3.819603e+01  0.000000e+00
   endloop
 endfacet
 facet normal  0.000000e+00  0.000000e+00 -1.000000e+00
   outer loop
     vertex -6.000000e+01 -3.800000e+01  0.000000e+00
     vertex -5.800000e+01 -4.000000e+01  0.000000e+00
     vertex -5.819603e+01 -3.999037e+01  0.000000e+00
   endloop
 endfacet
 facet normal  0.000000e+00  0.000000e+00 -1.000000e+00
   outer loop
     vertex -5.997835e+01  3.829346e+01  0.000000e+00
     vertex -5.999759e+01  3.809814e+01  0.000000e+00
     vertex -5.999037e+01  3.819603e+01  0.000000e+00
   endloop
 endfacet
 facet normal  0.000000e+00  0.000000e+00 -1.000000e+00
   outer loop
     vertex -5.994006e+01  3.848596e+01  0.000000e+00
     vertex -5.999759e+01  3.809814e+01  0.000000e+00
     vertex -5.997835e+01  3.829346e+01  0.000000e+00
   endloop
 endfacet
 facet normal  0.000000e+00  0.000000e+00 -1.000000e+00
   outer loop
     vertex -5.994006e+01  3.848596e+01  0.000000e+00
     vertex -5.997835e+01  3.829346e+01  0.000000e+00
     vertex -5.996157e+01  3.839018e+01  0.000000e+00
   endloop
 endfacet
 facet normal  0.000000e+00  0.000000e+00 -1.000000e+00
   outer loop
     vertex -5.994006e+01  3.848596e+01  0.000000e+00
     vertex -6.000000e+01  3.800000e+01  0.000000e+00
     vertex -5.999759e+01  3.809814e+01  0.000000e+00
   endloop
 endfacet
 facet normal  0.000000e+00  0.000000e+00 -1.000000e+00
   outer loop
     vertex -5.984776e+01  3.876537e+01  0.000000e+00
     vertex -6.000000e+01  3.800000e+01  0.000000e+00
     vertex -5.994006e+01  3.848596e+01  0.000000e+00
   endloop
 endfacet
 facet normal  0.000000e+00  0.000000e+00 -1.000000e+00
   outer loop
     vertex -5.984776e+01  3.876537e+01  0.000000e+00
     vertex -5.991388e+01  3.858057e+01  0.000000e+00
     vertex -5.988309e+01  3.867378e+01  0.000000e+00
   endloop
 endfacet
 facet normal  0.000000e+00  0.000000e+00 -1.000000e+00
   outer loop
     vertex -5.984776e+01  3.876537e+01  0.000000e+00
     vertex -5.994006e+01  3.848596e+01  0.000000e+00
     vertex -5.991388e+01  3.858057e+01  0.000000e+00
   endloop
 endfacet
 facet normal  0.000000e+00  0.000000e+00 -1.000000e+00
   outer loop
     vertex -5.976384e+01  3.894279e+01  0.000000e+00
     vertex -6.000000e+01  3.800000e+01  0.000000e+00
     vertex -5.984776e+01  3.876537e+01  0.000000e+00
   endloop
 endfacet
 facet normal  0.000000e+00  0.000000e+00 -1.000000e+00
   outer loop
     vertex -5.976384e+01  3.894279e+01  0.000000e+00
     vertex -5.984776e+01  3.876537e+01  0.000000e+00
     vertex -5.980798e+01  3.885511e+01  0.000000e+00
   endloop
 endfacet
 facet normal  0.000000e+00  0.000000e+00 -1.000000e+00
   outer loop
     vertex -5.960642e+01  3.919140e+01  0.000000e+00
     vertex -6.000000e+01  3.800000e+01  0.000000e+00
     vertex -5.976384e+01  3.894279e+01  0.000000e+00
   endloop
 endfacet
 facet normal  0.000000e+00  0.000000e+00 -1.000000e+00
   outer loop
     vertex -5.960642e+01  3.919140e+01  0.000000e+00
     vertex -5.971546e+01  3.902821e+01  0.000000e+00
     vertex -5.966294e+01  3.911114e+01  0.000000e+00
   endloop
 endfacet
 facet normal  0.000000e+00  0.000000e+00 -1.000000e+00
   outer loop
     vertex -5.960642e+01  3.919140e+01  0.000000e+00
     vertex -5.976384e+01  3.894279e+01  0.000000e+00
     vertex -5.971546e+01  3.902821e+01  0.000000e+00
   endloop
 endfacet
 facet normal  0.000000e+00  0.000000e+00 -1.000000e+00
   outer loop
     vertex -5.948190e+01  3.934312e+01  0.000000e+00
     vertex -5.960642e+01  3.919140e+01  0.000000e+00
     vertex -5.954602e+01  3.926879e+01  0.000000e+00
   endloop
 endfacet
 facet normal  0.000000e+00  0.000000e+00 -1.000000e+00
   outer loop
     vertex -5.934312e+01  3.948190e+01  0.000000e+00
     vertex -5.960642e+01  3.919140e+01  0.000000e+00
     vertex -5.948190e+01  3.934312e+01  0.000000e+00
   endloop
 endfacet
 facet normal  0.000000e+00  0.000000e+00 -1.000000e+00
   outer loop
     vertex -5.934312e+01  3.948190e+01  0.000000e+00
     vertex -5.948190e+01  3.934312e+01  0.000000e+00
     vertex -5.941421e+01  3.941421e+01  0.000000e+00
   endloop
 endfacet
 facet normal  0.000000e+00  0.000000e+00 -1.000000e+00
   outer loop
     vertex -5.911114e+01  3.966294e+01  0.000000e+00
     vertex -5.926879e+01  3.954602e+01  0.000000e+00
     vertex -5.919140e+01  3.960642e+01  0.000000e+00
   endloop
 endfacet
 facet normal  0.000000e+00  0.000000e+00 -1.000000e+00
   outer loop
     vertex -5.894279e+01  3.976384e+01  0.000000e+00
     vertex -5.911114e+01  3.966294e+01  0.000000e+00
     vertex -5.902821e+01  3.971546e+01  0.000000e+00
   endloop
 endfacet
 facet normal  0.000000e+00  0.000000e+00 -1.000000e+00
   outer loop
     vertex -5.885511e+01  3.980798e+01  0.000000e+00
     vertex -5.911114e+01  3.966294e+01  0.000000e+00
     vertex -5.894279e+01  3.976384e+01  0.000000e+00
   endloop
 endfacet
 facet normal  0.000000e+00  0.000000e+00 -1.000000e+00
   outer loop
     vertex -5.876537e+01  3.984776e+01  0.000000e+00
     vertex -5.926879e+01  3.954602e+01  0.000000e+00
     vertex -5.911114e+01  3.966294e+01  0.000000e+00
   endloop
 endfacet
 facet normal  0.000000e+00  0.000000e+00 -1.000000e+00
   outer loop
     vertex -5.876537e+01  3.984776e+01  0.000000e+00
     vertex -5.911114e+01  3.966294e+01  0.000000e+00
     vertex -5.885511e+01  3.980798e+01  0.000000e+00
   endloop
 endfacet
 facet normal  0.000000e+00  0.000000e+00 -1.000000e+00
   outer loop
     vertex -5.858057e+01  3.991388e+01  0.000000e+00
     vertex -5.960642e+01  3.919140e+01  0.000000e+00
     vertex -5.934312e+01  3.948190e+01  0.000000e+00
   endloop
 endfacet
 facet normal  0.000000e+00  0.000000e+00 -1.000000e+00
   outer loop
     vertex -5.858057e+01  3.991388e+01  0.000000e+00
     vertex -5.926879e+01  3.954602e+01  0.000000e+00
     vertex -5.876537e+01  3.984776e+01  0.000000e+00
   endloop
 endfacet
 facet normal  0.000000e+00  0.000000e+00 -1.000000e+00
   outer loop
     vertex -5.858057e+01  3.991388e+01  0.000000e+00
     vertex -5.876537e+01  3.984776e+01  0.000000e+00
     vertex -5.867378e+01  3.988309e+01  0.000000e+00
   endloop
 endfacet
 facet normal  0.000000e+00  0.000000e+00 -1.000000e+00
   outer loop
     vertex -5.858057e+01  3.991388e+01  0.000000e+00
     vertex -5.934312e+01  3.948190e+01  0.000000e+00
     vertex -5.926879e+01  3.954602e+01  0.000000e+00
   endloop
 endfacet
 facet normal  0.000000e+00  0.000000e+00 -1.000000e+00
   outer loop
     vertex -5.829346e+01  3.997835e+01  0.000000e+00
     vertex -5.848596e+01  3.994006e+01  0.000000e+00
     vertex -5.839018e+01  3.996157e+01  0.000000e+00
   endloop
 endfacet
 facet normal  0.000000e+00  0.000000e+00 -1.000000e+00
   outer loop
     vertex -5.809814e+01  3.999759e+01  0.000000e+00
     vertex -5.848596e+01  3.994006e+01  0.000000e+00
     vertex -5.829346e+01  3.997835e+01  0.000000e+00
   endloop
 endfacet
 facet normal  0.000000e+00  0.000000e+00 -1.000000e+00
   outer loop
     vertex -5.809814e+01  3.999759e+01  0.000000e+00
     vertex -5.829346e+01  3.997835e+01  0.000000e+00
     vertex -5.819603e+01  3.999037e+01  0.000000e+00
   endloop
 endfacet
 facet normal  0.000000e+00 -0.000000e+00 -1.000000e+00
   outer loop
     vertex -5.800000e+01  4.000000e+01  0.000000e+00
     vertex -5.800000e+01 -4.000000e+01  0.000000e+00
     vertex -6.000000e+01 -3.800000e+01  0.000000e+00
   endloop
 endfacet
 facet normal  0.000000e+00  0.000000e+00 -1.000000e+00
   outer loop
     vertex -5.800000e+01  4.000000e+01  0.000000e+00
     vertex -6.000000e+01  3.800000e+01  0.000000e+00
     vertex -5.960642e+01  3.919140e+01  0.000000e+00
   endloop
 endfacet
 facet normal  0.000000e+00  0.000000e+00 -1.000000e+00
   outer loop
     vertex -5.800000e+01  4.000000e+01  0.000000e+00
     vertex -5.960642e+01  3.919140e+01  0.000000e+00
     vertex -5.858057e+01  3.991388e+01  0.000000e+00
   endloop
 endfacet
 facet normal  0.000000e+00  0.000000e+00 -1.000000e+00
   outer loop
     vertex -5.800000e+01  4.000000e+01  0.000000e+00
     vertex -5.848596e+01  3.994006e+01  0.000000e+00
     vertex -5.809814e+01  3.999759e+01  0.000000e+00
   endloop
 endfacet
 facet normal  0.000000e+00  0.000000e+00 -1.000000e+00
   outer loop
     vertex -5.800000e+01  4.000000e+01  0.000000e+00
     vertex -5.858057e+01  3.991388e+01  0.000000e+00
     vertex -5.848596e+01  3.994006e+01  0.000000e+00
   endloop
 endfacet
 facet normal  0.000000e+00  0.000000e+00 -1.000000e+00
   outer loop
     vertex -5.800000e+01  4.000000e+01  0.000000e+00
     vertex -6.000000e+01 -3.800000e+01  0.000000e+00
     vertex -6.000000e+01  3.800000e+01  0.000000e+00
   endloop
 endfacet
 facet normal  0.000000e+00  0.000000e+00 -1.000000e+00
   outer loop
     vertex  5.800000e+01 -4.000000e+01  0.000000e+00
     vertex -5.800000e+01 -4.000000e+01  0.000000e+00
     vertex -5.800000e+01  4.000000e+01  0.000000e+00
   endloop
 endfacet
 facet normal  0.000000e+00  0.000000e+00 -1.000000e+00
   outer loop
     vertex  5.819603e+01 -3.999037e+01  0.000000e+00
     vertex  5.809814e+01 -3.999759e+01  0.000000e+00
     vertex  5.800000e+01 -4.000000e+01  0.000000e+00
   endloop
 endfacet
 facet normal  0.000000e+00  0.000000e+00 -1.000000e+00
   outer loop
     vertex  5.867378e+01 -3.988309e+01  0.000000e+00
     vertex  5.829346e+01 -3.997835e+01  0.000000e+00
     vertex  5.819603e+01 -3.999037e+01  0.000000e+00
   endloop
 endfacet
 facet normal  0.000000e+00  0.000000e+00 -1.000000e+00
   outer loop
     vertex  5.867378e+01 -3.988309e+01  0.000000e+00
     vertex  5.839018e+01 -3.996157e+01  0.000000e+00
     vertex  5.829346e+01 -3.997835e+01  0.000000e+00
   endloop
 endfacet
 facet normal  0.000000e+00  0.000000e+00 -1.000000e+00
   outer loop
     vertex  5.867378e+01 -3.988309e+01  0.000000e+00
     vertex  5.848596e+01 -3.994006e+01  0.000000e+00
     vertex  5.839018e+01 -3.996157e+01  0.000000e+00
   endloop
 endfacet
 facet normal  0.000000e+00  0.000000e+00 -1.000000e+00
   outer loop
     vertex  5.867378e+01 -3.988309e+01  0.000000e+00
     vertex  5.858057e+01 -3.991388e+01  0.000000e+00
     vertex  5.848596e+01 -3.994006e+01  0.000000e+00
   endloop
 endfacet
 facet normal  0.000000e+00  0.000000e+00 -1.000000e+00
   outer loop
     vertex  5.867378e+01 -3.988309e+01  0.000000e+00
     vertex  5.819603e+01 -3.999037e+01  0.000000e+00
     vertex  5.800000e+01 -4.000000e+01  0.000000e+00
   endloop
 endfacet
 facet normal  0.000000e+00  0.000000e+00 -1.000000e+00
   outer loop
     vertex  5.876537e+01 -3.984776e+01  0.000000e+00
     vertex  5.867378e+01 -3.988309e+01  0.000000e+00
     vertex  5.800000e+01 -4.000000e+01  0.000000e+00
   endloop
 endfacet
 facet normal  0.000000e+00  0.000000e+00 -1.000000e+00
   outer loop
     vertex  5.885511e+01 -3.980798e+01  0.000000e+00
     vertex  5.876537e+01 -3.984776e+01  0.000000e+00
     vertex  5.800000e+01 -4.000000e+01  0.000000e+00
   endloop
 endfacet
 facet normal  0.000000e+00  0.000000e+00 -1.000000e+00
   outer loop
     vertex  5.894279e+01 -3.976384e+01  0.000000e+00
     vertex  5.885511e+01 -3.980798e+01  0.000000e+00
     vertex  5.800000e+01 -4.000000e+01  0.000000e+00
   endloop
 endfacet
 facet normal  0.000000e+00  0.000000e+00 -1.000000e+00
   outer loop
     vertex  5.919140e+01 -3.960642e+01  0.000000e+00
     vertex  5.911114e+01 -3.966294e+01  0.000000e+00
     vertex  5.902821e+01 -3.971546e+01  0.000000e+00
   endloop
 endfacet
 facet normal  0.000000e+00  0.000000e+00 -1.000000e+00
   outer loop
     vertex  5.926879e+01 -3.954602e+01  0.000000e+00
     vertex  5.902821e+01 -3.971546e+01  0.000000e+00
     vertex  5.894279e+01 -3.976384e+01  0.000000e+00
   endloop
 endfacet
 facet normal  0.000000e+00  0.000000e+00 -1.000000e+00
   outer loop
     vertex  5.926879e+01 -3.954602e+01  0.000000e+00
     vertex  5.894279e+01 -3.976384e+01  0.000000e+00
     vertex  5.800000e+01 -4.000000e+01  0.000000e+00
   endloop
 endfacet
 facet normal  0.000000e+00  0.000000e+00 -1.000000e+00
   outer loop
     vertex  5.926879e+01 -3.954602e+01  0.000000e+00
     vertex  5.919140e+01 -3.960642e+01  0.000000e+00
     vertex  5.902821e+01 -3.971546e+01  0.000000e+00
   endloop
 endfacet
 facet normal  0.000000e+00  0.000000e+00 -1.000000e+00
   outer loop
     vertex  5.941421e+01 -3.941421e+01  0.000000e+00
     vertex  5.934312e+01 -3.948190e+01  0.000000e+00
     vertex  5.926879e+01 -3.954602e+01  0.000000e+00
   endloop
 endfacet
 facet normal  0.000000e+00  0.000000e+00 -1.000000e+00
   outer loop
     vertex  5.941421e+01 -3.941421e+01  0.000000e+00
     vertex  5.926879e+01 -3.954602e+01  0.000000e+00
     vertex  5.800000e+01 -4.000000e+01  0.000000e+00
   endloop
 endfacet
 facet normal  0.000000e+00  0.000000e+00 -1.000000e+00
   outer loop
     vertex  5.966294e+01 -3.911114e+01  0.000000e+00
     vertex  5.954602e+01 -3.926879e+01  0.000000e+00
     vertex  5.948190e+01 -3.934312e+01  0.000000e+00
   endloop
 endfacet
 facet normal  0.000000e+00  0.000000e+00 -1.000000e+00
   outer loop
     vertex  5.966294e+01 -3.911114e+01  0.000000e+00
     vertex  5.960642e+01 -3.919140e+01  0.000000e+00
     vertex  5.954602e+01 -3.926879e+01  0.000000e+00
   endloop
 endfacet
 facet normal  0.000000e+00  0.000000e+00 -1.000000e+00
   outer loop
     vertex  5.971546e+01 -3.902821e+01  0.000000e+00
     vertex  5.966294e+01 -3.911114e+01  0.000000e+00
     vertex  5.948190e+01 -3.934312e+01  0.000000e+00
   endloop
 endfacet
 facet normal  0.000000e+00  0.000000e+00 -1.000000e+00
   outer loop
     vertex  5.971546e+01 -3.902821e+01  0.000000e+00
     vertex  5.948190e+01 -3.934312e+01  0.000000e+00
     vertex  5.941421e+01 -3.941421e+01  0.000000e+00
   endloop
 endfacet
 facet normal  0.000000e+00  0.000000e+00 -1.000000e+00
   outer loop
     vertex  5.976384e+01 -3.894279e+01  0.000000e+00
     vertex  5.971546e+01 -3.902821e+01  0.000000e+00
     vertex  5.941421e+01 -3.941421e+01  0.000000e+00
   endloop
 endfacet
 facet normal  0.000000e+00  0.000000e+00 -1.000000e+00
   outer loop
     vertex  5.988309e+01 -3.867378e+01  0.000000e+00
     vertex  5.976384e+01 -3.894279e+01  0.000000e+00
     vertex  5.941421e+01 -3.941421e+01  0.000000e+00
   endloop
 endfacet
 facet normal  0.000000e+00  0.000000e+00 -1.000000e+00
   outer loop
     vertex  5.988309e+01 -3.867378e+01  0.000000e+00
     vertex  5.980798e+01 -3.885511e+01  0.000000e+00
     vertex  5.976384e+01 -3.894279e+01  0.000000e+00
   endloop
 endfacet
 facet normal  0.000000e+00  0.000000e+00 -1.000000e+00
   outer loop
     vertex  5.988309e+01 -3.867378e+01  0.000000e+00
     vertex  5.984776e+01 -3.876537e+01  0.000000e+00
     vertex  5.980798e+01 -3.885511e+01  0.000000e+00
   endloop
 endfacet
 facet normal  0.000000e+00  0.000000e+00 -1.000000e+00
   outer loop
     vertex  5.997835e+01 -3.829346e+01  0.000000e+00
     vertex  5.988309e+01 -3.867378e+01  0.000000e+00
     vertex  5.941421e+01 -3.941421e+01  0.000000e+00
   endloop
 endfacet
 facet normal  0.000000e+00  0.000000e+00 -1.000000e+00
   outer loop
     vertex  5.997835e+01 -3.829346e+01  0.000000e+00
     vertex  5.991388e+01 -3.858057e+01  0.000000e+00
     vertex  5.988309e+01 -3.867378e+01  0.000000e+00
   endloop
 endfacet
 facet normal  0.000000e+00  0.000000e+00 -1.000000e+00
   outer loop
     vertex  5.997835e+01 -3.829346e+01  0.000000e+00
     vertex  5.994006e+01 -3.848596e+01  0.000000e+00
     vertex  5.991388e+01 -3.858057e+01  0.000000e+00
   endloop
 endfacet
 facet normal  0.000000e+00  0.000000e+00 -1.000000e+00
   outer loop
     vertex  5.997835e+01 -3.829346e+01  0.000000e+00
     vertex  5.996157e+01 -3.839018e+01  0.000000e+00
     vertex  5.994006e+01 -3.848596e+01  0.000000e+00
   endloop
 endfacet
 facet normal  0.000000e+00  0.000000e+00 -1.000000e+00
   outer loop
     vertex  5.997835e+01 -3.829346e+01  0.000000e+00
     vertex  5.941421e+01 -3.941421e+01  0.000000e+00
     vertex  5.800000e+01 -4.000000e+01  0.000000e+00
   endloop
 endfacet
 facet normal  0.000000e+00  0.000000e+00 -1.000000e+00
   outer loop
     vertex  6.000000e+01 -3.800000e+01  0.000000e+00
     vertex  5.997835e+01 -3.829346e+01  0.000000e+00
     vertex  5.800000e+01 -4.000000e+01  0.000000e+00
   endloop
 endfacet
 facet normal  0.000000e+00  0.000000e+00 -1.000000e+00
   outer loop
     vertex  6.000000e+01 -3.800000e+01  0.000000e+00
     vertex  5.999037e+01 -3.819603e+01  0.000000e+00
     vertex  5.997835e+01 -3.829346e+01  0.000000e+00
   endloop
 endfacet
 facet normal  0.000000e+00  0.000000e+00 -1.000000e+00
   outer loop
     vertex  6.000000e+01 -3.800000e+01  0.000000e+00
     vertex  5.999759e+01 -3.809814e+01  0.000000e+00
     vertex  5.999037e+01 -3.819603e+01  0.000000e+00
   endloop
 endfacet
 facet normal  0.000000e+00  0.000000e+00 -1.000000e+00
   outer loop
     vertex  5.800000e+01  4.000000e+01  0.000000e+00
     vertex  6.000000e+01 -3.800000e+01  0.000000e+00
     vertex  5.800000e+01 -4.000000e+01  0.000000e+00
   endloop
 endfacet
 facet normal  0.000000e+00  0.000000e+00 -1.000000e+00
   outer loop
     vertex  5.800000e+01  4.000000e+01  0.000000e+00
     vertex  6.000000e+01  3.800000e+01  0.000000e+00
     vertex  6.000000e+01 -3.800000e+01  0.000000e+00
   endloop
 endfacet
 facet normal -0.000000e+00 -0.000000e+00 -1.000000e+00
   outer loop
     vertex  5.800000e+01  4.000000e+01  0.000000e+00
     vertex  5.800000e+01 -4.000000e+01  0.000000e+00
     vertex -5.800000e+01  4.000000e+01  0.000000e+00
   endloop
 endfacet
 facet normal  0.000000e+00  0.000000e+00 -1.000000e+00
   outer loop
     vertex  5.999037e+01  3.819603e+01  0.000000e+00
     vertex  5.999759e+01  3.809814e+01  0.000000e+00
     vertex  6.000000e+01  3.800000e+01  0.000000e+00
   endloop
 endfacet
 facet normal  0.000000e+00  0.000000e+00 -1.000000e+00
   outer loop
     vertex  5.819603e+01  3.999037e+01  0.000000e+00
     vertex  5.800000e+01  4.000000e+01  0.000000e+00
     vertex  5.809814e+01  3.999759e+01  0.000000e+00
   endloop
 endfacet
 facet normal  0.000000e+00  0.000000e+00 -1.000000e+00
   outer loop
     vertex  5.996157e+01  3.839018e+01  0.000000e+00
     vertex  5.997835e+01  3.829346e+01  0.000000e+00
     vertex  5.999037e+01  3.819603e+01  0.000000e+00
   endloop
 endfacet
 facet normal  0.000000e+00  0.000000e+00 -1.000000e+00
   outer loop
     vertex  5.848596e+01  3.994006e+01  0.000000e+00
     vertex  5.800000e+01  4.000000e+01  0.000000e+00
     vertex  5.819603e+01  3.999037e+01  0.000000e+00
   endloop
 endfacet
 facet normal  0.000000e+00  0.000000e+00 -1.000000e+00
   outer loop
     vertex  5.848596e+01  3.994006e+01  0.000000e+00
     vertex  5.829346e+01  3.997835e+01  0.000000e+00
     vertex  5.839018e+01  3.996157e+01  0.000000e+00
   endloop
 endfacet
 facet normal  0.000000e+00  0.000000e+00 -1.000000e+00
   outer loop
     vertex  5.848596e+01  3.994006e+01  0.000000e+00
     vertex  5.819603e+01  3.999037e+01  0.000000e+00
     vertex  5.829346e+01  3.997835e+01  0.000000e+00
   endloop
 endfacet
 facet normal  0.000000e+00  0.000000e+00 -1.000000e+00
   outer loop
     vertex  5.858057e+01  3.991388e+01  0.000000e+00
     vertex  5.800000e+01  4.000000e+01  0.000000e+00
     vertex  5.848596e+01  3.994006e+01  0.000000e+00
   endloop
 endfacet
 facet normal -0.000000e+00 -0.000000e+00 -1.000000e+00
   outer loop
     vertex  5.991388e+01  3.858057e+01  0.000000e+00
     vertex  6.000000e+01  3.800000e+01  0.000000e+00
     vertex  5.800000e+01  4.000000e+01  0.000000e+00
   endloop
 endfacet
 facet normal  0.000000e+00  0.000000e+00 -1.000000e+00
   outer loop
     vertex  5.991388e+01  3.858057e+01  0.000000e+00
     vertex  5.999037e+01  3.819603e+01  0.000000e+00
     vertex  6.000000e+01  3.800000e+01  0.000000e+00
   endloop
 endfacet
 facet normal  0.000000e+00  0.000000e+00 -1.000000e+00
   outer loop
     vertex  5.991388e+01  3.858057e+01  0.000000e+00
     vertex  5.994006e+01  3.848596e+01  0.000000e+00
     vertex  5.996157e+01  3.839018e+01  0.000000e+00
   endloop
 endfacet
 facet normal  0.000000e+00  0.000000e+00 -1.000000e+00
   outer loop
     vertex  5.991388e+01  3.858057e+01  0.000000e+00
     vertex  5.996157e+01  3.839018e+01  0.000000e+00
     vertex  5.999037e+01  3.819603e+01  0.000000e+00
   endloop
 endfacet
 facet normal  0.000000e+00  0.000000e+00 -1.000000e+00
   outer loop
     vertex  5.980798e+01  3.885511e+01  0.000000e+00
     vertex  5.984776e+01  3.876537e+01  0.000000e+00
     vertex  5.988309e+01  3.867378e+01  0.000000e+00
   endloop
 endfacet
 facet normal  0.000000e+00  0.000000e+00 -1.000000e+00
   outer loop
     vertex  5.894279e+01  3.976384e+01  0.000000e+00
     vertex  5.800000e+01  4.000000e+01  0.000000e+00
     vertex  5.858057e+01  3.991388e+01  0.000000e+00
   endloop
 endfacet
 facet normal  0.000000e+00  0.000000e+00 -1.000000e+00
   outer loop
     vertex  5.894279e+01  3.976384e+01  0.000000e+00
     vertex  5.876537e+01  3.984776e+01  0.000000e+00
     vertex  5.885511e+01  3.980798e+01  0.000000e+00
   endloop
 endfacet
 facet normal  0.000000e+00  0.000000e+00 -1.000000e+00
   outer loop
     vertex  5.894279e+01  3.976384e+01  0.000000e+00
     vertex  5.867378e+01  3.988309e+01  0.000000e+00
     vertex  5.876537e+01  3.984776e+01  0.000000e+00
   endloop
 endfacet
 facet normal  0.000000e+00  0.000000e+00 -1.000000e+00
   outer loop
     vertex  5.894279e+01  3.976384e+01  0.000000e+00
     vertex  5.858057e+01  3.991388e+01  0.000000e+00
     vertex  5.867378e+01  3.988309e+01  0.000000e+00
   endloop
 endfacet
 facet normal  0.000000e+00  0.000000e+00 -1.000000e+00
   outer loop
     vertex  5.976384e+01  3.894279e+01  0.000000e+00
     vertex  5.988309e+01  3.867378e+01  0.000000e+00
     vertex  5.991388e+01  3.858057e+01  0.000000e+00
   endloop
 endfacet
 facet normal  0.000000e+00  0.000000e+00 -1.000000e+00
   outer loop
     vertex  5.976384e+01  3.894279e+01  0.000000e+00
     vertex  5.980798e+01  3.885511e+01  0.000000e+00
     vertex  5.988309e+01  3.867378e+01  0.000000e+00
   endloop
 endfacet
 facet normal  0.000000e+00  0.000000e+00 -1.000000e+00
   outer loop
     vertex  5.966294e+01  3.911114e+01  0.000000e+00
     vertex  5.971546e+01  3.902821e+01  0.000000e+00
     vertex  5.976384e+01  3.894279e+01  0.000000e+00
   endloop
 endfacet
 facet normal  0.000000e+00  0.000000e+00 -1.000000e+00
   outer loop
     vertex  5.966294e+01  3.911114e+01  0.000000e+00
     vertex  5.976384e+01  3.894279e+01  0.000000e+00
     vertex  5.991388e+01  3.858057e+01  0.000000e+00
   endloop
 endfacet
 facet normal  0.000000e+00  0.000000e+00 -1.000000e+00
   outer loop
     vertex  5.919140e+01  3.960642e+01  0.000000e+00
     vertex  5.902821e+01  3.971546e+01  0.000000e+00
     vertex  5.911114e+01  3.966294e+01  0.000000e+00
   endloop
 endfacet
 facet normal  0.000000e+00  0.000000e+00 -1.000000e+00
   outer loop
     vertex  5.919140e+01  3.960642e+01  0.000000e+00
     vertex  5.894279e+01  3.976384e+01  0.000000e+00
     vertex  5.902821e+01  3.971546e+01  0.000000e+00
   endloop
 endfacet
 facet normal  0.000000e+00  0.000000e+00 -1.000000e+00
   outer loop
     vertex  5.926879e+01  3.954602e+01  0.000000e+00
     vertex  5.894279e+01  3.976384e+01  0.000000e+00
     vertex  5.919140e+01  3.960642e+01  0.000000e+00
   endloop
 endfacet
 facet normal  0.000000e+00  0.000000e+00 -1.000000e+00
   outer loop
     vertex  5.954602e+01  3.926879e+01  0.000000e+00
     vertex  5.960642e+01  3.919140e+01  0.000000e+00
     vertex  5.966294e+01  3.911114e+01  0.000000e+00
   endloop
 endfacet
 facet normal -0.000000e+00 -0.000000e+00 -1.000000e+00
   outer loop
     vertex  5.954602e+01  3.926879e+01  0.000000e+00
     vertex  5.991388e+01  3.858057e+01  0.000000e+00
     vertex  5.800000e+01  4.000000e+01  0.000000e+00
   endloop
 endfacet
 facet normal  0.000000e+00  0.000000e+00 -1.000000e+00
   outer loop
     vertex  5.954602e+01  3.926879e+01  0.000000e+00
     vertex  5.800000e+01  4.000000e+01  0.000000e+00
     vertex  5.894279e+01  3.976384e+01  0.000000e+00
   endloop
 endfacet
 facet normal  0.000000e+00  0.000000e+00 -1.000000e+00
   outer loop
     vertex  5.954602e+01  3.926879e+01  0.000000e+00
     vertex  5.966294e+01  3.911114e+01  0.000000e+00
     vertex  5.991388e+01  3.858057e+01  0.000000e+00
   endloop
 endfacet
 facet normal  0.000000e+00  0.000000e+00 -1.000000e+00
   outer loop
     vertex  5.954602e+01  3.926879e+01  0.000000e+00
     vertex  5.894279e+01  3.976384e+01  0.000000e+00
     vertex  5.926879e+01  3.954602e+01  0.000000e+00
   endloop
 endfacet
 facet normal  0.000000e+00  0.000000e+00 -1.000000e+00
   outer loop
     vertex  5.941421e+01  3.941421e+01  0.000000e+00
     vertex  5.948190e+01  3.934312e+01  0.000000e+00
     vertex  5.954602e+01  3.926879e+01  0.000000e+00
   endloop
 endfacet
 facet normal  0.000000e+00  0.000000e+00 -1.000000e+00
   outer loop
     vertex  5.941421e+01  3.941421e+01  0.000000e+00
     vertex  5.926879e+01  3.954602e+01  0.000000e+00
     vertex  5.934312e+01  3.948190e+01  0.000000e+00
   endloop
 endfacet
 facet normal -0.000000e+00 -0.000000e+00 -1.000000e+00
   outer loop
     vertex  5.941421e+01  3.941421e+01  0.000000e+00
     vertex  5.954602e+01  3.926879e+01  0.000000e+00
     vertex  5.926879e+01  3.954602e+01  0.000000e+00
   endloop
 endfacet
 facet normal -2.454123e-02 -9.996988e-01 -0.000000e+00
   outer loop
     vertex -5.809814e+01 -3.999759e+01  6.000000e+01
     vertex -5.809814e+01 -3.999759e+01  0.000000e+00
     vertex -5.800000e+01 -4.000000e+01  0.000000e+00
   endloop
 endfacet
 facet normal -7.356456e-02 -9.972905e-01 -0.000000e+00
   outer loop
     vertex -5.809814e+01 -3.999759e+01  6.000000e+01
     vertex -5.819603e+01 -3.999037e+01  0.000000e+00
     vertex -5.809814e+01 -3.999759e+01  0.000000e+00
   endloop
 endfacet
 facet normal -2.454123e-02 -9.996988e-01  3.921444e-22
   outer loop
     vertex -5.809814e+01 -3.999759e+01  6.000000e+01
     vertex -5.800000e+01 -4.000000e+01  0.000000e+00
     vertex -5.800000e+01 -4.000000e+01  6.000000e+01
   endloop
 endfacet
 facet normal -1.224107e-01 -9.924795e-01 -0.000000e+00
   outer loop
     vertex -5.819603e+01 -3.999037e+01  6.000000e+01
     vertex -5.829346e+01 -3.997835e+01  0.000000e+00
     vertex -5.819603e+01 -3.999037e+01  0.000000e+00
   endloop
 endfacet
 facet normal -7.356456e-02 -9.972905e-01 -0.000000e+00
   outer loop
     vertex -5.819603e+01 -3.999037e+01  6.000000e+01
     vertex -5.819603e+01 -3.999037e+01  0.000000e+00
     vertex -5.809814e+01 -3.999759e+01  6.000000e+01
   endloop
 endfacet
 facet normal -1.709619e-01 -9.852776e-01 -0.000000e+00
   outer loop
     vertex -5.829346e+01 -3.997835e+01  6.000000e+01
     vertex -5.839018e+01 -3.996157e+01  0.000000e+00
     vertex -5.829346e+01 -3.997835e+01  0.000000e+00
   endloop
 endfacet
 facet normal -1.224107e-01 -9.924795e-01 -0.000000e+00
   outer loop
     vertex -5.829346e+01 -3.997835e+01  6.000000e+01
     vertex -5.829346e+01 -3.997835e+01  0.000000e+00
     vertex -5.819603e+01 -3.999037e+01  6.000000e+01
   endloop
 endfacet
 facet normal -2.191012e-01 -9.757021e-01 -0.000000e+00
   outer loop
     vertex -5.839018e+01 -3.996157e+01  6.000000e+01
     vertex -5.848596e+01 -3.994006e+01  0.000000e+00
     vertex -5.839018e+01 -3.996157e+01  0.000000e+00
   endloop
 endfacet
 facet normal -1.709619e-01 -9.852776e-01 -0.000000e+00
   outer loop
     vertex -5.839018e+01 -3.996157e+01  6.000000e+01
     vertex -5.839018e+01 -3.996157e+01  0.000000e+00
     vertex -5.829346e+01 -3.997835e+01  6.000000e+01
   endloop
 endfacet
 facet normal -2.191012e-01 -9.757021e-01 -0.000000e+00
   outer loop
     vertex -5.848596e+01 -3.994006e+01  6.000000e+01
     vertex -5.848596e+01 -3.994006e+01  0.000000e+00
     vertex -5.839018e+01 -3.996157e+01  6.000000e+01
   endloop
 endfacet
 facet normal -2.667128e-01 -9.637761e-01 -0.000000e+00
   outer loop
     vertex -5.858057e+01 -3.991388e+01  6.000000e+01
     vertex -5.858057e+01 -3.991388e+01  0.000000e+00
     vertex -5.848596e+01 -3.994006e+01  0.000000e+00
   endloop
 endfacet
 facet normal -3.136817e-01 -9.495282e-01 -0.000000e+00
   outer loop
     vertex -5.858057e+01 -3.991388e+01  6.000000e+01
     vertex -5.867378e+01 -3.988309e+01  0.000000e+00
     vertex -5.858057e+01 -3.991388e+01  0.000000e+00
   endloop
 endfacet
 facet normal -2.667128e-01 -9.637761e-01  2.673703e-20
   outer loop
     vertex -5.858057e+01 -3.991388e+01  6.000000e+01
     vertex -5.848596e+01 -3.994006e+01  0.000000e+00
     vertex -5.848596e+01 -3.994006e+01  6.000000e+01
   endloop
 endfacet
 facet normal -3.136817e-01 -9.495282e-01 -0.000000e+00
   outer loop
     vertex -5.867378e+01 -3.988309e+01  6.000000e+01
     vertex -5.867378e+01 -3.988309e+01  0.000000e+00
     vertex -5.858057e+01 -3.991388e+01  6.000000e+01
   endloop
 endfacet
 facet normal -3.598950e-01 -9.329928e-01  2.412879e-20
   outer loop
     vertex -5.876537e+01 -3.984776e+01  6.000000e+01
     vertex -5.867378e+01 -3.988309e+01  0.000000e+00
     vertex -5.867378e+01 -3.988309e+01  6.000000e+01
   endloop
 endfacet
 facet normal -3.598950e-01 -9.329928e-01 -0.000000e+00
   outer loop
     vertex -5.876537e+01 -3.984776e+01  6.000000e+01
     vertex -5.876537e+01 -3.984776e+01  0.000000e+00
     vertex -5.867378e+01 -3.988309e+01  0.000000e+00
   endloop
 endfacet
 facet normal -4.052413e-01 -9.142098e-01 -0.000000e+00
   outer loop
     vertex -5.876537e+01 -3.984776e+01  6.000000e+01
     vertex -5.885511e+01 -3.980798e+01  0.000000e+00
     vertex -5.876537e+01 -3.984776e+01  0.000000e+00
   endloop
 endfacet
 facet normal -4.052413e-01 -9.142098e-01 -0.000000e+00
   outer loop
     vertex -5.885511e+01 -3.980798e+01  6.000000e+01
     vertex -5.885511e+01 -3.980798e+01  0.000000e+00
     vertex -5.876537e+01 -3.984776e+01  6.000000e+01
   endloop
 endfacet
 facet normal -4.496113e-01 -8.932243e-01 -0.000000e+00
   outer loop
     vertex -5.894279e+01 -3.976384e+01  6.000000e+01
     vertex -5.894279e+01 -3.976384e+01  0.000000e+00
     vertex -5.885511e+01 -3.980798e+01  0.000000e+00
   endloop
 endfacet
 facet normal -4.496113e-01 -8.932243e-01  2.154187e-20
   outer loop
     vertex -5.894279e+01 -3.976384e+01  6.000000e+01
     vertex -5.885511e+01 -3.980798e+01  0.000000e+00
     vertex -5.885511e+01 -3.980798e+01  6.000000e+01
   endloop
 endfacet
 facet normal -4.928982e-01 -8.700870e-01 -0.000000e+00
   outer loop
     vertex -5.902821e+01 -3.971546e+01  6.000000e+01
     vertex -5.902821e+01 -3.971546e+01  0.000000e+00
     vertex -5.894279e+01 -3.976384e+01  0.000000e+00
   endloop
 endfacet
 facet normal -4.928982e-01 -8.700870e-01 -6.193586e-20
   outer loop
     vertex -5.902821e+01 -3.971546e+01  6.000000e+01
     vertex -5.894279e+01 -3.976384e+01  0.000000e+00
     vertex -5.894279e+01 -3.976384e+01  6.000000e+01
   endloop
 endfacet
 facet normal -5.349976e-01 -8.448536e-01 -0.000000e+00
   outer loop
     vertex -5.911114e+01 -3.966294e+01  6.000000e+01
     vertex -5.911114e+01 -3.966294e+01  0.000000e+00
     vertex -5.902821e+01 -3.971546e+01  0.000000e+00
   endloop
 endfacet
 facet normal -5.349976e-01 -8.448536e-01  5.069241e-20
   outer loop
     vertex -5.911114e+01 -3.966294e+01  6.000000e+01
     vertex -5.902821e+01 -3.971546e+01  0.000000e+00
     vertex -5.902821e+01 -3.971546e+01  6.000000e+01
   endloop
 endfacet
 facet normal -5.758082e-01 -8.175848e-01 -0.000000e+00
   outer loop
     vertex -5.919140e+01 -3.960642e+01  6.000000e+01
     vertex -5.919140e+01 -3.960642e+01  0.000000e+00
     vertex -5.911114e+01 -3.966294e+01  0.000000e+00
   endloop
 endfacet
 facet normal -5.758082e-01 -8.175848e-01  7.285212e-20
   outer loop
     vertex -5.919140e+01 -3.960642e+01  6.000000e+01
     vertex -5.911114e+01 -3.966294e+01  0.000000e+00
     vertex -5.911114e+01 -3.966294e+01  6.000000e+01
   endloop
 endfacet
 facet normal -6.152316e-01 -7.883464e-01 -0.000000e+00
   outer loop
     vertex -5.926879e+01 -3.954602e+01  6.000000e+01
     vertex -5.926879e+01 -3.954602e+01  0.000000e+00
     vertex -5.919140e+01 -3.960642e+01  0.000000e+00
   endloop
 endfacet
 facet normal -6.531728e-01 -7.572088e-01 -0.000000e+00
   outer loop
     vertex -5.926879e+01 -3.954602e+01  6.000000e+01
     vertex -5.934312e+01 -3.948190e+01  0.000000e+00
     vertex -5.926879e+01 -3.954602e+01  0.000000e+00
   endloop
 endfacet
 facet normal -6.152316e-01 -7.883464e-01  4.086307e-20
   outer loop
     vertex -5.926879e+01 -3.954602e+01  6.000000e+01
     vertex -5.919140e+01 -3.960642e+01  0.000000e+00
     vertex -5.919140e+01 -3.960642e+01  6.000000e+01
   endloop
 endfacet
 facet normal -6.895405e-01 -7.242471e-01 -0.000000e+00
   outer loop
     vertex -5.934312e+01 -3.948190e+01  6.000000e+01
     vertex -5.941421e+01 -3.941421e+01  0.000000e+00
     vertex -5.934312e+01 -3.948190e+01  0.000000e+00
   endloop
 endfacet
 facet normal -6.531728e-01 -7.572088e-01 -0.000000e+00
   outer loop
     vertex -5.934312e+01 -3.948190e+01  6.000000e+01
     vertex -5.934312e+01 -3.948190e+01  0.000000e+00
     vertex -5.926879e+01 -3.954602e+01  6.000000e+01
   endloop
 endfacet
 facet normal -6.895405e-01 -7.242471e-01 -0.000000e+00
   outer loop
     vertex -5.941421e+01 -3.941421e+01  6.000000e+01
     vertex -5.941421e+01 -3.941421e+01  0.000000e+00
     vertex -5.934312e+01 -3.948190e+01  6.000000e+01
   endloop
 endfacet
 facet normal -7.242471e-01 -6.895405e-01 -0.000000e+00
   outer loop
     vertex -5.948190e+01 -3.934312e+01  6.000000e+01
     vertex -5.948190e+01 -3.934312e+01  0.000000e+00
     vertex -5.941421e+01 -3.941421e+01  0.000000e+00
   endloop
 endfacet
 facet normal -7.242471e-01 -6.895405e-01  3.808101e-20
   outer loop
     vertex -5.948190e+01 -3.934312e+01  6.000000e+01
     vertex -5.941421e+01 -3.941421e+01  0.000000e+00
     vertex -5.941421e+01 -3.941421e+01  6.000000e+01
   endloop
 endfacet
 facet normal -7.572088e-01 -6.531728e-01 -0.000000e+00
   outer loop
     vertex -5.954602e+01 -3.926879e+01  6.000000e+01
     vertex -5.954602e+01 -3.926879e+01  0.000000e+00
     vertex -5.948190e+01 -3.934312e+01  0.000000e+00
   endloop
 endfacet
 facet normal -7.572088e-01 -6.531728e-01 -1.564250e-20
   outer loop
     vertex -5.954602e+01 -3.926879e+01  6.000000e+01
     vertex -5.948190e+01 -3.934312e+01  0.000000e+00
     vertex -5.948190e+01 -3.934312e+01  6.000000e+01
   endloop
 endfacet
 facet normal -7.883464e-01 -6.152316e-01 -0.000000e+00
   outer loop
     vertex -5.960642e+01 -3.919140e+01  6.000000e+01
     vertex -5.960642e+01 -3.919140e+01  0.000000e+00
     vertex -5.954602e+01 -3.926879e+01  0.000000e+00
   endloop
 endfacet
 facet normal -7.883464e-01 -6.152316e-01  4.086307e-20
   outer loop
     vertex -5.960642e+01 -3.919140e+01  6.000000e+01
     vertex -5.954602e+01 -3.926879e+01  0.000000e+00
     vertex -5.954602e+01 -3.926879e+01  6.000000e+01
   endloop
 endfacet
 facet normal -8.175848e-01 -5.758082e-01 -0.000000e+00
   outer loop
     vertex -5.966294e+01 -3.911114e+01  6.000000e+01
     vertex -5.966294e+01 -3.911114e+01  0.000000e+00
     vertex -5.960642e+01 -3.919140e+01  0.000000e+00
   endloop
 endfacet
 facet normal -8.448536e-01 -5.349976e-01 -0.000000e+00
   outer loop
     vertex -5.966294e+01 -3.911114e+01  6.000000e+01
     vertex -5.971546e+01 -3.902821e+01  0.000000e+00
     vertex -5.966294e+01 -3.911114e+01  0.000000e+00
   endloop
 endfacet
 facet normal -8.175848e-01 -5.758082e-01  7.285212e-20
   outer loop
     vertex -5.966294e+01 -3.911114e+01  6.000000e+01
     vertex -5.960642e+01 -3.919140e+01  0.000000e+00
     vertex -5.960642e+01 -3.919140e+01  6.000000e+01
   endloop
 endfacet
 facet normal -8.448536e-01 -5.349976e-01 -0.000000e+00
   outer loop
     vertex -5.971546e+01 -3.902821e+01  6.000000e+01
     vertex -5.971546e+01 -3.902821e+01  0.000000e+00
     vertex -5.966294e+01 -3.911114e+01  6.000000e+01
   endloop
 endfacet
 facet normal -8.700870e-01 -4.928982e-01 -0.000000e+00
   outer loop
     vertex -5.976384e+01 -3.894279e+01  6.000000e+01
     vertex -5.976384e+01 -3.894279e+01  0.000000e+00
     vertex -5.971546e+01 -3.902821e+01  0.000000e+00
   endloop
 endfacet
 facet normal -8.700870e-01 -4.928982e-01 -6.193586e-20
   outer loop
     vertex -5.976384e+01 -3.894279e+01  6.000000e+01
     vertex -5.971546e+01 -3.902821e+01  0.000000e+00
     vertex -5.971546e+01 -3.902821e+01  6.000000e+01
   endloop
 endfacet
 facet normal -8.932243e-01 -4.496113e-01 -0.000000e+00
   outer loop
     vertex -5.980798e+01 -3.885511e+01  6.000000e+01
     vertex -5.980798e+01 -3.885511e+01  0.000000e+00
     vertex -5.976384e+01 -3.894279e+01  0.000000e+00
   endloop
 endfacet
 facet normal -8.932243e-01 -4.496113e-01  2.154187e-20
   outer loop
     vertex -5.980798e+01 -3.885511e+01  6.000000e+01
     vertex -5.976384e+01 -3.894279e+01  0.000000e+00
     vertex -5.976384e+01 -3.894279e+01  6.000000e+01
   endloop
 endfacet
 facet normal -9.142098e-01 -4.052413e-01 -0.000000e+00
   outer loop
     vertex -5.984776e+01 -3.876537e+01  6.000000e+01
     vertex -5.984776e+01 -3.876537e+01  0.000000e+00
     vertex -5.980798e+01 -3.885511e+01  0.000000e+00
   endloop
 endfacet
 facet normal -9.142098e-01 -4.052413e-01 -1.727895e-20
   outer loop
     vertex -5.984776e+01 -3.876537e+01  6.000000e+01
     vertex -5.980798e+01 -3.885511e+01  0.000000e+00
     vertex -5.980798e+01 -3.885511e+01  6.000000e+01
   endloop
 endfacet
 facet normal -9.329928e-01 -3.598950e-01 -0.000000e+00
   outer loop
     vertex -5.988309e+01 -3.867378e+01  6.000000e+01
     vertex -5.988309e+01 -3.867378e+01  0.000000e+00
     vertex -5.984776e+01 -3.876537e+01  0.000000e+00
   endloop
 endfacet
 facet normal -9.495282e-01 -3.136817e-01 -0.000000e+00
   outer loop
     vertex -5.988309e+01 -3.867378e+01  6.000000e+01
     vertex -5.991388e+01 -3.858057e+01  0.000000e+00
     vertex -5.988309e+01 -3.867378e+01  0.000000e+00
   endloop
 endfacet
 facet normal -9.329928e-01 -3.598950e-01  1.171504e-20
   outer loop
     vertex -5.988309e+01 -3.867378e+01  6.000000e+01
     vertex -5.984776e+01 -3.876537e+01  0.000000e+00
     vertex -5.984776e+01 -3.876537e+01  6.000000e+01
   endloop
 endfacet
 facet normal -9.495282e-01 -3.136817e-01 -0.000000e+00
   outer loop
     vertex -5.991388e+01 -3.858057e+01  6.000000e+01
     vertex -5.991388e+01 -3.858057e+01  0.000000e+00
     vertex -5.988309e+01 -3.867378e+01  6.000000e+01
   endloop
 endfacet
 facet normal -9.637761e-01 -2.667128e-01 -0.000000e+00
   outer loop
     vertex -5.994006e+01 -3.848596e+01  6.000000e+01
     vertex -5.994006e+01 -3.848596e+01  0.000000e+00
     vertex -5.991388e+01 -3.858057e+01  0.000000e+00
   endloop
 endfacet
 facet normal -9.757021e-01 -2.191012e-01 -0.000000e+00
   outer loop
     vertex -5.994006e+01 -3.848596e+01  6.000000e+01
     vertex -5.996157e+01 -3.839018e+01  0.000000e+00
     vertex -5.994006e+01 -3.848596e+01  0.000000e+00
   endloop
 endfacet
 facet normal -9.637761e-01 -2.667128e-01  2.673703e-20
   outer loop
     vertex -5.994006e+01 -3.848596e+01  6.000000e+01
     vertex -5.991388e+01 -3.858057e+01  0.000000e+00
     vertex -5.991388e+01 -3.858057e+01  6.000000e+01
   endloop
 endfacet
 facet normal -9.757021e-01 -2.191012e-01 -0.000000e+00
   outer loop
     vertex -5.996157e+01 -3.839018e+01  6.000000e+01
     vertex -5.996157e+01 -3.839018e+01  0.000000e+00
     vertex -5.994006e+01 -3.848596e+01  6.000000e+01
   endloop
 endfacet
 facet normal -9.852776e-01 -1.709619e-01 -0.000000e+00
   outer loop
     vertex -5.997835e+01 -3.829346e+01  6.000000e+01
     vertex -5.997835e+01 -3.829346e+01  0.000000e+00
     vertex -5.996157e+01 -3.839018e+01  0.000000e+00
   endloop
 endfacet
 facet normal -9.852776e-01 -1.709619e-01 -3.572341e-21
   outer loop
     vertex -5.997835e+01 -3.829346e+01  6.000000e+01
     vertex -5.996157e+01 -3.839018e+01  0.000000e+00
     vertex -5.996157e+01 -3.839018e+01  6.000000e+01
   endloop
 endfacet
 facet normal -9.924795e-01 -1.224107e-01 -0.000000e+00
   outer loop
     vertex -5.999037e+01 -3.819603e+01  6.000000e+01
     vertex -5.999037e+01 -3.819603e+01  0.000000e+00
     vertex -5.997835e+01 -3.829346e+01  0.000000e+00
   endloop
 endfacet
 facet normal -9.972905e-01 -7.356456e-02 -0.000000e+00
   outer loop
     vertex -5.999037e+01 -3.819603e+01  6.000000e+01
     vertex -5.999759e+01 -3.809814e+01  0.000000e+00
     vertex -5.999037e+01 -3.819603e+01  0.000000e+00
   endloop
 endfacet
 facet normal -9.924795e-01 -1.224107e-01 -1.418547e-20
   outer loop
     vertex -5.999037e+01 -3.819603e+01  6.000000e+01
     vertex -5.997835e+01 -3.829346e+01  0.000000e+00
     vertex -5.997835e+01 -3.829346e+01  6.000000e+01
   endloop
 endfacet
 facet normal -9.996988e-01 -2.454123e-02 -0.000000e+00
   outer loop
     vertex -5.999759e+01 -3.809814e+01  6.000000e+01
     vertex -6.000000e+01 -3.800000e+01  0.000000e+00
     vertex -5.999759e+01 -3.809814e+01  0.000000e+00
   endloop
 endfacet
 facet normal -9.972905e-01 -7.356456e-02 -0.000000e+00
   outer loop
     vertex -5.999759e+01 -3.809814e+01  6.000000e+01
     vertex -5.999759e+01 -3.809814e+01  0.000000e+00
     vertex -5.999037e+01 -3.819603e+01  6.000000e+01
   endloop
 endfacet
 facet normal -9.996988e-01 -2.454123e-02 -0.000000e+00
   outer loop
     vertex -6.000000e+01 -3.800000e+01  6.000000e+01
     vertex -6.000000e+01 -3.800000e+01  0.000000e+00
     vertex -5.999759e+01 -3.809814e+01  6.000000e+01
   endloop
 endfacet
 facet normal  2.454123e-02 -9.996988e-01  0.000000e+00
   outer loop
     vertex  5.809814e+01 -3.999759e+01  6.000000e+01
     vertex  5.800000e+01 -4.000000e+01  0.000000e+00
     vertex  5.809814e+01 -3.999759e+01  0.000000e+00
   endloop
 endfacet
 facet normal  7.356456e-02 -9.972905e-01  0.000000e+00
   outer loop
     vertex  5.809814e+01 -3.999759e+01  6.000000e+01
     vertex  5.809814e+01 -3.999759e+01  0.000000e+00
     vertex  5.819603e+01 -3.999037e+01  0.000000e+00
   endloop
 endfacet
 facet normal  2.454123e-02 -9.996988e-01 -3.921444e-22
   outer loop
     vertex  5.809814e+01 -3.999759e+01  6.000000e+01
     vertex  5.800000e+01 -4.000000e+01  6.000000e+01
     vertex  5.800000e+01 -4.000000e+01  0.000000e+00
   endloop
 endfacet
 facet normal  1.224107e-01 -9.924795e-01  0.000000e+00
   outer loop
     vertex  5.819603e+01 -3.999037e+01  6.000000e+01
     vertex  5.819603e+01 -3.999037e+01  0.000000e+00
     vertex  5.829346e+01 -3.997835e+01  0.000000e+00
   endloop
 endfacet
 facet normal  7.356456e-02 -9.972905e-01  0.000000e+00
   outer loop
     vertex  5.819603e+01 -3.999037e+01  6.000000e+01
     vertex  5.809814e+01 -3.999759e+01  6.000000e+01
     vertex  5.819603e+01 -3.999037e+01  0.000000e+00
   endloop
 endfacet
 facet normal  1.709619e-01 -9.852776e-01  0.000000e+00
   outer loop
     vertex  5.829346e+01 -3.997835e+01  6.000000e+01
     vertex  5.829346e+01 -3.997835e+01  0.000000e+00
     vertex  5.839018e+01 -3.996157e+01  0.000000e+00
   endloop
 endfacet
 facet normal  1.224107e-01 -9.924795e-01  0.000000e+00
   outer loop
     vertex  5.829346e+01 -3.997835e+01  6.000000e+01
     vertex  5.819603e+01 -3.999037e+01  6.000000e+01
     vertex  5.829346e+01 -3.997835e+01  0.000000e+00
   endloop
 endfacet
 facet normal  2.191012e-01 -9.757021e-01  0.000000e+00
   outer loop
     vertex  5.839018e+01 -3.996157e+01  6.000000e+01
     vertex  5.839018e+01 -3.996157e+01  0.000000e+00
     vertex  5.848596e+01 -3.994006e+01  0.000000e+00
   endloop
 endfacet
 facet normal  1.709619e-01 -9.852776e-01  0.000000e+00
   outer loop
     vertex  5.839018e+01 -3.996157e+01  6.000000e+01
     vertex  5.829346e+01 -3.997835e+01  6.000000e+01
     vertex  5.839018e+01 -3.996157e+01  0.000000e+00
   endloop
 endfacet
 facet normal  2.191012e-01 -9.757021e-01  0.000000e+00
   outer loop
     vertex  5.848596e+01 -3.994006e+01  6.000000e+01
     vertex  5.839018e+01 -3.996157e+01  6.000000e+01
     vertex  5.848596e+01 -3.994006e+01  0.000000e+00
   endloop
 endfacet
 facet normal  2.667128e-01 -9.637761e-01  0.000000e+00
   outer loop
     vertex  5.858057e+01 -3.991388e+01  6.000000e+01
     vertex  5.848596e+01 -3.994006e+01  0.000000e+00
     vertex  5.858057e+01 -3.991388e+01  0.000000e+00
   endloop
 endfacet
 facet normal  3.136817e-01 -9.495282e-01  0.000000e+00
   outer loop
     vertex  5.858057e+01 -3.991388e+01  6.000000e+01
     vertex  5.858057e+01 -3.991388e+01  0.000000e+00
     vertex  5.867378e+01 -3.988309e+01  0.000000e+00
   endloop
 endfacet
 facet normal  2.667128e-01 -9.637761e-01 -2.673703e-20
   outer loop
     vertex  5.858057e+01 -3.991388e+01  6.000000e+01
     vertex  5.848596e+01 -3.994006e+01  6.000000e+01
     vertex  5.848596e+01 -3.994006e+01  0.000000e+00
   endloop
 endfacet
 facet normal  3.136817e-01 -9.495282e-01  0.000000e+00
   outer loop
     vertex  5.867378e+01 -3.988309e+01  6.000000e+01
     vertex  5.858057e+01 -3.991388e+01  6.000000e+01
     vertex  5.867378e+01 -3.988309e+01  0.000000e+00
   endloop
 endfacet
 facet normal  3.598950e-01 -9.329928e-01 -2.412879e-20
   outer loop
     vertex  5.876537e+01 -3.984776e+01  6.000000e+01
     vertex  5.867378e+01 -3.988309e+01  6.000000e+01
     vertex  5.867378e+01 -3.988309e+01  0.000000e+00
   endloop
 endfacet
 facet normal  3.598950e-01 -9.329928e-01  0.000000e+00
   outer loop
     vertex  5.876537e+01 -3.984776e+01  6.000000e+01
     vertex  5.867378e+01 -3.988309e+01  0.000000e+00
     vertex  5.876537e+01 -3.984776e+01  0.000000e+00
   endloop
 endfacet
 facet normal  4.052413e-01 -9.142098e-01  0.000000e+00
   outer loop
     vertex  5.876537e+01 -3.984776e+01  6.000000e+01
     vertex  5.876537e+01 -3.984776e+01  0.000000e+00
     vertex  5.885511e+01 -3.980798e+01  0.000000e+00
   endloop
 endfacet
 facet normal  4.052413e-01 -9.142098e-01  0.000000e+00
   outer loop
     vertex  5.885511e+01 -3.980798e+01  6.000000e+01
     vertex  5.876537e+01 -3.984776e+01  6.000000e+01
     vertex  5.885511e+01 -3.980798e+01  0.000000e+00
   endloop
 endfacet
 facet normal  4.496113e-01 -8.932243e-01  0.000000e+00
   outer loop
     vertex  5.894279e+01 -3.976384e+01  6.000000e+01
     vertex  5.885511e+01 -3.980798e+01  0.000000e+00
     vertex  5.894279e+01 -3.976384e+01  0.000000e+00
   endloop
 endfacet
 facet normal  4.496113e-01 -8.932243e-01 -2.154187e-20
   outer loop
     vertex  5.894279e+01 -3.976384e+01  6.000000e+01
     vertex  5.885511e+01 -3.980798e+01  6.000000e+01
     vertex  5.885511e+01 -3.980798e+01  0.000000e+00
   endloop
 endfacet
 facet normal  4.928982e-01 -8.700870e-01  0.000000e+00
   outer loop
     vertex  5.902821e+01 -3.971546e+01  6.000000e+01
     vertex  5.894279e+01 -3.976384e+01  0.000000e+00
     vertex  5.902821e+01 -3.971546e+01  0.000000e+00
   endloop
 endfacet
 facet normal  4.928982e-01 -8.700870e-01  6.193586e-20
   outer loop
     vertex  5.902821e+01 -3.971546e+01  6.000000e+01
     vertex  5.894279e+01 -3.976384e+01  6.000000e+01
     vertex  5.894279e+01 -3.976384e+01  0.000000e+00
   endloop
 endfacet
 facet normal  5.349976e-01 -8.448536e-01  0.000000e+00
   outer loop
     vertex  5.911114e+01 -3.966294e+01  6.000000e+01
     vertex  5.902821e+01 -3.971546e+01  0.000000e+00
     vertex  5.911114e+01 -3.966294e+01  0.000000e+00
   endloop
 endfacet
 facet normal  5.349976e-01 -8.448536e-01 -5.069241e-20
   outer loop
     vertex  5.911114e+01 -3.966294e+01  6.000000e+01
     vertex  5.902821e+01 -3.971546e+01  6.000000e+01
     vertex  5.902821e+01 -3.971546e+01  0.000000e+00
   endloop
 endfacet
 facet normal  5.758082e-01 -8.175848e-01  0.000000e+00
   outer loop
     vertex  5.919140e+01 -3.960642e+01  6.000000e+01
     vertex  5.911114e+01 -3.966294e+01  0.000000e+00
     vertex  5.919140e+01 -3.960642e+01  0.000000e+00
   endloop
 endfacet
 facet normal  5.758082e-01 -8.175848e-01 -7.285212e-20
   outer loop
     vertex  5.919140e+01 -3.960642e+01  6.000000e+01
     vertex  5.911114e+01 -3.966294e+01  6.000000e+01
     vertex  5.911114e+01 -3.966294e+01  0.000000e+00
   endloop
 endfacet
 facet normal  6.152316e-01 -7.883464e-01  0.000000e+00
   outer loop
     vertex  5.926879e+01 -3.954602e+01  6.000000e+01
     vertex  5.919140e+01 -3.960642e+01  0.000000e+00
     vertex  5.926879e+01 -3.954602e+01  0.000000e+00
   endloop
 endfacet
 facet normal  6.531728e-01 -7.572088e-01  0.000000e+00
   outer loop
     vertex  5.926879e+01 -3.954602e+01  6.000000e+01
     vertex  5.926879e+01 -3.954602e+01  0.000000e+00
     vertex  5.934312e+01 -3.948190e+01  0.000000e+00
   endloop
 endfacet
 facet normal  6.152316e-01 -7.883464e-01 -4.086307e-20
   outer loop
     vertex  5.926879e+01 -3.954602e+01  6.000000e+01
     vertex  5.919140e+01 -3.960642e+01  6.000000e+01
     vertex  5.919140e+01 -3.960642e+01  0.000000e+00
   endloop
 endfacet
 facet normal  6.895405e-01 -7.242471e-01  0.000000e+00
   outer loop
     vertex  5.934312e+01 -3.948190e+01  6.000000e+01
     vertex  5.934312e+01 -3.948190e+01  0.000000e+00
     vertex  5.941421e+01 -3.941421e+01  0.000000e+00
   endloop
 endfacet
 facet normal  6.531728e-01 -7.572088e-01  0.000000e+00
   outer loop
     vertex  5.934312e+01 -3.948190e+01  6.000000e+01
     vertex  5.926879e+01 -3.954602e+01  6.000000e+01
     vertex  5.934312e+01 -3.948190e+01  0.000000e+00
   endloop
 endfacet
 facet normal  6.895405e-01 -7.242471e-01  0.000000e+00
   outer loop
     vertex  5.941421e+01 -3.941421e+01  6.000000e+01
     vertex  5.934312e+01 -3.948190e+01  6.000000e+01
     vertex  5.941421e+01 -3.941421e+01  0.000000e+00
   endloop
 endfacet
 facet normal  7.242471e-01 -6.895405e-01  0.000000e+00
   outer loop
     vertex  5.948190e+01 -3.934312e+01  6.000000e+01
     vertex  5.941421e+01 -3.941421e+01  0.000000e+00
     vertex  5.948190e+01 -3.934312e+01  0.000000e+00
   endloop
 endfacet
 facet normal  7.242471e-01 -6.895405e-01 -3.808101e-20
   outer loop
     vertex  5.948190e+01 -3.934312e+01  6.000000e+01
     vertex  5.941421e+01 -3.941421e+01  6.000000e+01
     vertex  5.941421e+01 -3.941421e+01  0.000000e+00
   endloop
 endfacet
 facet normal  7.572088e-01 -6.531728e-01  0.000000e+00
   outer loop
     vertex  5.954602e+01 -3.926879e+01  6.000000e+01
     vertex  5.948190e+01 -3.934312e+01  0.000000e+00
     vertex  5.954602e+01 -3.926879e+01  0.000000e+00
   endloop
 endfacet
 facet normal  7.572088e-01 -6.531728e-01  1.564250e-20
   outer loop
     vertex  5.954602e+01 -3.926879e+01  6.000000e+01
     vertex  5.948190e+01 -3.934312e+01  6.000000e+01
     vertex  5.948190e+01 -3.934312e+01  0.000000e+00
   endloop
 endfacet
 facet normal  7.883464e-01 -6.152316e-01  0.000000e+00
   outer loop
     vertex  5.960642e+01 -3.919140e+01  6.000000e+01
     vertex  5.954602e+01 -3.926879e+01  0.000000e+00
     vertex  5.960642e+01 -3.919140e+01  0.000000e+00
   endloop
 endfacet
 facet normal  7.883464e-01 -6.152316e-01 -4.086307e-20
   outer loop
     vertex  5.960642e+01 -3.919140e+01  6.000000e+01
     vertex  5.954602e+01 -3.926879e+01  6.000000e+01
     vertex  5.954602e+01 -3.926879e+01  0.000000e+00
   endloop
 endfacet
 facet normal  8.175848e-01 -5.758082e-01  0.000000e+00
   outer loop
     vertex  5.966294e+01 -3.911114e+01  6.000000e+01
     vertex  5.960642e+01 -3.919140e+01  0.000000e+00
     vertex  5.966294e+01 -3.911114e+01  0.000000e+00
   endloop
 endfacet
 facet normal  8.448536e-01 -5.349976e-01  0.000000e+00
   outer loop
     vertex  5.966294e+01 -3.911114e+01  6.000000e+01
     vertex  5.966294e+01 -3.911114e+01  0.000000e+00
     vertex  5.971546e+01 -3.902821e+01  0.000000e+00
   endloop
 endfacet
 facet normal  8.175848e-01 -5.758082e-01 -7.285212e-20
   outer loop
     vertex  5.966294e+01 -3.911114e+01  6.000000e+01
     vertex  5.960642e+01 -3.919140e+01  6.000000e+01
     vertex  5.960642e+01 -3.919140e+01  0.000000e+00
   endloop
 endfacet
 facet normal  8.448536e-01 -5.349976e-01  0.000000e+00
   outer loop
     vertex  5.971546e+01 -3.902821e+01  6.000000e+01
     vertex  5.966294e+01 -3.911114e+01  6.000000e+01
     vertex  5.971546e+01 -3.902821e+01  0.000000e+00
   endloop
 endfacet
 facet normal  8.700870e-01 -4.928982e-01  0.000000e+00
   outer loop
     vertex  5.976384e+01 -3.894279e+01  6.000000e+01
     vertex  5.971546e+01 -3.902821e+01  0.000000e+00
     vertex  5.976384e+01 -3.894279e+01  0.000000e+00
   endloop
 endfacet
 facet normal  8.700870e-01 -4.928982e-01  6.193586e-20
   outer loop
     vertex  5.976384e+01 -3.894279e+01  6.000000e+01
     vertex  5.971546e+01 -3.902821e+01  6.000000e+01
     vertex  5.971546e+01 -3.902821e+01  0.000000e+00
   endloop
 endfacet
 facet normal  8.932243e-01 -4.496113e-01  0.000000e+00
   outer loop
     vertex  5.980798e+01 -3.885511e+01  6.000000e+01
     vertex  5.976384e+01 -3.894279e+01  0.000000e+00
     vertex  5.980798e+01 -3.885511e+01  0.000000e+00
   endloop
 endfacet
 facet normal  8.932243e-01 -4.496113e-01 -2.154187e-20
   outer loop
     vertex  5.980798e+01 -3.885511e+01  6.000000e+01
     vertex  5.976384e+01 -3.894279e+01  6.000000e+01
     vertex  5.976384e+01 -3.894279e+01  0.000000e+00
   endloop
 endfacet
 facet normal  9.142098e-01 -4.052413e-01  0.000000e+00
   outer loop
     vertex  5.984776e+01 -3.876537e+01  6.000000e+01
     vertex  5.980798e+01 -3.885511e+01  0.000000e+00
     vertex  5.984776e+01 -3.876537e+01  0.000000e+00
   endloop
 endfacet
 facet normal  9.142098e-01 -4.052413e-01  1.727895e-20
   outer loop
     vertex  5.984776e+01 -3.876537e+01  6.000000e+01
     vertex  5.980798e+01 -3.885511e+01  6.000000e+01
     vertex  5.980798e+01 -3.885511e+01  0.000000e+00
   endloop
 endfacet
 facet normal  9.329928e-01 -3.598950e-01  0.000000e+00
   outer loop
     vertex  5.988309e+01 -3.867378e+01  6.000000e+01
     vertex  5.984776e+01 -3.876537e+01  0.000000e+00
     vertex  5.988309e+01 -3.867378e+01  0.000000e+00
   endloop
 endfacet
 facet normal  9.495282e-01 -3.136817e-01  0.000000e+00
   outer loop
     vertex  5.988309e+01 -3.867378e+01  6.000000e+01
     vertex  5.988309e+01 -3.867378e+01  0.000000e+00
     vertex  5.991388e+01 -3.858057e+01  0.000000e+00
   endloop
 endfacet
 facet normal  9.329928e-01 -3.598950e-01 -1.171504e-20
   outer loop
     vertex  5.988309e+01 -3.867378e+01  6.000000e+01
     vertex  5.984776e+01 -3.876537e+01  6.000000e+01
     vertex  5.984776e+01 -3.876537e+01  0.000000e+00
   endloop
 endfacet
 facet normal  9.495282e-01 -3.136817e-01  0.000000e+00
   outer loop
     vertex  5.991388e+01 -3.858057e+01  6.000000e+01
     vertex  5.988309e+01 -3.867378e+01  6.000000e+01
     vertex  5.991388e+01 -3.858057e+01  0.000000e+00
   endloop
 endfacet
 facet normal  9.637761e-01 -2.667128e-01  0.000000e+00
   outer loop
     vertex  5.994006e+01 -3.848596e+01  6.000000e+01
     vertex  5.991388e+01 -3.858057e+01  0.000000e+00
     vertex  5.994006e+01 -3.848596e+01  0.000000e+00
   endloop
 endfacet
 facet normal  9.757021e-01 -2.191012e-01  0.000000e+00
   outer loop
     vertex  5.994006e+01 -3.848596e+01  6.000000e+01
     vertex  5.994006e+01 -3.848596e+01  0.000000e+00
     vertex  5.996157e+01 -3.839018e+01  0.000000e+00
   endloop
 endfacet
 facet normal  9.637761e-01 -2.667128e-01 -2.673703e-20
   outer loop
     vertex  5.994006e+01 -3.848596e+01  6.000000e+01
     vertex  5.991388e+01 -3.858057e+01  6.000000e+01
     vertex  5.991388e+01 -3.858057e+01  0.000000e+00
   endloop
 endfacet
 facet normal  9.757021e-01 -2.191012e-01  0.000000e+00
   outer loop
     vertex  5.996157e+01 -3.839018e+01  6.000000e+01
     vertex  5.994006e+01 -3.848596e+01  6.000000e+01
     vertex  5.996157e+01 -3.839018e+01  0.000000e+00
   endloop
 endfacet
 facet normal  9.852776e-01 -1.709619e-01  0.000000e+00
   outer loop
     vertex  5.997835e+01 -3.829346e+01  6.000000e+01
     vertex  5.996157e+01 -3.839018e+01  0.000000e+00
     vertex  5.997835e+01 -3.829346e+01  0.000000e+00
   endloop
 endfacet
 facet normal  9.852776e-01 -1.709619e-01  3.572341e-21
   outer loop
     vertex  5.997835e+01 -3.829346e+01  6.000000e+01
     vertex  5.996157e+01 -3.839018e+01  6.000000e+01
     vertex  5.996157e+01 -3.839018e+01  0.000000e+00
   endloop
 endfacet
 facet normal  9.924795e-01 -1.224107e-01  0.000000e+00
   outer loop
     vertex  5.999037e+01 -3.819603e+01  6.000000e+01
     vertex  5.997835e+01 -3.829346e+01  0.000000e+00
     vertex  5.999037e+01 -3.819603e+01  0.000000e+00
   endloop
 endfacet
 facet normal  9.972905e-01 -7.356456e-02  0.000000e+00
   outer loop
     vertex  5.999037e+01 -3.819603e+01  6.000000e+01
     vertex  5.999037e+01 -3.819603e+01  0.000000e+00
     vertex  5.999759e+01 -3.809814e+01  0.000000e+00
   endloop
 endfacet
 facet normal  9.924795e-01 -1.224107e-01  1.418547e-20
   outer loop
     vertex  5.999037e+01 -3.819603e+01  6.000000e+01
     vertex  5.997835e+01 -3.829346e+01  6.000000e+01
     vertex  5.997835e+01 -3.829346e+01  0.000000e+00
   endloop
 endfacet
 facet normal  9.996988e-01 -2.454123e-02  0.000000e+00
   outer loop
     vertex  5.999759e+01 -3.809814e+01  6.000000e+01
     vertex  5.999759e+01 -3.809814e+01  0.000000e+00
     vertex  6.000000e+01 -3.800000e+01  0.000000e+00
   endloop
 endfacet
 facet normal  9.972905e-01 -7.356456e-02  0.000000e+00
   outer loop
     vertex  5.999759e+01 -3.809814e+01  6.000000e+01
     vertex  5.999037e+01 -3.819603e+01  6.000000e+01
     vertex  5.999759e+01 -3.809814e+01  0.000000e+00
   endloop
 endfacet
 facet normal  9.996988e-01 -2.454123e-02  0.000000e+00
   outer loop
     vertex  6.000000e+01 -3.800000e+01  6.000000e+01
     vertex  5.999759e+01 -3.809814e+01  6.000000e+01
     vertex  6.000000e+01 -3.800000e+01  0.000000e+00
   endloop
 endfacet
 facet normal  0.000000e+00  0.000000e+00  1.000000e+00
   outer loop
     vertex -5.760000e+01 -3.760000e+01  6.000000e+01
     vertex -5.809814e+01 -3.999759e+01  6.000000e+01
     vertex -5.800000e+01 -4.000000e+01  6.000000e+01
   endloop
 endfacet
 facet normal  0.000000e+00  0.000000e+00  1.000000e+00
   outer loop
     vertex -5.760000e+01 -3.760000e+01  6.000000e+01
     vertex -5.819603e+01 -3.999037e+01  6.000000e+01
     vertex -5.809814e+01 -3.999759e+01  6.000000e+01
   endloop
 endfacet
 facet normal  0.000000e+00  0.000000e+00  1.000000e+00
   outer loop
     vertex -5.760000e+01 -3.760000e+01  6.000000e+01
     vertex -5.829346e+01 -3.997835e+01  6.000000e+01
     vertex -5.819603e+01 -3.999037e+01  6.000000e+01
   endloop
 endfacet
 facet normal  0.000000e+00  0.000000e+00  1.000000e+00
   outer loop
     vertex -5.760000e+01 -3.760000e+01  6.000000e+01
     vertex -5.839018e+01 -3.996157e+01  6.000000e+01
     vertex -5.829346e+01 -3.997835e+01  6.000000e+01
   endloop
 endfacet
 facet normal  0.000000e+00  0.000000e+00  1.000000e+00
   outer loop
     vertex -5.760000e+01 -3.760000e+01  6.000000e+01
     vertex -5.848596e+01 -3.994006e+01  6.000000e+01
     vertex -5.839018e+01 -3.996157e+01  6.000000e+01
   endloop
 endfacet
 facet normal  0.000000e+00  0.000000e+00  1.000000e+00
   outer loop
     vertex -5.760000e+01 -3.760000e+01  6.000000e+01
     vertex -5.858057e+01 -3.991388e+01  6.000000e+01
     vertex -5.848596e+01 -3.994006e+01  6.000000e+01
   endloop
 endfacet
 facet normal  0.000000e+00  0.000000e+00  1.000000e+00
   outer loop
     vertex -5.760000e+01 -3.760000e+01  6.000000e+01
     vertex -5.867378e+01 -3.988309e+01  6.000000e+01
     vertex -5.858057e+01 -3.991388e+01  6.000000e+01
   endloop
 endfacet
 facet normal  0.000000e+00  0.000000e+00  1.000000e+00
   outer loop
     vertex -5.760000e+01 -3.760000e+01  6.000000e+01
     vertex -5.876537e+01 -3.984776e+01  6.000000e+01
     vertex -5.867378e+01 -3.988309e+01  6.000000e+01
   endloop
 endfacet
 facet normal  0.000000e+00  0.000000e+00  1.000000e+00
   outer loop
     vertex -5.760000e+01 -3.760000e+01  6.000000e+01
     vertex -5.885511e+01 -3.980798e+01  6.000000e+01
     vertex -5.876537e+01 -3.984776e+01  6.000000e+01
   endloop
 endfacet
 facet normal  0.000000e+00  0.000000e+00  1.000000e+00
   outer loop
     vertex -5.760000e+01 -3.760000e+01  6.000000e+01
     vertex -5.894279e+01 -3.976384e+01  6.000000e+01
     vertex -5.885511e+01 -3.980798e+01  6.000000e+01
   endloop
 endfacet
 facet normal  0.000000e+00  0.000000e+00  1.000000e+00
   outer loop
     vertex -5.760000e+01 -3.760000e+01  6.000000e+01
     vertex -5.902821e+01 -3.971546e+01  6.000000e+01
     vertex -5.894279e+01 -3.976384e+01  6.000000e+01
   endloop
 endfacet
 facet normal  0.000000e+00  0.000000e+00  1.000000e+00
   outer loop
     vertex -5.760000e+01 -3.760000e+01  6.000000e+01
     vertex -5.911114e+01 -3.966294e+01  6.000000e+01
     vertex -5.902821e+01 -3.971546e+01  6.000000e+01
   endloop
 endfacet
 facet normal  0.000000e+00  0.000000e+00  1.000000e+00
   outer loop
     vertex -5.760000e+01 -3.760000e+01  6.000000e+01
     vertex -5.919140e+01 -3.960642e+01  6.000000e+01
     vertex -5.911114e+01 -3.966294e+01  6.000000e+01
   endloop
 endfacet
 facet normal  0.000000e+00  0.000000e+00  1.000000e+00
   outer loop
     vertex -5.760000e+01 -3.760000e+01  6.000000e+01
     vertex -5.926879e+01 -3.954602e+01  6.000000e+01
     vertex -5.919140e+01 -3.960642e+01  6.000000e+01
   endloop
 endfacet
 facet normal  0.000000e+00  0.000000e+00  1.000000e+00
   outer loop
     vertex -5.760000e+01 -3.760000e+01  6.000000e+01
     vertex -5.934312e+01 -3.948190e+01  6.000000e+01
     vertex -5.926879e+01 -3.954602e+01  6.000000e+01
   endloop
 endfacet
 facet normal  0.000000e+00  0.000000e+00  1.000000e+00
   outer loop
     vertex -5.760000e+01 -3.760000e+01  6.000000e+01
     vertex -5.941421e+01 -3.941421e+01  6.000000e+01
     vertex -5.934312e+01 -3.948190e+01  6.000000e+01
   endloop
 endfacet
 facet normal  0.000000e+00  0.000000e+00  1.000000e+00
   outer loop
     vertex -5.760000e+01 -3.760000e+01  6.000000e+01
     vertex -5.948190e+01 -3.934312e+01  6.000000e+01
     vertex -5.941421e+01 -3.941421e+01  6.000000e+01
   endloop
 endfacet
 facet normal  0.000000e+00  0.000000e+00  1.000000e+00
   outer loop
     vertex -5.760000e+01 -3.760000e+01  6.000000e+01
     vertex -5.954602e+01 -3.926879e+01  6.000000e+01
     vertex -5.948190e+01 -3.934312e+01  6.000000e+01
   endloop
 endfacet
 facet normal  0.000000e+00  0.000000e+00  1.000000e+00
   outer loop
     vertex -5.760000e+01 -3.760000e+01  6.000000e+01
     vertex -5.960642e+01 -3.919140e+01  6.000000e+01
     vertex -5.954602e+01 -3.926879e+01  6.000000e+01
   endloop
 endfacet
 facet normal  0.000000e+00  0.000000e+00  1.000000e+00
   outer loop
     vertex -5.760000e+01 -3.760000e+01  6.000000e+01
     vertex -5.966294e+01 -3.911114e+01  6.000000e+01
     vertex -5.960642e+01 -3.919140e+01  6.000000e+01
   endloop
 endfacet
 facet normal  0.000000e+00  0.000000e+00  1.000000e+00
   outer loop
     vertex -5.760000e+01 -3.760000e+01  6.000000e+01
     vertex -5.971546e+01 -3.902821e+01  6.000000e+01
     vertex -5.966294e+01 -3.911114e+01  6.000000e+01
   endloop
 endfacet
 facet normal  0.000000e+00  0.000000e+00  1.000000e+00
   outer loop
     vertex -5.760000e+01 -3.760000e+01  6.000000e+01
     vertex -5.976384e+01 -3.894279e+01  6.000000e+01
     vertex -5.971546e+01 -3.902821e+01  6.000000e+01
   endloop
 endfacet
 facet normal  0.000000e+00  0.000000e+00  1.000000e+00
   outer loop
     vertex -5.760000e+01 -3.760000e+01  6.000000e+01
     vertex -5.980798e+01 -3.885511e+01  6.000000e+01
     vertex -5.976384e+01 -3.894279e+01  6.000000e+01
   endloop
 endfacet
 facet normal  0.000000e+00  0.000000e+00  1.000000e+00
   outer loop
     vertex -5.760000e+01 -3.760000e+01  6.000000e+01
     vertex -5.984776e+01 -3.876537e+01  6.000000e+01
     vertex -5.980798e+01 -3.885511e+01  6.000000e+01
   endloop
 endfacet
 facet normal  0.000000e+00  0.000000e+00  1.000000e+00
   outer loop
     vertex -5.760000e+01 -3.760000e+01  6.000000e+01
     vertex -5.988309e+01 -3.867378e+01  6.000000e+01
     vertex -5.984776e+01 -3.876537e+01  6.000000e+01
   endloop
 endfacet
 facet normal  0.000000e+00  0.000000e+00  1.000000e+00
   outer loop
     vertex -5.760000e+01 -3.760000e+01  6.000000e+01
     vertex -5.991388e+01 -3.858057e+01  6.000000e+01
     vertex -5.988309e+01 -3.867378e+01  6.000000e+01
   endloop
 endfacet
 facet normal  0.000000e+00  0.000000e+00  1.000000e+00
   outer loop
     vertex -5.760000e+01 -3.760000e+01  6.000000e+01
     vertex -5.994006e+01 -3.848596e+01  6.000000e+01
     vertex -5.991388e+01 -3.858057e+01  6.000000e+01
   endloop
 endfacet
 facet normal  0.000000e+00  0.000000e+00  1.000000e+00
   outer loop
     vertex -5.760000e+01 -3.760000e+01  6.000000e+01
     vertex -5.996157e+01 -3.839018e+01  6.000000e+01
     vertex -5.994006e+01 -3.848596e+01  6.000000e+01
   endloop
 endfacet
 facet normal  0.000000e+00  0.000000e+00  1.000000e+00
   outer loop
     vertex -5.760000e+01 -3.760000e+01  6.000000e+01
     vertex -5.997835e+01 -3.829346e+01  6.000000e+01
     vertex -5.996157e+01 -3.839018e+01  6.000000e+01
   endloop
 endfacet
 facet normal  0.000000e+00  0.000000e+00  1.000000e+00
   outer loop
     vertex -5.760000e+01 -3.760000e+01  6.000000e+01
     vertex -5.999037e+01 -3.819603e+01  6.000000e+01
     vertex -5.997835e+01 -3.829346e+01  6.000000e+01
   endloop
 endfacet
 facet normal  0.000000e+00  0.000000e+00  1.000000e+00
   outer loop
     vertex -5.760000e+01 -3.760000e+01  6.000000e+01
     vertex -5.999759e+01 -3.809814e+01  6.000000e+01
     vertex -5.999037e+01 -3.819603e+01  6.000000e+01
   endloop
 endfacet
 facet normal  0.000000e+00  0.000000e+00  1.000000e+00
   outer loop
     vertex -5.760000e+01 -3.760000e+01  6.000000e+01
     vertex -6.000000e+01 -3.800000e+01  6.000000e+01
     vertex -5.999759e+01 -3.809814e+01  6.000000e+01
   endloop
 endfacet
 facet normal  0.000000e+00  0.000000e+00  1.000000e+00
   outer loop
     vertex -5.760000e+01  3.760000e+01  6.000000e+01
     vertex -6.000000e+01 -3.800000e+01  6.000000e+01
     vertex -5.760000e+01 -3.760000e+01  6.000000e+01
   endloop
 endfacet
 facet normal  0.000000e+00  0.000000e+00  1.000000e+00
   outer loop
     vertex -5.760000e+01  3.760000e+01  6.000000e+01
     vertex -5.948190e+01  3.934312e+01  6.000000e+01
     vertex -5.954602e+01  3.926879e+01  6.000000e+01
   endloop
 endfacet
 facet normal  0.000000e+00  0.000000e+00  1.000000e+00
   outer loop
     vertex -5.760000e+01  3.760000e+01  6.000000e+01
     vertex -5.954602e+01  3.926879e+01  6.000000e+01
     vertex -5.960642e+01  3.919140e+01  6.000000e+01
   endloop
 endfacet
 facet normal  0.000000e+00  0.000000e+00  1.000000e+00
   outer loop
     vertex -5.760000e+01  3.760000e+01  6.000000e+01
     vertex -5.960642e+01  3.919140e+01  6.000000e+01
     vertex -5.966294e+01  3.911114e+01  6.000000e+01
   endloop
 endfacet
 facet normal  0.000000e+00  0.000000e+00  1.000000e+00
   outer loop
     vertex -5.760000e+01  3.760000e+01  6.000000e+01
     vertex -5.966294e+01  3.911114e+01  6.000000e+01
     vertex -5.971546e+01  3.902821e+01  6.000000e+01
   endloop
 endfacet
 facet normal  0.000000e+00  0.000000e+00  1.000000e+00
   outer loop
     vertex -5.760000e+01  3.760000e+01  6.000000e+01
     vertex -5.971546e+01  3.902821e+01  6.000000e+01
     vertex -5.976384e+01  3.894279e+01  6.000000e+01
   endloop
 endfacet
 facet normal  0.000000e+00  0.000000e+00  1.000000e+00
   outer loop
     vertex -5.760000e+01  3.760000e+01  6.000000e+01
     vertex -5.976384e+01  3.894279e+01  6.000000e+01
     vertex -5.980798e+01  3.885511e+01  6.000000e+01
   endloop
 endfacet
 facet normal  0.000000e+00  0.000000e+00  1.000000e+00
   outer loop
     vertex -5.760000e+01  3.760000e+01  6.000000e+01
     vertex -5.980798e+01  3.885511e+01  6.000000e+01
     vertex -5.984776e+01  3.876537e+01  6.000000e+01
   endloop
 endfacet
 facet normal  0.000000e+00  0.000000e+00  1.000000e+00
   outer loop
     vertex -5.760000e+01  3.760000e+01  6.000000e+01
     vertex -5.984776e+01  3.876537e+01  6.000000e+01
     vertex -5.988309e+01  3.867378e+01  6.000000e+01
   endloop
 endfacet
 facet normal  0.000000e+00  0.000000e+00  1.000000e+00
   outer loop
     vertex -5.760000e+01  3.760000e+01  6.000000e+01
     vertex -5.988309e+01  3.867378e+01  6.000000e+01
     vertex -5.991388e+01  3.858057e+01  6.000000e+01
   endloop
 endfacet
 facet normal  0.000000e+00  0.000000e+00  1.000000e+00
   outer loop
     vertex -5.760000e+01  3.760000e+01  6.000000e+01
     vertex -5.991388e+01  3.858057e+01  6.000000e+01
     vertex -5.994006e+01  3.848596e+01  6.000000e+01
   endloop
 endfacet
 facet normal  0.000000e+00  0.000000e+00  1.000000e+00
   outer loop
     vertex -5.760000e+01  3.760000e+01  6.000000e+01
     vertex -5.994006e+01  3.848596e+01  6.000000e+01
     vertex -5.996157e+01  3.839018e+01  6.000000e+01
   endloop
 endfacet
 facet normal  0.000000e+00  0.000000e+00  1.000000e+00
   outer loop
     vertex -5.760000e+01  3.760000e+01  6.000000e+01
     vertex -5.996157e+01  3.839018e+01  6.000000e+01
     vertex -5.997835e+01  3.829346e+01  6.000000e+01
   endloop
 endfacet
 facet normal  0.000000e+00  0.000000e+00  1.000000e+00
   outer loop
     vertex -5.760000e+01  3.760000e+01  6.000000e+01
     vertex -5.997835e+01  3.829346e+01  6.000000e+01
     vertex -5.999037e+01  3.819603e+01  6.000000e+01
   endloop
 endfacet
 facet normal  0.000000e+00  0.000000e+00  1.000000e+00
   outer loop
     vertex -5.760000e+01  3.760000e+01  6.000000e+01
     vertex -5.999037e+01  3.819603e+01  6.000000e+01
     vertex -5.999759e+01  3.809814e+01  6.000000e+01
   endloop
 endfacet
 facet normal  0.000000e+00  0.000000e+00  1.000000e+00
   outer loop
     vertex -5.760000e+01  3.760000e+01  6.000000e+01
     vertex -5.999759e+01  3.809814e+01  6.000000e+01
     vertex -6.000000e+01  3.800000e+01  6.000000e+01
   endloop
 endfacet
 facet normal  0.000000e+00  0.000000e+00  1.000000e+00
   outer loop
     vertex -5.760000e+01  3.760000e+01  6.000000e+01
     vertex -6.000000e+01  3.800000e+01  6.000000e+01
     vertex -6.000000e+01 -3.800000e+01  6.000000e+01
   endloop
 endfacet
 facet normal  0.000000e+00  0.000000e+00  1.000000e+00
   outer loop
     vertex -5.941421e+01  3.941421e+01  6.000000e+01
     vertex -5.948190e+01  3.934312e+01  6.000000e+01
     vertex -5.760000e+01  3.760000e+01  6.000000e+01
   endloop
 endfacet
 facet normal  0.000000e+00  0.000000e+00  1.000000e+00
   outer loop
     vertex -5.934312e+01  3.948190e+01  6.000000e+01
     vertex -5.941421e+01  3.941421e+01  6.000000e+01
     vertex -5.760000e+01  3.760000e+01  6.000000e+01
   endloop
 endfacet
 facet normal  0.000000e+00  0.000000e+00  1.000000e+00
   outer loop
     vertex -5.926879e+01  3.954602e+01  6.000000e+01
     vertex -5.934312e+01  3.948190e+01  6.000000e+01
     vertex -5.760000e+01  3.760000e+01  6.000000e+01
   endloop
 endfacet
 facet normal  0.000000e+00  0.000000e+00  1.000000e+00
   outer loop
     vertex -5.919140e+01  3.960642e+01  6.000000e+01
     vertex -5.926879e+01  3.954602e+01  6.000000e+01
     vertex -5.760000e+01  3.760000e+01  6.000000e+01
   endloop
 endfacet
 facet normal  0.000000e+00  0.000000e+00  1.000000e+00
   outer loop
     vertex -5.911114e+01  3.966294e+01  6.000000e+01
     vertex -5.919140e+01  3.960642e+01  6.000000e+01
     vertex -5.760000e+01  3.760000e+01  6.000000e+01
   endloop
 endfacet
 facet normal  0.000000e+00  0.000000e+00  1.000000e+00
   outer loop
     vertex -5.902821e+01  3.971546e+01  6.000000e+01
     vertex -5.911114e+01  3.966294e+01  6.000000e+01
     vertex -5.760000e+01  3.760000e+01  6.000000e+01
   endloop
 endfacet
 facet normal  0.000000e+00  0.000000e+00  1.000000e+00
   outer loop
     vertex -5.894279e+01  3.976384e+01  6.000000e+01
     vertex -5.902821e+01  3.971546e+01  6.000000e+01
     vertex -5.760000e+01  3.760000e+01  6.000000e+01
   endloop
 endfacet
 facet normal  0.000000e+00  0.000000e+00  1.000000e+00
   outer loop
     vertex -5.885511e+01  3.980798e+01  6.000000e+01
     vertex -5.894279e+01  3.976384e+01  6.000000e+01
     vertex -5.760000e+01  3.760000e+01  6.000000e+01
   endloop
 endfacet
 facet normal  0.000000e+00  0.000000e+00  1.000000e+00
   outer loop
     vertex -5.876537e+01  3.984776e+01  6.000000e+01
     vertex -5.885511e+01  3.980798e+01  6.000000e+01
     vertex -5.760000e+01  3.760000e+01  6.000000e+01
   endloop
 endfacet
 facet normal  0.000000e+00  0.000000e+00  1.000000e+00
   outer loop
     vertex -5.867378e+01  3.988309e+01  6.000000e+01
     vertex -5.876537e+01  3.984776e+01  6.000000e+01
     vertex -5.760000e+01  3.760000e+01  6.000000e+01
   endloop
 endfacet
 facet normal  0.000000e+00  0.000000e+00  1.000000e+00
   outer loop
     vertex -5.858057e+01  3.991388e+01  6.000000e+01
     vertex -5.867378e+01  3.988309e+01  6.000000e+01
     vertex -5.760000e+01  3.760000e+01  6.000000e+01
   endloop
 endfacet
 facet normal  0.000000e+00  0.000000e+00  1.000000e+00
   outer loop
     vertex -5.848596e+01  3.994006e+01  6.000000e+01
     vertex -5.858057e+01  3.991388e+01  6.000000e+01
     vertex -5.760000e+01  3.760000e+01  6.000000e+01
   endloop
 endfacet
 facet normal  0.000000e+00  0.000000e+00  1.000000e+00
   outer loop
     vertex -5.839018e+01  3.996157e+01  6.000000e+01
     vertex -5.848596e+01  3.994006e+01  6.000000e+01
     vertex -5.760000e+01  3.760000e+01  6.000000e+01
   endloop
 endfacet
 facet normal  0.000000e+00  0.000000e+00  1.000000e+00
   outer loop
     vertex -5.829346e+01  3.997835e+01  6.000000e+01
     vertex -5.839018e+01  3.996157e+01  6.000000e+01
     vertex -5.760000e+01  3.760000e+01  6.000000e+01
   endloop
 endfacet
 facet normal  0.000000e+00  0.000000e+00  1.000000e+00
   outer loop
     vertex -5.819603e+01  3.999037e+01  6.000000e+01
     vertex -5.829346e+01  3.997835e+01  6.000000e+01
     vertex -5.760000e+01  3.760000e+01  6.000000e+01
   endloop
 endfacet
 facet normal  0.000000e+00  0.000000e+00  1.000000e+00
   outer loop
     vertex -5.809814e+01  3.999759e+01  6.000000e+01
     vertex -5.819603e+01  3.999037e+01  6.000000e+01
     vertex -5.760000e+01  3.760000e+01  6.000000e+01
   endloop
 endfacet
 facet normal  0.000000e+00  0.000000e+00  1.000000e+00
   outer loop
     vertex -5.800000e+01  4.000000e+01  6.000000e+01
     vertex -5.809814e+01  3.999759e+01  6.000000e+01
     vertex -5.760000e+01  3.760000e+01  6.000000e+01
   endloop
 endfacet
 facet normal  0.000000e+00  0.000000e+00  1.000000e+00
   outer loop
     vertex  5.760000e+01 -3.760000e+01  6.000000e+01
     vertex -5.800000e+01 -4.000000e+01  6.000000e+01
     vertex  5.800000e+01 -4.000000e+01  6.000000e+01
   endloop
 endfacet
 facet normal  0.000000e+00  0.000000e+00  1.000000e+00
   outer loop
     vertex  5.760000e+01 -3.760000e+01  6.000000e+01
     vertex  5.800000e+01 -4.000000e+01  6.000000e+01
     vertex  5.809814e+01 -3.999759e+01  6.000000e+01
   endloop
 endfacet
 facet normal  0.000000e+00  0.000000e+00  1.000000e+00
   outer loop
     vertex  5.760000e+01 -3.760000e+01  6.000000e+01
     vertex  5.809814e+01 -3.999759e+01  6.000000e+01
     vertex  5.819603e+01 -3.999037e+01  6.000000e+01
   endloop
 endfacet
 facet normal  0.000000e+00  0.000000e+00  1.000000e+00
   outer loop
     vertex  5.760000e+01 -3.760000e+01  6.000000e+01
     vertex -5.760000e+01 -3.760000e+01  6.000000e+01
     vertex -5.800000e+01 -4.000000e+01  6.000000e+01
   endloop
 endfacet
 facet normal  0.000000e+00  0.000000e+00  1.000000e+00
   outer loop
     vertex  5.760000e+01 -3.760000e+01  6.000000e+01
     vertex  5.819603e+01 -3.999037e+01  6.000000e+01
     vertex  5.829346e+01 -3.997835e+01  6.000000e+01
   endloop
 endfacet
 facet normal  0.000000e+00  0.000000e+00  1.000000e+00
   outer loop
     vertex  5.760000e+01 -3.760000e+01  6.000000e+01
     vertex  5.829346e+01 -3.997835e+01  6.000000e+01
     vertex  5.839018e+01 -3.996157e+01  6.000000e+01
   endloop
 endfacet
 facet normal  0.000000e+00  0.000000e+00  1.000000e+00
   outer loop
     vertex  5.760000e+01 -3.760000e+01  6.000000e+01
     vertex  5.839018e+01 -3.996157e+01  6.000000e+01
     vertex  5.848596e+01 -3.994006e+01  6.000000e+01
   endloop
 endfacet
 facet normal  0.000000e+00  0.000000e+00  1.000000e+00
   outer loop
     vertex  5.760000e+01 -3.760000e+01  6.000000e+01
     vertex  5.848596e+01 -3.994006e+01  6.000000e+01
     vertex  5.858057e+01 -3.991388e+01  6.000000e+01
   endloop
 endfacet
 facet normal  0.000000e+00  0.000000e+00  1.000000e+00
   outer loop
     vertex  5.760000e+01 -3.760000e+01  6.000000e+01
     vertex  5.858057e+01 -3.991388e+01  6.000000e+01
     vertex  5.867378e+01 -3.988309e+01  6.000000e+01
   endloop
 endfacet
 facet normal  0.000000e+00  0.000000e+00  1.000000e+00
   outer loop
     vertex  5.760000e+01 -3.760000e+01  6.000000e+01
     vertex  5.867378e+01 -3.988309e+01  6.000000e+01
     vertex  5.876537e+01 -3.984776e+01  6.000000e+01
   endloop
 endfacet
 facet normal  0.000000e+00  0.000000e+00  1.000000e+00
   outer loop
     vertex  5.760000e+01 -3.760000e+01  6.000000e+01
     vertex  5.876537e+01 -3.984776e+01  6.000000e+01
     vertex  5.885511e+01 -3.980798e+01  6.000000e+01
   endloop
 endfacet
 facet normal  0.000000e+00  0.000000e+00  1.000000e+00
   outer loop
     vertex  5.760000e+01 -3.760000e+01  6.000000e+01
     vertex  5.885511e+01 -3.980798e+01  6.000000e+01
     vertex  5.894279e+01 -3.976384e+01  6.000000e+01
   endloop
 endfacet
 facet normal  0.000000e+00  0.000000e+00  1.000000e+00
   outer loop
     vertex  5.760000e+01 -3.760000e+01  6.000000e+01
     vertex  5.894279e+01 -3.976384e+01  6.000000e+01
     vertex  5.902821e+01 -3.971546e+01  6.000000e+01
   endloop
 endfacet
 facet normal  0.000000e+00  0.000000e+00  1.000000e+00
   outer loop
     vertex  5.760000e+01 -3.760000e+01  6.000000e+01
     vertex  5.902821e+01 -3.971546e+01  6.000000e+01
     vertex  5.911114e+01 -3.966294e+01  6.000000e+01
   endloop
 endfacet
 facet normal  0.000000e+00  0.000000e+00  1.000000e+00
   outer loop
     vertex  5.760000e+01 -3.760000e+01  6.000000e+01
     vertex  5.911114e+01 -3.966294e+01  6.000000e+01
     vertex  5.919140e+01 -3.960642e+01  6.000000e+01
   endloop
 endfacet
 facet normal  0.000000e+00  0.000000e+00  1.000000e+00
   outer loop
     vertex  5.760000e+01 -3.760000e+01  6.000000e+01
     vertex  5.919140e+01 -3.960642e+01  6.000000e+01
     vertex  5.926879e+01 -3.954602e+01  6.000000e+01
   endloop
 endfacet
 facet normal  0.000000e+00  0.000000e+00  1.000000e+00
   outer loop
     vertex  5.760000e+01 -3.760000e+01  6.000000e+01
     vertex  5.926879e+01 -3.954602e+01  6.000000e+01
     vertex  5.934312e+01 -3.948190e+01  6.000000e+01
   endloop
 endfacet
 facet normal  0.000000e+00  0.000000e+00  1.000000e+00
   outer loop
     vertex  5.941421e+01 -3.941421e+01  6.000000e+01
     vertex  5.760000e+01 -3.760000e+01  6.000000e+01
     vertex  5.934312e+01 -3.948190e+01  6.000000e+01
   endloop
 endfacet
 facet normal  0.000000e+00  0.000000e+00  1.000000e+00
   outer loop
     vertex  5.948190e+01 -3.934312e+01  6.000000e+01
     vertex  5.760000e+01 -3.760000e+01  6.000000e+01
     vertex  5.941421e+01 -3.941421e+01  6.000000e+01
   endloop
 endfacet
 facet normal  0.000000e+00  0.000000e+00  1.000000e+00
   outer loop
     vertex  5.954602e+01 -3.926879e+01  6.000000e+01
     vertex  5.760000e+01 -3.760000e+01  6.000000e+01
     vertex  5.948190e+01 -3.934312e+01  6.000000e+01
   endloop
 endfacet
 facet normal  0.000000e+00  0.000000e+00  1.000000e+00
   outer loop
     vertex  5.960642e+01 -3.919140e+01  6.000000e+01
     vertex  5.760000e+01 -3.760000e+01  6.000000e+01
     vertex  5.954602e+01 -3.926879e+01  6.000000e+01
   endloop
 endfacet
 facet normal  0.000000e+00  0.000000e+00  1.000000e+00
   outer loop
     vertex  5.966294e+01 -3.911114e+01  6.000000e+01
     vertex  5.760000e+01 -3.760000e+01  6.000000e+01
     vertex  5.960642e+01 -3.919140e+01  6.000000e+01
   endloop
 endfacet
 facet normal  0.000000e+00  0.000000e+00  1.000000e+00
   outer loop
     vertex  5.971546e+01 -3.902821e+01  6.000000e+01
     vertex  5.760000e+01 -3.760000e+01  6.000000e+01
     vertex  5.966294e+01 -3.911114e+01  6.000000e+01
   endloop
 endfacet
 facet normal  0.000000e+00  0.000000e+00  1.000000e+00
   outer loop
     vertex  5.976384e+01 -3.894279e+01  6.000000e+01
     vertex  5.760000e+01 -3.760000e+01  6.000000e+01
     vertex  5.971546e+01 -3.902821e+01  6.000000e+01
   endloop
 endfacet
 facet normal  0.000000e+00  0.000000e+00  1.000000e+00
   outer loop
     vertex  5.980798e+01 -3.885511e+01  6.000000e+01
     vertex  5.760000e+01 -3.760000e+01  6.000000e+01
     vertex  5.976384e+01 -3.894279e+01  6.000000e+01
   endloop
 endfacet
 facet normal  0.000000e+00  0.000000e+00  1.000000e+00
   outer loop
     vertex  5.984776e+01 -3.876537e+01  6.000000e+01
     vertex  5.760000e+01 -3.760000e+01  6.000000e+01
     vertex  5.980798e+01 -3.885511e+01  6.000000e+01
   endloop
 endfacet
 facet normal  0.000000e+00  0.000000e+00  1.000000e+00
   outer loop
     vertex  5.988309e+01 -3.867378e+01  6.000000e+01
     vertex  5.760000e+01 -3.760000e+01  6.000000e+01
     vertex  5.984776e+01 -3.876537e+01  6.000000e+01
   endloop
 endfacet
 facet normal  0.000000e+00  0.000000e+00  1.000000e+00
   outer loop
     vertex  5.991388e+01 -3.858057e+01  6.000000e+01
     vertex  5.760000e+01 -3.760000e+01  6.000000e+01
     vertex  5.988309e+01 -3.867378e+01  6.000000e+01
   endloop
 endfacet
 facet normal  0.000000e+00  0.000000e+00  1.000000e+00
   outer loop
     vertex  5.994006e+01 -3.848596e+01  6.000000e+01
     vertex  5.760000e+01 -3.760000e+01  6.000000e+01
     vertex  5.991388e+01 -3.858057e+01  6.000000e+01
   endloop
 endfacet
 facet normal  0.000000e+00  0.000000e+00  1.000000e+00
   outer loop
     vertex  5.996157e+01 -3.839018e+01  6.000000e+01
     vertex  5.760000e+01 -3.760000e+01  6.000000e+01
     vertex  5.994006e+01 -3.848596e+01  6.000000e+01
   endloop
 endfacet
 facet normal  0.000000e+00  0.000000e+00  1.000000e+00
   outer loop
     vertex  5.997835e+01 -3.829346e+01  6.000000e+01
     vertex  5.760000e+01 -3.760000e+01  6.000000e+01
     vertex  5.996157e+01 -3.839018e+01  6.000000e+01
   endloop
 endfacet
 facet normal  0.000000e+00  0.000000e+00  1.000000e+00
   outer loop
     vertex  5.999037e+01 -3.819603e+01  6.000000e+01
     vertex  5.760000e+01 -3.760000e+01  6.000000e+01
     vertex  5.997835e+01 -3.829346e+01  6.000000e+01
   endloop
 endfacet
 facet normal  0.000000e+00  0.000000e+00  1.000000e+00
   outer loop
     vertex  5.999759e+01 -3.809814e+01  6.000000e+01
     vertex  5.760000e+01 -3.760000e+01  6.000000e+01
     vertex  5.999037e+01 -3.819603e+01  6.000000e+01
   endloop
 endfacet
 facet normal  0.000000e+00  0.000000e+00  1.000000e+00
   outer loop
     vertex  6.000000e+01 -3.800000e+01  6.000000e+01
     vertex  5.760000e+01 -3.760000e+01  6.000000e+01
     vertex  5.999759e+01 -3.809814e+01  6.000000e+01
   endloop
 endfacet
 facet normal  0.000000e+00  0.000000e+00  1.000000e+00
   outer loop
     vertex  5.760000e+01  3.760000e+01  6.000000e+01
     vertex -5.800000e+01  4.000000e+01  6.000000e+01
     vertex -5.760000e+01  3.760000e+01  6.000000e+01
   endloop
 endfacet
 facet normal  0.000000e+00  0.000000e+00  1.000000e+00
   outer loop
     vertex  6.000000e+01  3.800000e+01  6.000000e+01
     vertex  5.760000e+01  3.760000e+01  6.000000e+01
     vertex  5.760000e+01 -3.760000e+01  6.000000e+01
   endloop
 endfacet
 facet normal  0.000000e+00  0.000000e+00  1.000000e+00
   outer loop
     vertex  6.000000e+01  3.800000e+01  6.000000e+01
     vertex  5.760000e+01 -3.760000e+01  6.000000e+01
     vertex  6.000000e+01 -3.800000e+01  6.000000e+01
   endloop
 endfacet
 facet normal  0.000000e+00  0.000000e+00  1.000000e+00
   outer loop
     vertex  5.800000e+01  4.000000e+01  6.000000e+01
     vertex -5.800000e+01  4.000000e+01  6.000000e+01
     vertex  5.760000e+01  3.760000e+01  6.000000e+01
   endloop
 endfacet
 facet normal  0.000000e+00  0.000000e+00  1.000000e+00
   outer loop
     vertex  5.999759e+01  3.809814e+01  6.000000e+01
     vertex  5.760000e+01  3.760000e+01  6.000000e+01
     vertex  6.000000e+01  3.800000e+01  6.000000e+01
   endloop
 endfacet
 facet normal  0.000000e+00  0.000000e+00  1.000000e+00
   outer loop
     vertex  5.809814e+01  3.999759e+01  6.000000e+01
     vertex  5.800000e+01  4.000000e+01  6.000000e+01
     vertex  5.760000e+01  3.760000e+01  6.000000e+01
   endloop
 endfacet
 facet normal  0.000000e+00  0.000000e+00  1.000000e+00
   outer loop
     vertex  5.999037e+01  3.819603e+01  6.000000e+01
     vertex  5.760000e+01  3.760000e+01  6.000000e+01
     vertex  5.999759e+01  3.809814e+01  6.000000e+01
   endloop
 endfacet
 facet normal  0.000000e+00  0.000000e+00  1.000000e+00
   outer loop
     vertex  5.819603e+01  3.999037e+01  6.000000e+01
     vertex  5.809814e+01  3.999759e+01  6.000000e+01
     vertex  5.760000e+01  3.760000e+01  6.000000e+01
   endloop
 endfacet
 facet normal  0.000000e+00  0.000000e+00  1.000000e+00
   outer loop
     vertex  5.997835e+01  3.829346e+01  6.000000e+01
     vertex  5.760000e+01  3.760000e+01  6.000000e+01
     vertex  5.999037e+01  3.819603e+01  6.000000e+01
   endloop
 endfacet
 facet normal  0.000000e+00  0.000000e+00  1.000000e+00
   outer loop
     vertex  5.829346e+01  3.997835e+01  6.000000e+01
     vertex  5.819603e+01  3.999037e+01  6.000000e+01
     vertex  5.760000e+01  3.760000e+01  6.000000e+01
   endloop
 endfacet
 facet normal  0.000000e+00  0.000000e+00  1.000000e+00
   outer loop
     vertex  5.839018e+01  3.996157e+01  6.000000e+01
     vertex  5.829346e+01  3.997835e+01  6.000000e+01
     vertex  5.760000e+01  3.760000e+01  6.000000e+01
   endloop
 endfacet
 facet normal  0.000000e+00  0.000000e+00  1.000000e+00
   outer loop
     vertex  5.996157e+01  3.839018e+01  6.000000e+01
     vertex  5.760000e+01  3.760000e+01  6.000000e+01
     vertex  5.997835e+01  3.829346e+01  6.000000e+01
   endloop
 endfacet
 facet normal  0.000000e+00  0.000000e+00  1.000000e+00
   outer loop
     vertex  5.848596e+01  3.994006e+01  6.000000e+01
     vertex  5.839018e+01  3.996157e+01  6.000000e+01
     vertex  5.760000e+01  3.760000e+01  6.000000e+01
   endloop
 endfacet
 facet normal  0.000000e+00  0.000000e+00  1.000000e+00
   outer loop
     vertex  5.994006e+01  3.848596e+01  6.000000e+01
     vertex  5.760000e+01  3.760000e+01  6.000000e+01
     vertex  5.996157e+01  3.839018e+01  6.000000e+01
   endloop
 endfacet
 facet normal  0.000000e+00  0.000000e+00  1.000000e+00
   outer loop
     vertex  5.858057e+01  3.991388e+01  6.000000e+01
     vertex  5.848596e+01  3.994006e+01  6.000000e+01
     vertex  5.760000e+01  3.760000e+01  6.000000e+01
   endloop
 endfacet
 facet normal  0.000000e+00  0.000000e+00  1.000000e+00
   outer loop
     vertex  5.991388e+01  3.858057e+01  6.000000e+01
     vertex  5.760000e+01  3.760000e+01  6.000000e+01
     vertex  5.994006e+01  3.848596e+01  6.000000e+01
   endloop
 endfacet
 facet normal  0.000000e+00  0.000000e+00  1.000000e+00
   outer loop
     vertex  5.867378e+01  3.988309e+01  6.000000e+01
     vertex  5.858057e+01  3.991388e+01  6.000000e+01
     vertex  5.760000e+01  3.760000e+01  6.000000e+01
   endloop
 endfacet
 facet normal  0.000000e+00  0.000000e+00  1.000000e+00
   outer loop
     vertex  5.988309e+01  3.867378e+01  6.000000e+01
     vertex  5.760000e+01  3.760000e+01  6.000000e+01
     vertex  5.991388e+01  3.858057e+01  6.000000e+01
   endloop
 endfacet
 facet normal  0.000000e+00  0.000000e+00  1.000000e+00
   outer loop
     vertex  5.876537e+01  3.984776e+01  6.000000e+01
     vertex  5.867378e+01  3.988309e+01  6.000000e+01
     vertex  5.760000e+01  3.760000e+01  6.000000e+01
   endloop
 endfacet
 facet normal  0.000000e+00  0.000000e+00  1.000000e+00
   outer loop
     vertex  5.984776e+01  3.876537e+01  6.000000e+01
     vertex  5.760000e+01  3.760000e+01  6.000000e+01
     vertex  5.988309e+01  3.867378e+01  6.000000e+01
   endloop
 endfacet
 facet normal  0.000000e+00  0.000000e+00  1.000000e+00
   outer loop
     vertex  5.885511e+01  3.980798e+01  6.000000e+01
     vertex  5.876537e+01  3.984776e+01  6.000000e+01
     vertex  5.760000e+01  3.760000e+01  6.000000e+01
   endloop
 endfacet
 facet normal  0.000000e+00  0.000000e+00  1.000000e+00
   outer loop
     vertex  5.980798e+01  3.885511e+01  6.000000e+01
     vertex  5.760000e+01  3.760000e+01  6.000000e+01
     vertex  5.984776e+01  3.876537e+01  6.000000e+01
   endloop
 endfacet
 facet normal  0.000000e+00  0.000000e+00  1.000000e+00
   outer loop
     vertex  5.894279e+01  3.976384e+01  6.000000e+01
     vertex  5.885511e+01  3.980798e+01  6.000000e+01
     vertex  5.760000e+01  3.760000e+01  6.000000e+01
   endloop
 endfacet
 facet normal  0.000000e+00  0.000000e+00  1.000000e+00
   outer loop
     vertex  5.976384e+01  3.894279e+01  6.000000e+01
     vertex  5.760000e+01  3.760000e+01  6.000000e+01
     vertex  5.980798e+01  3.885511e+01  6.000000e+01
   endloop
 endfacet
 facet normal  0.000000e+00  0.000000e+00  1.000000e+00
   outer loop
     vertex  5.902821e+01  3.971546e+01  6.000000e+01
     vertex  5.894279e+01  3.976384e+01  6.000000e+01
     vertex  5.760000e+01  3.760000e+01  6.000000e+01
   endloop
 endfacet
 facet normal  0.000000e+00  0.000000e+00  1.000000e+00
   outer loop
     vertex  5.971546e+01  3.902821e+01  6.000000e+01
     vertex  5.760000e+01  3.760000e+01  6.000000e+01
     vertex  5.976384e+01  3.894279e+01  6.000000e+01
   endloop
 endfacet
 facet normal  0.000000e+00  0.000000e+00  1.000000e+00
   outer loop
     vertex  5.966294e+01  3.911114e+01  6.000000e+01
     vertex  5.760000e+01  3.760000e+01  6.000000e+01
     vertex  5.971546e+01  3.902821e+01  6.000000e+01
   endloop
 endfacet
 facet normal  0.000000e+00  0.000000e+00  1.000000e+00
   outer loop
     vertex  5.911114e+01  3.966294e+01  6.000000e+01
     vertex  5.902821e+01  3.971546e+01  6.000000e+01
     vertex  5.760000e+01  3.760000e+01  6.000000e+01
   endloop
 endfacet
 facet normal  0.000000e+00  0.000000e+00  1.000000e+00
   outer loop
     vertex  5.919140e+01  3.960642e+01  6.000000e+01
     vertex  5.911114e+01  3.966294e+01  6.000000e+01
     vertex  5.760000e+01  3.760000e+01  6.000000e+01
   endloop
 endfacet
 facet normal  0.000000e+00  0.000000e+00  1.000000e+00
   outer loop
     vertex  5.960642e+01  3.919140e+01  6.000000e+01
     vertex  5.760000e+01  3.760000e+01  6.000000e+01
     vertex  5.966294e+01  3.911114e+01  6.000000e+01
   endloop
 endfacet
 facet normal  0.000000e+00  0.000000e+00  1.000000e+00
   outer loop
     vertex  5.926879e+01  3.954602e+01  6.000000e+01
     vertex  5.919140e+01  3.960642e+01  6.000000e+01
     vertex  5.760000e+01  3.760000e+01  6.000000e+01
   endloop
 endfacet
 facet normal  0.000000e+00  0.000000e+00  1.000000e+00
   outer loop
     vertex  5.954602e+01  3.926879e+01  6.000000e+01
     vertex  5.760000e+01  3.760000e+01  6.000000e+01
     vertex  5.960642e+01  3.919140e+01  6.000000e+01
   endloop
 endfacet
 facet normal  0.000000e+00  0.000000e+00  1.000000e+00
   outer loop
     vertex  5.934312e+01  3.948190e+01  6.000000e+01
     vertex  5.926879e+01  3.954602e+01  6.000000e+01
     vertex  5.760000e+01  3.760000e+01  6.000000e+01
   endloop
 endfacet
 facet normal  0.000000e+00  0.000000e+00  1.000000e+00
   outer loop
     vertex  5.948190e+01  3.934312e+01  6.000000e+01
     vertex  5.760000e+01  3.760000e+01  6.000000e+01
     vertex  5.954602e+01  3.926879e+01  6.000000e+01
   endloop
 endfacet
 facet normal  0.000000e+00  0.000000e+00  1.000000e+00
   outer loop
     vertex  5.941421e+01  3.941421e+01  6.000000e+01
     vertex  5.760000e+01  3.760000e+01  6.000000e+01
     vertex  5.948190e+01  3.934312e+01  6.000000e+01
   endloop
 endfacet
 facet normal  0.000000e+00  0.000000e+00  1.000000e+00
   outer loop
     vertex  5.941421e+01  3.941421e+01  6.000000e+01
     vertex  5.934312e+01  3.948190e+01  6.000000e+01
     vertex  5.760000e+01  3.760000e+01  6.000000e+01
   endloop
 endfacet
 facet normal -1.000000e+00  0.000000e+00  0.000000e+00
   outer loop
     vertex -6.000000e+01 -3.800000e+01  0.000000e+00
     vertex -6.000000e+01  3.800000e+01  6.000000e+01
     vertex -6.000000e+01  3.800000e+01  0.000000e+00
   endloop
 endfacet
 facet normal -1.000000e+00  0.000000e+00  0.000000e+00
   outer loop
     vertex -6.000000e+01 -3.800000e+01  0.000000e+00
     vertex -6.000000e+01 -3.800000e+01  6.000000e+01
     vertex -6.000000e+01  3.800000e+01  6.000000e+01
   endloop
 endfacet
 facet normal  1.000000e+00  0.000000e+00  0.000000e+00
   outer loop
     vertex  6.000000e+01  3.800000e+01  0.000000e+00
     vertex  6.000000e+01 -3.800000e+01  6.000000e+01
     vertex  6.000000e+01 -3.800000e+01  0.000000e+00
   endloop
 endfacet
 facet normal  1.000000e+00  0.000000e+00 -0.000000e+00
   outer loop
     vertex  6.000000e+01  3.800000e+01  0.000000e+00
     vertex  6.000000e+01  3.800000e+01  6.000000e+01
     vertex  6.000000e+01 -3.800000e+01  6.000000e+01
   endloop
 endfacet
 facet normal -2.454123e-02  9.996988e-01  0.000000e+00
   outer loop
     vertex -5.800000e+01  4.000000e+01  6.000000e+01
     vertex -5.800000e+01  4.000000e+01  0.000000e+00
     vertex -5.809814e+01  3.999759e+01  0.000000e+00
   endloop
 endfacet
 facet normal -2.454123e-02  9.996988e-01  0.000000e+00
   outer loop
     vertex -5.809814e+01  3.999759e+01  6.000000e+01
     vertex -5.800000e+01  4.000000e+01  6.000000e+01
     vertex -5.809814e+01  3.999759e+01  0.000000e+00
   endloop
 endfacet
 facet normal -7.356456e-02  9.972905e-01  0.000000e+00
   outer loop
     vertex -5.819603e+01  3.999037e+01  6.000000e+01
     vertex -5.809814e+01  3.999759e+01  0.000000e+00
     vertex -5.819603e+01  3.999037e+01  0.000000e+00
   endloop
 endfacet
 facet normal -7.356456e-02  9.972905e-01 -4.051900e-21
   outer loop
     vertex -5.819603e+01  3.999037e+01  6.000000e+01
     vertex -5.809814e+01  3.999759e+01  6.000000e+01
     vertex -5.809814e+01  3.999759e+01  0.000000e+00
   endloop
 endfacet
 facet normal -1.224107e-01  9.924795e-01  0.000000e+00
   outer loop
     vertex -5.829346e+01  3.997835e+01  6.000000e+01
     vertex -5.819603e+01  3.999037e+01  0.000000e+00
     vertex -5.829346e+01  3.997835e+01  0.000000e+00
   endloop
 endfacet
 facet normal -1.709619e-01  9.852776e-01  0.000000e+00
   outer loop
     vertex -5.829346e+01  3.997835e+01  6.000000e+01
     vertex -5.829346e+01  3.997835e+01  0.000000e+00
     vertex -5.839018e+01  3.996157e+01  0.000000e+00
   endloop
 endfacet
 facet normal -1.224107e-01  9.924795e-01  1.418547e-20
   outer loop
     vertex -5.829346e+01  3.997835e+01  6.000000e+01
     vertex -5.819603e+01  3.999037e+01  6.000000e+01
     vertex -5.819603e+01  3.999037e+01  0.000000e+00
   endloop
 endfacet
 facet normal -2.191012e-01  9.757021e-01  0.000000e+00
   outer loop
     vertex -5.839018e+01  3.996157e+01  6.000000e+01
     vertex -5.839018e+01  3.996157e+01  0.000000e+00
     vertex -5.848596e+01  3.994006e+01  0.000000e+00
   endloop
 endfacet
 facet normal -1.709619e-01  9.852776e-01  0.000000e+00
   outer loop
     vertex -5.839018e+01  3.996157e+01  6.000000e+01
     vertex -5.829346e+01  3.997835e+01  6.000000e+01
     vertex -5.839018e+01  3.996157e+01  0.000000e+00
   endloop
 endfacet
 facet normal -2.191012e-01  9.757021e-01  0.000000e+00
   outer loop
     vertex -5.848596e+01  3.994006e+01  6.000000e+01
     vertex -5.839018e+01  3.996157e+01  6.000000e+01
     vertex -5.848596e+01  3.994006e+01  0.000000e+00
   endloop
 endfacet
 facet normal -2.667128e-01  9.637761e-01  0.000000e+00
   outer loop
     vertex -5.858057e+01  3.991388e+01  6.000000e+01
     vertex -5.848596e+01  3.994006e+01  0.000000e+00
     vertex -5.858057e+01  3.991388e+01  0.000000e+00
   endloop
 endfacet
 facet normal -3.136817e-01  9.495282e-01  0.000000e+00
   outer loop
     vertex -5.858057e+01  3.991388e+01  6.000000e+01
     vertex -5.858057e+01  3.991388e+01  0.000000e+00
     vertex -5.867378e+01  3.988309e+01  0.000000e+00
   endloop
 endfacet
 facet normal -2.667128e-01  9.637761e-01 -2.673703e-20
   outer loop
     vertex -5.858057e+01  3.991388e+01  6.000000e+01
     vertex -5.848596e+01  3.994006e+01  6.000000e+01
     vertex -5.848596e+01  3.994006e+01  0.000000e+00
   endloop
 endfacet
 facet normal -3.136817e-01  9.495282e-01  0.000000e+00
   outer loop
     vertex -5.867378e+01  3.988309e+01  6.000000e+01
     vertex -5.858057e+01  3.991388e+01  6.000000e+01
     vertex -5.867378e+01  3.988309e+01  0.000000e+00
   endloop
 endfacet
 facet normal -3.598950e-01  9.329928e-01 -1.171504e-20
   outer loop
     vertex -5.876537e+01  3.984776e+01  6.000000e+01
     vertex -5.867378e+01  3.988309e+01  6.000000e+01
     vertex -5.867378e+01  3.988309e+01  0.000000e+00
   endloop
 endfacet
 facet normal -3.598950e-01  9.329928e-01  0.000000e+00
   outer loop
     vertex -5.876537e+01  3.984776e+01  6.000000e+01
     vertex -5.867378e+01  3.988309e+01  0.000000e+00
     vertex -5.876537e+01  3.984776e+01  0.000000e+00
   endloop
 endfacet
 facet normal -4.052413e-01  9.142098e-01  0.000000e+00
   outer loop
     vertex -5.876537e+01  3.984776e+01  6.000000e+01
     vertex -5.876537e+01  3.984776e+01  0.000000e+00
     vertex -5.885511e+01  3.980798e+01  0.000000e+00
   endloop
 endfacet
 facet normal -4.052413e-01  9.142098e-01  0.000000e+00
   outer loop
     vertex -5.885511e+01  3.980798e+01  6.000000e+01
     vertex -5.876537e+01  3.984776e+01  6.000000e+01
     vertex -5.885511e+01  3.980798e+01  0.000000e+00
   endloop
 endfacet
 facet normal -4.496113e-01  8.932243e-01  0.000000e+00
   outer loop
     vertex -5.894279e+01  3.976384e+01  6.000000e+01
     vertex -5.885511e+01  3.980798e+01  0.000000e+00
     vertex -5.894279e+01  3.976384e+01  0.000000e+00
   endloop
 endfacet
 facet normal -4.496113e-01  8.932243e-01 -3.075807e-20
   outer loop
     vertex -5.894279e+01  3.976384e+01  6.000000e+01
     vertex -5.885511e+01  3.980798e+01  6.000000e+01
     vertex -5.885511e+01  3.980798e+01  0.000000e+00
   endloop
 endfacet
 facet normal -4.928982e-01  8.700870e-01  0.000000e+00
   outer loop
     vertex -5.902821e+01  3.971546e+01  6.000000e+01
     vertex -5.894279e+01  3.976384e+01  0.000000e+00
     vertex -5.902821e+01  3.971546e+01  0.000000e+00
   endloop
 endfacet
 facet normal -4.928982e-01  8.700870e-01 -3.047901e-20
   outer loop
     vertex -5.902821e+01  3.971546e+01  6.000000e+01
     vertex -5.894279e+01  3.976384e+01  6.000000e+01
     vertex -5.894279e+01  3.976384e+01  0.000000e+00
   endloop
 endfacet
 facet normal -5.349976e-01  8.448536e-01  0.000000e+00
   outer loop
     vertex -5.911114e+01  3.966294e+01  6.000000e+01
     vertex -5.902821e+01  3.971546e+01  0.000000e+00
     vertex -5.911114e+01  3.966294e+01  0.000000e+00
   endloop
 endfacet
 facet normal -5.758082e-01  8.175848e-01  0.000000e+00
   outer loop
     vertex -5.911114e+01  3.966294e+01  6.000000e+01
     vertex -5.911114e+01  3.966294e+01  0.000000e+00
     vertex -5.919140e+01  3.960642e+01  0.000000e+00
   endloop
 endfacet
 facet normal -5.349976e-01  8.448536e-01 -5.069241e-20
   outer loop
     vertex -5.911114e+01  3.966294e+01  6.000000e+01
     vertex -5.902821e+01  3.971546e+01  6.000000e+01
     vertex -5.902821e+01  3.971546e+01  0.000000e+00
   endloop
 endfacet
 facet normal -6.152316e-01  7.883464e-01  0.000000e+00
   outer loop
     vertex -5.919140e+01  3.960642e+01  6.000000e+01
     vertex -5.919140e+01  3.960642e+01  0.000000e+00
     vertex -5.926879e+01  3.954602e+01  0.000000e+00
   endloop
 endfacet
 facet normal -5.758082e-01  8.175848e-01  0.000000e+00
   outer loop
     vertex -5.919140e+01  3.960642e+01  6.000000e+01
     vertex -5.911114e+01  3.966294e+01  6.000000e+01
     vertex -5.919140e+01  3.960642e+01  0.000000e+00
   endloop
 endfacet
 facet normal -6.152316e-01  7.883464e-01  0.000000e+00
   outer loop
     vertex -5.926879e+01  3.954602e+01  6.000000e+01
     vertex -5.919140e+01  3.960642e+01  6.000000e+01
     vertex -5.926879e+01  3.954602e+01  0.000000e+00
   endloop
 endfacet
 facet normal -6.531728e-01  7.572088e-01  0.000000e+00
   outer loop
     vertex -5.934312e+01  3.948190e+01  6.000000e+01
     vertex -5.926879e+01  3.954602e+01  0.000000e+00
     vertex -5.934312e+01  3.948190e+01  0.000000e+00
   endloop
 endfacet
 facet normal -6.531728e-01  7.572088e-01  1.564250e-20
   outer loop
     vertex -5.934312e+01  3.948190e+01  6.000000e+01
     vertex -5.926879e+01  3.954602e+01  6.000000e+01
     vertex -5.926879e+01  3.954602e+01  0.000000e+00
   endloop
 endfacet
 facet normal -6.895405e-01  7.242471e-01  0.000000e+00
   outer loop
     vertex -5.941421e+01  3.941421e+01  6.000000e+01
     vertex -5.934312e+01  3.948190e+01  0.000000e+00
     vertex -5.941421e+01  3.941421e+01  0.000000e+00
   endloop
 endfacet
 facet normal -6.895405e-01  7.242471e-01 -2.480556e-20
   outer loop
     vertex -5.941421e+01  3.941421e+01  6.000000e+01
     vertex -5.934312e+01  3.948190e+01  6.000000e+01
     vertex -5.934312e+01  3.948190e+01  0.000000e+00
   endloop
 endfacet
 facet normal -7.242471e-01  6.895405e-01  0.000000e+00
   outer loop
     vertex -5.948190e+01  3.934312e+01  6.000000e+01
     vertex -5.941421e+01  3.941421e+01  0.000000e+00
     vertex -5.948190e+01  3.934312e+01  0.000000e+00
   endloop
 endfacet
 facet normal -7.242471e-01  6.895405e-01  4.798126e-20
   outer loop
     vertex -5.948190e+01  3.934312e+01  6.000000e+01
     vertex -5.941421e+01  3.941421e+01  6.000000e+01
     vertex -5.941421e+01  3.941421e+01  0.000000e+00
   endloop
 endfacet
 facet normal -7.572088e-01  6.531728e-01  0.000000e+00
   outer loop
     vertex -5.954602e+01  3.926879e+01  6.000000e+01
     vertex -5.948190e+01  3.934312e+01  0.000000e+00
     vertex -5.954602e+01  3.926879e+01  0.000000e+00
   endloop
 endfacet
 facet normal -7.572088e-01  6.531728e-01  5.393523e-20
   outer loop
     vertex -5.954602e+01  3.926879e+01  6.000000e+01
     vertex -5.948190e+01  3.934312e+01  6.000000e+01
     vertex -5.948190e+01  3.934312e+01  0.000000e+00
   endloop
 endfacet
 facet normal -7.883464e-01  6.152316e-01  0.000000e+00
   outer loop
     vertex -5.960642e+01  3.919140e+01  6.000000e+01
     vertex -5.954602e+01  3.926879e+01  0.000000e+00
     vertex -5.960642e+01  3.919140e+01  0.000000e+00
   endloop
 endfacet
 facet normal -8.175848e-01  5.758082e-01  0.000000e+00
   outer loop
     vertex -5.960642e+01  3.919140e+01  6.000000e+01
     vertex -5.960642e+01  3.919140e+01  0.000000e+00
     vertex -5.966294e+01  3.911114e+01  0.000000e+00
   endloop
 endfacet
 facet normal -7.883464e-01  6.152316e-01 -4.086307e-20
   outer loop
     vertex -5.960642e+01  3.919140e+01  6.000000e+01
     vertex -5.954602e+01  3.926879e+01  6.000000e+01
     vertex -5.954602e+01  3.926879e+01  0.000000e+00
   endloop
 endfacet
 facet normal -8.175848e-01  5.758082e-01  0.000000e+00
   outer loop
     vertex -5.966294e+01  3.911114e+01  6.000000e+01
     vertex -5.960642e+01  3.919140e+01  6.000000e+01
     vertex -5.966294e+01  3.911114e+01  0.000000e+00
   endloop
 endfacet
 facet normal -8.448536e-01  5.349976e-01  0.000000e+00
   outer loop
     vertex -5.971546e+01  3.902821e+01  6.000000e+01
     vertex -5.966294e+01  3.911114e+01  0.000000e+00
     vertex -5.971546e+01  3.902821e+01  0.000000e+00
   endloop
 endfacet
 facet normal -8.700870e-01  4.928982e-01  0.000000e+00
   outer loop
     vertex -5.971546e+01  3.902821e+01  6.000000e+01
     vertex -5.971546e+01  3.902821e+01  0.000000e+00
     vertex -5.976384e+01  3.894279e+01  0.000000e+00
   endloop
 endfacet
 facet normal -8.448536e-01  5.349976e-01  3.717380e-20
   outer loop
     vertex -5.971546e+01  3.902821e+01  6.000000e+01
     vertex -5.966294e+01  3.911114e+01  6.000000e+01
     vertex -5.966294e+01  3.911114e+01  0.000000e+00
   endloop
 endfacet
 facet normal -8.700870e-01  4.928982e-01  0.000000e+00
   outer loop
     vertex -5.976384e+01  3.894279e+01  6.000000e+01
     vertex -5.971546e+01  3.902821e+01  6.000000e+01
     vertex -5.976384e+01  3.894279e+01  0.000000e+00
   endloop
 endfacet
 facet normal -8.932243e-01  4.496113e-01  0.000000e+00
   outer loop
     vertex -5.980798e+01  3.885511e+01  6.000000e+01
     vertex -5.976384e+01  3.894279e+01  0.000000e+00
     vertex -5.980798e+01  3.885511e+01  0.000000e+00
   endloop
 endfacet
 facet normal -8.932243e-01  4.496113e-01 -2.154187e-20
   outer loop
     vertex -5.980798e+01  3.885511e+01  6.000000e+01
     vertex -5.976384e+01  3.894279e+01  6.000000e+01
     vertex -5.976384e+01  3.894279e+01  0.000000e+00
   endloop
 endfacet
 facet normal -9.142098e-01  4.052413e-01  0.000000e+00
   outer loop
     vertex -5.984776e+01  3.876537e+01  6.000000e+01
     vertex -5.980798e+01  3.885511e+01  0.000000e+00
     vertex -5.984776e+01  3.876537e+01  0.000000e+00
   endloop
 endfacet
 facet normal -9.142098e-01  4.052413e-01 -1.281966e-20
   outer loop
     vertex -5.984776e+01  3.876537e+01  6.000000e+01
     vertex -5.980798e+01  3.885511e+01  6.000000e+01
     vertex -5.980798e+01  3.885511e+01  0.000000e+00
   endloop
 endfacet
 facet normal -9.329928e-01  3.598950e-01  0.000000e+00
   outer loop
     vertex -5.988309e+01  3.867378e+01  6.000000e+01
     vertex -5.984776e+01  3.876537e+01  0.000000e+00
     vertex -5.988309e+01  3.867378e+01  0.000000e+00
   endloop
 endfacet
 facet normal -9.329928e-01  3.598950e-01 -1.171504e-20
   outer loop
     vertex -5.988309e+01  3.867378e+01  6.000000e+01
     vertex -5.984776e+01  3.876537e+01  6.000000e+01
     vertex -5.984776e+01  3.876537e+01  0.000000e+00
   endloop
 endfacet
 facet normal -9.495282e-01  3.136817e-01  0.000000e+00
   outer loop
     vertex -5.991388e+01  3.858057e+01  6.000000e+01
     vertex -5.988309e+01  3.867378e+01  0.000000e+00
     vertex -5.991388e+01  3.858057e+01  0.000000e+00
   endloop
 endfacet
 facet normal -9.637761e-01  2.667128e-01  0.000000e+00
   outer loop
     vertex -5.991388e+01  3.858057e+01  6.000000e+01
     vertex -5.991388e+01  3.858057e+01  0.000000e+00
     vertex -5.994006e+01  3.848596e+01  0.000000e+00
   endloop
 endfacet
 facet normal -9.495282e-01  3.136817e-01 -1.781943e-20
   outer loop
     vertex -5.991388e+01  3.858057e+01  6.000000e+01
     vertex -5.988309e+01  3.867378e+01  6.000000e+01
     vertex -5.988309e+01  3.867378e+01  0.000000e+00
   endloop
 endfacet
 facet normal -9.637761e-01  2.667128e-01  0.000000e+00
   outer loop
     vertex -5.994006e+01  3.848596e+01  6.000000e+01
     vertex -5.991388e+01  3.858057e+01  6.000000e+01
     vertex -5.994006e+01  3.848596e+01  0.000000e+00
   endloop
 endfacet
 facet normal -9.757021e-01  2.191012e-01  0.000000e+00
   outer loop
     vertex -5.996157e+01  3.839018e+01  6.000000e+01
     vertex -5.994006e+01  3.848596e+01  0.000000e+00
     vertex -5.996157e+01  3.839018e+01  0.000000e+00
   endloop
 endfacet
 facet normal -9.757021e-01  2.191012e-01  2.372639e-20
   outer loop
     vertex -5.996157e+01  3.839018e+01  6.000000e+01
     vertex -5.994006e+01  3.848596e+01  6.000000e+01
     vertex -5.994006e+01  3.848596e+01  0.000000e+00
   endloop
 endfacet
 facet normal -9.852776e-01  1.709619e-01  0.000000e+00
   outer loop
     vertex -5.997835e+01  3.829346e+01  6.000000e+01
     vertex -5.996157e+01  3.839018e+01  0.000000e+00
     vertex -5.997835e+01  3.829346e+01  0.000000e+00
   endloop
 endfacet
 facet normal -9.924795e-01  1.224107e-01  0.000000e+00
   outer loop
     vertex -5.997835e+01  3.829346e+01  6.000000e+01
     vertex -5.997835e+01  3.829346e+01  0.000000e+00
     vertex -5.999037e+01  3.819603e+01  0.000000e+00
   endloop
 endfacet
 facet normal -9.852776e-01  1.709619e-01  6.237039e-21
   outer loop
     vertex -5.997835e+01  3.829346e+01  6.000000e+01
     vertex -5.996157e+01  3.839018e+01  6.000000e+01
     vertex -5.996157e+01  3.839018e+01  0.000000e+00
   endloop
 endfacet
 facet normal -9.924795e-01  1.224107e-01  0.000000e+00
   outer loop
     vertex -5.999037e+01  3.819603e+01  6.000000e+01
     vertex -5.997835e+01  3.829346e+01  6.000000e+01
     vertex -5.999037e+01  3.819603e+01  0.000000e+00
   endloop
 endfacet
 facet normal -9.972905e-01  7.356456e-02  0.000000e+00
   outer loop
     vertex -5.999759e+01  3.809814e+01  6.000000e+01
     vertex -5.999037e+01  3.819603e+01  0.000000e+00
     vertex -5.999759e+01  3.809814e+01  0.000000e+00
   endloop
 endfacet
 facet normal -9.972905e-01  7.356456e-02 -4.051900e-21
   outer loop
     vertex -5.999759e+01  3.809814e+01  6.000000e+01
     vertex -5.999037e+01  3.819603e+01  6.000000e+01
     vertex -5.999037e+01  3.819603e+01  0.000000e+00
   endloop
 endfacet
 facet normal -9.996988e-01  2.454123e-02  0.000000e+00
   outer loop
     vertex -6.000000e+01  3.800000e+01  6.000000e+01
     vertex -5.999759e+01  3.809814e+01  0.000000e+00
     vertex -6.000000e+01  3.800000e+01  0.000000e+00
   endloop
 endfacet
 facet normal -9.996988e-01  2.454123e-02 -1.357499e-22
   outer loop
     vertex -6.000000e+01  3.800000e+01  6.000000e+01
     vertex -5.999759e+01  3.809814e+01  6.000000e+01
     vertex -5.999759e+01  3.809814e+01  0.000000e+00
   endloop
 endfacet
 facet normal  9.996988e-01  2.454123e-02  0.000000e+00
   outer loop
     vertex  5.999759e+01  3.809814e+01  6.000000e+01
     vertex  6.000000e+01  3.800000e+01  0.000000e+00
     vertex  5.999759e+01  3.809814e+01  0.000000e+00
   endloop
 endfacet
 facet normal  9.996988e-01  2.454123e-02  3.921444e-22
   outer loop
     vertex  5.999759e+01  3.809814e+01  6.000000e+01
     vertex  6.000000e+01  3.800000e+01  6.000000e+01
     vertex  6.000000e+01  3.800000e+01  0.000000e+00
   endloop
 endfacet
 facet normal  9.972905e-01  7.356456e-02  0.000000e+00
   outer loop
     vertex  5.999037e+01  3.819603e+01  6.000000e+01
     vertex  5.999759e+01  3.809814e+01  0.000000e+00
     vertex  5.999037e+01  3.819603e+01  0.000000e+00
   endloop
 endfacet
 facet normal  9.972905e-01  7.356456e-02  4.051900e-21
   outer loop
     vertex  5.999037e+01  3.819603e+01  6.000000e+01
     vertex  5.999759e+01  3.809814e+01  6.000000e+01
     vertex  5.999759e+01  3.809814e+01  0.000000e+00
   endloop
 endfacet
 facet normal  9.924795e-01  1.224107e-01  0.000000e+00
   outer loop
     vertex  5.997835e+01  3.829346e+01  6.000000e+01
     vertex  5.999037e+01  3.819603e+01  0.000000e+00
     vertex  5.997835e+01  3.829346e+01  0.000000e+00
   endloop
 endfacet
 facet normal  9.852776e-01  1.709619e-01  0.000000e+00
   outer loop
     vertex  5.997835e+01  3.829346e+01  6.000000e+01
     vertex  5.997835e+01  3.829346e+01  0.000000e+00
     vertex  5.996157e+01  3.839018e+01  0.000000e+00
   endloop
 endfacet
 facet normal  9.924795e-01  1.224107e-01 -1.418547e-20
   outer loop
     vertex  5.997835e+01  3.829346e+01  6.000000e+01
     vertex  5.999037e+01  3.819603e+01  6.000000e+01
     vertex  5.999037e+01  3.819603e+01  0.000000e+00
   endloop
 endfacet
 facet normal  9.757021e-01  2.191012e-01  0.000000e+00
   outer loop
     vertex  5.996157e+01  3.839018e+01  6.000000e+01
     vertex  5.996157e+01  3.839018e+01  0.000000e+00
     vertex  5.994006e+01  3.848596e+01  0.000000e+00
   endloop
 endfacet
 facet normal  9.852776e-01  1.709619e-01  0.000000e+00
   outer loop
     vertex  5.996157e+01  3.839018e+01  6.000000e+01
     vertex  5.997835e+01  3.829346e+01  6.000000e+01
     vertex  5.996157e+01  3.839018e+01  0.000000e+00
   endloop
 endfacet
 facet normal  9.637761e-01  2.667128e-01  0.000000e+00
   outer loop
     vertex  5.994006e+01  3.848596e+01  6.000000e+01
     vertex  5.994006e+01  3.848596e+01  0.000000e+00
     vertex  5.991388e+01  3.858057e+01  0.000000e+00
   endloop
 endfacet
 facet normal  9.757021e-01  2.191012e-01  0.000000e+00
   outer loop
     vertex  5.994006e+01  3.848596e+01  6.000000e+01
     vertex  5.996157e+01  3.839018e+01  6.000000e+01
     vertex  5.994006e+01  3.848596e+01  0.000000e+00
   endloop
 endfacet
 facet normal  9.495282e-01  3.136817e-01  0.000000e+00
   outer loop
     vertex  5.991388e+01  3.858057e+01  6.000000e+01
     vertex  5.991388e+01  3.858057e+01  0.000000e+00
     vertex  5.988309e+01  3.867378e+01  0.000000e+00
   endloop
 endfacet
 facet normal  9.637761e-01  2.667128e-01  0.000000e+00
   outer loop
     vertex  5.991388e+01  3.858057e+01  6.000000e+01
     vertex  5.994006e+01  3.848596e+01  6.000000e+01
     vertex  5.991388e+01  3.858057e+01  0.000000e+00
   endloop
 endfacet
 facet normal  9.495282e-01  3.136817e-01  0.000000e+00
   outer loop
     vertex  5.988309e+01  3.867378e+01  6.000000e+01
     vertex  5.991388e+01  3.858057e+01  6.000000e+01
     vertex  5.988309e+01  3.867378e+01  0.000000e+00
   endloop
 endfacet
 facet normal  9.329928e-01  3.598950e-01  1.171504e-20
   outer loop
     vertex  5.984776e+01  3.876537e+01  6.000000e+01
     vertex  5.988309e+01  3.867378e+01  6.000000e+01
     vertex  5.988309e+01  3.867378e+01  0.000000e+00
   endloop
 endfacet
 facet normal  9.329928e-01  3.598950e-01  0.000000e+00
   outer loop
     vertex  5.984776e+01  3.876537e+01  6.000000e+01
     vertex  5.988309e+01  3.867378e+01  0.000000e+00
     vertex  5.984776e+01  3.876537e+01  0.000000e+00
   endloop
 endfacet
 facet normal  9.142098e-01  4.052413e-01  0.000000e+00
   outer loop
     vertex  5.984776e+01  3.876537e+01  6.000000e+01
     vertex  5.984776e+01  3.876537e+01  0.000000e+00
     vertex  5.980798e+01  3.885511e+01  0.000000e+00
   endloop
 endfacet
 facet normal  9.142098e-01  4.052413e-01  0.000000e+00
   outer loop
     vertex  5.980798e+01  3.885511e+01  6.000000e+01
     vertex  5.984776e+01  3.876537e+01  6.000000e+01
     vertex  5.980798e+01  3.885511e+01  0.000000e+00
   endloop
 endfacet
 facet normal  8.932243e-01  4.496113e-01  0.000000e+00
   outer loop
     vertex  5.980798e+01  3.885511e+01  6.000000e+01
     vertex  5.980798e+01  3.885511e+01  0.000000e+00
     vertex  5.976384e+01  3.894279e+01  0.000000e+00
   endloop
 endfacet
 facet normal  8.932243e-01  4.496113e-01  0.000000e+00
   outer loop
     vertex  5.976384e+01  3.894279e+01  6.000000e+01
     vertex  5.980798e+01  3.885511e+01  6.000000e+01
     vertex  5.976384e+01  3.894279e+01  0.000000e+00
   endloop
 endfacet
 facet normal  8.700870e-01  4.928982e-01 -6.193586e-20
   outer loop
     vertex  5.971546e+01  3.902821e+01  6.000000e+01
     vertex  5.976384e+01  3.894279e+01  6.000000e+01
     vertex  5.976384e+01  3.894279e+01  0.000000e+00
   endloop
 endfacet
 facet normal  8.700870e-01  4.928982e-01  0.000000e+00
   outer loop
     vertex  5.971546e+01  3.902821e+01  6.000000e+01
     vertex  5.976384e+01  3.894279e+01  0.000000e+00
     vertex  5.971546e+01  3.902821e+01  0.000000e+00
   endloop
 endfacet
 facet normal  8.448536e-01  5.349976e-01  0.000000e+00
   outer loop
     vertex  5.966294e+01  3.911114e+01  6.000000e+01
     vertex  5.971546e+01  3.902821e+01  0.000000e+00
     vertex  5.966294e+01  3.911114e+01  0.000000e+00
   endloop
 endfacet
 facet normal  8.448536e-01  5.349976e-01  5.069241e-20
   outer loop
     vertex  5.966294e+01  3.911114e+01  6.000000e+01
     vertex  5.971546e+01  3.902821e+01  6.000000e+01
     vertex  5.971546e+01  3.902821e+01  0.000000e+00
   endloop
 endfacet
 facet normal  8.175848e-01  5.758082e-01  0.000000e+00
   outer loop
     vertex  5.960642e+01  3.919140e+01  6.000000e+01
     vertex  5.966294e+01  3.911114e+01  0.000000e+00
     vertex  5.960642e+01  3.919140e+01  0.000000e+00
   endloop
 endfacet
 facet normal  7.883464e-01  6.152316e-01  0.000000e+00
   outer loop
     vertex  5.960642e+01  3.919140e+01  6.000000e+01
     vertex  5.960642e+01  3.919140e+01  0.000000e+00
     vertex  5.954602e+01  3.926879e+01  0.000000e+00
   endloop
 endfacet
 facet normal  8.175848e-01  5.758082e-01  7.285212e-20
   outer loop
     vertex  5.960642e+01  3.919140e+01  6.000000e+01
     vertex  5.966294e+01  3.911114e+01  6.000000e+01
     vertex  5.966294e+01  3.911114e+01  0.000000e+00
   endloop
 endfacet
 facet normal  7.883464e-01  6.152316e-01  0.000000e+00
   outer loop
     vertex  5.954602e+01  3.926879e+01  6.000000e+01
     vertex  5.960642e+01  3.919140e+01  6.000000e+01
     vertex  5.954602e+01  3.926879e+01  0.000000e+00
   endloop
 endfacet
 facet normal  7.572088e-01  6.531728e-01  0.000000e+00
   outer loop
     vertex  5.948190e+01  3.934312e+01  6.000000e+01
     vertex  5.954602e+01  3.926879e+01  0.000000e+00
     vertex  5.948190e+01  3.934312e+01  0.000000e+00
   endloop
 endfacet
 facet normal  7.242471e-01  6.895405e-01  0.000000e+00
   outer loop
     vertex  5.948190e+01  3.934312e+01  6.000000e+01
     vertex  5.948190e+01  3.934312e+01  0.000000e+00
     vertex  5.941421e+01  3.941421e+01  0.000000e+00
   endloop
 endfacet
 facet normal  7.572088e-01  6.531728e-01 -1.564250e-20
   outer loop
     vertex  5.948190e+01  3.934312e+01  6.000000e+01
     vertex  5.954602e+01  3.926879e+01  6.000000e+01
     vertex  5.954602e+01  3.926879e+01  0.000000e+00
   endloop
 endfacet
 facet normal  7.242471e-01  6.895405e-01  0.000000e+00
   outer loop
     vertex  5.941421e+01  3.941421e+01  6.000000e+01
     vertex  5.948190e+01  3.934312e+01  6.000000e+01
     vertex  5.941421e+01  3.941421e+01  0.000000e+00
   endloop
 endfacet
 facet normal  6.895405e-01  7.242471e-01  0.000000e+00
   outer loop
     vertex  5.934312e+01  3.948190e+01  6.000000e+01
     vertex  5.941421e+01  3.941421e+01  0.000000e+00
     vertex  5.934312e+01  3.948190e+01  0.000000e+00
   endloop
 endfacet
 facet normal  6.895405e-01  7.242471e-01  2.480556e-20
   outer loop
     vertex  5.934312e+01  3.948190e+01  6.000000e+01
     vertex  5.941421e+01  3.941421e+01  6.000000e+01
     vertex  5.941421e+01  3.941421e+01  0.000000e+00
   endloop
 endfacet
 facet normal  6.531728e-01  7.572088e-01  0.000000e+00
   outer loop
     vertex  5.926879e+01  3.954602e+01  6.000000e+01
     vertex  5.934312e+01  3.948190e+01  0.000000e+00
     vertex  5.926879e+01  3.954602e+01  0.000000e+00
   endloop
 endfacet
 facet normal  6.152316e-01  7.883464e-01  0.000000e+00
   outer loop
     vertex  5.926879e+01  3.954602e+01  6.000000e+01
     vertex  5.926879e+01  3.954602e+01  0.000000e+00
     vertex  5.919140e+01  3.960642e+01  0.000000e+00
   endloop
 endfacet
 facet normal  6.531728e-01  7.572088e-01 -4.207330e-21
   outer loop
     vertex  5.926879e+01  3.954602e+01  6.000000e+01
     vertex  5.934312e+01  3.948190e+01  6.000000e+01
     vertex  5.934312e+01  3.948190e+01  0.000000e+00
   endloop
 endfacet
 facet normal  5.758082e-01  8.175848e-01  0.000000e+00
   outer loop
     vertex  5.919140e+01  3.960642e+01  6.000000e+01
     vertex  5.919140e+01  3.960642e+01  0.000000e+00
     vertex  5.911114e+01  3.966294e+01  0.000000e+00
   endloop
 endfacet
 facet normal  6.152316e-01  7.883464e-01  0.000000e+00
   outer loop
     vertex  5.919140e+01  3.960642e+01  6.000000e+01
     vertex  5.926879e+01  3.954602e+01  6.000000e+01
     vertex  5.919140e+01  3.960642e+01  0.000000e+00
   endloop
 endfacet
 facet normal  5.758082e-01  8.175848e-01  0.000000e+00
   outer loop
     vertex  5.911114e+01  3.966294e+01  6.000000e+01
     vertex  5.919140e+01  3.960642e+01  6.000000e+01
     vertex  5.911114e+01  3.966294e+01  0.000000e+00
   endloop
 endfacet
 facet normal  5.349976e-01  8.448536e-01  0.000000e+00
   outer loop
     vertex  5.902821e+01  3.971546e+01  6.000000e+01
     vertex  5.911114e+01  3.966294e+01  0.000000e+00
     vertex  5.902821e+01  3.971546e+01  0.000000e+00
   endloop
 endfacet
 facet normal  5.349976e-01  8.448536e-01  5.069241e-20
   outer loop
     vertex  5.902821e+01  3.971546e+01  6.000000e+01
     vertex  5.911114e+01  3.966294e+01  6.000000e+01
     vertex  5.911114e+01  3.966294e+01  0.000000e+00
   endloop
 endfacet
 facet normal  4.928982e-01  8.700870e-01  0.000000e+00
   outer loop
     vertex  5.894279e+01  3.976384e+01  6.000000e+01
     vertex  5.902821e+01  3.971546e+01  0.000000e+00
     vertex  5.894279e+01  3.976384e+01  0.000000e+00
   endloop
 endfacet
 facet normal  4.928982e-01  8.700870e-01 -1.440302e-20
   outer loop
     vertex  5.894279e+01  3.976384e+01  6.000000e+01
     vertex  5.902821e+01  3.971546e+01  6.000000e+01
     vertex  5.902821e+01  3.971546e+01  0.000000e+00
   endloop
 endfacet
 facet normal  4.496113e-01  8.932243e-01  0.000000e+00
   outer loop
     vertex  5.885511e+01  3.980798e+01  6.000000e+01
     vertex  5.894279e+01  3.976384e+01  0.000000e+00
     vertex  5.885511e+01  3.980798e+01  0.000000e+00
   endloop
 endfacet
 facet normal  4.496113e-01  8.932243e-01  3.075807e-20
   outer loop
     vertex  5.885511e+01  3.980798e+01  6.000000e+01
     vertex  5.894279e+01  3.976384e+01  6.000000e+01
     vertex  5.894279e+01  3.976384e+01  0.000000e+00
   endloop
 endfacet
 facet normal  4.052413e-01  9.142098e-01  0.000000e+00
   outer loop
     vertex  5.876537e+01  3.984776e+01  6.000000e+01
     vertex  5.885511e+01  3.980798e+01  0.000000e+00
     vertex  5.876537e+01  3.984776e+01  0.000000e+00
   endloop
 endfacet
 facet normal  4.052413e-01  9.142098e-01  3.024347e-20
   outer loop
     vertex  5.876537e+01  3.984776e+01  6.000000e+01
     vertex  5.885511e+01  3.980798e+01  6.000000e+01
     vertex  5.885511e+01  3.980798e+01  0.000000e+00
   endloop
 endfacet
 facet normal  3.598950e-01  9.329928e-01  0.000000e+00
   outer loop
     vertex  5.867378e+01  3.988309e+01  6.000000e+01
     vertex  5.876537e+01  3.984776e+01  0.000000e+00
     vertex  5.867378e+01  3.988309e+01  0.000000e+00
   endloop
 endfacet
 facet normal  3.598950e-01  9.329928e-01  1.171504e-20
   outer loop
     vertex  5.867378e+01  3.988309e+01  6.000000e+01
     vertex  5.876537e+01  3.984776e+01  6.000000e+01
     vertex  5.876537e+01  3.984776e+01  0.000000e+00
   endloop
 endfacet
 facet normal  3.136817e-01  9.495282e-01  0.000000e+00
   outer loop
     vertex  5.858057e+01  3.991388e+01  6.000000e+01
     vertex  5.867378e+01  3.988309e+01  0.000000e+00
     vertex  5.858057e+01  3.991388e+01  0.000000e+00
   endloop
 endfacet
 facet normal  3.136817e-01  9.495282e-01 -3.029264e-20
   outer loop
     vertex  5.858057e+01  3.991388e+01  6.000000e+01
     vertex  5.867378e+01  3.988309e+01  6.000000e+01
     vertex  5.867378e+01  3.988309e+01  0.000000e+00
   endloop
 endfacet
 facet normal  2.667128e-01  9.637761e-01  0.000000e+00
   outer loop
     vertex  5.848596e+01  3.994006e+01  6.000000e+01
     vertex  5.858057e+01  3.991388e+01  0.000000e+00
     vertex  5.848596e+01  3.994006e+01  0.000000e+00
   endloop
 endfacet
 facet normal  2.667128e-01  9.637761e-01  2.673703e-20
   outer loop
     vertex  5.848596e+01  3.994006e+01  6.000000e+01
     vertex  5.858057e+01  3.991388e+01  6.000000e+01
     vertex  5.858057e+01  3.991388e+01  0.000000e+00
   endloop
 endfacet
 facet normal  2.191012e-01  9.757021e-01  0.000000e+00
   outer loop
     vertex  5.839018e+01  3.996157e+01  6.000000e+01
     vertex  5.848596e+01  3.994006e+01  0.000000e+00
     vertex  5.839018e+01  3.996157e+01  0.000000e+00
   endloop
 endfacet
 facet normal  1.709619e-01  9.852776e-01  0.000000e+00
   outer loop
     vertex  5.839018e+01  3.996157e+01  6.000000e+01
     vertex  5.839018e+01  3.996157e+01  0.000000e+00
     vertex  5.829346e+01  3.997835e+01  0.000000e+00
   endloop
 endfacet
 facet normal  2.191012e-01  9.757021e-01 -4.960464e-21
   outer loop
     vertex  5.839018e+01  3.996157e+01  6.000000e+01
     vertex  5.848596e+01  3.994006e+01  6.000000e+01
     vertex  5.848596e+01  3.994006e+01  0.000000e+00
   endloop
 endfacet
 facet normal  1.709619e-01  9.852776e-01  0.000000e+00
   outer loop
     vertex  5.829346e+01  3.997835e+01  6.000000e+01
     vertex  5.839018e+01  3.996157e+01  6.000000e+01
     vertex  5.829346e+01  3.997835e+01  0.000000e+00
   endloop
 endfacet
 facet normal  1.224107e-01  9.924795e-01  0.000000e+00
   outer loop
     vertex  5.819603e+01  3.999037e+01  6.000000e+01
     vertex  5.829346e+01  3.997835e+01  0.000000e+00
     vertex  5.819603e+01  3.999037e+01  0.000000e+00
   endloop
 endfacet
 facet normal  1.224107e-01  9.924795e-01 -1.418547e-20
   outer loop
     vertex  5.819603e+01  3.999037e+01  6.000000e+01
     vertex  5.829346e+01  3.997835e+01  6.000000e+01
     vertex  5.829346e+01  3.997835e+01  0.000000e+00
   endloop
 endfacet
 facet normal  7.356456e-02  9.972905e-01  0.000000e+00
   outer loop
     vertex  5.809814e+01  3.999759e+01  6.000000e+01
     vertex  5.819603e+01  3.999037e+01  0.000000e+00
     vertex  5.809814e+01  3.999759e+01  0.000000e+00
   endloop
 endfacet
 facet normal  7.356456e-02  9.972905e-01  4.051900e-21
   outer loop
     vertex  5.809814e+01  3.999759e+01  6.000000e+01
     vertex  5.819603e+01  3.999037e+01  6.000000e+01
     vertex  5.819603e+01  3.999037e+01  0.000000e+00
   endloop
 endfacet
 facet normal  2.454123e-02  9.996988e-01  0.000000e+00
   outer loop
     vertex  5.800000e+01  4.000000e+01  6.000000e+01
     vertex  5.809814e+01  3.999759e+01  0.000000e+00
     vertex  5.800000e+01  4.000000e+01  0.000000e+00
   endloop
 endfacet
 facet normal  2.454123e-02  9.996988e-01 -2.037032e-21
   outer loop
     vertex  5.800000e+01  4.000000e+01  6.000000e+01
     vertex  5.809814e+01  3.999759e+01  6.000000e+01
     vertex  5.809814e+01  3.999759e+01  0.000000e+00
   endloop
 endfacet
 facet normal  0.000000e+00  1.000000e+00  0.000000e+00
   outer loop
     vertex -5.800000e+01  4.000000e+01  0.000000e+00
     vertex  5.800000e+01  4.000000e+01  6.000000e+01
     vertex  5.800000e+01  4.000000e+01  0.000000e+00
   endloop
 endfacet
 facet normal  0.000000e+00  1.000000e+00  0.000000e+00
   outer loop
     vertex -5.800000e+01  4.000000e+01  0.000000e+00
     vertex -5.800000e+01  4.000000e+01  6.000000e+01
     vertex  5.800000e+01  4.000000e+01  6.000000e+01
   endloop
 endfacet
 facet normal  0.000000e+00  1.000000e+00  0.000000e+00
   outer loop
     vertex  5.760000e+01 -3.760000e+01  2.400000e+00
     vertex -5.760000e+01 -3.760000e+01  2.400000e+00
     vertex -5.760000e+01 -3.760000e+01  6.000000e+01
   endloop
 endfacet
 facet normal  0.000000e+00  1.000000e+00 -0.000000e+00
   outer loop
     vertex  5.760000e+01 -3.760000e+01  2.400000e+00
     vertex -5.760000e+01 -3.760000e+01  6.000000e+01
     vertex  5.760000e+01 -3.760000e+01  6.000000e+01
   endloop
 endfacet
 facet normal -1.000000e+00  0.000000e+00  0.000000e+00
   outer loop
     vertex  5.760000e+01  3.760000e+01  2.400000e+00
     vertex  5.760000e+01 -3.760000e+01  2.400000e+00
     vertex  5.760000e+01 -3.760000e+01  6.000000e+01
   endloop
 endfacet
 facet normal -1.000000e+00  0.000000e+00  0.000000e+00
   outer loop
     vertex  5.760000e+01  3.760000e+01  2.400000e+00
     vertex  5.760000e+01 -3.760000e+01  6.000000e+01
     vertex  5.760000e+01  3.760000e+01  6.000000e+01
   endloop
 endfacet
 facet normal  0.000000e+00 -1.000000e+00  0.000000e+00
   outer loop
     vertex -5.760000e+01  3.760000e+01  2.400000e+00
     vertex  5.760000e+01  3.760000e+01  2.400000e+00
     vertex  5.760000e+01  3.760000e+01  6.000000e+01
   endloop
 endfacet
 facet normal  0.000000e+00 -1.000000e+00  0.000000e+00
   outer loop
     vertex -5.760000e+01  3.760000e+01  2.400000e+00
     vertex  5.760000e+01  3.760000e+01  6.000000e+01
     vertex -5.760000e+01  3.760000e+01  6.000000e+01
   endloop
 endfacet
 facet normal  1.000000e+00  0.000000e+00  0.000000e+00
   outer loop
     vertex -5.760000e+01 -3.760000e+01  2.400000e+00
     vertex -5.760000e+01  3.760000e+01  2.400000e+00
     vertex -5.760000e+01  3.760000e+01  6.000000e+01
   endloop
 endfacet
 facet normal  1.000000e+00  0.000000e+00  0.000000e+00
   outer loop
     vertex -5.760000e+01 -3.760000e+01  2.400000e+00
     vertex -5.760000e+01  3.760000e+01  6.000000e+01
     vertex -5.760000e+01 -3.760000e+01  6.000000e+01
   endloop
 endfacet
 facet normal  0.000000e+00  0.000000e+00  1.000000e+00
   outer loop
     vertex  5.760000e+01  3.760000e+01  2.400000e+00
     vertex -5.760000e+01 -3.760000e+01  2.400000e+00
     vertex  5.760000e+01 -3.760000e+01  2.400000e+00
   endloop
 endfacet
 facet normal  0.000000e+00  0.000000e+00  1.000000e+00
   outer loop
     vertex  5.760000e+01  3.760000e+01  2.400000e+00
     vertex -5.760000e+01  3.760000e+01  2.400000e+00
     vertex -5.760000e+01 -3.760000e+01  2.400000e+00
   endloop
 endfacet
 facet normal  0.000000e+00 -1.000000e+00  0.000000e+00
   outer loop
     vertex  6.040000e+01 -4.240000e+01  6.200000e+01
     vertex -6.040000e+01 -4.240000e+01  8.000000e+01
     vertex -6.040000e+01 -4.240000e+01  6.200000e+01
   endloop
 endfacet
 facet normal  0.000000e+00 -1.000000e+00  0.000000e+00
   outer loop
     vertex  6.040000e+01 -4.240000e+01  6.200000e+01
     vertex  6.040000e+01 -4.240000e+01  8.000000e+01
     vertex -6.040000e+01 -4.240000e+01  8.000000e+01
   endloop
 endfacet
 facet normal  0.000000e+00  0.000000e+00 -1.000000e+00
   outer loop
     vertex -6.151114e+01 -4.206294e+01  6.200000e+01
     vertex -6.159140e+01 -4.200642e+01  6.200000e+01
     vertex -6.166879e+01 -4.194602e+01  6.200000e+01
   endloop
 endfacet
 facet normal  0.000000e+00  0.000000e+00 -1.000000e+00
   outer loop
     vertex -6.151114e+01 -4.206294e+01  6.200000e+01
     vertex -6.166879e+01 -4.194602e+01  6.200000e+01
     vertex -6.174312e+01 -4.188190e+01  6.200000e+01
   endloop
 endfacet
 facet normal  0.000000e+00  0.000000e+00 -1.000000e+00
   outer loop
     vertex -6.151114e+01 -4.206294e+01  6.200000e+01
     vertex -6.174312e+01 -4.188190e+01  6.200000e+01
     vertex -6.181421e+01 -4.181421e+01  6.200000e+01
   endloop
 endfacet
 facet normal  0.000000e+00  0.000000e+00 -1.000000e+00
   outer loop
     vertex -6.206294e+01 -4.151114e+01  6.200000e+01
     vertex -6.181421e+01 -4.181421e+01  6.200000e+01
     vertex -6.188190e+01 -4.174312e+01  6.200000e+01
   endloop
 endfacet
 facet normal  0.000000e+00  0.000000e+00 -1.000000e+00
   outer loop
     vertex -6.206294e+01 -4.151114e+01  6.200000e+01
     vertex -6.188190e+01 -4.174312e+01  6.200000e+01
     vertex -6.194602e+01 -4.166879e+01  6.200000e+01
   endloop
 endfacet
 facet normal  0.000000e+00  0.000000e+00 -1.000000e+00
   outer loop
     vertex -6.206294e+01 -4.151114e+01  6.200000e+01
     vertex -6.194602e+01 -4.166879e+01  6.200000e+01
     vertex -6.200642e+01 -4.159140e+01  6.200000e+01
   endloop
 endfacet
 facet normal  0.000000e+00  0.000000e+00 -1.000000e+00
   outer loop
     vertex -6.125511e+01 -4.220798e+01  6.200000e+01
     vertex -6.134279e+01 -4.216384e+01  6.200000e+01
     vertex -6.142821e+01 -4.211546e+01  6.200000e+01
   endloop
 endfacet
 facet normal  0.000000e+00  0.000000e+00 -1.000000e+00
   outer loop
     vertex -6.116537e+01 -4.224776e+01  6.200000e+01
     vertex -6.125511e+01 -4.220798e+01  6.200000e+01
     vertex -6.142821e+01 -4.211546e+01  6.200000e+01
   endloop
 endfacet
 facet normal  0.000000e+00  0.000000e+00 -1.000000e+00
   outer loop
     vertex -6.224776e+01 -4.116537e+01  6.200000e+01
     vertex -6.206294e+01 -4.151114e+01  6.200000e+01
     vertex -6.211546e+01 -4.142821e+01  6.200000e+01
   endloop
 endfacet
 facet normal  0.000000e+00  0.000000e+00 -1.000000e+00
   outer loop
     vertex -6.224776e+01 -4.116537e+01  6.200000e+01
     vertex -6.211546e+01 -4.142821e+01  6.200000e+01
     vertex -6.216384e+01 -4.134279e+01  6.200000e+01
   endloop
 endfacet
 facet normal  0.000000e+00  0.000000e+00 -1.000000e+00
   outer loop
     vertex -6.224776e+01 -4.116537e+01  6.200000e+01
     vertex -6.216384e+01 -4.134279e+01  6.200000e+01
     vertex -6.220798e+01 -4.125511e+01  6.200000e+01
   endloop
 endfacet
 facet normal  0.000000e+00  0.000000e+00 -1.000000e+00
   outer loop
     vertex -6.224776e+01 -4.116537e+01  6.200000e+01
     vertex -6.181421e+01 -4.181421e+01  6.200000e+01
     vertex -6.206294e+01 -4.151114e+01  6.200000e+01
   endloop
 endfacet
 facet normal  0.000000e+00  0.000000e+00 -1.000000e+00
   outer loop
     vertex -6.107378e+01 -4.228309e+01  6.200000e+01
     vertex -6.142821e+01 -4.211546e+01  6.200000e+01
     vertex -6.151114e+01 -4.206294e+01  6.200000e+01
   endloop
 endfacet
 facet normal  0.000000e+00  0.000000e+00 -1.000000e+00
   outer loop
     vertex -6.107378e+01 -4.228309e+01  6.200000e+01
     vertex -6.116537e+01 -4.224776e+01  6.200000e+01
     vertex -6.142821e+01 -4.211546e+01  6.200000e+01
   endloop
 endfacet
 facet normal  0.000000e+00  0.000000e+00 -1.000000e+00
   outer loop
     vertex -6.234006e+01 -4.088596e+01  6.200000e+01
     vertex -6.228309e+01 -4.107378e+01  6.200000e+01
     vertex -6.231388e+01 -4.098057e+01  6.200000e+01
   endloop
 endfacet
 facet normal  0.000000e+00  0.000000e+00 -1.000000e+00
   outer loop
     vertex -6.079018e+01 -4.236157e+01  6.200000e+01
     vertex -6.088596e+01 -4.234006e+01  6.200000e+01
     vertex -6.098057e+01 -4.231388e+01  6.200000e+01
   endloop
 endfacet
 facet normal  0.000000e+00  0.000000e+00 -1.000000e+00
   outer loop
     vertex -6.079018e+01 -4.236157e+01  6.200000e+01
     vertex -6.098057e+01 -4.231388e+01  6.200000e+01
     vertex -6.107378e+01 -4.228309e+01  6.200000e+01
   endloop
 endfacet
 facet normal  0.000000e+00  0.000000e+00 -1.000000e+00
   outer loop
     vertex -6.079018e+01 -4.236157e+01  6.200000e+01
     vertex -6.107378e+01 -4.228309e+01  6.200000e+01
     vertex -6.151114e+01 -4.206294e+01  6.200000e+01
   endloop
 endfacet
 facet normal  0.000000e+00  0.000000e+00 -1.000000e+00
   outer loop
     vertex -6.079018e+01 -4.236157e+01  6.200000e+01
     vertex -6.151114e+01 -4.206294e+01  6.200000e+01
     vertex -6.181421e+01 -4.181421e+01  6.200000e+01
   endloop
 endfacet
 facet normal  0.000000e+00  0.000000e+00 -1.000000e+00
   outer loop
     vertex -6.239037e+01 -4.059603e+01  6.200000e+01
     vertex -6.224776e+01 -4.116537e+01  6.200000e+01
     vertex -6.228309e+01 -4.107378e+01  6.200000e+01
   endloop
 endfacet
 facet normal  0.000000e+00  0.000000e+00 -1.000000e+00
   outer loop
     vertex -6.239037e+01 -4.059603e+01  6.200000e+01
     vertex -6.234006e+01 -4.088596e+01  6.200000e+01
     vertex -6.236157e+01 -4.079018e+01  6.200000e+01
   endloop
 endfacet
 facet normal  0.000000e+00  0.000000e+00 -1.000000e+00
   outer loop
     vertex -6.239037e+01 -4.059603e+01  6.200000e+01
     vertex -6.236157e+01 -4.079018e+01  6.200000e+01
     vertex -6.237835e+01 -4.069346e+01  6.200000e+01
   endloop
 endfacet
 facet normal  0.000000e+00  0.000000e+00 -1.000000e+00
   outer loop
     vertex -6.239037e+01 -4.059603e+01  6.200000e+01
     vertex -6.181421e+01 -4.181421e+01  6.200000e+01
     vertex -6.224776e+01 -4.116537e+01  6.200000e+01
   endloop
 endfacet
 facet normal  0.000000e+00  0.000000e+00 -1.000000e+00
   outer loop
     vertex -6.239037e+01 -4.059603e+01  6.200000e+01
     vertex -6.228309e+01 -4.107378e+01  6.200000e+01
     vertex -6.234006e+01 -4.088596e+01  6.200000e+01
   endloop
 endfacet
 facet normal  0.000000e+00  0.000000e+00 -1.000000e+00
   outer loop
     vertex -6.239037e+01 -4.059603e+01  6.200000e+01
     vertex -6.079018e+01 -4.236157e+01  6.200000e+01
     vertex -6.181421e+01 -4.181421e+01  6.200000e+01
   endloop
 endfacet
 facet normal  0.000000e+00  0.000000e+00 -1.000000e+00
   outer loop
     vertex -6.059603e+01 -4.239037e+01  6.200000e+01
     vertex -6.069346e+01 -4.237835e+01  6.200000e+01
     vertex -6.079018e+01 -4.236157e+01  6.200000e+01
   endloop
 endfacet
 facet normal  0.000000e+00  0.000000e+00 -1.000000e+00
   outer loop
     vertex -6.240000e+01 -4.040000e+01  6.200000e+01
     vertex -6.239037e+01 -4.059603e+01  6.200000e+01
     vertex -6.239759e+01 -4.049814e+01  6.200000e+01
   endloop
 endfacet
 facet normal  0.000000e+00  0.000000e+00 -1.000000e+00
   outer loop
     vertex -6.040000e+01 -4.240000e+01  6.200000e+01
     vertex -6.049814e+01 -4.239759e+01  6.200000e+01
     vertex -6.059603e+01 -4.239037e+01  6.200000e+01
   endloop
 endfacet
 facet normal  0.000000e+00  0.000000e+00 -1.000000e+00
   outer loop
     vertex -6.040000e+01 -4.240000e+01  6.200000e+01
     vertex -6.079018e+01 -4.236157e+01  6.200000e+01
     vertex -6.239037e+01 -4.059603e+01  6.200000e+01
   endloop
 endfacet
 facet normal  0.000000e+00  0.000000e+00 -1.000000e+00
   outer loop
     vertex -6.040000e+01 -4.240000e+01  6.200000e+01
     vertex -6.059603e+01 -4.239037e+01  6.200000e+01
     vertex -6.079018e+01 -4.236157e+01  6.200000e+01
   endloop
 endfacet
 facet normal  0.000000e+00  0.000000e+00 -1.000000e+00
   outer loop
     vertex -6.040000e+01 -4.240000e+01  6.200000e+01
     vertex -6.239037e+01 -4.059603e+01  6.200000e+01
     vertex -6.240000e+01 -4.040000e+01  6.200000e+01
   endloop
 endfacet
 facet normal  0.000000e+00  0.000000e+00 -1.000000e+00
   outer loop
     vertex -5.215000e+01 -3.215000e+01  6.200000e+01
     vertex -6.040000e+01 -4.240000e+01  6.200000e+01
     vertex -6.240000e+01 -4.040000e+01  6.200000e+01
   endloop
 endfacet
 facet normal  0.000000e+00  0.000000e+00 -1.000000e+00
   outer loop
     vertex -6.239037e+01  4.059603e+01  6.200000e+01
     vertex -6.240000e+01  4.040000e+01  6.200000e+01
     vertex -6.239759e+01  4.049814e+01  6.200000e+01
   endloop
 endfacet
 facet normal  0.000000e+00  0.000000e+00 -1.000000e+00
   outer loop
     vertex -6.234006e+01  4.088596e+01  6.200000e+01
     vertex -6.240000e+01  4.040000e+01  6.200000e+01
     vertex -6.239037e+01  4.059603e+01  6.200000e+01
   endloop
 endfacet
 facet normal  0.000000e+00  0.000000e+00 -1.000000e+00
   outer loop
     vertex -6.234006e+01  4.088596e+01  6.200000e+01
     vertex -6.237835e+01  4.069346e+01  6.200000e+01
     vertex -6.236157e+01  4.079018e+01  6.200000e+01
   endloop
 endfacet
 facet normal  0.000000e+00  0.000000e+00 -1.000000e+00
   outer loop
     vertex -6.234006e+01  4.088596e+01  6.200000e+01
     vertex -6.239037e+01  4.059603e+01  6.200000e+01
     vertex -6.237835e+01  4.069346e+01  6.200000e+01
   endloop
 endfacet
 facet normal  0.000000e+00  0.000000e+00 -1.000000e+00
   outer loop
     vertex -6.228309e+01  4.107378e+01  6.200000e+01
     vertex -6.234006e+01  4.088596e+01  6.200000e+01
     vertex -6.231388e+01  4.098057e+01  6.200000e+01
   endloop
 endfacet
 facet normal  0.000000e+00  0.000000e+00 -1.000000e+00
   outer loop
     vertex -6.224776e+01  4.116537e+01  6.200000e+01
     vertex -6.240000e+01  4.040000e+01  6.200000e+01
     vertex -6.234006e+01  4.088596e+01  6.200000e+01
   endloop
 endfacet
 facet normal  0.000000e+00  0.000000e+00 -1.000000e+00
   outer loop
     vertex -6.224776e+01  4.116537e+01  6.200000e+01
     vertex -6.234006e+01  4.088596e+01  6.200000e+01
     vertex -6.228309e+01  4.107378e+01  6.200000e+01
   endloop
 endfacet
 facet normal  0.000000e+00  0.000000e+00 -1.000000e+00
   outer loop
     vertex -6.216384e+01  4.134279e+01  6.200000e+01
     vertex -6.240000e+01  4.040000e+01  6.200000e+01
     vertex -6.224776e+01  4.116537e+01  6.200000e+01
   endloop
 endfacet
 facet normal  0.000000e+00  0.000000e+00 -1.000000e+00
   outer loop
     vertex -6.216384e+01  4.134279e+01  6.200000e+01
     vertex -6.224776e+01  4.116537e+01  6.200000e+01
     vertex -6.220798e+01  4.125511e+01  6.200000e+01
   endloop
 endfacet
 facet normal  0.000000e+00  0.000000e+00 -1.000000e+00
   outer loop
     vertex -6.200642e+01  4.159140e+01  6.200000e+01
     vertex -6.211546e+01  4.142821e+01  6.200000e+01
     vertex -6.206294e+01  4.151114e+01  6.200000e+01
   endloop
 endfacet
 facet normal  0.000000e+00  0.000000e+00 -1.000000e+00
   outer loop
     vertex -6.200642e+01  4.159140e+01  6.200000e+01
     vertex -6.216384e+01  4.134279e+01  6.200000e+01
     vertex -6.211546e+01  4.142821e+01  6.200000e+01
   endloop
 endfacet
 facet normal  0.000000e+00  0.000000e+00 -1.000000e+00
   outer loop
     vertex -6.188190e+01  4.174312e+01  6.200000e+01
     vertex -6.216384e+01  4.134279e+01  6.200000e+01
     vertex -6.200642e+01  4.159140e+01  6.200000e+01
   endloop
 endfacet
 facet normal  0.000000e+00  0.000000e+00 -1.000000e+00
   outer loop
     vertex -6.188190e+01  4.174312e+01  6.200000e+01
     vertex -6.200642e+01  4.159140e+01  6.200000e+01
     vertex -6.194602e+01  4.166879e+01  6.200000e+01
   endloop
 endfacet
 facet normal  0.000000e+00 -0.000000e+00 -1.000000e+00
   outer loop
     vertex -5.215000e+01  3.215000e+01  6.200000e+01
     vertex -5.215000e+01 -3.215000e+01  6.200000e+01
     vertex -6.240000e+01 -4.040000e+01  6.200000e+01
   endloop
 endfacet
 facet normal -0.000000e+00  0.000000e+00 -1.000000e+00
   outer loop
     vertex -5.215000e+01  3.215000e+01  6.200000e+01
     vertex -6.240000e+01 -4.040000e+01  6.200000e+01
     vertex -6.240000e+01  4.040000e+01  6.200000e+01
   endloop
 endfacet
 facet normal  0.000000e+00  0.000000e+00 -1.000000e+00
   outer loop
     vertex -6.174312e+01  4.188190e+01  6.200000e+01
     vertex -6.240000e+01  4.040000e+01  6.200000e+01
     vertex -6.216384e+01  4.134279e+01  6.200000e+01
   endloop
 endfacet
 facet normal  0.000000e+00  0.000000e+00 -1.000000e+00
   outer loop
     vertex -6.174312e+01  4.188190e+01  6.200000e+01
     vertex -6.216384e+01  4.134279e+01  6.200000e+01
     vertex -6.188190e+01  4.174312e+01  6.200000e+01
   endloop
 endfacet
 facet normal  0.000000e+00  0.000000e+00 -1.000000e+00
   outer loop
     vertex -6.174312e+01  4.188190e+01  6.200000e+01
     vertex -6.188190e+01  4.174312e+01  6.200000e+01
     vertex -6.181421e+01  4.181421e+01  6.200000e+01
   endloop
 endfacet
 facet normal  0.000000e+00  0.000000e+00 -1.000000e+00
   outer loop
     vertex -6.159140e+01  4.200642e+01  6.200000e+01
     vertex -6.240000e+01  4.040000e+01  6.200000e+01
     vertex -6.174312e+01  4.188190e+01  6.200000e+01
   endloop
 endfacet
 facet normal  0.000000e+00  0.000000e+00 -1.000000e+00
   outer loop
     vertex -6.159140e+01  4.200642e+01  6.200000e+01
     vertex -6.174312e+01  4.188190e+01  6.200000e+01
     vertex -6.166879e+01  4.194602e+01  6.200000e+01
   endloop
 endfacet
 facet normal  0.000000e+00  0.000000e+00 -1.000000e+00
   outer loop
     vertex -6.142821e+01  4.211546e+01  6.200000e+01
     vertex -6.240000e+01  4.040000e+01  6.200000e+01
     vertex -6.159140e+01  4.200642e+01  6.200000e+01
   endloop
 endfacet
 facet normal  0.000000e+00  0.000000e+00 -1.000000e+00
   outer loop
     vertex -6.142821e+01  4.211546e+01  6.200000e+01
     vertex -6.159140e+01  4.200642e+01  6.200000e+01
     vertex -6.151114e+01  4.206294e+01  6.200000e+01
   endloop
 endfacet
 facet normal  0.000000e+00  0.000000e+00 -1.000000e+00
   outer loop
     vertex -6.107378e+01  4.228309e+01  6.200000e+01
     vertex -6.125511e+01  4.220798e+01  6.200000e+01
     vertex -6.116537e+01  4.224776e+01  6.200000e+01
   endloop
 endfacet
 facet normal  0.000000e+00  0.000000e+00 -1.000000e+00
   outer loop
     vertex -6.088596e+01  4.234006e+01  6.200000e+01
     vertex -6.125511e+01  4.220798e+01  6.200000e+01
     vertex -6.107378e+01  4.228309e+01  6.200000e+01
   endloop
 endfacet
 facet normal  0.000000e+00  0.000000e+00 -1.000000e+00
   outer loop
     vertex -6.088596e+01  4.234006e+01  6.200000e+01
     vertex -6.107378e+01  4.228309e+01  6.200000e+01
     vertex -6.098057e+01  4.231388e+01  6.200000e+01
   endloop
 endfacet
 facet normal  0.000000e+00  0.000000e+00 -1.000000e+00
   outer loop
     vertex -6.088596e+01  4.234006e+01  6.200000e+01
     vertex -6.134279e+01  4.216384e+01  6.200000e+01
     vertex -6.125511e+01  4.220798e+01  6.200000e+01
   endloop
 endfacet
 facet normal  0.000000e+00  0.000000e+00 -1.000000e+00
   outer loop
     vertex -6.088596e+01  4.234006e+01  6.200000e+01
     vertex -6.142821e+01  4.211546e+01  6.200000e+01
     vertex -6.134279e+01  4.216384e+01  6.200000e+01
   endloop
 endfacet
 facet normal  0.000000e+00  0.000000e+00 -1.000000e+00
   outer loop
     vertex -6.069346e+01  4.237835e+01  6.200000e+01
     vertex -6.142821e+01  4.211546e+01  6.200000e+01
     vertex -6.088596e+01  4.234006e+01  6.200000e+01
   endloop
 endfacet
 facet normal  0.000000e+00  0.000000e+00 -1.000000e+00
   outer loop
     vertex -6.069346e+01  4.237835e+01  6.200000e+01
     vertex -6.088596e+01  4.234006e+01  6.200000e+01
     vertex -6.079018e+01  4.236157e+01  6.200000e+01
   endloop
 endfacet
 facet normal  0.000000e+00  0.000000e+00 -1.000000e+00
   outer loop
     vertex -6.049814e+01  4.239759e+01  6.200000e+01
     vertex -6.240000e+01  4.040000e+01  6.200000e+01
     vertex -6.142821e+01  4.211546e+01  6.200000e+01
   endloop
 endfacet
 facet normal  0.000000e+00  0.000000e+00 -1.000000e+00
   outer loop
     vertex -6.049814e+01  4.239759e+01  6.200000e+01
     vertex -6.142821e+01  4.211546e+01  6.200000e+01
     vertex -6.069346e+01  4.237835e+01  6.200000e+01
   endloop
 endfacet
 facet normal  0.000000e+00  0.000000e+00 -1.000000e+00
   outer loop
     vertex -6.049814e+01  4.239759e+01  6.200000e+01
     vertex -6.069346e+01  4.237835e+01  6.200000e+01
     vertex -6.059603e+01  4.239037e+01  6.200000e+01
   endloop
 endfacet
 facet normal  0.000000e+00 -0.000000e+00 -1.000000e+00
   outer loop
     vertex -6.040000e+01  4.240000e+01  6.200000e+01
     vertex -5.215000e+01  3.215000e+01  6.200000e+01
     vertex -6.240000e+01  4.040000e+01  6.200000e+01
   endloop
 endfacet
 facet normal  0.000000e+00  0.000000e+00 -1.000000e+00
   outer loop
     vertex -6.040000e+01  4.240000e+01  6.200000e+01
     vertex -6.240000e+01  4.040000e+01  6.200000e+01
     vertex -6.049814e+01  4.239759e+01  6.200000e+01
   endloop
 endfacet
 facet normal  0.000000e+00  0.000000e+00 -1.000000e+00
   outer loop
     vertex  6.059603e+01 -4.239037e+01  6.200000e+01
     vertex  6.049814e+01 -4.239759e+01  6.200000e+01
     vertex  6.040000e+01 -4.240000e+01  6.200000e+01
   endloop
 endfacet
 facet normal  0.000000e+00  0.000000e+00 -1.000000e+00
   outer loop
     vertex  6.079018e+01 -4.236157e+01  6.200000e+01
     vertex  6.069346e+01 -4.237835e+01  6.200000e+01
     vertex  6.059603e+01 -4.239037e+01  6.200000e+01
   endloop
 endfacet
 facet normal  0.000000e+00  0.000000e+00 -1.000000e+00
   outer loop
     vertex  6.098057e+01 -4.231388e+01  6.200000e+01
     vertex  6.088596e+01 -4.234006e+01  6.200000e+01
     vertex  6.079018e+01 -4.236157e+01  6.200000e+01
   endloop
 endfacet
 facet normal  0.000000e+00  0.000000e+00 -1.000000e+00
   outer loop
     vertex  6.098057e+01 -4.231388e+01  6.200000e+01
     vertex  6.059603e+01 -4.239037e+01  6.200000e+01
     vertex  6.040000e+01 -4.240000e+01  6.200000e+01
   endloop
 endfacet
 facet normal  0.000000e+00  0.000000e+00 -1.000000e+00
   outer loop
     vertex  6.098057e+01 -4.231388e+01  6.200000e+01
     vertex  6.079018e+01 -4.236157e+01  6.200000e+01
     vertex  6.059603e+01 -4.239037e+01  6.200000e+01
   endloop
 endfacet
 facet normal  0.000000e+00  0.000000e+00 -1.000000e+00
   outer loop
     vertex  6.125511e+01 -4.220798e+01  6.200000e+01
     vertex  6.116537e+01 -4.224776e+01  6.200000e+01
     vertex  6.107378e+01 -4.228309e+01  6.200000e+01
   endloop
 endfacet
 facet normal  0.000000e+00  0.000000e+00 -1.000000e+00
   outer loop
     vertex  6.134279e+01 -4.216384e+01  6.200000e+01
     vertex  6.107378e+01 -4.228309e+01  6.200000e+01
     vertex  6.098057e+01 -4.231388e+01  6.200000e+01
   endloop
 endfacet
 facet normal  0.000000e+00  0.000000e+00 -1.000000e+00
   outer loop
     vertex  6.134279e+01 -4.216384e+01  6.200000e+01
     vertex  6.125511e+01 -4.220798e+01  6.200000e+01
     vertex  6.107378e+01 -4.228309e+01  6.200000e+01
   endloop
 endfacet
 facet normal  0.000000e+00  0.000000e+00 -1.000000e+00
   outer loop
     vertex  6.142821e+01 -4.211546e+01  6.200000e+01
     vertex  6.134279e+01 -4.216384e+01  6.200000e+01
     vertex  6.098057e+01 -4.231388e+01  6.200000e+01
   endloop
 endfacet
 facet normal  0.000000e+00  0.000000e+00 -1.000000e+00
   outer loop
     vertex  6.166879e+01 -4.194602e+01  6.200000e+01
     vertex  6.151114e+01 -4.206294e+01  6.200000e+01
     vertex  6.142821e+01 -4.211546e+01  6.200000e+01
   endloop
 endfacet
 facet normal  0.000000e+00  0.000000e+00 -1.000000e+00
   outer loop
     vertex  6.166879e+01 -4.194602e+01  6.200000e+01
     vertex  6.159140e+01 -4.200642e+01  6.200000e+01
     vertex  6.151114e+01 -4.206294e+01  6.200000e+01
   endloop
 endfacet
 facet normal  0.000000e+00  0.000000e+00 -1.000000e+00
   outer loop
     vertex  6.166879e+01 -4.194602e+01  6.200000e+01
     vertex  6.142821e+01 -4.211546e+01  6.200000e+01
     vertex  6.098057e+01 -4.231388e+01  6.200000e+01
   endloop
 endfacet
 facet normal  0.000000e+00  0.000000e+00 -1.000000e+00
   outer loop
     vertex  6.174312e+01 -4.188190e+01  6.200000e+01
     vertex  6.166879e+01 -4.194602e+01  6.200000e+01
     vertex  6.098057e+01 -4.231388e+01  6.200000e+01
   endloop
 endfacet
 facet normal  0.000000e+00  0.000000e+00 -1.000000e+00
   outer loop
     vertex  6.174312e+01 -4.188190e+01  6.200000e+01
     vertex  6.098057e+01 -4.231388e+01  6.200000e+01
     vertex  6.040000e+01 -4.240000e+01  6.200000e+01
   endloop
 endfacet
 facet normal  0.000000e+00 -0.000000e+00 -1.000000e+00
   outer loop
     vertex  5.215000e+01 -3.215000e+01  6.200000e+01
     vertex  6.040000e+01 -4.240000e+01  6.200000e+01
     vertex -6.040000e+01 -4.240000e+01  6.200000e+01
   endloop
 endfacet
 facet normal -0.000000e+00  0.000000e+00 -1.000000e+00
   outer loop
     vertex  5.215000e+01 -3.215000e+01  6.200000e+01
     vertex -6.040000e+01 -4.240000e+01  6.200000e+01
     vertex -5.215000e+01 -3.215000e+01  6.200000e+01
   endloop
 endfacet
 facet normal  0.000000e+00  0.000000e+00 -1.000000e+00
   outer loop
     vertex  6.188190e+01 -4.174312e+01  6.200000e+01
     vertex  6.174312e+01 -4.188190e+01  6.200000e+01
     vertex  6.040000e+01 -4.240000e+01  6.200000e+01
   endloop
 endfacet
 facet normal  0.000000e+00  0.000000e+00 -1.000000e+00
   outer loop
     vertex  6.188190e+01 -4.174312e+01  6.200000e+01
     vertex  6.181421e+01 -4.181421e+01  6.200000e+01
     vertex  6.174312e+01 -4.188190e+01  6.200000e+01
   endloop
 endfacet
 facet normal  0.000000e+00  0.000000e+00 -1.000000e+00
   outer loop
     vertex  6.206294e+01 -4.151114e+01  6.200000e+01
     vertex  6.194602e+01 -4.166879e+01  6.200000e+01
     vertex  6.188190e+01 -4.174312e+01  6.200000e+01
   endloop
 endfacet
 facet normal  0.000000e+00  0.000000e+00 -1.000000e+00
   outer loop
     vertex  6.206294e+01 -4.151114e+01  6.200000e+01
     vertex  6.200642e+01 -4.159140e+01  6.200000e+01
     vertex  6.194602e+01 -4.166879e+01  6.200000e+01
   endloop
 endfacet
 facet normal  0.000000e+00  0.000000e+00 -1.000000e+00
   outer loop
     vertex  6.216384e+01 -4.134279e+01  6.200000e+01
     vertex  6.188190e+01 -4.174312e+01  6.200000e+01
     vertex  6.040000e+01 -4.240000e+01  6.200000e+01
   endloop
 endfacet
 facet normal  0.000000e+00  0.000000e+00 -1.000000e+00
   outer loop
     vertex  6.216384e+01 -4.134279e+01  6.200000e+01
     vertex  6.206294e+01 -4.151114e+01  6.200000e+01
     vertex  6.188190e+01 -4.174312e+01  6.200000e+01
   endloop
 endfacet
 facet normal  0.000000e+00  0.000000e+00 -1.000000e+00
   outer loop
     vertex  6.216384e+01 -4.134279e+01  6.200000e+01
     vertex  6.211546e+01 -4.142821e+01  6.200000e+01
     vertex  6.206294e+01 -4.151114e+01  6.200000e+01
   endloop
 endfacet
 facet normal  0.000000e+00  0.000000e+00 -1.000000e+00
   outer loop
     vertex  6.220798e+01 -4.125511e+01  6.200000e+01
     vertex  6.216384e+01 -4.134279e+01  6.200000e+01
     vertex  6.040000e+01 -4.240000e+01  6.200000e+01
   endloop
 endfacet
 facet normal  0.000000e+00  0.000000e+00 -1.000000e+00
   outer loop
     vertex  6.224776e+01 -4.116537e+01  6.200000e+01
     vertex  6.220798e+01 -4.125511e+01  6.200000e+01
     vertex  6.040000e+01 -4.240000e+01  6.200000e+01
   endloop
 endfacet
 facet normal  0.000000e+00  0.000000e+00 -1.000000e+00
   outer loop
     vertex  6.231388e+01 -4.098057e+01  6.200000e+01
     vertex  6.228309e+01 -4.107378e+01  6.200000e+01
     vertex  6.224776e+01 -4.116537e+01  6.200000e+01
   endloop
 endfacet
 facet normal  0.000000e+00  0.000000e+00 -1.000000e+00
   outer loop
     vertex  6.237835e+01 -4.069346e+01  6.200000e+01
     vertex  6.236157e+01 -4.079018e+01  6.200000e+01
     vertex  6.234006e+01 -4.088596e+01  6.200000e+01
   endloop
 endfacet
 facet normal  0.000000e+00  0.000000e+00 -1.000000e+00
   outer loop
     vertex  6.239037e+01 -4.059603e+01  6.200000e+01
     vertex  6.224776e+01 -4.116537e+01  6.200000e+01
     vertex  6.040000e+01 -4.240000e+01  6.200000e+01
   endloop
 endfacet
 facet normal  0.000000e+00  0.000000e+00 -1.000000e+00
   outer loop
     vertex  6.239037e+01 -4.059603e+01  6.200000e+01
     vertex  6.234006e+01 -4.088596e+01  6.200000e+01
     vertex  6.231388e+01 -4.098057e+01  6.200000e+01
   endloop
 endfacet
 facet normal  0.000000e+00  0.000000e+00 -1.000000e+00
   outer loop
     vertex  6.239037e+01 -4.059603e+01  6.200000e+01
     vertex  6.231388e+01 -4.098057e+01  6.200000e+01
     vertex  6.224776e+01 -4.116537e+01  6.200000e+01
   endloop
 endfacet
 facet normal  0.000000e+00  0.000000e+00 -1.000000e+00
   outer loop
     vertex  6.239037e+01 -4.059603e+01  6.200000e+01
     vertex  6.237835e+01 -4.069346e+01  6.200000e+01
     vertex  6.234006e+01 -4.088596e+01  6.200000e+01
   endloop
 endfacet
 facet normal  0.000000e+00  0.000000e+00 -1.000000e+00
   outer loop
     vertex  6.239759e+01 -4.049814e+01  6.200000e+01
     vertex  6.239037e+01 -4.059603e+01  6.200000e+01
     vertex  6.040000e+01 -4.240000e+01  6.200000e+01
   endloop
 endfacet
 facet normal -0.000000e+00  0.000000e+00 -1.000000e+00
   outer loop
     vertex  6.240000e+01 -4.040000e+01  6.200000e+01
     vertex  6.040000e+01 -4.240000e+01  6.200000e+01
     vertex  5.215000e+01 -3.215000e+01  6.200000e+01
   endloop
 endfacet
 facet normal  0.000000e+00  0.000000e+00 -1.000000e+00
   outer loop
     vertex  6.240000e+01 -4.040000e+01  6.200000e+01
     vertex  6.239759e+01 -4.049814e+01  6.200000e+01
     vertex  6.040000e+01 -4.240000e+01  6.200000e+01
   endloop
 endfacet
 facet normal  0.000000e+00  0.000000e+00 -1.000000e+00
   outer loop
     vertex  5.215000e+01  3.215000e+01  6.200000e+01
     vertex  6.240000e+01 -4.040000e+01  6.200000e+01
     vertex  5.215000e+01 -3.215000e+01  6.200000e+01
   endloop
 endfacet
 facet normal  0.000000e+00 -0.000000e+00 -1.000000e+00
   outer loop
     vertex  6.240000e+01  4.040000e+01  6.200000e+01
     vertex  6.240000e+01 -4.040000e+01  6.200000e+01
     vertex  5.215000e+01  3.215000e+01  6.200000e+01
   endloop
 endfacet
 facet normal  0.000000e+00  0.000000e+00 -1.000000e+00
   outer loop
     vertex  6.040000e+01  4.240000e+01  6.200000e+01
     vertex  5.215000e+01  3.215000e+01  6.200000e+01
     vertex -5.215000e+01  3.215000e+01  6.200000e+01
   endloop
 endfacet
 facet normal  0.000000e+00 -0.000000e+00 -1.000000e+00
   outer loop
     vertex  6.040000e+01  4.240000e+01  6.200000e+01
     vertex  6.240000e+01  4.040000e+01  6.200000e+01
     vertex  5.215000e+01  3.215000e+01  6.200000e+01
   endloop
 endfacet
 facet normal -0.000000e+00  0.000000e+00 -1.000000e+00
   outer loop
     vertex  6.040000e+01  4.240000e+01  6.200000e+01
     vertex -5.215000e+01  3.215000e+01  6.200000e+01
     vertex -6.040000e+01  4.240000e+01  6.200000e+01
   endloop
 endfacet
 facet normal -0.000000e+00 -0.000000e+00 -1.000000e+00
   outer loop
     vertex  6.059603e+01  4.239037e+01  6.200000e+01
     vertex  6.240000e+01  4.040000e+01  6.200000e+01
     vertex  6.040000e+01  4.240000e+01  6.200000e+01
   endloop
 endfacet
 facet normal  0.000000e+00  0.000000e+00 -1.000000e+00
   outer loop
     vertex  6.059603e+01  4.239037e+01  6.200000e+01
     vertex  6.040000e+01  4.240000e+01  6.200000e+01
     vertex  6.049814e+01  4.239759e+01  6.200000e+01
   endloop
 endfacet
 facet normal  0.000000e+00  0.000000e+00 -1.000000e+00
   outer loop
     vertex  6.236157e+01  4.079018e+01  6.200000e+01
     vertex  6.237835e+01  4.069346e+01  6.200000e+01
     vertex  6.239037e+01  4.059603e+01  6.200000e+01
   endloop
 endfacet
 facet normal  0.000000e+00  0.000000e+00 -1.000000e+00
   outer loop
     vertex  6.088596e+01  4.234006e+01  6.200000e+01
     vertex  6.069346e+01  4.237835e+01  6.200000e+01
     vertex  6.079018e+01  4.236157e+01  6.200000e+01
   endloop
 endfacet
 facet normal  0.000000e+00  0.000000e+00 -1.000000e+00
   outer loop
     vertex  6.088596e+01  4.234006e+01  6.200000e+01
     vertex  6.059603e+01  4.239037e+01  6.200000e+01
     vertex  6.069346e+01  4.237835e+01  6.200000e+01
   endloop
 endfacet
 facet normal  0.000000e+00  0.000000e+00 -1.000000e+00
   outer loop
     vertex  6.107378e+01  4.228309e+01  6.200000e+01
     vertex  6.239759e+01  4.049814e+01  6.200000e+01
     vertex  6.240000e+01  4.040000e+01  6.200000e+01
   endloop
 endfacet
 facet normal  0.000000e+00  0.000000e+00 -1.000000e+00
   outer loop
     vertex  6.107378e+01  4.228309e+01  6.200000e+01
     vertex  6.239037e+01  4.059603e+01  6.200000e+01
     vertex  6.239759e+01  4.049814e+01  6.200000e+01
   endloop
 endfacet
 facet normal -0.000000e+00 -0.000000e+00 -1.000000e+00
   outer loop
     vertex  6.107378e+01  4.228309e+01  6.200000e+01
     vertex  6.240000e+01  4.040000e+01  6.200000e+01
     vertex  6.059603e+01  4.239037e+01  6.200000e+01
   endloop
 endfacet
 facet normal  0.000000e+00  0.000000e+00 -1.000000e+00
   outer loop
     vertex  6.107378e+01  4.228309e+01  6.200000e+01
     vertex  6.059603e+01  4.239037e+01  6.200000e+01
     vertex  6.088596e+01  4.234006e+01  6.200000e+01
   endloop
 endfacet
 facet normal  0.000000e+00  0.000000e+00 -1.000000e+00
   outer loop
     vertex  6.107378e+01  4.228309e+01  6.200000e+01
     vertex  6.088596e+01  4.234006e+01  6.200000e+01
     vertex  6.098057e+01  4.231388e+01  6.200000e+01
   endloop
 endfacet
 facet normal  0.000000e+00  0.000000e+00 -1.000000e+00
   outer loop
     vertex  6.228309e+01  4.107378e+01  6.200000e+01
     vertex  6.231388e+01  4.098057e+01  6.200000e+01
     vertex  6.234006e+01  4.088596e+01  6.200000e+01
   endloop
 endfacet
 facet normal  0.000000e+00  0.000000e+00 -1.000000e+00
   outer loop
     vertex  6.125511e+01  4.220798e+01  6.200000e+01
     vertex  6.107378e+01  4.228309e+01  6.200000e+01
     vertex  6.116537e+01  4.224776e+01  6.200000e+01
   endloop
 endfacet
 facet normal  0.000000e+00  0.000000e+00 -1.000000e+00
   outer loop
     vertex  6.134279e+01  4.216384e+01  6.200000e+01
     vertex  6.107378e+01  4.228309e+01  6.200000e+01
     vertex  6.125511e+01  4.220798e+01  6.200000e+01
   endloop
 endfacet
 facet normal  0.000000e+00  0.000000e+00 -1.000000e+00
   outer loop
     vertex  6.216384e+01  4.134279e+01  6.200000e+01
     vertex  6.224776e+01  4.116537e+01  6.200000e+01
     vertex  6.228309e+01  4.107378e+01  6.200000e+01
   endloop
 endfacet
 facet normal  0.000000e+00  0.000000e+00 -1.000000e+00
   outer loop
     vertex  6.216384e+01  4.134279e+01  6.200000e+01
     vertex  6.220798e+01  4.125511e+01  6.200000e+01
     vertex  6.224776e+01  4.116537e+01  6.200000e+01
   endloop
 endfacet
 facet normal  0.000000e+00  0.000000e+00 -1.000000e+00
   outer loop
     vertex  6.216384e+01  4.134279e+01  6.200000e+01
     vertex  6.228309e+01  4.107378e+01  6.200000e+01
     vertex  6.234006e+01  4.088596e+01  6.200000e+01
   endloop
 endfacet
 facet normal -0.000000e+00 -0.000000e+00 -1.000000e+00
   outer loop
     vertex  6.142821e+01  4.211546e+01  6.200000e+01
     vertex  6.239037e+01  4.059603e+01  6.200000e+01
     vertex  6.107378e+01  4.228309e+01  6.200000e+01
   endloop
 endfacet
 facet normal  0.000000e+00  0.000000e+00 -1.000000e+00
   outer loop
     vertex  6.142821e+01  4.211546e+01  6.200000e+01
     vertex  6.107378e+01  4.228309e+01  6.200000e+01
     vertex  6.134279e+01  4.216384e+01  6.200000e+01
   endloop
 endfacet
 facet normal  0.000000e+00  0.000000e+00 -1.000000e+00
   outer loop
     vertex  6.151114e+01  4.206294e+01  6.200000e+01
     vertex  6.234006e+01  4.088596e+01  6.200000e+01
     vertex  6.236157e+01  4.079018e+01  6.200000e+01
   endloop
 endfacet
 facet normal  0.000000e+00  0.000000e+00 -1.000000e+00
   outer loop
     vertex  6.151114e+01  4.206294e+01  6.200000e+01
     vertex  6.236157e+01  4.079018e+01  6.200000e+01
     vertex  6.239037e+01  4.059603e+01  6.200000e+01
   endloop
 endfacet
 facet normal -0.000000e+00 -0.000000e+00 -1.000000e+00
   outer loop
     vertex  6.151114e+01  4.206294e+01  6.200000e+01
     vertex  6.239037e+01  4.059603e+01  6.200000e+01
     vertex  6.142821e+01  4.211546e+01  6.200000e+01
   endloop
 endfacet
 facet normal  0.000000e+00  0.000000e+00 -1.000000e+00
   outer loop
     vertex  6.206294e+01  4.151114e+01  6.200000e+01
     vertex  6.211546e+01  4.142821e+01  6.200000e+01
     vertex  6.216384e+01  4.134279e+01  6.200000e+01
   endloop
 endfacet
 facet normal  0.000000e+00  0.000000e+00 -1.000000e+00
   outer loop
     vertex  6.194602e+01  4.166879e+01  6.200000e+01
     vertex  6.200642e+01  4.159140e+01  6.200000e+01
     vertex  6.206294e+01  4.151114e+01  6.200000e+01
   endloop
 endfacet
 facet normal  0.000000e+00  0.000000e+00 -1.000000e+00
   outer loop
     vertex  6.194602e+01  4.166879e+01  6.200000e+01
     vertex  6.216384e+01  4.134279e+01  6.200000e+01
     vertex  6.234006e+01  4.088596e+01  6.200000e+01
   endloop
 endfacet
 facet normal  0.000000e+00  0.000000e+00 -1.000000e+00
   outer loop
     vertex  6.194602e+01  4.166879e+01  6.200000e+01
     vertex  6.206294e+01  4.151114e+01  6.200000e+01
     vertex  6.216384e+01  4.134279e+01  6.200000e+01
   endloop
 endfacet
 facet normal  0.000000e+00  0.000000e+00 -1.000000e+00
   outer loop
     vertex  6.181421e+01  4.181421e+01  6.200000e+01
     vertex  6.194602e+01  4.166879e+01  6.200000e+01
     vertex  6.234006e+01  4.088596e+01  6.200000e+01
   endloop
 endfacet
 facet normal  0.000000e+00  0.000000e+00 -1.000000e+00
   outer loop
     vertex  6.181421e+01  4.181421e+01  6.200000e+01
     vertex  6.188190e+01  4.174312e+01  6.200000e+01
     vertex  6.194602e+01  4.166879e+01  6.200000e+01
   endloop
 endfacet
 facet normal  0.000000e+00  0.000000e+00 -1.000000e+00
   outer loop
     vertex  6.181421e+01  4.181421e+01  6.200000e+01
     vertex  6.166879e+01  4.194602e+01  6.200000e+01
     vertex  6.174312e+01  4.188190e+01  6.200000e+01
   endloop
 endfacet
 facet normal  0.000000e+00  0.000000e+00 -1.000000e+00
   outer loop
     vertex  6.181421e+01  4.181421e+01  6.200000e+01
     vertex  6.159140e+01  4.200642e+01  6.200000e+01
     vertex  6.166879e+01  4.194602e+01  6.200000e+01
   endloop
 endfacet
 facet normal  0.000000e+00  0.000000e+00 -1.000000e+00
   outer loop
     vertex  6.181421e+01  4.181421e+01  6.200000e+01
     vertex  6.151114e+01  4.206294e+01  6.200000e+01
     vertex  6.159140e+01  4.200642e+01  6.200000e+01
   endloop
 endfacet
 facet normal -0.000000e+00 -0.000000e+00 -1.000000e+00
   outer loop
     vertex  6.181421e+01  4.181421e+01  6.200000e+01
     vertex  6.234006e+01  4.088596e+01  6.200000e+01
     vertex  6.151114e+01  4.206294e+01  6.200000e+01
   endloop
 endfacet
 facet normal -2.454123e-02 -9.996988e-01 -0.000000e+00
   outer loop
     vertex -6.049814e+01 -4.239759e+01  8.000000e+01
     vertex -6.049814e+01 -4.239759e+01  6.200000e+01
     vertex -6.040000e+01 -4.240000e+01  6.200000e+01
   endloop
 endfacet
 facet normal -2.454123e-02 -9.996988e-01  1.307148e-21
   outer loop
     vertex -6.049814e+01 -4.239759e+01  8.000000e+01
     vertex -6.040000e+01 -4.240000e+01  6.200000e+01
     vertex -6.040000e+01 -4.240000e+01  8.000000e+01
   endloop
 endfacet
 facet normal -7.356456e-02 -9.972905e-01 -0.000000e+00
   outer loop
     vertex -6.059603e+01 -4.239037e+01  8.000000e+01
     vertex -6.059603e+01 -4.239037e+01  6.200000e+01
     vertex -6.049814e+01 -4.239759e+01  6.200000e+01
   endloop
 endfacet
 facet normal -7.356456e-02 -9.972905e-01  1.350633e-20
   outer loop
     vertex -6.059603e+01 -4.239037e+01  8.000000e+01
     vertex -6.049814e+01 -4.239759e+01  6.200000e+01
     vertex -6.049814e+01 -4.239759e+01  8.000000e+01
   endloop
 endfacet
 facet normal -1.224107e-01 -9.924795e-01 -0.000000e+00
   outer loop
     vertex -6.069346e+01 -4.237835e+01  8.000000e+01
     vertex -6.069346e+01 -4.237835e+01  6.200000e+01
     vertex -6.059603e+01 -4.239037e+01  6.200000e+01
   endloop
 endfacet
 facet normal -1.224107e-01 -9.924795e-01 -4.728490e-20
   outer loop
     vertex -6.069346e+01 -4.237835e+01  8.000000e+01
     vertex -6.059603e+01 -4.239037e+01  6.200000e+01
     vertex -6.059603e+01 -4.239037e+01  8.000000e+01
   endloop
 endfacet
 facet normal -1.709619e-01 -9.852776e-01 -0.000000e+00
   outer loop
     vertex -6.079018e+01 -4.236157e+01  8.000000e+01
     vertex -6.079018e+01 -4.236157e+01  6.200000e+01
     vertex -6.069346e+01 -4.237835e+01  6.200000e+01
   endloop
 endfacet
 facet normal -1.709619e-01 -9.852776e-01 -5.006967e-20
   outer loop
     vertex -6.079018e+01 -4.236157e+01  8.000000e+01
     vertex -6.069346e+01 -4.237835e+01  6.200000e+01
     vertex -6.069346e+01 -4.237835e+01  8.000000e+01
   endloop
 endfacet
 facet normal -2.191012e-01 -9.757021e-01 -0.000000e+00
   outer loop
     vertex -6.088596e+01 -4.234006e+01  8.000000e+01
     vertex -6.088596e+01 -4.234006e+01  6.200000e+01
     vertex -6.079018e+01 -4.236157e+01  6.200000e+01
   endloop
 endfacet
 facet normal -2.667128e-01 -9.637761e-01 -0.000000e+00
   outer loop
     vertex -6.088596e+01 -4.234006e+01  8.000000e+01
     vertex -6.098057e+01 -4.231388e+01  6.200000e+01
     vertex -6.088596e+01 -4.234006e+01  6.200000e+01
   endloop
 endfacet
 facet normal -2.191012e-01 -9.757021e-01 -1.653488e-20
   outer loop
     vertex -6.088596e+01 -4.234006e+01  8.000000e+01
     vertex -6.079018e+01 -4.236157e+01  6.200000e+01
     vertex -6.079018e+01 -4.236157e+01  8.000000e+01
   endloop
 endfacet
 facet normal -3.136817e-01 -9.495282e-01 -0.000000e+00
   outer loop
     vertex -6.098057e+01 -4.231388e+01  8.000000e+01
     vertex -6.107378e+01 -4.228309e+01  6.200000e+01
     vertex -6.098057e+01 -4.231388e+01  6.200000e+01
   endloop
 endfacet
 facet normal -2.667128e-01 -9.637761e-01 -0.000000e+00
   outer loop
     vertex -6.098057e+01 -4.231388e+01  8.000000e+01
     vertex -6.098057e+01 -4.231388e+01  6.200000e+01
     vertex -6.088596e+01 -4.234006e+01  8.000000e+01
   endloop
 endfacet
 facet normal -3.136817e-01 -9.495282e-01 -0.000000e+00
   outer loop
     vertex -6.107378e+01 -4.228309e+01  8.000000e+01
     vertex -6.107378e+01 -4.228309e+01  6.200000e+01
     vertex -6.098057e+01 -4.231388e+01  8.000000e+01
   endloop
 endfacet
 facet normal -3.598950e-01 -9.329928e-01  8.042932e-20
   outer loop
     vertex -6.116537e+01 -4.224776e+01  8.000000e+01
     vertex -6.107378e+01 -4.228309e+01  6.200000e+01
     vertex -6.107378e+01 -4.228309e+01  8.000000e+01
   endloop
 endfacet
 facet normal -3.598950e-01 -9.329928e-01 -0.000000e+00
   outer loop
     vertex -6.116537e+01 -4.224776e+01  8.000000e+01
     vertex -6.116537e+01 -4.224776e+01  6.200000e+01
     vertex -6.107378e+01 -4.228309e+01  6.200000e+01
   endloop
 endfacet
 facet normal -4.052413e-01 -9.142098e-01 -1.156759e-19
   outer loop
     vertex -6.125511e+01 -4.220798e+01  8.000000e+01
     vertex -6.116537e+01 -4.224776e+01  6.200000e+01
     vertex -6.116537e+01 -4.224776e+01  8.000000e+01
   endloop
 endfacet
 facet normal -4.052413e-01 -9.142098e-01 -0.000000e+00
   outer loop
     vertex -6.125511e+01 -4.220798e+01  8.000000e+01
     vertex -6.125511e+01 -4.220798e+01  6.200000e+01
     vertex -6.116537e+01 -4.224776e+01  6.200000e+01
   endloop
 endfacet
 facet normal -4.496113e-01 -8.932243e-01 -0.000000e+00
   outer loop
     vertex -6.134279e+01 -4.216384e+01  8.000000e+01
     vertex -6.134279e+01 -4.216384e+01  6.200000e+01
     vertex -6.125511e+01 -4.220798e+01  6.200000e+01
   endloop
 endfacet
 facet normal -4.496113e-01 -8.932243e-01  7.180622e-20
   outer loop
     vertex -6.134279e+01 -4.216384e+01  8.000000e+01
     vertex -6.125511e+01 -4.220798e+01  6.200000e+01
     vertex -6.125511e+01 -4.220798e+01  8.000000e+01
   endloop
 endfacet
 facet normal -4.928982e-01 -8.700870e-01 -0.000000e+00
   outer loop
     vertex -6.142821e+01 -4.211546e+01  8.000000e+01
     vertex -6.142821e+01 -4.211546e+01  6.200000e+01
     vertex -6.134279e+01 -4.216384e+01  6.200000e+01
   endloop
 endfacet
 facet normal -5.349976e-01 -8.448536e-01 -0.000000e+00
   outer loop
     vertex -6.142821e+01 -4.211546e+01  8.000000e+01
     vertex -6.151114e+01 -4.206294e+01  6.200000e+01
     vertex -6.142821e+01 -4.211546e+01  6.200000e+01
   endloop
 endfacet
 facet normal -4.928982e-01 -8.700870e-01 -2.064529e-19
   outer loop
     vertex -6.142821e+01 -4.211546e+01  8.000000e+01
     vertex -6.134279e+01 -4.216384e+01  6.200000e+01
     vertex -6.134279e+01 -4.216384e+01  8.000000e+01
   endloop
 endfacet
 facet normal -5.349976e-01 -8.448536e-01 -0.000000e+00
   outer loop
     vertex -6.151114e+01 -4.206294e+01  8.000000e+01
     vertex -6.151114e+01 -4.206294e+01  6.200000e+01
     vertex -6.142821e+01 -4.211546e+01  8.000000e+01
   endloop
 endfacet
 facet normal -5.758082e-01 -8.175848e-01 -0.000000e+00
   outer loop
     vertex -6.159140e+01 -4.200642e+01  8.000000e+01
     vertex -6.159140e+01 -4.200642e+01  6.200000e+01
     vertex -6.151114e+01 -4.206294e+01  6.200000e+01
   endloop
 endfacet
 facet normal -6.152316e-01 -7.883464e-01 -0.000000e+00
   outer loop
     vertex -6.159140e+01 -4.200642e+01  8.000000e+01
     vertex -6.166879e+01 -4.194602e+01  6.200000e+01
     vertex -6.159140e+01 -4.200642e+01  6.200000e+01
   endloop
 endfacet
 facet normal -5.758082e-01 -8.175848e-01  2.428404e-19
   outer loop
     vertex -6.159140e+01 -4.200642e+01  8.000000e+01
     vertex -6.151114e+01 -4.206294e+01  6.200000e+01
     vertex -6.151114e+01 -4.206294e+01  8.000000e+01
   endloop
 endfacet
 facet normal -6.152316e-01 -7.883464e-01 -0.000000e+00
   outer loop
     vertex -6.166879e+01 -4.194602e+01  8.000000e+01
     vertex -6.166879e+01 -4.194602e+01  6.200000e+01
     vertex -6.159140e+01 -4.200642e+01  8.000000e+01
   endloop
 endfacet
 facet normal -6.531728e-01 -7.572088e-01 -0.000000e+00
   outer loop
     vertex -6.174312e+01 -4.188190e+01  8.000000e+01
     vertex -6.174312e+01 -4.188190e+01  6.200000e+01
     vertex -6.166879e+01 -4.194602e+01  6.200000e+01
   endloop
 endfacet
 facet normal -6.895405e-01 -7.242471e-01 -0.000000e+00
   outer loop
     vertex -6.174312e+01 -4.188190e+01  8.000000e+01
     vertex -6.181421e+01 -4.181421e+01  6.200000e+01
     vertex -6.174312e+01 -4.188190e+01  6.200000e+01
   endloop
 endfacet
 facet normal -6.531728e-01 -7.572088e-01 -1.402443e-20
   outer loop
     vertex -6.174312e+01 -4.188190e+01  8.000000e+01
     vertex -6.166879e+01 -4.194602e+01  6.200000e+01
     vertex -6.166879e+01 -4.194602e+01  8.000000e+01
   endloop
 endfacet
 facet normal -6.895405e-01 -7.242471e-01 -0.000000e+00
   outer loop
     vertex -6.181421e+01 -4.181421e+01  8.000000e+01
     vertex -6.181421e+01 -4.181421e+01  6.200000e+01
     vertex -6.174312e+01 -4.188190e+01  8.000000e+01
   endloop
 endfacet
 facet normal -7.242471e-01 -6.895405e-01 -0.000000e+00
   outer loop
     vertex -6.188190e+01 -4.174312e+01  8.000000e+01
     vertex -6.188190e+01 -4.174312e+01  6.200000e+01
     vertex -6.181421e+01 -4.181421e+01  6.200000e+01
   endloop
 endfacet
 facet normal -7.242471e-01 -6.895405e-01 -1.599375e-19
   outer loop
     vertex -6.188190e+01 -4.174312e+01  8.000000e+01
     vertex -6.181421e+01 -4.181421e+01  6.200000e+01
     vertex -6.181421e+01 -4.181421e+01  8.000000e+01
   endloop
 endfacet
 facet normal -7.572088e-01 -6.531728e-01 -0.000000e+00
   outer loop
     vertex -6.194602e+01 -4.166879e+01  8.000000e+01
     vertex -6.194602e+01 -4.166879e+01  6.200000e+01
     vertex -6.188190e+01 -4.174312e+01  6.200000e+01
   endloop
 endfacet
 facet normal -7.572088e-01 -6.531728e-01 -1.402443e-20
   outer loop
     vertex -6.194602e+01 -4.166879e+01  8.000000e+01
     vertex -6.188190e+01 -4.174312e+01  6.200000e+01
     vertex -6.188190e+01 -4.174312e+01  8.000000e+01
   endloop
 endfacet
 facet normal -7.883464e-01 -6.152316e-01 -0.000000e+00
   outer loop
     vertex -6.200642e+01 -4.159140e+01  8.000000e+01
     vertex -6.200642e+01 -4.159140e+01  6.200000e+01
     vertex -6.194602e+01 -4.166879e+01  6.200000e+01
   endloop
 endfacet
 facet normal -7.883464e-01 -6.152316e-01  1.362102e-19
   outer loop
     vertex -6.200642e+01 -4.159140e+01  8.000000e+01
     vertex -6.194602e+01 -4.166879e+01  6.200000e+01
     vertex -6.194602e+01 -4.166879e+01  8.000000e+01
   endloop
 endfacet
 facet normal -8.175848e-01 -5.758082e-01 -0.000000e+00
   outer loop
     vertex -6.206294e+01 -4.151114e+01  8.000000e+01
     vertex -6.206294e+01 -4.151114e+01  6.200000e+01
     vertex -6.200642e+01 -4.159140e+01  6.200000e+01
   endloop
 endfacet
 facet normal -8.175848e-01 -5.758082e-01  2.428404e-19
   outer loop
     vertex -6.206294e+01 -4.151114e+01  8.000000e+01
     vertex -6.200642e+01 -4.159140e+01  6.200000e+01
     vertex -6.200642e+01 -4.159140e+01  8.000000e+01
   endloop
 endfacet
 facet normal -8.448536e-01 -5.349976e-01 -0.000000e+00
   outer loop
     vertex -6.211546e+01 -4.142821e+01  8.000000e+01
     vertex -6.211546e+01 -4.142821e+01  6.200000e+01
     vertex -6.206294e+01 -4.151114e+01  6.200000e+01
   endloop
 endfacet
 facet normal -8.448536e-01 -5.349976e-01  1.689747e-19
   outer loop
     vertex -6.211546e+01 -4.142821e+01  8.000000e+01
     vertex -6.206294e+01 -4.151114e+01  6.200000e+01
     vertex -6.206294e+01 -4.151114e+01  8.000000e+01
   endloop
 endfacet
 facet normal -8.700870e-01 -4.928982e-01 -0.000000e+00
   outer loop
     vertex -6.216384e+01 -4.134279e+01  8.000000e+01
     vertex -6.216384e+01 -4.134279e+01  6.200000e+01
     vertex -6.211546e+01 -4.142821e+01  6.200000e+01
   endloop
 endfacet
 facet normal -8.700870e-01 -4.928982e-01 -2.064529e-19
   outer loop
     vertex -6.216384e+01 -4.134279e+01  8.000000e+01
     vertex -6.211546e+01 -4.142821e+01  6.200000e+01
     vertex -6.211546e+01 -4.142821e+01  8.000000e+01
   endloop
 endfacet
 facet normal -8.932243e-01 -4.496113e-01 -0.000000e+00
   outer loop
     vertex -6.220798e+01 -4.125511e+01  8.000000e+01
     vertex -6.220798e+01 -4.125511e+01  6.200000e+01
     vertex -6.216384e+01 -4.134279e+01  6.200000e+01
   endloop
 endfacet
 facet normal -8.932243e-01 -4.496113e-01  7.180622e-20
   outer loop
     vertex -6.220798e+01 -4.125511e+01  8.000000e+01
     vertex -6.216384e+01 -4.134279e+01  6.200000e+01
     vertex -6.216384e+01 -4.134279e+01  8.000000e+01
   endloop
 endfacet
 facet normal -9.142098e-01 -4.052413e-01 -0.000000e+00
   outer loop
     vertex -6.224776e+01 -4.116537e+01  8.000000e+01
     vertex -6.224776e+01 -4.116537e+01  6.200000e+01
     vertex -6.220798e+01 -4.125511e+01  6.200000e+01
   endloop
 endfacet
 facet normal -9.329928e-01 -3.598950e-01 -0.000000e+00
   outer loop
     vertex -6.224776e+01 -4.116537e+01  8.000000e+01
     vertex -6.228309e+01 -4.107378e+01  6.200000e+01
     vertex -6.224776e+01 -4.116537e+01  6.200000e+01
   endloop
 endfacet
 facet normal -9.142098e-01 -4.052413e-01 -5.759650e-20
   outer loop
     vertex -6.224776e+01 -4.116537e+01  8.000000e+01
     vertex -6.220798e+01 -4.125511e+01  6.200000e+01
     vertex -6.220798e+01 -4.125511e+01  8.000000e+01
   endloop
 endfacet
 facet normal -9.329928e-01 -3.598950e-01 -0.000000e+00
   outer loop
     vertex -6.228309e+01 -4.107378e+01  8.000000e+01
     vertex -6.228309e+01 -4.107378e+01  6.200000e+01
     vertex -6.224776e+01 -4.116537e+01  8.000000e+01
   endloop
 endfacet
 facet normal -9.495282e-01 -3.136817e-01 -0.000000e+00
   outer loop
     vertex -6.231388e+01 -4.098057e+01  8.000000e+01
     vertex -6.231388e+01 -4.098057e+01  6.200000e+01
     vertex -6.228309e+01 -4.107378e+01  6.200000e+01
   endloop
 endfacet
 facet normal -9.495282e-01 -3.136817e-01 -1.009755e-19
   outer loop
     vertex -6.231388e+01 -4.098057e+01  8.000000e+01
     vertex -6.228309e+01 -4.107378e+01  6.200000e+01
     vertex -6.228309e+01 -4.107378e+01  8.000000e+01
   endloop
 endfacet
 facet normal -9.637761e-01 -2.667128e-01 -0.000000e+00
   outer loop
     vertex -6.234006e+01 -4.088596e+01  8.000000e+01
     vertex -6.234006e+01 -4.088596e+01  6.200000e+01
     vertex -6.231388e+01 -4.098057e+01  6.200000e+01
   endloop
 endfacet
 facet normal -9.637761e-01 -2.667128e-01  8.912344e-20
   outer loop
     vertex -6.234006e+01 -4.088596e+01  8.000000e+01
     vertex -6.231388e+01 -4.098057e+01  6.200000e+01
     vertex -6.231388e+01 -4.098057e+01  8.000000e+01
   endloop
 endfacet
 facet normal -9.757021e-01 -2.191012e-01 -0.000000e+00
   outer loop
     vertex -6.236157e+01 -4.079018e+01  8.000000e+01
     vertex -6.236157e+01 -4.079018e+01  6.200000e+01
     vertex -6.234006e+01 -4.088596e+01  6.200000e+01
   endloop
 endfacet
 facet normal -9.852776e-01 -1.709619e-01 -0.000000e+00
   outer loop
     vertex -6.236157e+01 -4.079018e+01  8.000000e+01
     vertex -6.237835e+01 -4.069346e+01  6.200000e+01
     vertex -6.236157e+01 -4.079018e+01  6.200000e+01
   endloop
 endfacet
 facet normal -9.757021e-01 -2.191012e-01 -7.908796e-20
   outer loop
     vertex -6.236157e+01 -4.079018e+01  8.000000e+01
     vertex -6.234006e+01 -4.088596e+01  6.200000e+01
     vertex -6.234006e+01 -4.088596e+01  8.000000e+01
   endloop
 endfacet
 facet normal -9.852776e-01 -1.709619e-01 -0.000000e+00
   outer loop
     vertex -6.237835e+01 -4.069346e+01  8.000000e+01
     vertex -6.237835e+01 -4.069346e+01  6.200000e+01
     vertex -6.236157e+01 -4.079018e+01  8.000000e+01
   endloop
 endfacet
 facet normal -9.924795e-01 -1.224107e-01 -0.000000e+00
   outer loop
     vertex -6.239037e+01 -4.059603e+01  8.000000e+01
     vertex -6.239037e+01 -4.059603e+01  6.200000e+01
     vertex -6.237835e+01 -4.069346e+01  6.200000e+01
   endloop
 endfacet
 facet normal -9.924795e-01 -1.224107e-01 -4.728490e-20
   outer loop
     vertex -6.239037e+01 -4.059603e+01  8.000000e+01
     vertex -6.237835e+01 -4.069346e+01  6.200000e+01
     vertex -6.237835e+01 -4.069346e+01  8.000000e+01
   endloop
 endfacet
 facet normal -9.972905e-01 -7.356456e-02 -0.000000e+00
   outer loop
     vertex -6.239759e+01 -4.049814e+01  8.000000e+01
     vertex -6.239759e+01 -4.049814e+01  6.200000e+01
     vertex -6.239037e+01 -4.059603e+01  6.200000e+01
   endloop
 endfacet
 facet normal -9.996988e-01 -2.454123e-02 -0.000000e+00
   outer loop
     vertex -6.239759e+01 -4.049814e+01  8.000000e+01
     vertex -6.240000e+01 -4.040000e+01  6.200000e+01
     vertex -6.239759e+01 -4.049814e+01  6.200000e+01
   endloop
 endfacet
 facet normal -9.972905e-01 -7.356456e-02  1.350633e-20
   outer loop
     vertex -6.239759e+01 -4.049814e+01  8.000000e+01
     vertex -6.239037e+01 -4.059603e+01  6.200000e+01
     vertex -6.239037e+01 -4.059603e+01  8.000000e+01
   endloop
 endfacet
 facet normal -9.996988e-01 -2.454123e-02 -0.000000e+00
   outer loop
     vertex -6.240000e+01 -4.040000e+01  8.000000e+01
     vertex -6.240000e+01 -4.040000e+01  6.200000e+01
     vertex -6.239759e+01 -4.049814e+01  8.000000e+01
   endloop
 endfacet
 facet normal  2.454123e-02 -9.996988e-01  0.000000e+00
   outer loop
     vertex  6.049814e+01 -4.239759e+01  8.000000e+01
     vertex  6.040000e+01 -4.240000e+01  6.200000e+01
     vertex  6.049814e+01 -4.239759e+01  6.200000e+01
   endloop
 endfacet
 facet normal  2.454123e-02 -9.996988e-01 -1.307148e-21
   outer loop
     vertex  6.049814e+01 -4.239759e+01  8.000000e+01
     vertex  6.040000e+01 -4.240000e+01  8.000000e+01
     vertex  6.040000e+01 -4.240000e+01  6.200000e+01
   endloop
 endfacet
 facet normal  7.356456e-02 -9.972905e-01  0.000000e+00
   outer loop
     vertex  6.059603e+01 -4.239037e+01  8.000000e+01
     vertex  6.049814e+01 -4.239759e+01  6.200000e+01
     vertex  6.059603e+01 -4.239037e+01  6.200000e+01
   endloop
 endfacet
 facet normal  7.356456e-02 -9.972905e-01 -1.350633e-20
   outer loop
     vertex  6.059603e+01 -4.239037e+01  8.000000e+01
     vertex  6.049814e+01 -4.239759e+01  8.000000e+01
     vertex  6.049814e+01 -4.239759e+01  6.200000e+01
   endloop
 endfacet
 facet normal  1.224107e-01 -9.924795e-01  0.000000e+00
   outer loop
     vertex  6.069346e+01 -4.237835e+01  8.000000e+01
     vertex  6.059603e+01 -4.239037e+01  6.200000e+01
     vertex  6.069346e+01 -4.237835e+01  6.200000e+01
   endloop
 endfacet
 facet normal  1.224107e-01 -9.924795e-01  4.728490e-20
   outer loop
     vertex  6.069346e+01 -4.237835e+01  8.000000e+01
     vertex  6.059603e+01 -4.239037e+01  8.000000e+01
     vertex  6.059603e+01 -4.239037e+01  6.200000e+01
   endloop
 endfacet
 facet normal  1.709619e-01 -9.852776e-01  0.000000e+00
   outer loop
     vertex  6.079018e+01 -4.236157e+01  8.000000e+01
     vertex  6.069346e+01 -4.237835e+01  6.200000e+01
     vertex  6.079018e+01 -4.236157e+01  6.200000e+01
   endloop
 endfacet
 facet normal  1.709619e-01 -9.852776e-01  5.006967e-20
   outer loop
     vertex  6.079018e+01 -4.236157e+01  8.000000e+01
     vertex  6.069346e+01 -4.237835e+01  8.000000e+01
     vertex  6.069346e+01 -4.237835e+01  6.200000e+01
   endloop
 endfacet
 facet normal  2.191012e-01 -9.757021e-01  0.000000e+00
   outer loop
     vertex  6.088596e+01 -4.234006e+01  8.000000e+01
     vertex  6.079018e+01 -4.236157e+01  6.200000e+01
     vertex  6.088596e+01 -4.234006e+01  6.200000e+01
   endloop
 endfacet
 facet normal  2.667128e-01 -9.637761e-01  0.000000e+00
   outer loop
     vertex  6.088596e+01 -4.234006e+01  8.000000e+01
     vertex  6.088596e+01 -4.234006e+01  6.200000e+01
     vertex  6.098057e+01 -4.231388e+01  6.200000e+01
   endloop
 endfacet
 facet normal  2.191012e-01 -9.757021e-01  1.653488e-20
   outer loop
     vertex  6.088596e+01 -4.234006e+01  8.000000e+01
     vertex  6.079018e+01 -4.236157e+01  8.000000e+01
     vertex  6.079018e+01 -4.236157e+01  6.200000e+01
   endloop
 endfacet
 facet normal  3.136817e-01 -9.495282e-01  0.000000e+00
   outer loop
     vertex  6.098057e+01 -4.231388e+01  8.000000e+01
     vertex  6.098057e+01 -4.231388e+01  6.200000e+01
     vertex  6.107378e+01 -4.228309e+01  6.200000e+01
   endloop
 endfacet
 facet normal  2.667128e-01 -9.637761e-01  0.000000e+00
   outer loop
     vertex  6.098057e+01 -4.231388e+01  8.000000e+01
     vertex  6.088596e+01 -4.234006e+01  8.000000e+01
     vertex  6.098057e+01 -4.231388e+01  6.200000e+01
   endloop
 endfacet
 facet normal  3.136817e-01 -9.495282e-01  0.000000e+00
   outer loop
     vertex  6.107378e+01 -4.228309e+01  8.000000e+01
     vertex  6.098057e+01 -4.231388e+01  8.000000e+01
     vertex  6.107378e+01 -4.228309e+01  6.200000e+01
   endloop
 endfacet
 facet normal  3.598950e-01 -9.329928e-01 -8.042932e-20
   outer loop
     vertex  6.116537e+01 -4.224776e+01  8.000000e+01
     vertex  6.107378e+01 -4.228309e+01  8.000000e+01
     vertex  6.107378e+01 -4.228309e+01  6.200000e+01
   endloop
 endfacet
 facet normal  3.598950e-01 -9.329928e-01  0.000000e+00
   outer loop
     vertex  6.116537e+01 -4.224776e+01  8.000000e+01
     vertex  6.107378e+01 -4.228309e+01  6.200000e+01
     vertex  6.116537e+01 -4.224776e+01  6.200000e+01
   endloop
 endfacet
 facet normal  4.052413e-01 -9.142098e-01  1.156759e-19
   outer loop
     vertex  6.125511e+01 -4.220798e+01  8.000000e+01
     vertex  6.116537e+01 -4.224776e+01  8.000000e+01
     vertex  6.116537e+01 -4.224776e+01  6.200000e+01
   endloop
 endfacet
 facet normal  4.052413e-01 -9.142098e-01  0.000000e+00
   outer loop
     vertex  6.125511e+01 -4.220798e+01  8.000000e+01
     vertex  6.116537e+01 -4.224776e+01  6.200000e+01
     vertex  6.125511e+01 -4.220798e+01  6.200000e+01
   endloop
 endfacet
 facet normal  4.496113e-01 -8.932243e-01  0.000000e+00
   outer loop
     vertex  6.134279e+01 -4.216384e+01  8.000000e+01
     vertex  6.125511e+01 -4.220798e+01  6.200000e+01
     vertex  6.134279e+01 -4.216384e+01  6.200000e+01
   endloop
 endfacet
 facet normal  4.496113e-01 -8.932243e-01 -7.180622e-20
   outer loop
     vertex  6.134279e+01 -4.216384e+01  8.000000e+01
     vertex  6.125511e+01 -4.220798e+01  8.000000e+01
     vertex  6.125511e+01 -4.220798e+01  6.200000e+01
   endloop
 endfacet
 facet normal  4.928982e-01 -8.700870e-01  0.000000e+00
   outer loop
     vertex  6.142821e+01 -4.211546e+01  8.000000e+01
     vertex  6.134279e+01 -4.216384e+01  6.200000e+01
     vertex  6.142821e+01 -4.211546e+01  6.200000e+01
   endloop
 endfacet
 facet normal  5.349976e-01 -8.448536e-01  0.000000e+00
   outer loop
     vertex  6.142821e+01 -4.211546e+01  8.000000e+01
     vertex  6.142821e+01 -4.211546e+01  6.200000e+01
     vertex  6.151114e+01 -4.206294e+01  6.200000e+01
   endloop
 endfacet
 facet normal  4.928982e-01 -8.700870e-01  2.064529e-19
   outer loop
     vertex  6.142821e+01 -4.211546e+01  8.000000e+01
     vertex  6.134279e+01 -4.216384e+01  8.000000e+01
     vertex  6.134279e+01 -4.216384e+01  6.200000e+01
   endloop
 endfacet
 facet normal  5.349976e-01 -8.448536e-01  0.000000e+00
   outer loop
     vertex  6.151114e+01 -4.206294e+01  8.000000e+01
     vertex  6.142821e+01 -4.211546e+01  8.000000e+01
     vertex  6.151114e+01 -4.206294e+01  6.200000e+01
   endloop
 endfacet
 facet normal  5.758082e-01 -8.175848e-01  0.000000e+00
   outer loop
     vertex  6.159140e+01 -4.200642e+01  8.000000e+01
     vertex  6.151114e+01 -4.206294e+01  6.200000e+01
     vertex  6.159140e+01 -4.200642e+01  6.200000e+01
   endloop
 endfacet
 facet normal  6.152316e-01 -7.883464e-01  0.000000e+00
   outer loop
     vertex  6.159140e+01 -4.200642e+01  8.000000e+01
     vertex  6.159140e+01 -4.200642e+01  6.200000e+01
     vertex  6.166879e+01 -4.194602e+01  6.200000e+01
   endloop
 endfacet
 facet normal  5.758082e-01 -8.175848e-01 -2.428404e-19
   outer loop
     vertex  6.159140e+01 -4.200642e+01  8.000000e+01
     vertex  6.151114e+01 -4.206294e+01  8.000000e+01
     vertex  6.151114e+01 -4.206294e+01  6.200000e+01
   endloop
 endfacet
 facet normal  6.152316e-01 -7.883464e-01  0.000000e+00
   outer loop
     vertex  6.166879e+01 -4.194602e+01  8.000000e+01
     vertex  6.159140e+01 -4.200642e+01  8.000000e+01
     vertex  6.166879e+01 -4.194602e+01  6.200000e+01
   endloop
 endfacet
 facet normal  6.531728e-01 -7.572088e-01  0.000000e+00
   outer loop
     vertex  6.174312e+01 -4.188190e+01  8.000000e+01
     vertex  6.166879e+01 -4.194602e+01  6.200000e+01
     vertex  6.174312e+01 -4.188190e+01  6.200000e+01
   endloop
 endfacet
 facet normal  6.895405e-01 -7.242471e-01  0.000000e+00
   outer loop
     vertex  6.174312e+01 -4.188190e+01  8.000000e+01
     vertex  6.174312e+01 -4.188190e+01  6.200000e+01
     vertex  6.181421e+01 -4.181421e+01  6.200000e+01
   endloop
 endfacet
 facet normal  6.531728e-01 -7.572088e-01  1.402443e-20
   outer loop
     vertex  6.174312e+01 -4.188190e+01  8.000000e+01
     vertex  6.166879e+01 -4.194602e+01  8.000000e+01
     vertex  6.166879e+01 -4.194602e+01  6.200000e+01
   endloop
 endfacet
 facet normal  6.895405e-01 -7.242471e-01  0.000000e+00
   outer loop
     vertex  6.181421e+01 -4.181421e+01  8.000000e+01
     vertex  6.174312e+01 -4.188190e+01  8.000000e+01
     vertex  6.181421e+01 -4.181421e+01  6.200000e+01
   endloop
 endfacet
 facet normal  7.242471e-01 -6.895405e-01  0.000000e+00
   outer loop
     vertex  6.188190e+01 -4.174312e+01  8.000000e+01
     vertex  6.181421e+01 -4.181421e+01  6.200000e+01
     vertex  6.188190e+01 -4.174312e+01  6.200000e+01
   endloop
 endfacet
 facet normal  7.242471e-01 -6.895405e-01  1.599375e-19
   outer loop
     vertex  6.188190e+01 -4.174312e+01  8.000000e+01
     vertex  6.181421e+01 -4.181421e+01  8.000000e+01
     vertex  6.181421e+01 -4.181421e+01  6.200000e+01
   endloop
 endfacet
 facet normal  7.572088e-01 -6.531728e-01  0.000000e+00
   outer loop
     vertex  6.194602e+01 -4.166879e+01  8.000000e+01
     vertex  6.188190e+01 -4.174312e+01  6.200000e+01
     vertex  6.194602e+01 -4.166879e+01  6.200000e+01
   endloop
 endfacet
 facet normal  7.572088e-01 -6.531728e-01  1.402443e-20
   outer loop
     vertex  6.194602e+01 -4.166879e+01  8.000000e+01
     vertex  6.188190e+01 -4.174312e+01  8.000000e+01
     vertex  6.188190e+01 -4.174312e+01  6.200000e+01
   endloop
 endfacet
 facet normal  7.883464e-01 -6.152316e-01  0.000000e+00
   outer loop
     vertex  6.200642e+01 -4.159140e+01  8.000000e+01
     vertex  6.194602e+01 -4.166879e+01  6.200000e+01
     vertex  6.200642e+01 -4.159140e+01  6.200000e+01
   endloop
 endfacet
 facet normal  7.883464e-01 -6.152316e-01 -1.362102e-19
   outer loop
     vertex  6.200642e+01 -4.159140e+01  8.000000e+01
     vertex  6.194602e+01 -4.166879e+01  8.000000e+01
     vertex  6.194602e+01 -4.166879e+01  6.200000e+01
   endloop
 endfacet
 facet normal  8.175848e-01 -5.758082e-01  0.000000e+00
   outer loop
     vertex  6.206294e+01 -4.151114e+01  8.000000e+01
     vertex  6.200642e+01 -4.159140e+01  6.200000e+01
     vertex  6.206294e+01 -4.151114e+01  6.200000e+01
   endloop
 endfacet
 facet normal  8.175848e-01 -5.758082e-01 -2.428404e-19
   outer loop
     vertex  6.206294e+01 -4.151114e+01  8.000000e+01
     vertex  6.200642e+01 -4.159140e+01  8.000000e+01
     vertex  6.200642e+01 -4.159140e+01  6.200000e+01
   endloop
 endfacet
 facet normal  8.448536e-01 -5.349976e-01  0.000000e+00
   outer loop
     vertex  6.211546e+01 -4.142821e+01  8.000000e+01
     vertex  6.206294e+01 -4.151114e+01  6.200000e+01
     vertex  6.211546e+01 -4.142821e+01  6.200000e+01
   endloop
 endfacet
 facet normal  8.448536e-01 -5.349976e-01 -1.689747e-19
   outer loop
     vertex  6.211546e+01 -4.142821e+01  8.000000e+01
     vertex  6.206294e+01 -4.151114e+01  8.000000e+01
     vertex  6.206294e+01 -4.151114e+01  6.200000e+01
   endloop
 endfacet
 facet normal  8.700870e-01 -4.928982e-01  0.000000e+00
   outer loop
     vertex  6.216384e+01 -4.134279e+01  8.000000e+01
     vertex  6.211546e+01 -4.142821e+01  6.200000e+01
     vertex  6.216384e+01 -4.134279e+01  6.200000e+01
   endloop
 endfacet
 facet normal  8.700870e-01 -4.928982e-01  2.064529e-19
   outer loop
     vertex  6.216384e+01 -4.134279e+01  8.000000e+01
     vertex  6.211546e+01 -4.142821e+01  8.000000e+01
     vertex  6.211546e+01 -4.142821e+01  6.200000e+01
   endloop
 endfacet
 facet normal  8.932243e-01 -4.496113e-01  0.000000e+00
   outer loop
     vertex  6.220798e+01 -4.125511e+01  8.000000e+01
     vertex  6.216384e+01 -4.134279e+01  6.200000e+01
     vertex  6.220798e+01 -4.125511e+01  6.200000e+01
   endloop
 endfacet
 facet normal  8.932243e-01 -4.496113e-01 -7.180622e-20
   outer loop
     vertex  6.220798e+01 -4.125511e+01  8.000000e+01
     vertex  6.216384e+01 -4.134279e+01  8.000000e+01
     vertex  6.216384e+01 -4.134279e+01  6.200000e+01
   endloop
 endfacet
 facet normal  9.142098e-01 -4.052413e-01  0.000000e+00
   outer loop
     vertex  6.224776e+01 -4.116537e+01  8.000000e+01
     vertex  6.220798e+01 -4.125511e+01  6.200000e+01
     vertex  6.224776e+01 -4.116537e+01  6.200000e+01
   endloop
 endfacet
 facet normal  9.329928e-01 -3.598950e-01  0.000000e+00
   outer loop
     vertex  6.224776e+01 -4.116537e+01  8.000000e+01
     vertex  6.224776e+01 -4.116537e+01  6.200000e+01
     vertex  6.228309e+01 -4.107378e+01  6.200000e+01
   endloop
 endfacet
 facet normal  9.142098e-01 -4.052413e-01  5.759650e-20
   outer loop
     vertex  6.224776e+01 -4.116537e+01  8.000000e+01
     vertex  6.220798e+01 -4.125511e+01  8.000000e+01
     vertex  6.220798e+01 -4.125511e+01  6.200000e+01
   endloop
 endfacet
 facet normal  9.329928e-01 -3.598950e-01  0.000000e+00
   outer loop
     vertex  6.228309e+01 -4.107378e+01  8.000000e+01
     vertex  6.224776e+01 -4.116537e+01  8.000000e+01
     vertex  6.228309e+01 -4.107378e+01  6.200000e+01
   endloop
 endfacet
 facet normal  9.495282e-01 -3.136817e-01  0.000000e+00
   outer loop
     vertex  6.231388e+01 -4.098057e+01  8.000000e+01
     vertex  6.228309e+01 -4.107378e+01  6.200000e+01
     vertex  6.231388e+01 -4.098057e+01  6.200000e+01
   endloop
 endfacet
 facet normal  9.495282e-01 -3.136817e-01  1.009755e-19
   outer loop
     vertex  6.231388e+01 -4.098057e+01  8.000000e+01
     vertex  6.228309e+01 -4.107378e+01  8.000000e+01
     vertex  6.228309e+01 -4.107378e+01  6.200000e+01
   endloop
 endfacet
 facet normal  9.637761e-01 -2.667128e-01  0.000000e+00
   outer loop
     vertex  6.234006e+01 -4.088596e+01  8.000000e+01
     vertex  6.231388e+01 -4.098057e+01  6.200000e+01
     vertex  6.234006e+01 -4.088596e+01  6.200000e+01
   endloop
 endfacet
 facet normal  9.637761e-01 -2.667128e-01 -8.912344e-20
   outer loop
     vertex  6.234006e+01 -4.088596e+01  8.000000e+01
     vertex  6.231388e+01 -4.098057e+01  8.000000e+01
     vertex  6.231388e+01 -4.098057e+01  6.200000e+01
   endloop
 endfacet
 facet normal  9.757021e-01 -2.191012e-01  0.000000e+00
   outer loop
     vertex  6.236157e+01 -4.079018e+01  8.000000e+01
     vertex  6.234006e+01 -4.088596e+01  6.200000e+01
     vertex  6.236157e+01 -4.079018e+01  6.200000e+01
   endloop
 endfacet
 facet normal  9.852776e-01 -1.709619e-01  0.000000e+00
   outer loop
     vertex  6.236157e+01 -4.079018e+01  8.000000e+01
     vertex  6.236157e+01 -4.079018e+01  6.200000e+01
     vertex  6.237835e+01 -4.069346e+01  6.200000e+01
   endloop
 endfacet
 facet normal  9.757021e-01 -2.191012e-01  7.908796e-20
   outer loop
     vertex  6.236157e+01 -4.079018e+01  8.000000e+01
     vertex  6.234006e+01 -4.088596e+01  8.000000e+01
     vertex  6.234006e+01 -4.088596e+01  6.200000e+01
   endloop
 endfacet
 facet normal  9.852776e-01 -1.709619e-01  0.000000e+00
   outer loop
     vertex  6.237835e+01 -4.069346e+01  8.000000e+01
     vertex  6.236157e+01 -4.079018e+01  8.000000e+01
     vertex  6.237835e+01 -4.069346e+01  6.200000e+01
   endloop
 endfacet
 facet normal  9.924795e-01 -1.224107e-01  0.000000e+00
   outer loop
     vertex  6.239037e+01 -4.059603e+01  8.000000e+01
     vertex  6.237835e+01 -4.069346e+01  6.200000e+01
     vertex  6.239037e+01 -4.059603e+01  6.200000e+01
   endloop
 endfacet
 facet normal  9.924795e-01 -1.224107e-01  4.728490e-20
   outer loop
     vertex  6.239037e+01 -4.059603e+01  8.000000e+01
     vertex  6.237835e+01 -4.069346e+01  8.000000e+01
     vertex  6.237835e+01 -4.069346e+01  6.200000e+01
   endloop
 endfacet
 facet normal  9.972905e-01 -7.356456e-02  0.000000e+00
   outer loop
     vertex  6.239759e+01 -4.049814e+01  8.000000e+01
     vertex  6.239037e+01 -4.059603e+01  6.200000e+01
     vertex  6.239759e+01 -4.049814e+01  6.200000e+01
   endloop
 endfacet
 facet normal  9.996988e-01 -2.454123e-02  0.000000e+00
   outer loop
     vertex  6.239759e+01 -4.049814e+01  8.000000e+01
     vertex  6.239759e+01 -4.049814e+01  6.200000e+01
     vertex  6.240000e+01 -4.040000e+01  6.200000e+01
   endloop
 endfacet
 facet normal  9.972905e-01 -7.356456e-02 -1.350633e-20
   outer loop
     vertex  6.239759e+01 -4.049814e+01  8.000000e+01
     vertex  6.239037e+01 -4.059603e+01  8.000000e+01
     vertex  6.239037e+01 -4.059603e+01  6.200000e+01
   endloop
 endfacet
 facet normal  9.996988e-01 -2.454123e-02  0.000000e+00
   outer loop
     vertex  6.240000e+01 -4.040000e+01  8.000000e+01
     vertex  6.239759e+01 -4.049814e+01  8.000000e+01
     vertex  6.240000e+01 -4.040000e+01  6.200000e+01
   endloop
 endfacet
 facet normal  0.000000e+00  0.000000e+00  1.000000e+00
   outer loop
     vertex -6.015000e+01 -4.015000e+01  8.000000e+01
     vertex -6.049814e+01 -4.239759e+01  8.000000e+01
     vertex -6.040000e+01 -4.240000e+01  8.000000e+01
   endloop
 endfacet
 facet normal  0.000000e+00  0.000000e+00  1.000000e+00
   outer loop
     vertex -6.015000e+01 -4.015000e+01  8.000000e+01
     vertex -6.059603e+01 -4.239037e+01  8.000000e+01
     vertex -6.049814e+01 -4.239759e+01  8.000000e+01
   endloop
 endfacet
 facet normal  0.000000e+00  0.000000e+00  1.000000e+00
   outer loop
     vertex -6.015000e+01 -4.015000e+01  8.000000e+01
     vertex -6.069346e+01 -4.237835e+01  8.000000e+01
     vertex -6.059603e+01 -4.239037e+01  8.000000e+01
   endloop
 endfacet
 facet normal  0.000000e+00  0.000000e+00  1.000000e+00
   outer loop
     vertex -6.015000e+01 -4.015000e+01  8.000000e+01
     vertex -6.079018e+01 -4.236157e+01  8.000000e+01
     vertex -6.069346e+01 -4.237835e+01  8.000000e+01
   endloop
 endfacet
 facet normal  0.000000e+00  0.000000e+00  1.000000e+00
   outer loop
     vertex -6.015000e+01 -4.015000e+01  8.000000e+01
     vertex -6.088596e+01 -4.234006e+01  8.000000e+01
     vertex -6.079018e+01 -4.236157e+01  8.000000e+01
   endloop
 endfacet
 facet normal  0.000000e+00  0.000000e+00  1.000000e+00
   outer loop
     vertex -6.015000e+01 -4.015000e+01  8.000000e+01
     vertex -6.098057e+01 -4.231388e+01  8.000000e+01
     vertex -6.088596e+01 -4.234006e+01  8.000000e+01
   endloop
 endfacet
 facet normal  0.000000e+00  0.000000e+00  1.000000e+00
   outer loop
     vertex -6.015000e+01 -4.015000e+01  8.000000e+01
     vertex -6.107378e+01 -4.228309e+01  8.000000e+01
     vertex -6.098057e+01 -4.231388e+01  8.000000e+01
   endloop
 endfacet
 facet normal  0.000000e+00  0.000000e+00  1.000000e+00
   outer loop
     vertex -6.015000e+01 -4.015000e+01  8.000000e+01
     vertex -6.116537e+01 -4.224776e+01  8.000000e+01
     vertex -6.107378e+01 -4.228309e+01  8.000000e+01
   endloop
 endfacet
 facet normal  0.000000e+00  0.000000e+00  1.000000e+00
   outer loop
     vertex -6.015000e+01 -4.015000e+01  8.000000e+01
     vertex -6.125511e+01 -4.220798e+01  8.000000e+01
     vertex -6.116537e+01 -4.224776e+01  8.000000e+01
   endloop
 endfacet
 facet normal  0.000000e+00  0.000000e+00  1.000000e+00
   outer loop
     vertex -6.015000e+01 -4.015000e+01  8.000000e+01
     vertex -6.134279e+01 -4.216384e+01  8.000000e+01
     vertex -6.125511e+01 -4.220798e+01  8.000000e+01
   endloop
 endfacet
 facet normal  0.000000e+00  0.000000e+00  1.000000e+00
   outer loop
     vertex -6.015000e+01 -4.015000e+01  8.000000e+01
     vertex -6.142821e+01 -4.211546e+01  8.000000e+01
     vertex -6.134279e+01 -4.216384e+01  8.000000e+01
   endloop
 endfacet
 facet normal  0.000000e+00  0.000000e+00  1.000000e+00
   outer loop
     vertex -6.015000e+01 -4.015000e+01  8.000000e+01
     vertex -6.151114e+01 -4.206294e+01  8.000000e+01
     vertex -6.142821e+01 -4.211546e+01  8.000000e+01
   endloop
 endfacet
 facet normal  0.000000e+00  0.000000e+00  1.000000e+00
   outer loop
     vertex -6.015000e+01 -4.015000e+01  8.000000e+01
     vertex -6.159140e+01 -4.200642e+01  8.000000e+01
     vertex -6.151114e+01 -4.206294e+01  8.000000e+01
   endloop
 endfacet
 facet normal  0.000000e+00  0.000000e+00  1.000000e+00
   outer loop
     vertex -6.015000e+01 -4.015000e+01  8.000000e+01
     vertex -6.166879e+01 -4.194602e+01  8.000000e+01
     vertex -6.159140e+01 -4.200642e+01  8.000000e+01
   endloop
 endfacet
 facet normal  0.000000e+00  0.000000e+00  1.000000e+00
   outer loop
     vertex -6.015000e+01 -4.015000e+01  8.000000e+01
     vertex -6.174312e+01 -4.188190e+01  8.000000e+01
     vertex -6.166879e+01 -4.194602e+01  8.000000e+01
   endloop
 endfacet
 facet normal  0.000000e+00  0.000000e+00  1.000000e+00
   outer loop
     vertex -6.015000e+01 -4.015000e+01  8.000000e+01
     vertex -6.181421e+01 -4.181421e+01  8.000000e+01
     vertex -6.174312e+01 -4.188190e+01  8.000000e+01
   endloop
 endfacet
 facet normal  0.000000e+00  0.000000e+00  1.000000e+00
   outer loop
     vertex -6.015000e+01 -4.015000e+01  8.000000e+01
     vertex -6.188190e+01 -4.174312e+01  8.000000e+01
     vertex -6.181421e+01 -4.181421e+01  8.000000e+01
   endloop
 endfacet
 facet normal  0.000000e+00  0.000000e+00  1.000000e+00
   outer loop
     vertex -6.015000e+01 -4.015000e+01  8.000000e+01
     vertex -6.194602e+01 -4.166879e+01  8.000000e+01
     vertex -6.188190e+01 -4.174312e+01  8.000000e+01
   endloop
 endfacet
 facet normal  0.000000e+00  0.000000e+00  1.000000e+00
   outer loop
     vertex -6.015000e+01 -4.015000e+01  8.000000e+01
     vertex -6.200642e+01 -4.159140e+01  8.000000e+01
     vertex -6.194602e+01 -4.166879e+01  8.000000e+01
   endloop
 endfacet
 facet normal  0.000000e+00  0.000000e+00  1.000000e+00
   outer loop
     vertex -6.015000e+01 -4.015000e+01  8.000000e+01
     vertex -6.206294e+01 -4.151114e+01  8.000000e+01
     vertex -6.200642e+01 -4.159140e+01  8.000000e+01
   endloop
 endfacet
 facet normal  0.000000e+00  0.000000e+00  1.000000e+00
   outer loop
     vertex -6.015000e+01 -4.015000e+01  8.000000e+01
     vertex -6.211546e+01 -4.142821e+01  8.000000e+01
     vertex -6.206294e+01 -4.151114e+01  8.000000e+01
   endloop
 endfacet
 facet normal  0.000000e+00  0.000000e+00  1.000000e+00
   outer loop
     vertex -6.015000e+01 -4.015000e+01  8.000000e+01
     vertex -6.216384e+01 -4.134279e+01  8.000000e+01
     vertex -6.211546e+01 -4.142821e+01  8.000000e+01
   endloop
 endfacet
 facet normal  0.000000e+00  0.000000e+00  1.000000e+00
   outer loop
     vertex -6.015000e+01 -4.015000e+01  8.000000e+01
     vertex -6.220798e+01 -4.125511e+01  8.000000e+01
     vertex -6.216384e+01 -4.134279e+01  8.000000e+01
   endloop
 endfacet
 facet normal  0.000000e+00  0.000000e+00  1.000000e+00
   outer loop
     vertex -6.015000e+01 -4.015000e+01  8.000000e+01
     vertex -6.224776e+01 -4.116537e+01  8.000000e+01
     vertex -6.220798e+01 -4.125511e+01  8.000000e+01
   endloop
 endfacet
 facet normal  0.000000e+00  0.000000e+00  1.000000e+00
   outer loop
     vertex -6.015000e+01 -4.015000e+01  8.000000e+01
     vertex -6.228309e+01 -4.107378e+01  8.000000e+01
     vertex -6.224776e+01 -4.116537e+01  8.000000e+01
   endloop
 endfacet
 facet normal  0.000000e+00  0.000000e+00  1.000000e+00
   outer loop
     vertex -6.015000e+01 -4.015000e+01  8.000000e+01
     vertex -6.231388e+01 -4.098057e+01  8.000000e+01
     vertex -6.228309e+01 -4.107378e+01  8.000000e+01
   endloop
 endfacet
 facet normal  0.000000e+00  0.000000e+00  1.000000e+00
   outer loop
     vertex -6.015000e+01 -4.015000e+01  8.000000e+01
     vertex -6.234006e+01 -4.088596e+01  8.000000e+01
     vertex -6.231388e+01 -4.098057e+01  8.000000e+01
   endloop
 endfacet
 facet normal  0.000000e+00  0.000000e+00  1.000000e+00
   outer loop
     vertex -6.015000e+01 -4.015000e+01  8.000000e+01
     vertex -6.236157e+01 -4.079018e+01  8.000000e+01
     vertex -6.234006e+01 -4.088596e+01  8.000000e+01
   endloop
 endfacet
 facet normal  0.000000e+00  0.000000e+00  1.000000e+00
   outer loop
     vertex -6.015000e+01 -4.015000e+01  8.000000e+01
     vertex -6.237835e+01 -4.069346e+01  8.000000e+01
     vertex -6.236157e+01 -4.079018e+01  8.000000e+01
   endloop
 endfacet
 facet normal  0.000000e+00  0.000000e+00  1.000000e+00
   outer loop
     vertex -6.015000e+01 -4.015000e+01  8.000000e+01
     vertex -6.239037e+01 -4.059603e+01  8.000000e+01
     vertex -6.237835e+01 -4.069346e+01  8.000000e+01
   endloop
 endfacet
 facet normal  0.000000e+00  0.000000e+00  1.000000e+00
   outer loop
     vertex -6.015000e+01 -4.015000e+01  8.000000e+01
     vertex -6.239759e+01 -4.049814e+01  8.000000e+01
     vertex -6.239037e+01 -4.059603e+01  8.000000e+01
   endloop
 endfacet
 facet normal  0.000000e+00  0.000000e+00  1.000000e+00
   outer loop
     vertex -6.015000e+01 -4.015000e+01  8.000000e+01
     vertex -6.240000e+01 -4.040000e+01  8.000000e+01
     vertex -6.239759e+01 -4.049814e+01  8.000000e+01
   endloop
 endfacet
 facet normal  0.000000e+00  0.000000e+00  1.000000e+00
   outer loop
     vertex -6.015000e+01  4.015000e+01  8.000000e+01
     vertex -6.188190e+01  4.174312e+01  8.000000e+01
     vertex -6.194602e+01  4.166879e+01  8.000000e+01
   endloop
 endfacet
 facet normal  0.000000e+00  0.000000e+00  1.000000e+00
   outer loop
     vertex -6.015000e+01  4.015000e+01  8.000000e+01
     vertex -6.194602e+01  4.166879e+01  8.000000e+01
     vertex -6.200642e+01  4.159140e+01  8.000000e+01
   endloop
 endfacet
 facet normal  0.000000e+00  0.000000e+00  1.000000e+00
   outer loop
     vertex -6.015000e+01  4.015000e+01  8.000000e+01
     vertex -6.200642e+01  4.159140e+01  8.000000e+01
     vertex -6.206294e+01  4.151114e+01  8.000000e+01
   endloop
 endfacet
 facet normal  0.000000e+00  0.000000e+00  1.000000e+00
   outer loop
     vertex -6.015000e+01  4.015000e+01  8.000000e+01
     vertex -6.206294e+01  4.151114e+01  8.000000e+01
     vertex -6.211546e+01  4.142821e+01  8.000000e+01
   endloop
 endfacet
 facet normal  0.000000e+00  0.000000e+00  1.000000e+00
   outer loop
     vertex -6.015000e+01  4.015000e+01  8.000000e+01
     vertex -6.211546e+01  4.142821e+01  8.000000e+01
     vertex -6.216384e+01  4.134279e+01  8.000000e+01
   endloop
 endfacet
 facet normal  0.000000e+00  0.000000e+00  1.000000e+00
   outer loop
     vertex -6.015000e+01  4.015000e+01  8.000000e+01
     vertex -6.216384e+01  4.134279e+01  8.000000e+01
     vertex -6.220798e+01  4.125511e+01  8.000000e+01
   endloop
 endfacet
 facet normal  0.000000e+00  0.000000e+00  1.000000e+00
   outer loop
     vertex -6.015000e+01  4.015000e+01  8.000000e+01
     vertex -6.220798e+01  4.125511e+01  8.000000e+01
     vertex -6.224776e+01  4.116537e+01  8.000000e+01
   endloop
 endfacet
 facet normal  0.000000e+00  0.000000e+00  1.000000e+00
   outer loop
     vertex -6.015000e+01  4.015000e+01  8.000000e+01
     vertex -6.224776e+01  4.116537e+01  8.000000e+01
     vertex -6.228309e+01  4.107378e+01  8.000000e+01
   endloop
 endfacet
 facet normal  0.000000e+00  0.000000e+00  1.000000e+00
   outer loop
     vertex -6.015000e+01  4.015000e+01  8.000000e+01
     vertex -6.228309e+01  4.107378e+01  8.000000e+01
     vertex -6.231388e+01  4.098057e+01  8.000000e+01
   endloop
 endfacet
 facet normal  0.000000e+00  0.000000e+00  1.000000e+00
   outer loop
     vertex -6.015000e+01  4.015000e+01  8.000000e+01
     vertex -6.231388e+01  4.098057e+01  8.000000e+01
     vertex -6.234006e+01  4.088596e+01  8.000000e+01
   endloop
 endfacet
 facet normal  0.000000e+00  0.000000e+00  1.000000e+00
   outer loop
     vertex -6.015000e+01  4.015000e+01  8.000000e+01
     vertex -6.234006e+01  4.088596e+01  8.000000e+01
     vertex -6.236157e+01  4.079018e+01  8.000000e+01
   endloop
 endfacet
 facet normal  0.000000e+00  0.000000e+00  1.000000e+00
   outer loop
     vertex -6.015000e+01  4.015000e+01  8.000000e+01
     vertex -6.236157e+01  4.079018e+01  8.000000e+01
     vertex -6.237835e+01  4.069346e+01  8.000000e+01
   endloop
 endfacet
 facet normal  0.000000e+00  0.000000e+00  1.000000e+00
   outer loop
     vertex -6.015000e+01  4.015000e+01  8.000000e+01
     vertex -6.237835e+01  4.069346e+01  8.000000e+01
     vertex -6.239037e+01  4.059603e+01  8.000000e+01
   endloop
 endfacet
 facet normal  0.000000e+00  0.000000e+00  1.000000e+00
   outer loop
     vertex -6.015000e+01  4.015000e+01  8.000000e+01
     vertex -6.239037e+01  4.059603e+01  8.000000e+01
     vertex -6.239759e+01  4.049814e+01  8.000000e+01
   endloop
 endfacet
 facet normal  0.000000e+00  0.000000e+00  1.000000e+00
   outer loop
     vertex -6.015000e+01  4.015000e+01  8.000000e+01
     vertex -6.239759e+01  4.049814e+01  8.000000e+01
     vertex -6.240000e+01  4.040000e+01  8.000000e+01
   endloop
 endfacet
 facet normal  0.000000e+00  0.000000e+00  1.000000e+00
   outer loop
     vertex -6.015000e+01  4.015000e+01  8.000000e+01
     vertex -6.240000e+01 -4.040000e+01  8.000000e+01
     vertex -6.015000e+01 -4.015000e+01  8.000000e+01
   endloop
 endfacet
 facet normal  0.000000e+00  0.000000e+00  1.000000e+00
   outer loop
     vertex -6.015000e+01  4.015000e+01  8.000000e+01
     vertex -6.240000e+01  4.040000e+01  8.000000e+01
     vertex -6.240000e+01 -4.040000e+01  8.000000e+01
   endloop
 endfacet
 facet normal  0.000000e+00  0.000000e+00  1.000000e+00
   outer loop
     vertex -6.181421e+01  4.181421e+01  8.000000e+01
     vertex -6.188190e+01  4.174312e+01  8.000000e+01
     vertex -6.015000e+01  4.015000e+01  8.000000e+01
   endloop
 endfacet
 facet normal  0.000000e+00  0.000000e+00  1.000000e+00
   outer loop
     vertex -6.174312e+01  4.188190e+01  8.000000e+01
     vertex -6.181421e+01  4.181421e+01  8.000000e+01
     vertex -6.015000e+01  4.015000e+01  8.000000e+01
   endloop
 endfacet
 facet normal  0.000000e+00  0.000000e+00  1.000000e+00
   outer loop
     vertex -6.166879e+01  4.194602e+01  8.000000e+01
     vertex -6.174312e+01  4.188190e+01  8.000000e+01
     vertex -6.015000e+01  4.015000e+01  8.000000e+01
   endloop
 endfacet
 facet normal  0.000000e+00  0.000000e+00  1.000000e+00
   outer loop
     vertex -6.159140e+01  4.200642e+01  8.000000e+01
     vertex -6.166879e+01  4.194602e+01  8.000000e+01
     vertex -6.015000e+01  4.015000e+01  8.000000e+01
   endloop
 endfacet
 facet normal  0.000000e+00  0.000000e+00  1.000000e+00
   outer loop
     vertex -6.151114e+01  4.206294e+01  8.000000e+01
     vertex -6.159140e+01  4.200642e+01  8.000000e+01
     vertex -6.015000e+01  4.015000e+01  8.000000e+01
   endloop
 endfacet
 facet normal  0.000000e+00  0.000000e+00  1.000000e+00
   outer loop
     vertex -6.142821e+01  4.211546e+01  8.000000e+01
     vertex -6.151114e+01  4.206294e+01  8.000000e+01
     vertex -6.015000e+01  4.015000e+01  8.000000e+01
   endloop
 endfacet
 facet normal  0.000000e+00  0.000000e+00  1.000000e+00
   outer loop
     vertex -6.134279e+01  4.216384e+01  8.000000e+01
     vertex -6.142821e+01  4.211546e+01  8.000000e+01
     vertex -6.015000e+01  4.015000e+01  8.000000e+01
   endloop
 endfacet
 facet normal  0.000000e+00  0.000000e+00  1.000000e+00
   outer loop
     vertex -6.125511e+01  4.220798e+01  8.000000e+01
     vertex -6.134279e+01  4.216384e+01  8.000000e+01
     vertex -6.015000e+01  4.015000e+01  8.000000e+01
   endloop
 endfacet
 facet normal  0.000000e+00  0.000000e+00  1.000000e+00
   outer loop
     vertex -6.116537e+01  4.224776e+01  8.000000e+01
     vertex -6.125511e+01  4.220798e+01  8.000000e+01
     vertex -6.015000e+01  4.015000e+01  8.000000e+01
   endloop
 endfacet
 facet normal  0.000000e+00  0.000000e+00  1.000000e+00
   outer loop
     vertex -6.107378e+01  4.228309e+01  8.000000e+01
     vertex -6.116537e+01  4.224776e+01  8.000000e+01
     vertex -6.015000e+01  4.015000e+01  8.000000e+01
   endloop
 endfacet
 facet normal  0.000000e+00  0.000000e+00  1.000000e+00
   outer loop
     vertex -6.098057e+01  4.231388e+01  8.000000e+01
     vertex -6.107378e+01  4.228309e+01  8.000000e+01
     vertex -6.015000e+01  4.015000e+01  8.000000e+01
   endloop
 endfacet
 facet normal  0.000000e+00  0.000000e+00  1.000000e+00
   outer loop
     vertex -6.088596e+01  4.234006e+01  8.000000e+01
     vertex -6.098057e+01  4.231388e+01  8.000000e+01
     vertex -6.015000e+01  4.015000e+01  8.000000e+01
   endloop
 endfacet
 facet normal  0.000000e+00  0.000000e+00  1.000000e+00
   outer loop
     vertex -6.079018e+01  4.236157e+01  8.000000e+01
     vertex -6.088596e+01  4.234006e+01  8.000000e+01
     vertex -6.015000e+01  4.015000e+01  8.000000e+01
   endloop
 endfacet
 facet normal  0.000000e+00  0.000000e+00  1.000000e+00
   outer loop
     vertex -6.069346e+01  4.237835e+01  8.000000e+01
     vertex -6.079018e+01  4.236157e+01  8.000000e+01
     vertex -6.015000e+01  4.015000e+01  8.000000e+01
   endloop
 endfacet
 facet normal  0.000000e+00  0.000000e+00  1.000000e+00
   outer loop
     vertex -6.059603e+01  4.239037e+01  8.000000e+01
     vertex -6.069346e+01  4.237835e+01  8.000000e+01
     vertex -6.015000e+01  4.015000e+01  8.000000e+01
   endloop
 endfacet
 facet normal  0.000000e+00  0.000000e+00  1.000000e+00
   outer loop
     vertex -6.049814e+01  4.239759e+01  8.000000e+01
     vertex -6.059603e+01  4.239037e+01  8.000000e+01
     vertex -6.015000e+01  4.015000e+01  8.000000e+01
   endloop
 endfacet
 facet normal  0.000000e+00  0.000000e+00  1.000000e+00
   outer loop
     vertex -6.040000e+01  4.240000e+01  8.000000e+01
     vertex -6.049814e+01  4.239759e+01  8.000000e+01
     vertex -6.015000e+01  4.015000e+01  8.000000e+01
   endloop
 endfacet
 facet normal  0.000000e+00  0.000000e+00  1.000000e+00
   outer loop
     vertex  6.015000e+01 -4.015000e+01  8.000000e+01
     vertex -6.040000e+01 -4.240000e+01  8.000000e+01
     vertex  6.040000e+01 -4.240000e+01  8.000000e+01
   endloop
 endfacet
 facet normal  0.000000e+00  0.000000e+00  1.000000e+00
   outer loop
     vertex  6.015000e+01 -4.015000e+01  8.000000e+01
     vertex  6.040000e+01 -4.240000e+01  8.000000e+01
     vertex  6.049814e+01 -4.239759e+01  8.000000e+01
   endloop
 endfacet
 facet normal  0.000000e+00  0.000000e+00  1.000000e+00
   outer loop
     vertex  6.015000e+01 -4.015000e+01  8.000000e+01
     vertex -6.015000e+01 -4.015000e+01  8.000000e+01
     vertex -6.040000e+01 -4.240000e+01  8.000000e+01
   endloop
 endfacet
 facet normal  0.000000e+00  0.000000e+00  1.000000e+00
   outer loop
     vertex  6.015000e+01 -4.015000e+01  8.000000e+01
     vertex  6.049814e+01 -4.239759e+01  8.000000e+01
     vertex  6.059603e+01 -4.239037e+01  8.000000e+01
   endloop
 endfacet
 facet normal  0.000000e+00  0.000000e+00  1.000000e+00
   outer loop
     vertex  6.015000e+01 -4.015000e+01  8.000000e+01
     vertex  6.059603e+01 -4.239037e+01  8.000000e+01
     vertex  6.069346e+01 -4.237835e+01  8.000000e+01
   endloop
 endfacet
 facet normal  0.000000e+00  0.000000e+00  1.000000e+00
   outer loop
     vertex  6.015000e+01 -4.015000e+01  8.000000e+01
     vertex  6.069346e+01 -4.237835e+01  8.000000e+01
     vertex  6.079018e+01 -4.236157e+01  8.000000e+01
   endloop
 endfacet
 facet normal  0.000000e+00  0.000000e+00  1.000000e+00
   outer loop
     vertex  6.015000e+01 -4.015000e+01  8.000000e+01
     vertex  6.079018e+01 -4.236157e+01  8.000000e+01
     vertex  6.088596e+01 -4.234006e+01  8.000000e+01
   endloop
 endfacet
 facet normal  0.000000e+00  0.000000e+00  1.000000e+00
   outer loop
     vertex  6.015000e+01 -4.015000e+01  8.000000e+01
     vertex  6.088596e+01 -4.234006e+01  8.000000e+01
     vertex  6.098057e+01 -4.231388e+01  8.000000e+01
   endloop
 endfacet
 facet normal  0.000000e+00  0.000000e+00  1.000000e+00
   outer loop
     vertex  6.015000e+01 -4.015000e+01  8.000000e+01
     vertex  6.098057e+01 -4.231388e+01  8.000000e+01
     vertex  6.107378e+01 -4.228309e+01  8.000000e+01
   endloop
 endfacet
 facet normal  0.000000e+00  0.000000e+00  1.000000e+00
   outer loop
     vertex  6.015000e+01 -4.015000e+01  8.000000e+01
     vertex  6.107378e+01 -4.228309e+01  8.000000e+01
     vertex  6.116537e+01 -4.224776e+01  8.000000e+01
   endloop
 endfacet
 facet normal  0.000000e+00  0.000000e+00  1.000000e+00
   outer loop
     vertex  6.015000e+01 -4.015000e+01  8.000000e+01
     vertex  6.116537e+01 -4.224776e+01  8.000000e+01
     vertex  6.125511e+01 -4.220798e+01  8.000000e+01
   endloop
 endfacet
 facet normal  0.000000e+00  0.000000e+00  1.000000e+00
   outer loop
     vertex  6.015000e+01 -4.015000e+01  8.000000e+01
     vertex  6.125511e+01 -4.220798e+01  8.000000e+01
     vertex  6.134279e+01 -4.216384e+01  8.000000e+01
   endloop
 endfacet
 facet normal  0.000000e+00  0.000000e+00  1.000000e+00
   outer loop
     vertex  6.015000e+01 -4.015000e+01  8.000000e+01
     vertex  6.134279e+01 -4.216384e+01  8.000000e+01
     vertex  6.142821e+01 -4.211546e+01  8.000000e+01
   endloop
 endfacet
 facet normal  0.000000e+00  0.000000e+00  1.000000e+00
   outer loop
     vertex  6.015000e+01 -4.015000e+01  8.000000e+01
     vertex  6.142821e+01 -4.211546e+01  8.000000e+01
     vertex  6.151114e+01 -4.206294e+01  8.000000e+01
   endloop
 endfacet
 facet normal  0.000000e+00  0.000000e+00  1.000000e+00
   outer loop
     vertex  6.015000e+01 -4.015000e+01  8.000000e+01
     vertex  6.151114e+01 -4.206294e+01  8.000000e+01
     vertex  6.159140e+01 -4.200642e+01  8.000000e+01
   endloop
 endfacet
 facet normal  0.000000e+00  0.000000e+00  1.000000e+00
   outer loop
     vertex  6.015000e+01 -4.015000e+01  8.000000e+01
     vertex  6.159140e+01 -4.200642e+01  8.000000e+01
     vertex  6.166879e+01 -4.194602e+01  8.000000e+01
   endloop
 endfacet
 facet normal  0.000000e+00  0.000000e+00  1.000000e+00
   outer loop
     vertex  6.015000e+01 -4.015000e+01  8.000000e+01
     vertex  6.166879e+01 -4.194602e+01  8.000000e+01
     vertex  6.174312e+01 -4.188190e+01  8.000000e+01
   endloop
 endfacet
 facet normal  0.000000e+00  0.000000e+00  1.000000e+00
   outer loop
     vertex  6.181421e+01 -4.181421e+01  8.000000e+01
     vertex  6.015000e+01 -4.015000e+01  8.000000e+01
     vertex  6.174312e+01 -4.188190e+01  8.000000e+01
   endloop
 endfacet
 facet normal  0.000000e+00  0.000000e+00  1.000000e+00
   outer loop
     vertex  6.188190e+01 -4.174312e+01  8.000000e+01
     vertex  6.015000e+01 -4.015000e+01  8.000000e+01
     vertex  6.181421e+01 -4.181421e+01  8.000000e+01
   endloop
 endfacet
 facet normal  0.000000e+00  0.000000e+00  1.000000e+00
   outer loop
     vertex  6.194602e+01 -4.166879e+01  8.000000e+01
     vertex  6.015000e+01 -4.015000e+01  8.000000e+01
     vertex  6.188190e+01 -4.174312e+01  8.000000e+01
   endloop
 endfacet
 facet normal  0.000000e+00  0.000000e+00  1.000000e+00
   outer loop
     vertex  6.200642e+01 -4.159140e+01  8.000000e+01
     vertex  6.015000e+01 -4.015000e+01  8.000000e+01
     vertex  6.194602e+01 -4.166879e+01  8.000000e+01
   endloop
 endfacet
 facet normal  0.000000e+00  0.000000e+00  1.000000e+00
   outer loop
     vertex  6.206294e+01 -4.151114e+01  8.000000e+01
     vertex  6.015000e+01 -4.015000e+01  8.000000e+01
     vertex  6.200642e+01 -4.159140e+01  8.000000e+01
   endloop
 endfacet
 facet normal  0.000000e+00  0.000000e+00  1.000000e+00
   outer loop
     vertex  6.211546e+01 -4.142821e+01  8.000000e+01
     vertex  6.015000e+01 -4.015000e+01  8.000000e+01
     vertex  6.206294e+01 -4.151114e+01  8.000000e+01
   endloop
 endfacet
 facet normal  0.000000e+00  0.000000e+00  1.000000e+00
   outer loop
     vertex  6.216384e+01 -4.134279e+01  8.000000e+01
     vertex  6.015000e+01 -4.015000e+01  8.000000e+01
     vertex  6.211546e+01 -4.142821e+01  8.000000e+01
   endloop
 endfacet
 facet normal  0.000000e+00  0.000000e+00  1.000000e+00
   outer loop
     vertex  6.220798e+01 -4.125511e+01  8.000000e+01
     vertex  6.015000e+01 -4.015000e+01  8.000000e+01
     vertex  6.216384e+01 -4.134279e+01  8.000000e+01
   endloop
 endfacet
 facet normal  0.000000e+00  0.000000e+00  1.000000e+00
   outer loop
     vertex  6.224776e+01 -4.116537e+01  8.000000e+01
     vertex  6.015000e+01 -4.015000e+01  8.000000e+01
     vertex  6.220798e+01 -4.125511e+01  8.000000e+01
   endloop
 endfacet
 facet normal  0.000000e+00  0.000000e+00  1.000000e+00
   outer loop
     vertex  6.228309e+01 -4.107378e+01  8.000000e+01
     vertex  6.015000e+01 -4.015000e+01  8.000000e+01
     vertex  6.224776e+01 -4.116537e+01  8.000000e+01
   endloop
 endfacet
 facet normal  0.000000e+00  0.000000e+00  1.000000e+00
   outer loop
     vertex  6.231388e+01 -4.098057e+01  8.000000e+01
     vertex  6.015000e+01 -4.015000e+01  8.000000e+01
     vertex  6.228309e+01 -4.107378e+01  8.000000e+01
   endloop
 endfacet
 facet normal  0.000000e+00  0.000000e+00  1.000000e+00
   outer loop
     vertex  6.234006e+01 -4.088596e+01  8.000000e+01
     vertex  6.015000e+01 -4.015000e+01  8.000000e+01
     vertex  6.231388e+01 -4.098057e+01  8.000000e+01
   endloop
 endfacet
 facet normal  0.000000e+00  0.000000e+00  1.000000e+00
   outer loop
     vertex  6.236157e+01 -4.079018e+01  8.000000e+01
     vertex  6.015000e+01 -4.015000e+01  8.000000e+01
     vertex  6.234006e+01 -4.088596e+01  8.000000e+01
   endloop
 endfacet
 facet normal  0.000000e+00  0.000000e+00  1.000000e+00
   outer loop
     vertex  6.237835e+01 -4.069346e+01  8.000000e+01
     vertex  6.015000e+01 -4.015000e+01  8.000000e+01
     vertex  6.236157e+01 -4.079018e+01  8.000000e+01
   endloop
 endfacet
 facet normal  0.000000e+00  0.000000e+00  1.000000e+00
   outer loop
     vertex  6.239037e+01 -4.059603e+01  8.000000e+01
     vertex  6.015000e+01 -4.015000e+01  8.000000e+01
     vertex  6.237835e+01 -4.069346e+01  8.000000e+01
   endloop
 endfacet
 facet normal  0.000000e+00  0.000000e+00  1.000000e+00
   outer loop
     vertex  6.239759e+01 -4.049814e+01  8.000000e+01
     vertex  6.015000e+01 -4.015000e+01  8.000000e+01
     vertex  6.239037e+01 -4.059603e+01  8.000000e+01
   endloop
 endfacet
 facet normal  0.000000e+00  0.000000e+00  1.000000e+00
   outer loop
     vertex  6.240000e+01 -4.040000e+01  8.000000e+01
     vertex  6.015000e+01 -4.015000e+01  8.000000e+01
     vertex  6.239759e+01 -4.049814e+01  8.000000e+01
   endloop
 endfacet
 facet normal  0.000000e+00  0.000000e+00  1.000000e+00
   outer loop
     vertex  6.015000e+01  4.015000e+01  8.000000e+01
     vertex  6.015000e+01 -4.015000e+01  8.000000e+01
     vertex  6.240000e+01 -4.040000e+01  8.000000e+01
   endloop
 endfacet
 facet normal  0.000000e+00  0.000000e+00  1.000000e+00
   outer loop
     vertex  6.015000e+01  4.015000e+01  8.000000e+01
     vertex -6.040000e+01  4.240000e+01  8.000000e+01
     vertex -6.015000e+01  4.015000e+01  8.000000e+01
   endloop
 endfacet
 facet normal  0.000000e+00  0.000000e+00  1.000000e+00
   outer loop
     vertex  6.240000e+01  4.040000e+01  8.000000e+01
     vertex  6.015000e+01  4.015000e+01  8.000000e+01
     vertex  6.240000e+01 -4.040000e+01  8.000000e+01
   endloop
 endfacet
 facet normal  0.000000e+00  0.000000e+00  1.000000e+00
   outer loop
     vertex  6.040000e+01  4.240000e+01  8.000000e+01
     vertex -6.040000e+01  4.240000e+01  8.000000e+01
     vertex  6.015000e+01  4.015000e+01  8.000000e+01
   endloop
 endfacet
 facet normal  0.000000e+00  0.000000e+00  1.000000e+00
   outer loop
     vertex  6.239759e+01  4.049814e+01  8.000000e+01
     vertex  6.015000e+01  4.015000e+01  8.000000e+01
     vertex  6.240000e+01  4.040000e+01  8.000000e+01
   endloop
 endfacet
 facet normal  0.000000e+00  0.000000e+00  1.000000e+00
   outer loop
     vertex  6.049814e+01  4.239759e+01  8.000000e+01
     vertex  6.040000e+01  4.240000e+01  8.000000e+01
     vertex  6.015000e+01  4.015000e+01  8.000000e+01
   endloop
 endfacet
 facet normal  0.000000e+00  0.000000e+00  1.000000e+00
   outer loop
     vertex  6.239037e+01  4.059603e+01  8.000000e+01
     vertex  6.015000e+01  4.015000e+01  8.000000e+01
     vertex  6.239759e+01  4.049814e+01  8.000000e+01
   endloop
 endfacet
 facet normal  0.000000e+00  0.000000e+00  1.000000e+00
   outer loop
     vertex  6.059603e+01  4.239037e+01  8.000000e+01
     vertex  6.049814e+01  4.239759e+01  8.000000e+01
     vertex  6.015000e+01  4.015000e+01  8.000000e+01
   endloop
 endfacet
 facet normal  0.000000e+00  0.000000e+00  1.000000e+00
   outer loop
     vertex  6.237835e+01  4.069346e+01  8.000000e+01
     vertex  6.015000e+01  4.015000e+01  8.000000e+01
     vertex  6.239037e+01  4.059603e+01  8.000000e+01
   endloop
 endfacet
 facet normal  0.000000e+00  0.000000e+00  1.000000e+00
   outer loop
     vertex  6.069346e+01  4.237835e+01  8.000000e+01
     vertex  6.059603e+01  4.239037e+01  8.000000e+01
     vertex  6.015000e+01  4.015000e+01  8.000000e+01
   endloop
 endfacet
 facet normal  0.000000e+00  0.000000e+00  1.000000e+00
   outer loop
     vertex  6.079018e+01  4.236157e+01  8.000000e+01
     vertex  6.069346e+01  4.237835e+01  8.000000e+01
     vertex  6.015000e+01  4.015000e+01  8.000000e+01
   endloop
 endfacet
 facet normal  0.000000e+00  0.000000e+00  1.000000e+00
   outer loop
     vertex  6.236157e+01  4.079018e+01  8.000000e+01
     vertex  6.015000e+01  4.015000e+01  8.000000e+01
     vertex  6.237835e+01  4.069346e+01  8.000000e+01
   endloop
 endfacet
 facet normal  0.000000e+00  0.000000e+00  1.000000e+00
   outer loop
     vertex  6.088596e+01  4.234006e+01  8.000000e+01
     vertex  6.079018e+01  4.236157e+01  8.000000e+01
     vertex  6.015000e+01  4.015000e+01  8.000000e+01
   endloop
 endfacet
 facet normal  0.000000e+00  0.000000e+00  1.000000e+00
   outer loop
     vertex  6.234006e+01  4.088596e+01  8.000000e+01
     vertex  6.015000e+01  4.015000e+01  8.000000e+01
     vertex  6.236157e+01  4.079018e+01  8.000000e+01
   endloop
 endfacet
 facet normal  0.000000e+00  0.000000e+00  1.000000e+00
   outer loop
     vertex  6.098057e+01  4.231388e+01  8.000000e+01
     vertex  6.088596e+01  4.234006e+01  8.000000e+01
     vertex  6.015000e+01  4.015000e+01  8.000000e+01
   endloop
 endfacet
 facet normal  0.000000e+00  0.000000e+00  1.000000e+00
   outer loop
     vertex  6.231388e+01  4.098057e+01  8.000000e+01
     vertex  6.015000e+01  4.015000e+01  8.000000e+01
     vertex  6.234006e+01  4.088596e+01  8.000000e+01
   endloop
 endfacet
 facet normal  0.000000e+00  0.000000e+00  1.000000e+00
   outer loop
     vertex  6.107378e+01  4.228309e+01  8.000000e+01
     vertex  6.098057e+01  4.231388e+01  8.000000e+01
     vertex  6.015000e+01  4.015000e+01  8.000000e+01
   endloop
 endfacet
 facet normal  0.000000e+00  0.000000e+00  1.000000e+00
   outer loop
     vertex  6.228309e+01  4.107378e+01  8.000000e+01
     vertex  6.015000e+01  4.015000e+01  8.000000e+01
     vertex  6.231388e+01  4.098057e+01  8.000000e+01
   endloop
 endfacet
 facet normal  0.000000e+00  0.000000e+00  1.000000e+00
   outer loop
     vertex  6.116537e+01  4.224776e+01  8.000000e+01
     vertex  6.107378e+01  4.228309e+01  8.000000e+01
     vertex  6.015000e+01  4.015000e+01  8.000000e+01
   endloop
 endfacet
 facet normal  0.000000e+00  0.000000e+00  1.000000e+00
   outer loop
     vertex  6.224776e+01  4.116537e+01  8.000000e+01
     vertex  6.015000e+01  4.015000e+01  8.000000e+01
     vertex  6.228309e+01  4.107378e+01  8.000000e+01
   endloop
 endfacet
 facet normal  0.000000e+00  0.000000e+00  1.000000e+00
   outer loop
     vertex  6.125511e+01  4.220798e+01  8.000000e+01
     vertex  6.116537e+01  4.224776e+01  8.000000e+01
     vertex  6.015000e+01  4.015000e+01  8.000000e+01
   endloop
 endfacet
 facet normal  0.000000e+00  0.000000e+00  1.000000e+00
   outer loop
     vertex  6.220798e+01  4.125511e+01  8.000000e+01
     vertex  6.015000e+01  4.015000e+01  8.000000e+01
     vertex  6.224776e+01  4.116537e+01  8.000000e+01
   endloop
 endfacet
 facet normal  0.000000e+00  0.000000e+00  1.000000e+00
   outer loop
     vertex  6.134279e+01  4.216384e+01  8.000000e+01
     vertex  6.125511e+01  4.220798e+01  8.000000e+01
     vertex  6.015000e+01  4.015000e+01  8.000000e+01
   endloop
 endfacet
 facet normal  0.000000e+00  0.000000e+00  1.000000e+00
   outer loop
     vertex  6.216384e+01  4.134279e+01  8.000000e+01
     vertex  6.015000e+01  4.015000e+01  8.000000e+01
     vertex  6.220798e+01  4.125511e+01  8.000000e+01
   endloop
 endfacet
 facet normal  0.000000e+00  0.000000e+00  1.000000e+00
   outer loop
     vertex  6.142821e+01  4.211546e+01  8.000000e+01
     vertex  6.134279e+01  4.216384e+01  8.000000e+01
     vertex  6.015000e+01  4.015000e+01  8.000000e+01
   endloop
 endfacet
 facet normal  0.000000e+00  0.000000e+00  1.000000e+00
   outer loop
     vertex  6.211546e+01  4.142821e+01  8.000000e+01
     vertex  6.015000e+01  4.015000e+01  8.000000e+01
     vertex  6.216384e+01  4.134279e+01  8.000000e+01
   endloop
 endfacet
 facet normal  0.000000e+00  0.000000e+00  1.000000e+00
   outer loop
     vertex  6.151114e+01  4.206294e+01  8.000000e+01
     vertex  6.142821e+01  4.211546e+01  8.000000e+01
     vertex  6.015000e+01  4.015000e+01  8.000000e+01
   endloop
 endfacet
 facet normal  0.000000e+00  0.000000e+00  1.000000e+00
   outer loop
     vertex  6.206294e+01  4.151114e+01  8.000000e+01
     vertex  6.015000e+01  4.015000e+01  8.000000e+01
     vertex  6.211546e+01  4.142821e+01  8.000000e+01
   endloop
 endfacet
 facet normal  0.000000e+00  0.000000e+00  1.000000e+00
   outer loop
     vertex  6.159140e+01  4.200642e+01  8.000000e+01
     vertex  6.151114e+01  4.206294e+01  8.000000e+01
     vertex  6.015000e+01  4.015000e+01  8.000000e+01
   endloop
 endfacet
 facet normal  0.000000e+00  0.000000e+00  1.000000e+00
   outer loop
     vertex  6.200642e+01  4.159140e+01  8.000000e+01
     vertex  6.015000e+01  4.015000e+01  8.000000e+01
     vertex  6.206294e+01  4.151114e+01  8.000000e+01
   endloop
 endfacet
 facet normal  0.000000e+00  0.000000e+00  1.000000e+00
   outer loop
     vertex  6.166879e+01  4.194602e+01  8.000000e+01
     vertex  6.159140e+01  4.200642e+01  8.000000e+01
     vertex  6.015000e+01  4.015000e+01  8.000000e+01
   endloop
 endfacet
 facet normal  0.000000e+00  0.000000e+00  1.000000e+00
   outer loop
     vertex  6.194602e+01  4.166879e+01  8.000000e+01
     vertex  6.015000e+01  4.015000e+01  8.000000e+01
     vertex  6.200642e+01  4.159140e+01  8.000000e+01
   endloop
 endfacet
 facet normal  0.000000e+00  0.000000e+00  1.000000e+00
   outer loop
     vertex  6.174312e+01  4.188190e+01  8.000000e+01
     vertex  6.166879e+01  4.194602e+01  8.000000e+01
     vertex  6.015000e+01  4.015000e+01  8.000000e+01
   endloop
 endfacet
 facet normal  0.000000e+00  0.000000e+00  1.000000e+00
   outer loop
     vertex  6.188190e+01  4.174312e+01  8.000000e+01
     vertex  6.015000e+01  4.015000e+01  8.000000e+01
     vertex  6.194602e+01  4.166879e+01  8.000000e+01
   endloop
 endfacet
 facet normal  0.000000e+00  0.000000e+00  1.000000e+00
   outer loop
     vertex  6.181421e+01  4.181421e+01  8.000000e+01
     vertex  6.015000e+01  4.015000e+01  8.000000e+01
     vertex  6.188190e+01  4.174312e+01  8.000000e+01
   endloop
 endfacet
 facet normal  0.000000e+00  0.000000e+00  1.000000e+00
   outer loop
     vertex  6.181421e+01  4.181421e+01  8.000000e+01
     vertex  6.174312e+01  4.188190e+01  8.000000e+01
     vertex  6.015000e+01  4.015000e+01  8.000000e+01
   endloop
 endfacet
 facet normal -1.000000e+00  0.000000e+00  0.000000e+00
   outer loop
     vertex -6.240000e+01 -4.040000e+01  8.000000e+01
     vertex -6.240000e+01  4.040000e+01  8.000000e+01
     vertex -6.240000e+01  4.040000e+01  6.200000e+01
   endloop
 endfacet
 facet normal -1.000000e+00  0.000000e+00  0.000000e+00
   outer loop
     vertex -6.240000e+01 -4.040000e+01  6.200000e+01
     vertex -6.240000e+01 -4.040000e+01  8.000000e+01
     vertex -6.240000e+01  4.040000e+01  6.200000e+01
   endloop
 endfacet
 facet normal  1.000000e+00  0.000000e+00  0.000000e+00
   outer loop
     vertex  6.240000e+01  4.040000e+01  8.000000e+01
     vertex  6.240000e+01 -4.040000e+01  8.000000e+01
     vertex  6.240000e+01 -4.040000e+01  6.200000e+01
   endloop
 endfacet
 facet normal  1.000000e+00  0.000000e+00 -0.000000e+00
   outer loop
     vertex  6.240000e+01  4.040000e+01  6.200000e+01
     vertex  6.240000e+01  4.040000e+01  8.000000e+01
     vertex  6.240000e+01 -4.040000e+01  6.200000e+01
   endloop
 endfacet
 facet normal -2.454123e-02  9.996988e-01  0.000000e+00
   outer loop
     vertex -6.049814e+01  4.239759e+01  8.000000e+01
     vertex -6.040000e+01  4.240000e+01  6.200000e+01
     vertex -6.049814e+01  4.239759e+01  6.200000e+01
   endloop
 endfacet
 facet normal -7.356456e-02  9.972905e-01  0.000000e+00
   outer loop
     vertex -6.049814e+01  4.239759e+01  8.000000e+01
     vertex -6.049814e+01  4.239759e+01  6.200000e+01
     vertex -6.059603e+01  4.239037e+01  6.200000e+01
   endloop
 endfacet
 facet normal -2.454123e-02  9.996988e-01 -1.307148e-21
   outer loop
     vertex -6.049814e+01  4.239759e+01  8.000000e+01
     vertex -6.040000e+01  4.240000e+01  8.000000e+01
     vertex -6.040000e+01  4.240000e+01  6.200000e+01
   endloop
 endfacet
 facet normal -1.224107e-01  9.924795e-01  0.000000e+00
   outer loop
     vertex -6.059603e+01  4.239037e+01  8.000000e+01
     vertex -6.059603e+01  4.239037e+01  6.200000e+01
     vertex -6.069346e+01  4.237835e+01  6.200000e+01
   endloop
 endfacet
 facet normal -7.356456e-02  9.972905e-01  0.000000e+00
   outer loop
     vertex -6.059603e+01  4.239037e+01  8.000000e+01
     vertex -6.049814e+01  4.239759e+01  8.000000e+01
     vertex -6.059603e+01  4.239037e+01  6.200000e+01
   endloop
 endfacet
 facet normal -1.224107e-01  9.924795e-01  0.000000e+00
   outer loop
     vertex -6.069346e+01  4.237835e+01  8.000000e+01
     vertex -6.059603e+01  4.239037e+01  8.000000e+01
     vertex -6.069346e+01  4.237835e+01  6.200000e+01
   endloop
 endfacet
 facet normal -1.709619e-01  9.852776e-01  0.000000e+00
   outer loop
     vertex -6.079018e+01  4.236157e+01  8.000000e+01
     vertex -6.069346e+01  4.237835e+01  6.200000e+01
     vertex -6.079018e+01  4.236157e+01  6.200000e+01
   endloop
 endfacet
 facet normal -1.709619e-01  9.852776e-01  1.190780e-20
   outer loop
     vertex -6.079018e+01  4.236157e+01  8.000000e+01
     vertex -6.069346e+01  4.237835e+01  8.000000e+01
     vertex -6.069346e+01  4.237835e+01  6.200000e+01
   endloop
 endfacet
 facet normal -2.191012e-01  9.757021e-01  0.000000e+00
   outer loop
     vertex -6.088596e+01  4.234006e+01  8.000000e+01
     vertex -6.079018e+01  4.236157e+01  6.200000e+01
     vertex -6.088596e+01  4.234006e+01  6.200000e+01
   endloop
 endfacet
 facet normal -2.191012e-01  9.757021e-01  7.908796e-20
   outer loop
     vertex -6.088596e+01  4.234006e+01  8.000000e+01
     vertex -6.079018e+01  4.236157e+01  8.000000e+01
     vertex -6.079018e+01  4.236157e+01  6.200000e+01
   endloop
 endfacet
 facet normal -2.667128e-01  9.637761e-01  0.000000e+00
   outer loop
     vertex -6.098057e+01  4.231388e+01  8.000000e+01
     vertex -6.088596e+01  4.234006e+01  6.200000e+01
     vertex -6.098057e+01  4.231388e+01  6.200000e+01
   endloop
 endfacet
 facet normal -3.136817e-01  9.495282e-01  0.000000e+00
   outer loop
     vertex -6.098057e+01  4.231388e+01  8.000000e+01
     vertex -6.098057e+01  4.231388e+01  6.200000e+01
     vertex -6.107378e+01  4.228309e+01  6.200000e+01
   endloop
 endfacet
 facet normal -2.667128e-01  9.637761e-01 -8.912344e-20
   outer loop
     vertex -6.098057e+01  4.231388e+01  8.000000e+01
     vertex -6.088596e+01  4.234006e+01  8.000000e+01
     vertex -6.088596e+01  4.234006e+01  6.200000e+01
   endloop
 endfacet
 facet normal -3.136817e-01  9.495282e-01  0.000000e+00
   outer loop
     vertex -6.107378e+01  4.228309e+01  8.000000e+01
     vertex -6.098057e+01  4.231388e+01  8.000000e+01
     vertex -6.107378e+01  4.228309e+01  6.200000e+01
   endloop
 endfacet
 facet normal -3.598950e-01  9.329928e-01 -3.905012e-20
   outer loop
     vertex -6.116537e+01  4.224776e+01  8.000000e+01
     vertex -6.107378e+01  4.228309e+01  8.000000e+01
     vertex -6.107378e+01  4.228309e+01  6.200000e+01
   endloop
 endfacet
 facet normal -3.598950e-01  9.329928e-01  0.000000e+00
   outer loop
     vertex -6.116537e+01  4.224776e+01  8.000000e+01
     vertex -6.107378e+01  4.228309e+01  6.200000e+01
     vertex -6.116537e+01  4.224776e+01  6.200000e+01
   endloop
 endfacet
 facet normal -4.052413e-01  9.142098e-01  0.000000e+00
   outer loop
     vertex -6.116537e+01  4.224776e+01  8.000000e+01
     vertex -6.116537e+01  4.224776e+01  6.200000e+01
     vertex -6.125511e+01  4.220798e+01  6.200000e+01
   endloop
 endfacet
 facet normal -4.052413e-01  9.142098e-01  0.000000e+00
   outer loop
     vertex -6.125511e+01  4.220798e+01  8.000000e+01
     vertex -6.116537e+01  4.224776e+01  8.000000e+01
     vertex -6.125511e+01  4.220798e+01  6.200000e+01
   endloop
 endfacet
 facet normal -4.496113e-01  8.932243e-01  0.000000e+00
   outer loop
     vertex -6.134279e+01  4.216384e+01  8.000000e+01
     vertex -6.125511e+01  4.220798e+01  6.200000e+01
     vertex -6.134279e+01  4.216384e+01  6.200000e+01
   endloop
 endfacet
 facet normal -4.496113e-01  8.932243e-01 -1.025269e-19
   outer loop
     vertex -6.134279e+01  4.216384e+01  8.000000e+01
     vertex -6.125511e+01  4.220798e+01  8.000000e+01
     vertex -6.125511e+01  4.220798e+01  6.200000e+01
   endloop
 endfacet
 facet normal -4.928982e-01  8.700870e-01  0.000000e+00
   outer loop
     vertex -6.142821e+01  4.211546e+01  8.000000e+01
     vertex -6.134279e+01  4.216384e+01  6.200000e+01
     vertex -6.142821e+01  4.211546e+01  6.200000e+01
   endloop
 endfacet
 facet normal -4.928982e-01  8.700870e-01 -1.015967e-19
   outer loop
     vertex -6.142821e+01  4.211546e+01  8.000000e+01
     vertex -6.134279e+01  4.216384e+01  8.000000e+01
     vertex -6.134279e+01  4.216384e+01  6.200000e+01
   endloop
 endfacet
 facet normal -5.349976e-01  8.448536e-01  0.000000e+00
   outer loop
     vertex -6.151114e+01  4.206294e+01  8.000000e+01
     vertex -6.142821e+01  4.211546e+01  6.200000e+01
     vertex -6.151114e+01  4.206294e+01  6.200000e+01
   endloop
 endfacet
 facet normal -5.349976e-01  8.448536e-01 -1.689747e-19
   outer loop
     vertex -6.151114e+01  4.206294e+01  8.000000e+01
     vertex -6.142821e+01  4.211546e+01  8.000000e+01
     vertex -6.142821e+01  4.211546e+01  6.200000e+01
   endloop
 endfacet
 facet normal -5.758082e-01  8.175848e-01  0.000000e+00
   outer loop
     vertex -6.159140e+01  4.200642e+01  8.000000e+01
     vertex -6.151114e+01  4.206294e+01  6.200000e+01
     vertex -6.159140e+01  4.200642e+01  6.200000e+01
   endloop
 endfacet
 facet normal -5.758082e-01  8.175848e-01  2.254882e-19
   outer loop
     vertex -6.159140e+01  4.200642e+01  8.000000e+01
     vertex -6.151114e+01  4.206294e+01  8.000000e+01
     vertex -6.151114e+01  4.206294e+01  6.200000e+01
   endloop
 endfacet
 facet normal -6.152316e-01  7.883464e-01  0.000000e+00
   outer loop
     vertex -6.166879e+01  4.194602e+01  8.000000e+01
     vertex -6.159140e+01  4.200642e+01  6.200000e+01
     vertex -6.166879e+01  4.194602e+01  6.200000e+01
   endloop
 endfacet
 facet normal -6.531728e-01  7.572088e-01  0.000000e+00
   outer loop
     vertex -6.166879e+01  4.194602e+01  8.000000e+01
     vertex -6.166879e+01  4.194602e+01  6.200000e+01
     vertex -6.174312e+01  4.188190e+01  6.200000e+01
   endloop
 endfacet
 facet normal -6.152316e-01  7.883464e-01 -1.362102e-19
   outer loop
     vertex -6.166879e+01  4.194602e+01  8.000000e+01
     vertex -6.159140e+01  4.200642e+01  8.000000e+01
     vertex -6.159140e+01  4.200642e+01  6.200000e+01
   endloop
 endfacet
 facet normal -6.895405e-01  7.242471e-01  0.000000e+00
   outer loop
     vertex -6.174312e+01  4.188190e+01  8.000000e+01
     vertex -6.174312e+01  4.188190e+01  6.200000e+01
     vertex -6.181421e+01  4.181421e+01  6.200000e+01
   endloop
 endfacet
 facet normal -6.531728e-01  7.572088e-01  0.000000e+00
   outer loop
     vertex -6.174312e+01  4.188190e+01  8.000000e+01
     vertex -6.166879e+01  4.194602e+01  8.000000e+01
     vertex -6.174312e+01  4.188190e+01  6.200000e+01
   endloop
 endfacet
 facet normal -7.242471e-01  6.895405e-01  0.000000e+00
   outer loop
     vertex -6.181421e+01  4.181421e+01  8.000000e+01
     vertex -6.181421e+01  4.181421e+01  6.200000e+01
     vertex -6.188190e+01  4.174312e+01  6.200000e+01
   endloop
 endfacet
 facet normal -6.895405e-01  7.242471e-01  0.000000e+00
   outer loop
     vertex -6.181421e+01  4.181421e+01  8.000000e+01
     vertex -6.174312e+01  4.188190e+01  8.000000e+01
     vertex -6.181421e+01  4.181421e+01  6.200000e+01
   endloop
 endfacet
 facet normal -7.242471e-01  6.895405e-01  0.000000e+00
   outer loop
     vertex -6.188190e+01  4.174312e+01  8.000000e+01
     vertex -6.181421e+01  4.181421e+01  8.000000e+01
     vertex -6.188190e+01  4.174312e+01  6.200000e+01
   endloop
 endfacet
 facet normal -7.572088e-01  6.531728e-01  0.000000e+00
   outer loop
     vertex -6.194602e+01  4.166879e+01  8.000000e+01
     vertex -6.188190e+01  4.174312e+01  6.200000e+01
     vertex -6.194602e+01  4.166879e+01  6.200000e+01
   endloop
 endfacet
 facet normal -7.572088e-01  6.531728e-01  1.797841e-19
   outer loop
     vertex -6.194602e+01  4.166879e+01  8.000000e+01
     vertex -6.188190e+01  4.174312e+01  8.000000e+01
     vertex -6.188190e+01  4.174312e+01  6.200000e+01
   endloop
 endfacet
 facet normal -7.883464e-01  6.152316e-01  0.000000e+00
   outer loop
     vertex -6.200642e+01  4.159140e+01  8.000000e+01
     vertex -6.194602e+01  4.166879e+01  6.200000e+01
     vertex -6.200642e+01  4.159140e+01  6.200000e+01
   endloop
 endfacet
 facet normal -7.883464e-01  6.152316e-01 -1.362102e-19
   outer loop
     vertex -6.200642e+01  4.159140e+01  8.000000e+01
     vertex -6.194602e+01  4.166879e+01  8.000000e+01
     vertex -6.194602e+01  4.166879e+01  6.200000e+01
   endloop
 endfacet
 facet normal -8.175848e-01  5.758082e-01  0.000000e+00
   outer loop
     vertex -6.206294e+01  4.151114e+01  8.000000e+01
     vertex -6.200642e+01  4.159140e+01  6.200000e+01
     vertex -6.206294e+01  4.151114e+01  6.200000e+01
   endloop
 endfacet
 facet normal -8.175848e-01  5.758082e-01 -3.236530e-20
   outer loop
     vertex -6.206294e+01  4.151114e+01  8.000000e+01
     vertex -6.200642e+01  4.159140e+01  8.000000e+01
     vertex -6.200642e+01  4.159140e+01  6.200000e+01
   endloop
 endfacet
 facet normal -8.448536e-01  5.349976e-01  0.000000e+00
   outer loop
     vertex -6.211546e+01  4.142821e+01  8.000000e+01
     vertex -6.206294e+01  4.151114e+01  6.200000e+01
     vertex -6.211546e+01  4.142821e+01  6.200000e+01
   endloop
 endfacet
 facet normal -8.700870e-01  4.928982e-01  0.000000e+00
   outer loop
     vertex -6.211546e+01  4.142821e+01  8.000000e+01
     vertex -6.211546e+01  4.142821e+01  6.200000e+01
     vertex -6.216384e+01  4.134279e+01  6.200000e+01
   endloop
 endfacet
 facet normal -8.448536e-01  5.349976e-01  1.239127e-19
   outer loop
     vertex -6.211546e+01  4.142821e+01  8.000000e+01
     vertex -6.206294e+01  4.151114e+01  8.000000e+01
     vertex -6.206294e+01  4.151114e+01  6.200000e+01
   endloop
 endfacet
 facet normal -8.700870e-01  4.928982e-01  0.000000e+00
   outer loop
     vertex -6.216384e+01  4.134279e+01  8.000000e+01
     vertex -6.211546e+01  4.142821e+01  8.000000e+01
     vertex -6.216384e+01  4.134279e+01  6.200000e+01
   endloop
 endfacet
 facet normal -8.932243e-01  4.496113e-01  0.000000e+00
   outer loop
     vertex -6.220798e+01  4.125511e+01  8.000000e+01
     vertex -6.216384e+01  4.134279e+01  6.200000e+01
     vertex -6.220798e+01  4.125511e+01  6.200000e+01
   endloop
 endfacet
 facet normal -9.142098e-01  4.052413e-01  0.000000e+00
   outer loop
     vertex -6.220798e+01  4.125511e+01  8.000000e+01
     vertex -6.220798e+01  4.125511e+01  6.200000e+01
     vertex -6.224776e+01  4.116537e+01  6.200000e+01
   endloop
 endfacet
 facet normal -8.932243e-01  4.496113e-01 -7.180622e-20
   outer loop
     vertex -6.220798e+01  4.125511e+01  8.000000e+01
     vertex -6.216384e+01  4.134279e+01  8.000000e+01
     vertex -6.216384e+01  4.134279e+01  6.200000e+01
   endloop
 endfacet
 facet normal -9.329928e-01  3.598950e-01  0.000000e+00
   outer loop
     vertex -6.224776e+01  4.116537e+01  8.000000e+01
     vertex -6.224776e+01  4.116537e+01  6.200000e+01
     vertex -6.228309e+01  4.107378e+01  6.200000e+01
   endloop
 endfacet
 facet normal -9.142098e-01  4.052413e-01  0.000000e+00
   outer loop
     vertex -6.224776e+01  4.116537e+01  8.000000e+01
     vertex -6.220798e+01  4.125511e+01  8.000000e+01
     vertex -6.224776e+01  4.116537e+01  6.200000e+01
   endloop
 endfacet
 facet normal -9.329928e-01  3.598950e-01  0.000000e+00
   outer loop
     vertex -6.228309e+01  4.107378e+01  8.000000e+01
     vertex -6.224776e+01  4.116537e+01  8.000000e+01
     vertex -6.228309e+01  4.107378e+01  6.200000e+01
   endloop
 endfacet
 facet normal -9.495282e-01  3.136817e-01  0.000000e+00
   outer loop
     vertex -6.231388e+01  4.098057e+01  8.000000e+01
     vertex -6.228309e+01  4.107378e+01  6.200000e+01
     vertex -6.231388e+01  4.098057e+01  6.200000e+01
   endloop
 endfacet
 facet normal -9.495282e-01  3.136817e-01 -5.939809e-20
   outer loop
     vertex -6.231388e+01  4.098057e+01  8.000000e+01
     vertex -6.228309e+01  4.107378e+01  8.000000e+01
     vertex -6.228309e+01  4.107378e+01  6.200000e+01
   endloop
 endfacet
 facet normal -9.637761e-01  2.667128e-01  0.000000e+00
   outer loop
     vertex -6.234006e+01  4.088596e+01  8.000000e+01
     vertex -6.231388e+01  4.098057e+01  6.200000e+01
     vertex -6.234006e+01  4.088596e+01  6.200000e+01
   endloop
 endfacet
 facet normal -9.757021e-01  2.191012e-01  0.000000e+00
   outer loop
     vertex -6.234006e+01  4.088596e+01  8.000000e+01
     vertex -6.234006e+01  4.088596e+01  6.200000e+01
     vertex -6.236157e+01  4.079018e+01  6.200000e+01
   endloop
 endfacet
 facet normal -9.637761e-01  2.667128e-01 -8.912344e-20
   outer loop
     vertex -6.234006e+01  4.088596e+01  8.000000e+01
     vertex -6.231388e+01  4.098057e+01  8.000000e+01
     vertex -6.231388e+01  4.098057e+01  6.200000e+01
   endloop
 endfacet
 facet normal -9.852776e-01  1.709619e-01  0.000000e+00
   outer loop
     vertex -6.236157e+01  4.079018e+01  8.000000e+01
     vertex -6.236157e+01  4.079018e+01  6.200000e+01
     vertex -6.237835e+01  4.069346e+01  6.200000e+01
   endloop
 endfacet
 facet normal -9.757021e-01  2.191012e-01  0.000000e+00
   outer loop
     vertex -6.236157e+01  4.079018e+01  8.000000e+01
     vertex -6.234006e+01  4.088596e+01  8.000000e+01
     vertex -6.236157e+01  4.079018e+01  6.200000e+01
   endloop
 endfacet
 facet normal -9.852776e-01  1.709619e-01  0.000000e+00
   outer loop
     vertex -6.237835e+01  4.069346e+01  8.000000e+01
     vertex -6.236157e+01  4.079018e+01  8.000000e+01
     vertex -6.237835e+01  4.069346e+01  6.200000e+01
   endloop
 endfacet
 facet normal -9.924795e-01  1.224107e-01  0.000000e+00
   outer loop
     vertex -6.239037e+01  4.059603e+01  8.000000e+01
     vertex -6.237835e+01  4.069346e+01  6.200000e+01
     vertex -6.239037e+01  4.059603e+01  6.200000e+01
   endloop
 endfacet
 facet normal -9.972905e-01  7.356456e-02  0.000000e+00
   outer loop
     vertex -6.239037e+01  4.059603e+01  8.000000e+01
     vertex -6.239037e+01  4.059603e+01  6.200000e+01
     vertex -6.239759e+01  4.049814e+01  6.200000e+01
   endloop
 endfacet
 facet normal -9.924795e-01  1.224107e-01  4.728490e-20
   outer loop
     vertex -6.239037e+01  4.059603e+01  8.000000e+01
     vertex -6.237835e+01  4.069346e+01  8.000000e+01
     vertex -6.237835e+01  4.069346e+01  6.200000e+01
   endloop
 endfacet
 facet normal -9.996988e-01  2.454123e-02  0.000000e+00
   outer loop
     vertex -6.239759e+01  4.049814e+01  8.000000e+01
     vertex -6.239759e+01  4.049814e+01  6.200000e+01
     vertex -6.240000e+01  4.040000e+01  6.200000e+01
   endloop
 endfacet
 facet normal -9.972905e-01  7.356456e-02  0.000000e+00
   outer loop
     vertex -6.239759e+01  4.049814e+01  8.000000e+01
     vertex -6.239037e+01  4.059603e+01  8.000000e+01
     vertex -6.239759e+01  4.049814e+01  6.200000e+01
   endloop
 endfacet
 facet normal -9.996988e-01  2.454123e-02  0.000000e+00
   outer loop
     vertex -6.240000e+01  4.040000e+01  8.000000e+01
     vertex -6.239759e+01  4.049814e+01  8.000000e+01
     vertex -6.240000e+01  4.040000e+01  6.200000e+01
   endloop
 endfacet
 facet normal  9.996988e-01  2.454123e-02  0.000000e+00
   outer loop
     vertex  6.239759e+01  4.049814e+01  8.000000e+01
     vertex  6.240000e+01  4.040000e+01  6.200000e+01
     vertex  6.239759e+01  4.049814e+01  6.200000e+01
   endloop
 endfacet
 facet normal  9.972905e-01  7.356456e-02  0.000000e+00
   outer loop
     vertex  6.239759e+01  4.049814e+01  8.000000e+01
     vertex  6.239759e+01  4.049814e+01  6.200000e+01
     vertex  6.239037e+01  4.059603e+01  6.200000e+01
   endloop
 endfacet
 facet normal  9.996988e-01  2.454123e-02  1.307148e-21
   outer loop
     vertex  6.239759e+01  4.049814e+01  8.000000e+01
     vertex  6.240000e+01  4.040000e+01  8.000000e+01
     vertex  6.240000e+01  4.040000e+01  6.200000e+01
   endloop
 endfacet
 facet normal  9.924795e-01  1.224107e-01  0.000000e+00
   outer loop
     vertex  6.239037e+01  4.059603e+01  8.000000e+01
     vertex  6.239037e+01  4.059603e+01  6.200000e+01
     vertex  6.237835e+01  4.069346e+01  6.200000e+01
   endloop
 endfacet
 facet normal  9.972905e-01  7.356456e-02  0.000000e+00
   outer loop
     vertex  6.239037e+01  4.059603e+01  8.000000e+01
     vertex  6.239759e+01  4.049814e+01  8.000000e+01
     vertex  6.239037e+01  4.059603e+01  6.200000e+01
   endloop
 endfacet
 facet normal  9.924795e-01  1.224107e-01  0.000000e+00
   outer loop
     vertex  6.237835e+01  4.069346e+01  8.000000e+01
     vertex  6.239037e+01  4.059603e+01  8.000000e+01
     vertex  6.237835e+01  4.069346e+01  6.200000e+01
   endloop
 endfacet
 facet normal  9.852776e-01  1.709619e-01  0.000000e+00
   outer loop
     vertex  6.236157e+01  4.079018e+01  8.000000e+01
     vertex  6.237835e+01  4.069346e+01  6.200000e+01
     vertex  6.236157e+01  4.079018e+01  6.200000e+01
   endloop
 endfacet
 facet normal  9.757021e-01  2.191012e-01  0.000000e+00
   outer loop
     vertex  6.236157e+01  4.079018e+01  8.000000e+01
     vertex  6.236157e+01  4.079018e+01  6.200000e+01
     vertex  6.234006e+01  4.088596e+01  6.200000e+01
   endloop
 endfacet
 facet normal  9.852776e-01  1.709619e-01 -5.006967e-20
   outer loop
     vertex  6.236157e+01  4.079018e+01  8.000000e+01
     vertex  6.237835e+01  4.069346e+01  8.000000e+01
     vertex  6.237835e+01  4.069346e+01  6.200000e+01
   endloop
 endfacet
 facet normal  9.757021e-01  2.191012e-01  0.000000e+00
   outer loop
     vertex  6.234006e+01  4.088596e+01  8.000000e+01
     vertex  6.236157e+01  4.079018e+01  8.000000e+01
     vertex  6.234006e+01  4.088596e+01  6.200000e+01
   endloop
 endfacet
 facet normal  9.637761e-01  2.667128e-01  0.000000e+00
   outer loop
     vertex  6.231388e+01  4.098057e+01  8.000000e+01
     vertex  6.234006e+01  4.088596e+01  6.200000e+01
     vertex  6.231388e+01  4.098057e+01  6.200000e+01
   endloop
 endfacet
 facet normal  9.637761e-01  2.667128e-01  8.912344e-20
   outer loop
     vertex  6.231388e+01  4.098057e+01  8.000000e+01
     vertex  6.234006e+01  4.088596e+01  8.000000e+01
     vertex  6.234006e+01  4.088596e+01  6.200000e+01
   endloop
 endfacet
 facet normal  9.495282e-01  3.136817e-01  0.000000e+00
   outer loop
     vertex  6.228309e+01  4.107378e+01  8.000000e+01
     vertex  6.231388e+01  4.098057e+01  6.200000e+01
     vertex  6.228309e+01  4.107378e+01  6.200000e+01
   endloop
 endfacet
 facet normal  9.329928e-01  3.598950e-01  0.000000e+00
   outer loop
     vertex  6.228309e+01  4.107378e+01  8.000000e+01
     vertex  6.228309e+01  4.107378e+01  6.200000e+01
     vertex  6.224776e+01  4.116537e+01  6.200000e+01
   endloop
 endfacet
 facet normal  9.495282e-01  3.136817e-01  2.051787e-20
   outer loop
     vertex  6.228309e+01  4.107378e+01  8.000000e+01
     vertex  6.231388e+01  4.098057e+01  8.000000e+01
     vertex  6.231388e+01  4.098057e+01  6.200000e+01
   endloop
 endfacet
 facet normal  9.329928e-01  3.598950e-01  0.000000e+00
   outer loop
     vertex  6.224776e+01  4.116537e+01  8.000000e+01
     vertex  6.228309e+01  4.107378e+01  8.000000e+01
     vertex  6.224776e+01  4.116537e+01  6.200000e+01
   endloop
 endfacet
 facet normal  9.142098e-01  4.052413e-01 -1.156759e-19
   outer loop
     vertex  6.220798e+01  4.125511e+01  8.000000e+01
     vertex  6.224776e+01  4.116537e+01  8.000000e+01
     vertex  6.224776e+01  4.116537e+01  6.200000e+01
   endloop
 endfacet
 facet normal  9.142098e-01  4.052413e-01  0.000000e+00
   outer loop
     vertex  6.220798e+01  4.125511e+01  8.000000e+01
     vertex  6.224776e+01  4.116537e+01  6.200000e+01
     vertex  6.220798e+01  4.125511e+01  6.200000e+01
   endloop
 endfacet
 facet normal  8.932243e-01  4.496113e-01  0.000000e+00
   outer loop
     vertex  6.216384e+01  4.134279e+01  8.000000e+01
     vertex  6.220798e+01  4.125511e+01  6.200000e+01
     vertex  6.216384e+01  4.134279e+01  6.200000e+01
   endloop
 endfacet
 facet normal  8.932243e-01  4.496113e-01  7.180622e-20
   outer loop
     vertex  6.216384e+01  4.134279e+01  8.000000e+01
     vertex  6.220798e+01  4.125511e+01  8.000000e+01
     vertex  6.220798e+01  4.125511e+01  6.200000e+01
   endloop
 endfacet
 facet normal  8.700870e-01  4.928982e-01  0.000000e+00
   outer loop
     vertex  6.211546e+01  4.142821e+01  8.000000e+01
     vertex  6.216384e+01  4.134279e+01  6.200000e+01
     vertex  6.211546e+01  4.142821e+01  6.200000e+01
   endloop
 endfacet
 facet normal  8.700870e-01  4.928982e-01 -2.064529e-19
   outer loop
     vertex  6.211546e+01  4.142821e+01  8.000000e+01
     vertex  6.216384e+01  4.134279e+01  8.000000e+01
     vertex  6.216384e+01  4.134279e+01  6.200000e+01
   endloop
 endfacet
 facet normal  8.448536e-01  5.349976e-01  0.000000e+00
   outer loop
     vertex  6.206294e+01  4.151114e+01  8.000000e+01
     vertex  6.211546e+01  4.142821e+01  6.200000e+01
     vertex  6.206294e+01  4.151114e+01  6.200000e+01
   endloop
 endfacet
 facet normal  8.448536e-01  5.349976e-01  1.689747e-19
   outer loop
     vertex  6.206294e+01  4.151114e+01  8.000000e+01
     vertex  6.211546e+01  4.142821e+01  8.000000e+01
     vertex  6.211546e+01  4.142821e+01  6.200000e+01
   endloop
 endfacet
 facet normal  8.175848e-01  5.758082e-01  0.000000e+00
   outer loop
     vertex  6.200642e+01  4.159140e+01  8.000000e+01
     vertex  6.206294e+01  4.151114e+01  6.200000e+01
     vertex  6.200642e+01  4.159140e+01  6.200000e+01
   endloop
 endfacet
 facet normal  8.175848e-01  5.758082e-01  2.428404e-19
   outer loop
     vertex  6.200642e+01  4.159140e+01  8.000000e+01
     vertex  6.206294e+01  4.151114e+01  8.000000e+01
     vertex  6.206294e+01  4.151114e+01  6.200000e+01
   endloop
 endfacet
 facet normal  7.883464e-01  6.152316e-01  0.000000e+00
   outer loop
     vertex  6.194602e+01  4.166879e+01  8.000000e+01
     vertex  6.200642e+01  4.159140e+01  6.200000e+01
     vertex  6.194602e+01  4.166879e+01  6.200000e+01
   endloop
 endfacet
 facet normal  7.883464e-01  6.152316e-01  1.362102e-19
   outer loop
     vertex  6.194602e+01  4.166879e+01  8.000000e+01
     vertex  6.200642e+01  4.159140e+01  8.000000e+01
     vertex  6.200642e+01  4.159140e+01  6.200000e+01
   endloop
 endfacet
 facet normal  7.572088e-01  6.531728e-01  0.000000e+00
   outer loop
     vertex  6.188190e+01  4.174312e+01  8.000000e+01
     vertex  6.194602e+01  4.166879e+01  6.200000e+01
     vertex  6.188190e+01  4.174312e+01  6.200000e+01
   endloop
 endfacet
 facet normal  7.572088e-01  6.531728e-01 -5.214167e-20
   outer loop
     vertex  6.188190e+01  4.174312e+01  8.000000e+01
     vertex  6.194602e+01  4.166879e+01  8.000000e+01
     vertex  6.194602e+01  4.166879e+01  6.200000e+01
   endloop
 endfacet
 facet normal  7.242471e-01  6.895405e-01  0.000000e+00
   outer loop
     vertex  6.181421e+01  4.181421e+01  8.000000e+01
     vertex  6.188190e+01  4.174312e+01  6.200000e+01
     vertex  6.181421e+01  4.181421e+01  6.200000e+01
   endloop
 endfacet
 facet normal  7.242471e-01  6.895405e-01 -1.599375e-19
   outer loop
     vertex  6.181421e+01  4.181421e+01  8.000000e+01
     vertex  6.188190e+01  4.174312e+01  8.000000e+01
     vertex  6.188190e+01  4.174312e+01  6.200000e+01
   endloop
 endfacet
 facet normal  6.895405e-01  7.242471e-01  0.000000e+00
   outer loop
     vertex  6.174312e+01  4.188190e+01  8.000000e+01
     vertex  6.181421e+01  4.181421e+01  6.200000e+01
     vertex  6.174312e+01  4.188190e+01  6.200000e+01
   endloop
 endfacet
 facet normal  6.531728e-01  7.572088e-01  0.000000e+00
   outer loop
     vertex  6.174312e+01  4.188190e+01  8.000000e+01
     vertex  6.174312e+01  4.188190e+01  6.200000e+01
     vertex  6.166879e+01  4.194602e+01  6.200000e+01
   endloop
 endfacet
 facet normal  6.895405e-01  7.242471e-01  8.268519e-20
   outer loop
     vertex  6.174312e+01  4.188190e+01  8.000000e+01
     vertex  6.181421e+01  4.181421e+01  8.000000e+01
     vertex  6.181421e+01  4.181421e+01  6.200000e+01
   endloop
 endfacet
 facet normal  6.531728e-01  7.572088e-01  0.000000e+00
   outer loop
     vertex  6.166879e+01  4.194602e+01  8.000000e+01
     vertex  6.174312e+01  4.188190e+01  8.000000e+01
     vertex  6.166879e+01  4.194602e+01  6.200000e+01
   endloop
 endfacet
 facet normal  6.152316e-01  7.883464e-01  0.000000e+00
   outer loop
     vertex  6.159140e+01  4.200642e+01  8.000000e+01
     vertex  6.166879e+01  4.194602e+01  6.200000e+01
     vertex  6.159140e+01  4.200642e+01  6.200000e+01
   endloop
 endfacet
 facet normal  6.152316e-01  7.883464e-01  1.362102e-19
   outer loop
     vertex  6.159140e+01  4.200642e+01  8.000000e+01
     vertex  6.166879e+01  4.194602e+01  8.000000e+01
     vertex  6.166879e+01  4.194602e+01  6.200000e+01
   endloop
 endfacet
 facet normal  5.758082e-01  8.175848e-01  0.000000e+00
   outer loop
     vertex  6.151114e+01  4.206294e+01  8.000000e+01
     vertex  6.159140e+01  4.200642e+01  6.200000e+01
     vertex  6.151114e+01  4.206294e+01  6.200000e+01
   endloop
 endfacet
 facet normal  5.758082e-01  8.175848e-01 -2.254882e-19
   outer loop
     vertex  6.151114e+01  4.206294e+01  8.000000e+01
     vertex  6.159140e+01  4.200642e+01  8.000000e+01
     vertex  6.159140e+01  4.200642e+01  6.200000e+01
   endloop
 endfacet
 facet normal  5.349976e-01  8.448536e-01  0.000000e+00
   outer loop
     vertex  6.142821e+01  4.211546e+01  8.000000e+01
     vertex  6.151114e+01  4.206294e+01  6.200000e+01
     vertex  6.142821e+01  4.211546e+01  6.200000e+01
   endloop
 endfacet
 facet normal  5.349976e-01  8.448536e-01  1.689747e-19
   outer loop
     vertex  6.142821e+01  4.211546e+01  8.000000e+01
     vertex  6.151114e+01  4.206294e+01  8.000000e+01
     vertex  6.151114e+01  4.206294e+01  6.200000e+01
   endloop
 endfacet
 facet normal  4.928982e-01  8.700870e-01  0.000000e+00
   outer loop
     vertex  6.134279e+01  4.216384e+01  8.000000e+01
     vertex  6.142821e+01  4.211546e+01  6.200000e+01
     vertex  6.134279e+01  4.216384e+01  6.200000e+01
   endloop
 endfacet
 facet normal  4.928982e-01  8.700870e-01 -4.801008e-20
   outer loop
     vertex  6.134279e+01  4.216384e+01  8.000000e+01
     vertex  6.142821e+01  4.211546e+01  8.000000e+01
     vertex  6.142821e+01  4.211546e+01  6.200000e+01
   endloop
 endfacet
 facet normal  4.496113e-01  8.932243e-01  0.000000e+00
   outer loop
     vertex  6.125511e+01  4.220798e+01  8.000000e+01
     vertex  6.134279e+01  4.216384e+01  6.200000e+01
     vertex  6.125511e+01  4.220798e+01  6.200000e+01
   endloop
 endfacet
 facet normal  4.496113e-01  8.932243e-01  1.025269e-19
   outer loop
     vertex  6.125511e+01  4.220798e+01  8.000000e+01
     vertex  6.134279e+01  4.216384e+01  8.000000e+01
     vertex  6.134279e+01  4.216384e+01  6.200000e+01
   endloop
 endfacet
 facet normal  4.052413e-01  9.142098e-01  0.000000e+00
   outer loop
     vertex  6.116537e+01  4.224776e+01  8.000000e+01
     vertex  6.125511e+01  4.220798e+01  6.200000e+01
     vertex  6.116537e+01  4.224776e+01  6.200000e+01
   endloop
 endfacet
 facet normal  3.598950e-01  9.329928e-01  0.000000e+00
   outer loop
     vertex  6.116537e+01  4.224776e+01  8.000000e+01
     vertex  6.116537e+01  4.224776e+01  6.200000e+01
     vertex  6.107378e+01  4.228309e+01  6.200000e+01
   endloop
 endfacet
 facet normal  4.052413e-01  9.142098e-01  1.008116e-19
   outer loop
     vertex  6.116537e+01  4.224776e+01  8.000000e+01
     vertex  6.125511e+01  4.220798e+01  8.000000e+01
     vertex  6.125511e+01  4.220798e+01  6.200000e+01
   endloop
 endfacet
 facet normal  3.136817e-01  9.495282e-01  0.000000e+00
   outer loop
     vertex  6.107378e+01  4.228309e+01  8.000000e+01
     vertex  6.107378e+01  4.228309e+01  6.200000e+01
     vertex  6.098057e+01  4.231388e+01  6.200000e+01
   endloop
 endfacet
 facet normal  3.598950e-01  9.329928e-01  0.000000e+00
   outer loop
     vertex  6.107378e+01  4.228309e+01  8.000000e+01
     vertex  6.116537e+01  4.224776e+01  8.000000e+01
     vertex  6.107378e+01  4.228309e+01  6.200000e+01
   endloop
 endfacet
 facet normal  3.136817e-01  9.495282e-01  0.000000e+00
   outer loop
     vertex  6.098057e+01  4.231388e+01  8.000000e+01
     vertex  6.107378e+01  4.228309e+01  8.000000e+01
     vertex  6.098057e+01  4.231388e+01  6.200000e+01
   endloop
 endfacet
 facet normal  2.667128e-01  9.637761e-01  0.000000e+00
   outer loop
     vertex  6.088596e+01  4.234006e+01  8.000000e+01
     vertex  6.098057e+01  4.231388e+01  6.200000e+01
     vertex  6.088596e+01  4.234006e+01  6.200000e+01
   endloop
 endfacet
 facet normal  2.667128e-01  9.637761e-01  8.912344e-20
   outer loop
     vertex  6.088596e+01  4.234006e+01  8.000000e+01
     vertex  6.098057e+01  4.231388e+01  8.000000e+01
     vertex  6.098057e+01  4.231388e+01  6.200000e+01
   endloop
 endfacet
 facet normal  2.191012e-01  9.757021e-01  0.000000e+00
   outer loop
     vertex  6.079018e+01  4.236157e+01  8.000000e+01
     vertex  6.088596e+01  4.234006e+01  6.200000e+01
     vertex  6.079018e+01  4.236157e+01  6.200000e+01
   endloop
 endfacet
 facet normal  2.191012e-01  9.757021e-01 -1.653488e-20
   outer loop
     vertex  6.079018e+01  4.236157e+01  8.000000e+01
     vertex  6.088596e+01  4.234006e+01  8.000000e+01
     vertex  6.088596e+01  4.234006e+01  6.200000e+01
   endloop
 endfacet
 facet normal  1.709619e-01  9.852776e-01  0.000000e+00
   outer loop
     vertex  6.069346e+01  4.237835e+01  8.000000e+01
     vertex  6.079018e+01  4.236157e+01  6.200000e+01
     vertex  6.069346e+01  4.237835e+01  6.200000e+01
   endloop
 endfacet
 facet normal  1.709619e-01  9.852776e-01 -5.006967e-20
   outer loop
     vertex  6.069346e+01  4.237835e+01  8.000000e+01
     vertex  6.079018e+01  4.236157e+01  8.000000e+01
     vertex  6.079018e+01  4.236157e+01  6.200000e+01
   endloop
 endfacet
 facet normal  1.224107e-01  9.924795e-01  0.000000e+00
   outer loop
     vertex  6.059603e+01  4.239037e+01  8.000000e+01
     vertex  6.069346e+01  4.237835e+01  6.200000e+01
     vertex  6.059603e+01  4.239037e+01  6.200000e+01
   endloop
 endfacet
 facet normal  1.224107e-01  9.924795e-01 -4.728490e-20
   outer loop
     vertex  6.059603e+01  4.239037e+01  8.000000e+01
     vertex  6.069346e+01  4.237835e+01  8.000000e+01
     vertex  6.069346e+01  4.237835e+01  6.200000e+01
   endloop
 endfacet
 facet normal  7.356456e-02  9.972905e-01  0.000000e+00
   outer loop
     vertex  6.049814e+01  4.239759e+01  8.000000e+01
     vertex  6.059603e+01  4.239037e+01  6.200000e+01
     vertex  6.049814e+01  4.239759e+01  6.200000e+01
   endloop
 endfacet
 facet normal  7.356456e-02  9.972905e-01  1.350633e-20
   outer loop
     vertex  6.049814e+01  4.239759e+01  8.000000e+01
     vertex  6.059603e+01  4.239037e+01  8.000000e+01
     vertex  6.059603e+01  4.239037e+01  6.200000e+01
   endloop
 endfacet
 facet normal  2.454123e-02  9.996988e-01  0.000000e+00
   outer loop
     vertex  6.040000e+01  4.240000e+01  8.000000e+01
     vertex  6.049814e+01  4.239759e+01  6.200000e+01
     vertex  6.040000e+01  4.240000e+01  6.200000e+01
   endloop
 endfacet
 facet normal  2.454123e-02  9.996988e-01 -6.790108e-21
   outer loop
     vertex  6.040000e+01  4.240000e+01  8.000000e+01
     vertex  6.049814e+01  4.239759e+01  8.000000e+01
     vertex  6.049814e+01  4.239759e+01  6.200000e+01
   endloop
 endfacet
 facet normal  0.000000e+00  1.000000e+00  0.000000e+00
   outer loop
     vertex -6.040000e+01  4.240000e+01  6.200000e+01
     vertex  6.040000e+01  4.240000e+01  8.000000e+01
     vertex  6.040000e+01  4.240000e+01  6.200000e+01
   endloop
 endfacet
 facet normal  0.000000e+00  1.000000e+00  0.000000e+00
   outer loop
     vertex -6.040000e+01  4.240000e+01  6.200000e+01
     vertex -6.040000e+01  4.240000e+01  8.000000e+01
     vertex  6.040000e+01  4.240000e+01  8.000000e+01
   endloop
 endfacet
 facet normal  0.000000e+00  1.000000e+00  0.000000e+00
   outer loop
     vertex  5.215000e+01 -3.215000e+01  6.200000e+01
     vertex -5.215000e+01 -3.215000e+01  6.200000e+01
     vertex -5.215000e+01 -3.215000e+01  6.300000e+01
   endloop
 endfacet
 facet normal  0.000000e+00  1.000000e+00 -0.000000e+00
   outer loop
     vertex  5.215000e+01 -3.215000e+01  6.200000e+01
     vertex -5.215000e+01 -3.215000e+01  6.300000e+01
     vertex  5.215000e+01 -3.215000e+01  6.300000e+01
   endloop
 endfacet
 facet normal -1.000000e+00  0.000000e+00  0.000000e+00
   outer loop
     vertex  5.215000e+01  3.215000e+01  6.200000e+01
     vertex  5.215000e+01 -3.215000e+01  6.200000e+01
     vertex  5.215000e+01 -3.215000e+01  6.300000e+01
   endloop
 endfacet
 facet normal -1.000000e+00  0.000000e+00  0.000000e+00
   outer loop
     vertex  5.215000e+01  3.215000e+01  6.200000e+01
     vertex  5.215000e+01 -3.215000e+01  6.300000e+01
     vertex  5.215000e+01  3.215000e+01  6.300000e+01
   endloop
 endfacet
 facet normal  0.000000e+00 -1.000000e+00  0.000000e+00
   outer loop
     vertex -5.215000e+01  3.215000e+01  6.200000e+01
     vertex  5.215000e+01  3.215000e+01  6.200000e+01
     vertex  5.215000e+01  3.215000e+01  6.300000e+01
   endloop
 endfacet
 facet normal  0.000000e+00 -1.000000e+00  0.000000e+00
   outer loop
     vertex -5.215000e+01  3.215000e+01  6.200000e+01
     vertex  5.215000e+01  3.215000e+01  6.300000e+01
     vertex -5.215000e+01  3.215000e+01  6.300000e+01
   endloop
 endfacet
 facet normal  1.000000e+00  0.000000e+00  0.000000e+00
   outer loop
     vertex -5.215000e+01 -3.215000e+01  6.200000e+01
     vertex -5.215000e+01  3.215000e+01  6.200000e+01
     vertex -5.215000e+01  3.215000e+01  6.300000e+01
   endloop
 endfacet
 facet normal  1.000000e+00  0.000000e+00  0.000000e+00
   outer loop
     vertex -5.215000e+01 -3.215000e+01  6.200000e+01
     vertex -5.215000e+01  3.215000e+01  6.300000e+01
     vertex -5.215000e+01 -3.215000e+01  6.300000e+01
   endloop
 endfacet
 facet normal  0.000000e+00  1.000000e+00  0.000000e+00
   outer loop
     vertex  6.015000e+01 -4.015000e+01  8.000000e+01
     vertex -6.015000e+01 -4.015000e+01  6.300000e+01
     vertex -6.015000e+01 -4.015000e+01  8.000000e+01
   endloop
 endfacet
 facet normal  0.000000e+00  1.000000e+00 -0.000000e+00
   outer loop
     vertex  6.015000e+01 -4.015000e+01  6.300000e+01
     vertex -6.015000e+01 -4.015000e+01  6.300000e+01
     vertex  6.015000e+01 -4.015000e+01  8.000000e+01
   endloop
 endfacet
 facet normal -1.000000e+00 -0.000000e+00  0.000000e+00
   outer loop
     vertex  6.015000e+01  4.015000e+01  8.000000e+01
     vertex  6.015000e+01 -4.015000e+01  6.300000e+01
     vertex  6.015000e+01 -4.015000e+01  8.000000e+01
   endloop
 endfacet
 facet normal -1.000000e+00  0.000000e+00  0.000000e+00
   outer loop
     vertex  6.015000e+01  4.015000e+01  6.300000e+01
     vertex  6.015000e+01 -4.015000e+01  6.300000e+01
     vertex  6.015000e+01  4.015000e+01  8.000000e+01
   endloop
 endfacet
 facet normal  0.000000e+00 -1.000000e+00  0.000000e+00
   outer loop
     vertex -6.015000e+01  4.015000e+01  8.000000e+01
     vertex  6.015000e+01  4.015000e+01  6.300000e+01
     vertex  6.015000e+01  4.015000e+01  8.000000e+01
   endloop
 endfacet
 facet normal  0.000000e+00 -1.000000e+00  0.000000e+00
   outer loop
     vertex -6.015000e+01  4.015000e+01  6.300000e+01
     vertex  6.015000e+01  4.015000e+01  6.300000e+01
     vertex -6.015000e+01  4.015000e+01  8.000000e+01
   endloop
 endfacet
 facet normal  1.000000e+00 -0.000000e+00  0.000000e+00
   outer loop
     vertex -6.015000e+01 -4.015000e+01  8.000000e+01
     vertex -6.015000e+01  4.015000e+01  6.300000e+01
     vertex -6.015000e+01  4.015000e+01  8.000000e+01
   endloop
 endfacet
 facet normal  1.000000e+00  0.000000e+00  0.000000e+00
   outer loop
     vertex -6.015000e+01 -4.015000e+01  6.300000e+01
     vertex -6.015000e+01  4.015000e+01  6.300000e+01
     vertex -6.015000e+01 -4.015000e+01  8.000000e+01
   endloop
 endfacet
 facet normal  0.000000e+00  0.000000e+00  1.000000e+00
   outer loop
     vertex -6.015000e+01  4.015000e+01  6.300000e+01
     vertex -6.015000e+01 -4.015000e+01  6.300000e+01
     vertex -5.215000e+01 -3.215000e+01  6.300000e+01
   endloop
 endfacet
 facet normal  0.000000e+00  0.000000e+00  1.000000e+00
   outer loop
     vertex -5.215000e+01  3.215000e+01  6.300000e+01
     vertex -6.015000e+01  4.015000e+01  6.300000e+01
     vertex -5.215000e+01 -3.215000e+01  6.300000e+01
   endloop
 endfacet
 facet normal  0.000000e+00  0.000000e+00  1.000000e+00
   outer loop
     vertex  5.215000e+01 -3.215000e+01  6.300000e+01
     vertex -5.215000e+01 -3.215000e+01  6.300000e+01
     vertex -6.015000e+01 -4.015000e+01  6.300000e+01
   endloop
 endfacet
 facet normal  0.000000e+00  0.000000e+00  1.000000e+00
   outer loop
     vertex  6.015000e+01 -4.015000e+01  6.300000e+01
     vertex  5.215000e+01 -3.215000e+01  6.300000e+01
     vertex -6.015000e+01 -4.015000e+01  6.300000e+01
   endloop
 endfacet
 facet normal  0.000000e+00  0.000000e+00  1.000000e+00
   outer loop
     vertex  6.015000e+01  4.015000e+01  6.300000e+01
     vertex  5.215000e+01  3.215000e+01  6.300000e+01
     vertex  5.215000e+01 -3.215000e+01  6.300000e+01
   endloop
 endfacet
 facet normal  0.000000e+00  0.000000e+00  1.000000e+00
   outer loop
     vertex  6.015000e+01  4.015000e+01  6.300000e+01
     vertex  5.215000e+01 -3.215000e+01  6.300000e+01
     vertex  6.015000e+01 -4.015000e+01  6.300000e+01
   endloop
 endfacet
 facet normal  0.000000e+00  0.000000e+00  1.000000e+00
   outer loop
     vertex  6.015000e+01  4.015000e+01  6.300000e+01
     vertex -6.015000e+01  4.015000e+01  6.300000e+01
     vertex -5.215000e+01  3.215000e+01  6.300000e+01
   endloop
 endfacet
 facet normal  0.000000e+00  0.000000e+00  1.000000e+00
   outer loop
     vertex  6.015000e+01  4.015000e+01  6.300000e+01
     vertex -5.215000e+01  3.215000e+01  6.300000e+01
     vertex  5.215000e+01  3.215000e+01  6.300000e+01
   endloop
 endfacet
endsolid
