solid CadrixAI_mdl_bf709c7ce318
  // Generated by CadrixAI
  // Author: Bhavyadeep Rao
  // Year: 2026
 facet normal -0.000000e+00 -1.000000e+00  0.000000e+00
   outer loop
     vertex  4.800000e+01 -5.000000e+01  5.000000e+01
     vertex -4.800000e+01 -5.000000e+01  5.000000e+01
     vertex -4.800000e+01 -5.000000e+01  0.000000e+00
   endloop
 endfacet
 facet normal  0.000000e+00 -1.000000e+00  0.000000e+00
   outer loop
     vertex  4.800000e+01 -5.000000e+01  0.000000e+00
     vertex  4.800000e+01 -5.000000e+01  5.000000e+01
     vertex -4.800000e+01 -5.000000e+01  0.000000e+00
   endloop
 endfacet
 facet normal  0.000000e+00  0.000000e+00 -1.000000e+00
   outer loop
     vertex -4.954602e+01 -4.926879e+01  0.000000e+00
     vertex -4.941421e+01 -4.941421e+01  0.000000e+00
     vertex -4.948190e+01 -4.934312e+01  0.000000e+00
   endloop
 endfacet
 facet normal  0.000000e+00  0.000000e+00 -1.000000e+00
   outer loop
     vertex -4.966294e+01 -4.911114e+01  0.000000e+00
     vertex -4.954602e+01 -4.926879e+01  0.000000e+00
     vertex -4.960642e+01 -4.919140e+01  0.000000e+00
   endloop
 endfacet
 facet normal  0.000000e+00  0.000000e+00 -1.000000e+00
   outer loop
     vertex -4.966294e+01 -4.911114e+01  0.000000e+00
     vertex -4.941421e+01 -4.941421e+01  0.000000e+00
     vertex -4.954602e+01 -4.926879e+01  0.000000e+00
   endloop
 endfacet
 facet normal  0.000000e+00  0.000000e+00 -1.000000e+00
   outer loop
     vertex -4.911114e+01 -4.966294e+01  0.000000e+00
     vertex -4.919140e+01 -4.960642e+01  0.000000e+00
     vertex -4.926879e+01 -4.954602e+01  0.000000e+00
   endloop
 endfacet
 facet normal  0.000000e+00  0.000000e+00 -1.000000e+00
   outer loop
     vertex -4.911114e+01 -4.966294e+01  0.000000e+00
     vertex -4.926879e+01 -4.954602e+01  0.000000e+00
     vertex -4.934312e+01 -4.948190e+01  0.000000e+00
   endloop
 endfacet
 facet normal  0.000000e+00  0.000000e+00 -1.000000e+00
   outer loop
     vertex -4.911114e+01 -4.966294e+01  0.000000e+00
     vertex -4.934312e+01 -4.948190e+01  0.000000e+00
     vertex -4.941421e+01 -4.941421e+01  0.000000e+00
   endloop
 endfacet
 facet normal  0.000000e+00  0.000000e+00 -1.000000e+00
   outer loop
     vertex -4.885511e+01 -4.980798e+01  0.000000e+00
     vertex -4.894279e+01 -4.976384e+01  0.000000e+00
     vertex -4.902821e+01 -4.971546e+01  0.000000e+00
   endloop
 endfacet
 facet normal  0.000000e+00  0.000000e+00 -1.000000e+00
   outer loop
     vertex -4.876537e+01 -4.984776e+01  0.000000e+00
     vertex -4.885511e+01 -4.980798e+01  0.000000e+00
     vertex -4.902821e+01 -4.971546e+01  0.000000e+00
   endloop
 endfacet
 facet normal  0.000000e+00  0.000000e+00 -1.000000e+00
   outer loop
     vertex -4.984776e+01 -4.876537e+01  0.000000e+00
     vertex -4.966294e+01 -4.911114e+01  0.000000e+00
     vertex -4.971546e+01 -4.902821e+01  0.000000e+00
   endloop
 endfacet
 facet normal  0.000000e+00  0.000000e+00 -1.000000e+00
   outer loop
     vertex -4.984776e+01 -4.876537e+01  0.000000e+00
     vertex -4.971546e+01 -4.902821e+01  0.000000e+00
     vertex -4.976384e+01 -4.894279e+01  0.000000e+00
   endloop
 endfacet
 facet normal  0.000000e+00  0.000000e+00 -1.000000e+00
   outer loop
     vertex -4.984776e+01 -4.876537e+01  0.000000e+00
     vertex -4.976384e+01 -4.894279e+01  0.000000e+00
     vertex -4.980798e+01 -4.885511e+01  0.000000e+00
   endloop
 endfacet
 facet normal  0.000000e+00  0.000000e+00 -1.000000e+00
   outer loop
     vertex -4.984776e+01 -4.876537e+01  0.000000e+00
     vertex -4.941421e+01 -4.941421e+01  0.000000e+00
     vertex -4.966294e+01 -4.911114e+01  0.000000e+00
   endloop
 endfacet
 facet normal  0.000000e+00  0.000000e+00 -1.000000e+00
   outer loop
     vertex -4.867378e+01 -4.988309e+01  0.000000e+00
     vertex -4.902821e+01 -4.971546e+01  0.000000e+00
     vertex -4.911114e+01 -4.966294e+01  0.000000e+00
   endloop
 endfacet
 facet normal  0.000000e+00  0.000000e+00 -1.000000e+00
   outer loop
     vertex -4.867378e+01 -4.988309e+01  0.000000e+00
     vertex -4.911114e+01 -4.966294e+01  0.000000e+00
     vertex -4.941421e+01 -4.941421e+01  0.000000e+00
   endloop
 endfacet
 facet normal  0.000000e+00  0.000000e+00 -1.000000e+00
   outer loop
     vertex -4.867378e+01 -4.988309e+01  0.000000e+00
     vertex -4.876537e+01 -4.984776e+01  0.000000e+00
     vertex -4.902821e+01 -4.971546e+01  0.000000e+00
   endloop
 endfacet
 facet normal  0.000000e+00  0.000000e+00 -1.000000e+00
   outer loop
     vertex -4.848596e+01 -4.994006e+01  0.000000e+00
     vertex -4.858057e+01 -4.991388e+01  0.000000e+00
     vertex -4.867378e+01 -4.988309e+01  0.000000e+00
   endloop
 endfacet
 facet normal  0.000000e+00  0.000000e+00 -1.000000e+00
   outer loop
     vertex -4.994006e+01 -4.848596e+01  0.000000e+00
     vertex -4.988309e+01 -4.867378e+01  0.000000e+00
     vertex -4.991388e+01 -4.858057e+01  0.000000e+00
   endloop
 endfacet
 facet normal  0.000000e+00  0.000000e+00 -1.000000e+00
   outer loop
     vertex -4.829346e+01 -4.997835e+01  0.000000e+00
     vertex -4.839018e+01 -4.996157e+01  0.000000e+00
     vertex -4.848596e+01 -4.994006e+01  0.000000e+00
   endloop
 endfacet
 facet normal  0.000000e+00  0.000000e+00 -1.000000e+00
   outer loop
     vertex -4.997835e+01 -4.829346e+01  0.000000e+00
     vertex -4.994006e+01 -4.848596e+01  0.000000e+00
     vertex -4.996157e+01 -4.839018e+01  0.000000e+00
   endloop
 endfacet
 facet normal  0.000000e+00  0.000000e+00 -1.000000e+00
   outer loop
     vertex -4.999037e+01 -4.819603e+01  0.000000e+00
     vertex -4.984776e+01 -4.876537e+01  0.000000e+00
     vertex -4.988309e+01 -4.867378e+01  0.000000e+00
   endloop
 endfacet
 facet normal  0.000000e+00  0.000000e+00 -1.000000e+00
   outer loop
     vertex -4.999037e+01 -4.819603e+01  0.000000e+00
     vertex -4.941421e+01 -4.941421e+01  0.000000e+00
     vertex -4.984776e+01 -4.876537e+01  0.000000e+00
   endloop
 endfacet
 facet normal  0.000000e+00  0.000000e+00 -1.000000e+00
   outer loop
     vertex -4.999037e+01 -4.819603e+01  0.000000e+00
     vertex -4.988309e+01 -4.867378e+01  0.000000e+00
     vertex -4.994006e+01 -4.848596e+01  0.000000e+00
   endloop
 endfacet
 facet normal  0.000000e+00  0.000000e+00 -1.000000e+00
   outer loop
     vertex -4.999037e+01 -4.819603e+01  0.000000e+00
     vertex -4.994006e+01 -4.848596e+01  0.000000e+00
     vertex -4.997835e+01 -4.829346e+01  0.000000e+00
   endloop
 endfacet
 facet normal  0.000000e+00  0.000000e+00 -1.000000e+00
   outer loop
     vertex -4.819603e+01 -4.999037e+01  0.000000e+00
     vertex -4.867378e+01 -4.988309e+01  0.000000e+00
     vertex -4.941421e+01 -4.941421e+01  0.000000e+00
   endloop
 endfacet
 facet normal  0.000000e+00  0.000000e+00 -1.000000e+00
   outer loop
     vertex -4.819603e+01 -4.999037e+01  0.000000e+00
     vertex -4.848596e+01 -4.994006e+01  0.000000e+00
     vertex -4.867378e+01 -4.988309e+01  0.000000e+00
   endloop
 endfacet
 facet normal  0.000000e+00  0.000000e+00 -1.000000e+00
   outer loop
     vertex -4.819603e+01 -4.999037e+01  0.000000e+00
     vertex -4.941421e+01 -4.941421e+01  0.000000e+00
     vertex -4.999037e+01 -4.819603e+01  0.000000e+00
   endloop
 endfacet
 facet normal  0.000000e+00  0.000000e+00 -1.000000e+00
   outer loop
     vertex -4.819603e+01 -4.999037e+01  0.000000e+00
     vertex -4.829346e+01 -4.997835e+01  0.000000e+00
     vertex -4.848596e+01 -4.994006e+01  0.000000e+00
   endloop
 endfacet
 facet normal  0.000000e+00  0.000000e+00 -1.000000e+00
   outer loop
     vertex -4.800000e+01 -5.000000e+01  0.000000e+00
     vertex -4.809814e+01 -4.999759e+01  0.000000e+00
     vertex -4.819603e+01 -4.999037e+01  0.000000e+00
   endloop
 endfacet
 facet normal  0.000000e+00  0.000000e+00 -1.000000e+00
   outer loop
     vertex -5.000000e+01 -4.800000e+01  0.000000e+00
     vertex -4.999037e+01 -4.819603e+01  0.000000e+00
     vertex -4.999759e+01 -4.809814e+01  0.000000e+00
   endloop
 endfacet
 facet normal  0.000000e+00  0.000000e+00 -1.000000e+00
   outer loop
     vertex -5.000000e+01 -4.800000e+01  0.000000e+00
     vertex -4.819603e+01 -4.999037e+01  0.000000e+00
     vertex -4.999037e+01 -4.819603e+01  0.000000e+00
   endloop
 endfacet
 facet normal  0.000000e+00  0.000000e+00 -1.000000e+00
   outer loop
     vertex -5.000000e+01 -4.800000e+01  0.000000e+00
     vertex -4.800000e+01 -5.000000e+01  0.000000e+00
     vertex -4.819603e+01 -4.999037e+01  0.000000e+00
   endloop
 endfacet
 facet normal  0.000000e+00  0.000000e+00 -1.000000e+00
   outer loop
     vertex  4.829346e+01 -4.997835e+01  0.000000e+00
     vertex  4.809814e+01 -4.999759e+01  0.000000e+00
     vertex  4.800000e+01 -5.000000e+01  0.000000e+00
   endloop
 endfacet
 facet normal  0.000000e+00  0.000000e+00 -1.000000e+00
   outer loop
     vertex  4.829346e+01 -4.997835e+01  0.000000e+00
     vertex  4.819603e+01 -4.999037e+01  0.000000e+00
     vertex  4.809814e+01 -4.999759e+01  0.000000e+00
   endloop
 endfacet
 facet normal  0.000000e+00  0.000000e+00 -1.000000e+00
   outer loop
     vertex  4.848596e+01 -4.994006e+01  0.000000e+00
     vertex  4.839018e+01 -4.996157e+01  0.000000e+00
     vertex  4.829346e+01 -4.997835e+01  0.000000e+00
   endloop
 endfacet
 facet normal  0.000000e+00  0.000000e+00 -1.000000e+00
   outer loop
     vertex  4.848596e+01 -4.994006e+01  0.000000e+00
     vertex  4.829346e+01 -4.997835e+01  0.000000e+00
     vertex  4.800000e+01 -5.000000e+01  0.000000e+00
   endloop
 endfacet
 facet normal  0.000000e+00  0.000000e+00 -1.000000e+00
   outer loop
     vertex -4.994006e+01  4.848596e+01  0.000000e+00
     vertex -4.997835e+01  4.829346e+01  0.000000e+00
     vertex -4.996157e+01  4.839018e+01  0.000000e+00
   endloop
 endfacet
 facet normal  0.000000e+00  0.000000e+00 -1.000000e+00
   outer loop
     vertex -4.991388e+01  4.858057e+01  0.000000e+00
     vertex -4.997835e+01  4.829346e+01  0.000000e+00
     vertex -4.994006e+01  4.848596e+01  0.000000e+00
   endloop
 endfacet
 facet normal  0.000000e+00  0.000000e+00 -1.000000e+00
   outer loop
     vertex -4.991388e+01  4.858057e+01  0.000000e+00
     vertex -4.999037e+01  4.819603e+01  0.000000e+00
     vertex -4.997835e+01  4.829346e+01  0.000000e+00
   endloop
 endfacet
 facet normal  0.000000e+00  0.000000e+00 -1.000000e+00
   outer loop
     vertex -4.991388e+01  4.858057e+01  0.000000e+00
     vertex -4.999759e+01  4.809814e+01  0.000000e+00
     vertex -4.999037e+01  4.819603e+01  0.000000e+00
   endloop
 endfacet
 facet normal  0.000000e+00  0.000000e+00 -1.000000e+00
   outer loop
     vertex  4.876537e+01 -4.984776e+01  0.000000e+00
     vertex  4.858057e+01 -4.991388e+01  0.000000e+00
     vertex  4.848596e+01 -4.994006e+01  0.000000e+00
   endloop
 endfacet
 facet normal  0.000000e+00  0.000000e+00 -1.000000e+00
   outer loop
     vertex  4.876537e+01 -4.984776e+01  0.000000e+00
     vertex  4.867378e+01 -4.988309e+01  0.000000e+00
     vertex  4.858057e+01 -4.991388e+01  0.000000e+00
   endloop
 endfacet
 facet normal  0.000000e+00  0.000000e+00 -1.000000e+00
   outer loop
     vertex  4.876537e+01 -4.984776e+01  0.000000e+00
     vertex  4.848596e+01 -4.994006e+01  0.000000e+00
     vertex  4.800000e+01 -5.000000e+01  0.000000e+00
   endloop
 endfacet
 facet normal  0.000000e+00  0.000000e+00 -1.000000e+00
   outer loop
     vertex -4.980798e+01  4.885511e+01  0.000000e+00
     vertex -4.999759e+01  4.809814e+01  0.000000e+00
     vertex -4.991388e+01  4.858057e+01  0.000000e+00
   endloop
 endfacet
 facet normal  0.000000e+00  0.000000e+00 -1.000000e+00
   outer loop
     vertex -4.980798e+01  4.885511e+01  0.000000e+00
     vertex -4.988309e+01  4.867378e+01  0.000000e+00
     vertex -4.984776e+01  4.876537e+01  0.000000e+00
   endloop
 endfacet
 facet normal  0.000000e+00  0.000000e+00 -1.000000e+00
   outer loop
     vertex -4.980798e+01  4.885511e+01  0.000000e+00
     vertex -4.991388e+01  4.858057e+01  0.000000e+00
     vertex -4.988309e+01  4.867378e+01  0.000000e+00
   endloop
 endfacet
 facet normal  0.000000e+00  0.000000e+00 -1.000000e+00
   outer loop
     vertex  4.894279e+01 -4.976384e+01  0.000000e+00
     vertex  4.885511e+01 -4.980798e+01  0.000000e+00
     vertex  4.876537e+01 -4.984776e+01  0.000000e+00
   endloop
 endfacet
 facet normal  0.000000e+00  0.000000e+00 -1.000000e+00
   outer loop
     vertex  4.902821e+01 -4.971546e+01  0.000000e+00
     vertex  4.894279e+01 -4.976384e+01  0.000000e+00
     vertex  4.876537e+01 -4.984776e+01  0.000000e+00
   endloop
 endfacet
 facet normal  0.000000e+00  0.000000e+00 -1.000000e+00
   outer loop
     vertex -4.971546e+01  4.902821e+01  0.000000e+00
     vertex -4.999759e+01  4.809814e+01  0.000000e+00
     vertex -4.980798e+01  4.885511e+01  0.000000e+00
   endloop
 endfacet
 facet normal  0.000000e+00  0.000000e+00 -1.000000e+00
   outer loop
     vertex -4.971546e+01  4.902821e+01  0.000000e+00
     vertex -4.980798e+01  4.885511e+01  0.000000e+00
     vertex -4.976384e+01  4.894279e+01  0.000000e+00
   endloop
 endfacet
 facet normal  0.000000e+00  0.000000e+00 -1.000000e+00
   outer loop
     vertex -4.971546e+01  4.902821e+01  0.000000e+00
     vertex -5.000000e+01  4.800000e+01  0.000000e+00
     vertex -4.999759e+01  4.809814e+01  0.000000e+00
   endloop
 endfacet
 facet normal  0.000000e+00  0.000000e+00 -1.000000e+00
   outer loop
     vertex -4.966294e+01  4.911114e+01  0.000000e+00
     vertex -5.000000e+01  4.800000e+01  0.000000e+00
     vertex -4.971546e+01  4.902821e+01  0.000000e+00
   endloop
 endfacet
 facet normal  0.000000e+00  0.000000e+00 -1.000000e+00
   outer loop
     vertex  4.919140e+01 -4.960642e+01  0.000000e+00
     vertex  4.911114e+01 -4.966294e+01  0.000000e+00
     vertex  4.902821e+01 -4.971546e+01  0.000000e+00
   endloop
 endfacet
 facet normal  0.000000e+00  0.000000e+00 -1.000000e+00
   outer loop
     vertex -4.954602e+01  4.926879e+01  0.000000e+00
     vertex -4.966294e+01  4.911114e+01  0.000000e+00
     vertex -4.960642e+01  4.919140e+01  0.000000e+00
   endloop
 endfacet
 facet normal  0.000000e+00  0.000000e+00 -1.000000e+00
   outer loop
     vertex  4.934312e+01 -4.948190e+01  0.000000e+00
     vertex  4.926879e+01 -4.954602e+01  0.000000e+00
     vertex  4.919140e+01 -4.960642e+01  0.000000e+00
   endloop
 endfacet
 facet normal  0.000000e+00  0.000000e+00 -1.000000e+00
   outer loop
     vertex  4.934312e+01 -4.948190e+01  0.000000e+00
     vertex  4.919140e+01 -4.960642e+01  0.000000e+00
     vertex  4.902821e+01 -4.971546e+01  0.000000e+00
   endloop
 endfacet
 facet normal  0.000000e+00  0.000000e+00 -1.000000e+00
   outer loop
     vertex  4.941421e+01 -4.941421e+01  0.000000e+00
     vertex  4.876537e+01 -4.984776e+01  0.000000e+00
     vertex  4.800000e+01 -5.000000e+01  0.000000e+00
   endloop
 endfacet
 facet normal  0.000000e+00  0.000000e+00 -1.000000e+00
   outer loop
     vertex  4.941421e+01 -4.941421e+01  0.000000e+00
     vertex  4.902821e+01 -4.971546e+01  0.000000e+00
     vertex  4.876537e+01 -4.984776e+01  0.000000e+00
   endloop
 endfacet
 facet normal  0.000000e+00  0.000000e+00 -1.000000e+00
   outer loop
     vertex  4.941421e+01 -4.941421e+01  0.000000e+00
     vertex  4.934312e+01 -4.948190e+01  0.000000e+00
     vertex  4.902821e+01 -4.971546e+01  0.000000e+00
   endloop
 endfacet
 facet normal  0.000000e+00  0.000000e+00 -1.000000e+00
   outer loop
     vertex -4.934312e+01  4.948190e+01  0.000000e+00
     vertex -4.966294e+01  4.911114e+01  0.000000e+00
     vertex -4.954602e+01  4.926879e+01  0.000000e+00
   endloop
 endfacet
 facet normal  0.000000e+00  0.000000e+00 -1.000000e+00
   outer loop
     vertex -4.934312e+01  4.948190e+01  0.000000e+00
     vertex -4.948190e+01  4.934312e+01  0.000000e+00
     vertex -4.941421e+01  4.941421e+01  0.000000e+00
   endloop
 endfacet
 facet normal  0.000000e+00  0.000000e+00 -1.000000e+00
   outer loop
     vertex -4.934312e+01  4.948190e+01  0.000000e+00
     vertex -4.954602e+01  4.926879e+01  0.000000e+00
     vertex -4.948190e+01  4.934312e+01  0.000000e+00
   endloop
 endfacet
 facet normal  0.000000e+00  0.000000e+00 -1.000000e+00
   outer loop
     vertex -4.926879e+01  4.954602e+01  0.000000e+00
     vertex -4.966294e+01  4.911114e+01  0.000000e+00
     vertex -4.934312e+01  4.948190e+01  0.000000e+00
   endloop
 endfacet
 facet normal  0.000000e+00  0.000000e+00 -1.000000e+00
   outer loop
     vertex  4.954602e+01 -4.926879e+01  0.000000e+00
     vertex  4.948190e+01 -4.934312e+01  0.000000e+00
     vertex  4.941421e+01 -4.941421e+01  0.000000e+00
   endloop
 endfacet
 facet normal  0.000000e+00  0.000000e+00 -1.000000e+00
   outer loop
     vertex  4.954602e+01 -4.926879e+01  0.000000e+00
     vertex  4.941421e+01 -4.941421e+01  0.000000e+00
     vertex  4.800000e+01 -5.000000e+01  0.000000e+00
   endloop
 endfacet
 facet normal  0.000000e+00  0.000000e+00 -1.000000e+00
   outer loop
     vertex  4.960642e+01 -4.919140e+01  0.000000e+00
     vertex  4.954602e+01 -4.926879e+01  0.000000e+00
     vertex  4.800000e+01 -5.000000e+01  0.000000e+00
   endloop
 endfacet
 facet normal  0.000000e+00  0.000000e+00 -1.000000e+00
   outer loop
     vertex -4.919140e+01  4.960642e+01  0.000000e+00
     vertex -4.966294e+01  4.911114e+01  0.000000e+00
     vertex -4.926879e+01  4.954602e+01  0.000000e+00
   endloop
 endfacet
 facet normal  0.000000e+00  0.000000e+00 -1.000000e+00
   outer loop
     vertex  4.971546e+01 -4.902821e+01  0.000000e+00
     vertex  4.966294e+01 -4.911114e+01  0.000000e+00
     vertex  4.960642e+01 -4.919140e+01  0.000000e+00
   endloop
 endfacet
 facet normal  0.000000e+00  0.000000e+00 -1.000000e+00
   outer loop
     vertex -4.902821e+01  4.971546e+01  0.000000e+00
     vertex -4.966294e+01  4.911114e+01  0.000000e+00
     vertex -4.919140e+01  4.960642e+01  0.000000e+00
   endloop
 endfacet
 facet normal  0.000000e+00  0.000000e+00 -1.000000e+00
   outer loop
     vertex -4.902821e+01  4.971546e+01  0.000000e+00
     vertex -4.919140e+01  4.960642e+01  0.000000e+00
     vertex -4.911114e+01  4.966294e+01  0.000000e+00
   endloop
 endfacet
 facet normal  0.000000e+00  0.000000e+00 -1.000000e+00
   outer loop
     vertex  4.976384e+01 -4.894279e+01  0.000000e+00
     vertex  4.960642e+01 -4.919140e+01  0.000000e+00
     vertex  4.800000e+01 -5.000000e+01  0.000000e+00
   endloop
 endfacet
 facet normal  0.000000e+00  0.000000e+00 -1.000000e+00
   outer loop
     vertex  4.976384e+01 -4.894279e+01  0.000000e+00
     vertex  4.971546e+01 -4.902821e+01  0.000000e+00
     vertex  4.960642e+01 -4.919140e+01  0.000000e+00
   endloop
 endfacet
 facet normal  0.000000e+00  0.000000e+00 -1.000000e+00
   outer loop
     vertex -4.894279e+01  4.976384e+01  0.000000e+00
     vertex -4.966294e+01  4.911114e+01  0.000000e+00
     vertex -4.902821e+01  4.971546e+01  0.000000e+00
   endloop
 endfacet
 facet normal  0.000000e+00  0.000000e+00 -1.000000e+00
   outer loop
     vertex  4.980798e+01 -4.885511e+01  0.000000e+00
     vertex  4.976384e+01 -4.894279e+01  0.000000e+00
     vertex  4.800000e+01 -5.000000e+01  0.000000e+00
   endloop
 endfacet
 facet normal  0.000000e+00  0.000000e+00 -1.000000e+00
   outer loop
     vertex -4.867378e+01  4.988309e+01  0.000000e+00
     vertex -4.885511e+01  4.980798e+01  0.000000e+00
     vertex -4.876537e+01  4.984776e+01  0.000000e+00
   endloop
 endfacet
 facet normal  0.000000e+00  0.000000e+00 -1.000000e+00
   outer loop
     vertex -4.867378e+01  4.988309e+01  0.000000e+00
     vertex -4.894279e+01  4.976384e+01  0.000000e+00
     vertex -4.885511e+01  4.980798e+01  0.000000e+00
   endloop
 endfacet
 facet normal  0.000000e+00  0.000000e+00 -1.000000e+00
   outer loop
     vertex  4.991388e+01 -4.858057e+01  0.000000e+00
     vertex  4.984776e+01 -4.876537e+01  0.000000e+00
     vertex  4.980798e+01 -4.885511e+01  0.000000e+00
   endloop
 endfacet
 facet normal  0.000000e+00  0.000000e+00 -1.000000e+00
   outer loop
     vertex  4.991388e+01 -4.858057e+01  0.000000e+00
     vertex  4.988309e+01 -4.867378e+01  0.000000e+00
     vertex  4.984776e+01 -4.876537e+01  0.000000e+00
   endloop
 endfacet
 facet normal  0.000000e+00  0.000000e+00 -1.000000e+00
   outer loop
     vertex  4.991388e+01 -4.858057e+01  0.000000e+00
     vertex  4.980798e+01 -4.885511e+01  0.000000e+00
     vertex  4.800000e+01 -5.000000e+01  0.000000e+00
   endloop
 endfacet
 facet normal  0.000000e+00  0.000000e+00 -1.000000e+00
   outer loop
     vertex -4.858057e+01  4.991388e+01  0.000000e+00
     vertex -4.894279e+01  4.976384e+01  0.000000e+00
     vertex -4.867378e+01  4.988309e+01  0.000000e+00
   endloop
 endfacet
 facet normal  0.000000e+00  0.000000e+00 -1.000000e+00
   outer loop
     vertex  4.996157e+01 -4.839018e+01  0.000000e+00
     vertex  4.991388e+01 -4.858057e+01  0.000000e+00
     vertex  4.800000e+01 -5.000000e+01  0.000000e+00
   endloop
 endfacet
 facet normal  0.000000e+00  0.000000e+00 -1.000000e+00
   outer loop
     vertex  4.996157e+01 -4.839018e+01  0.000000e+00
     vertex  4.994006e+01 -4.848596e+01  0.000000e+00
     vertex  4.991388e+01 -4.858057e+01  0.000000e+00
   endloop
 endfacet
 facet normal  0.000000e+00  0.000000e+00 -1.000000e+00
   outer loop
     vertex -4.839018e+01  4.996157e+01  0.000000e+00
     vertex -4.858057e+01  4.991388e+01  0.000000e+00
     vertex -4.848596e+01  4.994006e+01  0.000000e+00
   endloop
 endfacet
 facet normal  0.000000e+00  0.000000e+00 -1.000000e+00
   outer loop
     vertex -4.839018e+01  4.996157e+01  0.000000e+00
     vertex -4.894279e+01  4.976384e+01  0.000000e+00
     vertex -4.858057e+01  4.991388e+01  0.000000e+00
   endloop
 endfacet
 facet normal  0.000000e+00  0.000000e+00 -1.000000e+00
   outer loop
     vertex  4.997835e+01 -4.829346e+01  0.000000e+00
     vertex  4.996157e+01 -4.839018e+01  0.000000e+00
     vertex  4.800000e+01 -5.000000e+01  0.000000e+00
   endloop
 endfacet
 facet normal  0.000000e+00  0.000000e+00 -1.000000e+00
   outer loop
     vertex -4.819603e+01  4.999037e+01  0.000000e+00
     vertex -4.839018e+01  4.996157e+01  0.000000e+00
     vertex -4.829346e+01  4.997835e+01  0.000000e+00
   endloop
 endfacet
 facet normal  0.000000e+00  0.000000e+00 -1.000000e+00
   outer loop
     vertex -4.809814e+01  4.999759e+01  0.000000e+00
     vertex -4.894279e+01  4.976384e+01  0.000000e+00
     vertex -4.839018e+01  4.996157e+01  0.000000e+00
   endloop
 endfacet
 facet normal  0.000000e+00  0.000000e+00 -1.000000e+00
   outer loop
     vertex -4.809814e+01  4.999759e+01  0.000000e+00
     vertex -4.839018e+01  4.996157e+01  0.000000e+00
     vertex -4.819603e+01  4.999037e+01  0.000000e+00
   endloop
 endfacet
 facet normal  0.000000e+00  0.000000e+00 -1.000000e+00
   outer loop
     vertex  4.999759e+01 -4.809814e+01  0.000000e+00
     vertex  4.999037e+01 -4.819603e+01  0.000000e+00
     vertex  4.997835e+01 -4.829346e+01  0.000000e+00
   endloop
 endfacet
 facet normal  0.000000e+00  0.000000e+00 -1.000000e+00
   outer loop
     vertex  5.000000e+01 -4.800000e+01  0.000000e+00
     vertex  4.999759e+01 -4.809814e+01  0.000000e+00
     vertex  4.997835e+01 -4.829346e+01  0.000000e+00
   endloop
 endfacet
 facet normal  0.000000e+00  0.000000e+00 -1.000000e+00
   outer loop
     vertex  5.000000e+01 -4.800000e+01  0.000000e+00
     vertex  4.997835e+01 -4.829346e+01  0.000000e+00
     vertex  4.800000e+01 -5.000000e+01  0.000000e+00
   endloop
 endfacet
 facet normal  0.000000e+00 -0.000000e+00 -1.000000e+00
   outer loop
     vertex -4.800000e+01  5.000000e+01  0.000000e+00
     vertex -4.800000e+01 -5.000000e+01  0.000000e+00
     vertex -5.000000e+01 -4.800000e+01  0.000000e+00
   endloop
 endfacet
 facet normal  0.000000e+00  0.000000e+00 -1.000000e+00
   outer loop
     vertex -4.800000e+01  5.000000e+01  0.000000e+00
     vertex  4.800000e+01 -5.000000e+01  0.000000e+00
     vertex -4.800000e+01 -5.000000e+01  0.000000e+00
   endloop
 endfacet
 facet normal  0.000000e+00  0.000000e+00 -1.000000e+00
   outer loop
     vertex -4.800000e+01  5.000000e+01  0.000000e+00
     vertex -4.894279e+01  4.976384e+01  0.000000e+00
     vertex -4.809814e+01  4.999759e+01  0.000000e+00
   endloop
 endfacet
 facet normal  0.000000e+00  0.000000e+00 -1.000000e+00
   outer loop
     vertex -4.800000e+01  5.000000e+01  0.000000e+00
     vertex  5.000000e+01 -4.800000e+01  0.000000e+00
     vertex  4.800000e+01 -5.000000e+01  0.000000e+00
   endloop
 endfacet
 facet normal  0.000000e+00  0.000000e+00 -1.000000e+00
   outer loop
     vertex -4.800000e+01  5.000000e+01  0.000000e+00
     vertex -5.000000e+01  4.800000e+01  0.000000e+00
     vertex -4.966294e+01  4.911114e+01  0.000000e+00
   endloop
 endfacet
 facet normal  0.000000e+00  0.000000e+00 -1.000000e+00
   outer loop
     vertex -4.800000e+01  5.000000e+01  0.000000e+00
     vertex -4.966294e+01  4.911114e+01  0.000000e+00
     vertex -4.894279e+01  4.976384e+01  0.000000e+00
   endloop
 endfacet
 facet normal  0.000000e+00  0.000000e+00 -1.000000e+00
   outer loop
     vertex -4.800000e+01  5.000000e+01  0.000000e+00
     vertex -5.000000e+01 -4.800000e+01  0.000000e+00
     vertex -5.000000e+01  4.800000e+01  0.000000e+00
   endloop
 endfacet
 facet normal -0.000000e+00 -0.000000e+00 -1.000000e+00
   outer loop
     vertex  4.800000e+01  5.000000e+01  0.000000e+00
     vertex  5.000000e+01 -4.800000e+01  0.000000e+00
     vertex -4.800000e+01  5.000000e+01  0.000000e+00
   endloop
 endfacet
 facet normal  0.000000e+00  0.000000e+00 -1.000000e+00
   outer loop
     vertex  4.800000e+01  5.000000e+01  0.000000e+00
     vertex  5.000000e+01  4.800000e+01  0.000000e+00
     vertex  5.000000e+01 -4.800000e+01  0.000000e+00
   endloop
 endfacet
 facet normal  0.000000e+00  0.000000e+00 -1.000000e+00
   outer loop
     vertex  4.999037e+01  4.819603e+01  0.000000e+00
     vertex  4.999759e+01  4.809814e+01  0.000000e+00
     vertex  5.000000e+01  4.800000e+01  0.000000e+00
   endloop
 endfacet
 facet normal  0.000000e+00  0.000000e+00 -1.000000e+00
   outer loop
     vertex  4.819603e+01  4.999037e+01  0.000000e+00
     vertex  4.800000e+01  5.000000e+01  0.000000e+00
     vertex  4.809814e+01  4.999759e+01  0.000000e+00
   endloop
 endfacet
 facet normal -0.000000e+00 -0.000000e+00 -1.000000e+00
   outer loop
     vertex  4.829346e+01  4.997835e+01  0.000000e+00
     vertex  5.000000e+01  4.800000e+01  0.000000e+00
     vertex  4.800000e+01  5.000000e+01  0.000000e+00
   endloop
 endfacet
 facet normal  0.000000e+00  0.000000e+00 -1.000000e+00
   outer loop
     vertex  4.829346e+01  4.997835e+01  0.000000e+00
     vertex  4.800000e+01  5.000000e+01  0.000000e+00
     vertex  4.819603e+01  4.999037e+01  0.000000e+00
   endloop
 endfacet
 facet normal  0.000000e+00  0.000000e+00 -1.000000e+00
   outer loop
     vertex  4.996157e+01  4.839018e+01  0.000000e+00
     vertex  4.997835e+01  4.829346e+01  0.000000e+00
     vertex  4.999037e+01  4.819603e+01  0.000000e+00
   endloop
 endfacet
 facet normal  0.000000e+00  0.000000e+00 -1.000000e+00
   outer loop
     vertex  4.858057e+01  4.991388e+01  0.000000e+00
     vertex  4.839018e+01  4.996157e+01  0.000000e+00
     vertex  4.848596e+01  4.994006e+01  0.000000e+00
   endloop
 endfacet
 facet normal  0.000000e+00  0.000000e+00 -1.000000e+00
   outer loop
     vertex  4.858057e+01  4.991388e+01  0.000000e+00
     vertex  4.829346e+01  4.997835e+01  0.000000e+00
     vertex  4.839018e+01  4.996157e+01  0.000000e+00
   endloop
 endfacet
 facet normal -0.000000e+00 -0.000000e+00 -1.000000e+00
   outer loop
     vertex  4.991388e+01  4.858057e+01  0.000000e+00
     vertex  5.000000e+01  4.800000e+01  0.000000e+00
     vertex  4.829346e+01  4.997835e+01  0.000000e+00
   endloop
 endfacet
 facet normal  0.000000e+00  0.000000e+00 -1.000000e+00
   outer loop
     vertex  4.991388e+01  4.858057e+01  0.000000e+00
     vertex  4.994006e+01  4.848596e+01  0.000000e+00
     vertex  4.996157e+01  4.839018e+01  0.000000e+00
   endloop
 endfacet
 facet normal  0.000000e+00  0.000000e+00 -1.000000e+00
   outer loop
     vertex  4.991388e+01  4.858057e+01  0.000000e+00
     vertex  4.999037e+01  4.819603e+01  0.000000e+00
     vertex  5.000000e+01  4.800000e+01  0.000000e+00
   endloop
 endfacet
 facet normal  0.000000e+00  0.000000e+00 -1.000000e+00
   outer loop
     vertex  4.991388e+01  4.858057e+01  0.000000e+00
     vertex  4.996157e+01  4.839018e+01  0.000000e+00
     vertex  4.999037e+01  4.819603e+01  0.000000e+00
   endloop
 endfacet
 facet normal  0.000000e+00  0.000000e+00 -1.000000e+00
   outer loop
     vertex  4.991388e+01  4.858057e+01  0.000000e+00
     vertex  4.829346e+01  4.997835e+01  0.000000e+00
     vertex  4.858057e+01  4.991388e+01  0.000000e+00
   endloop
 endfacet
 facet normal  0.000000e+00  0.000000e+00 -1.000000e+00
   outer loop
     vertex  4.885511e+01  4.980798e+01  0.000000e+00
     vertex  4.867378e+01  4.988309e+01  0.000000e+00
     vertex  4.876537e+01  4.984776e+01  0.000000e+00
   endloop
 endfacet
 facet normal  0.000000e+00  0.000000e+00 -1.000000e+00
   outer loop
     vertex  4.885511e+01  4.980798e+01  0.000000e+00
     vertex  4.858057e+01  4.991388e+01  0.000000e+00
     vertex  4.867378e+01  4.988309e+01  0.000000e+00
   endloop
 endfacet
 facet normal  0.000000e+00  0.000000e+00 -1.000000e+00
   outer loop
     vertex  4.980798e+01  4.885511e+01  0.000000e+00
     vertex  4.984776e+01  4.876537e+01  0.000000e+00
     vertex  4.988309e+01  4.867378e+01  0.000000e+00
   endloop
 endfacet
 facet normal  0.000000e+00  0.000000e+00 -1.000000e+00
   outer loop
     vertex  4.894279e+01  4.976384e+01  0.000000e+00
     vertex  4.988309e+01  4.867378e+01  0.000000e+00
     vertex  4.991388e+01  4.858057e+01  0.000000e+00
   endloop
 endfacet
 facet normal -0.000000e+00 -0.000000e+00 -1.000000e+00
   outer loop
     vertex  4.894279e+01  4.976384e+01  0.000000e+00
     vertex  4.991388e+01  4.858057e+01  0.000000e+00
     vertex  4.858057e+01  4.991388e+01  0.000000e+00
   endloop
 endfacet
 facet normal  0.000000e+00  0.000000e+00 -1.000000e+00
   outer loop
     vertex  4.894279e+01  4.976384e+01  0.000000e+00
     vertex  4.858057e+01  4.991388e+01  0.000000e+00
     vertex  4.885511e+01  4.980798e+01  0.000000e+00
   endloop
 endfacet
 facet normal  0.000000e+00  0.000000e+00 -1.000000e+00
   outer loop
     vertex  4.971546e+01  4.902821e+01  0.000000e+00
     vertex  4.976384e+01  4.894279e+01  0.000000e+00
     vertex  4.980798e+01  4.885511e+01  0.000000e+00
   endloop
 endfacet
 facet normal  0.000000e+00  0.000000e+00 -1.000000e+00
   outer loop
     vertex  4.971546e+01  4.902821e+01  0.000000e+00
     vertex  4.894279e+01  4.976384e+01  0.000000e+00
     vertex  4.902821e+01  4.971546e+01  0.000000e+00
   endloop
 endfacet
 facet normal  0.000000e+00  0.000000e+00 -1.000000e+00
   outer loop
     vertex  4.971546e+01  4.902821e+01  0.000000e+00
     vertex  4.980798e+01  4.885511e+01  0.000000e+00
     vertex  4.988309e+01  4.867378e+01  0.000000e+00
   endloop
 endfacet
 facet normal -0.000000e+00 -0.000000e+00 -1.000000e+00
   outer loop
     vertex  4.971546e+01  4.902821e+01  0.000000e+00
     vertex  4.988309e+01  4.867378e+01  0.000000e+00
     vertex  4.894279e+01  4.976384e+01  0.000000e+00
   endloop
 endfacet
 facet normal  0.000000e+00  0.000000e+00 -1.000000e+00
   outer loop
     vertex  4.919140e+01  4.960642e+01  0.000000e+00
     vertex  4.902821e+01  4.971546e+01  0.000000e+00
     vertex  4.911114e+01  4.966294e+01  0.000000e+00
   endloop
 endfacet
 facet normal  0.000000e+00  0.000000e+00 -1.000000e+00
   outer loop
     vertex  4.960642e+01  4.919140e+01  0.000000e+00
     vertex  4.966294e+01  4.911114e+01  0.000000e+00
     vertex  4.971546e+01  4.902821e+01  0.000000e+00
   endloop
 endfacet
 facet normal -0.000000e+00 -0.000000e+00 -1.000000e+00
   outer loop
     vertex  4.960642e+01  4.919140e+01  0.000000e+00
     vertex  4.971546e+01  4.902821e+01  0.000000e+00
     vertex  4.902821e+01  4.971546e+01  0.000000e+00
   endloop
 endfacet
 facet normal  0.000000e+00  0.000000e+00 -1.000000e+00
   outer loop
     vertex  4.960642e+01  4.919140e+01  0.000000e+00
     vertex  4.902821e+01  4.971546e+01  0.000000e+00
     vertex  4.919140e+01  4.960642e+01  0.000000e+00
   endloop
 endfacet
 facet normal  0.000000e+00  0.000000e+00 -1.000000e+00
   outer loop
     vertex  4.934312e+01  4.948190e+01  0.000000e+00
     vertex  4.919140e+01  4.960642e+01  0.000000e+00
     vertex  4.926879e+01  4.954602e+01  0.000000e+00
   endloop
 endfacet
 facet normal  0.000000e+00  0.000000e+00 -1.000000e+00
   outer loop
     vertex  4.948190e+01  4.934312e+01  0.000000e+00
     vertex  4.954602e+01  4.926879e+01  0.000000e+00
     vertex  4.960642e+01  4.919140e+01  0.000000e+00
   endloop
 endfacet
 facet normal -0.000000e+00 -0.000000e+00 -1.000000e+00
   outer loop
     vertex  4.941421e+01  4.941421e+01  0.000000e+00
     vertex  4.960642e+01  4.919140e+01  0.000000e+00
     vertex  4.919140e+01  4.960642e+01  0.000000e+00
   endloop
 endfacet
 facet normal  0.000000e+00  0.000000e+00 -1.000000e+00
   outer loop
     vertex  4.941421e+01  4.941421e+01  0.000000e+00
     vertex  4.948190e+01  4.934312e+01  0.000000e+00
     vertex  4.960642e+01  4.919140e+01  0.000000e+00
   endloop
 endfacet
 facet normal  0.000000e+00  0.000000e+00 -1.000000e+00
   outer loop
     vertex  4.941421e+01  4.941421e+01  0.000000e+00
     vertex  4.919140e+01  4.960642e+01  0.000000e+00
     vertex  4.934312e+01  4.948190e+01  0.000000e+00
   endloop
 endfacet
 facet normal -2.454123e-02 -9.996988e-01 -0.000000e+00
   outer loop
     vertex -4.809814e+01 -4.999759e+01  5.000000e+01
     vertex -4.809814e+01 -4.999759e+01  0.000000e+00
     vertex -4.800000e+01 -5.000000e+01  0.000000e+00
   endloop
 endfacet
 facet normal -2.454123e-02 -9.996988e-01  4.705733e-22
   outer loop
     vertex -4.809814e+01 -4.999759e+01  5.000000e+01
     vertex -4.800000e+01 -5.000000e+01  0.000000e+00
     vertex -4.800000e+01 -5.000000e+01  5.000000e+01
   endloop
 endfacet
 facet normal -7.356456e-02 -9.972905e-01 -0.000000e+00
   outer loop
     vertex -4.819603e+01 -4.999037e+01  5.000000e+01
     vertex -4.819603e+01 -4.999037e+01  0.000000e+00
     vertex -4.809814e+01 -4.999759e+01  0.000000e+00
   endloop
 endfacet
 facet normal -1.224107e-01 -9.924795e-01 -0.000000e+00
   outer loop
     vertex -4.819603e+01 -4.999037e+01  5.000000e+01
     vertex -4.829346e+01 -4.997835e+01  0.000000e+00
     vertex -4.819603e+01 -4.999037e+01  0.000000e+00
   endloop
 endfacet
 facet normal -7.356456e-02 -9.972905e-01  4.862281e-21
   outer loop
     vertex -4.819603e+01 -4.999037e+01  5.000000e+01
     vertex -4.809814e+01 -4.999759e+01  0.000000e+00
     vertex -4.809814e+01 -4.999759e+01  5.000000e+01
   endloop
 endfacet
 facet normal -1.224107e-01 -9.924795e-01 -0.000000e+00
   outer loop
     vertex -4.829346e+01 -4.997835e+01  5.000000e+01
     vertex -4.829346e+01 -4.997835e+01  0.000000e+00
     vertex -4.819603e+01 -4.999037e+01  5.000000e+01
   endloop
 endfacet
 facet normal -1.709619e-01 -9.852776e-01 -0.000000e+00
   outer loop
     vertex -4.839018e+01 -4.996157e+01  5.000000e+01
     vertex -4.839018e+01 -4.996157e+01  0.000000e+00
     vertex -4.829346e+01 -4.997835e+01  0.000000e+00
   endloop
 endfacet
 facet normal -1.709619e-01 -9.852776e-01 -4.286809e-21
   outer loop
     vertex -4.839018e+01 -4.996157e+01  5.000000e+01
     vertex -4.829346e+01 -4.997835e+01  0.000000e+00
     vertex -4.829346e+01 -4.997835e+01  5.000000e+01
   endloop
 endfacet
 facet normal -2.191012e-01 -9.757021e-01 -0.000000e+00
   outer loop
     vertex -4.848596e+01 -4.994006e+01  5.000000e+01
     vertex -4.848596e+01 -4.994006e+01  0.000000e+00
     vertex -4.839018e+01 -4.996157e+01  0.000000e+00
   endloop
 endfacet
 facet normal -2.667128e-01 -9.637761e-01 -0.000000e+00
   outer loop
     vertex -4.848596e+01 -4.994006e+01  5.000000e+01
     vertex -4.858057e+01 -4.991388e+01  0.000000e+00
     vertex -4.848596e+01 -4.994006e+01  0.000000e+00
   endloop
 endfacet
 facet normal -2.191012e-01 -9.757021e-01 -2.847166e-20
   outer loop
     vertex -4.848596e+01 -4.994006e+01  5.000000e+01
     vertex -4.839018e+01 -4.996157e+01  0.000000e+00
     vertex -4.839018e+01 -4.996157e+01  5.000000e+01
   endloop
 endfacet
 facet normal -2.667128e-01 -9.637761e-01 -0.000000e+00
   outer loop
     vertex -4.858057e+01 -4.991388e+01  5.000000e+01
     vertex -4.858057e+01 -4.991388e+01  0.000000e+00
     vertex -4.848596e+01 -4.994006e+01  5.000000e+01
   endloop
 endfacet
 facet normal -3.136817e-01 -9.495282e-01 -0.000000e+00
   outer loop
     vertex -4.867378e+01 -4.988309e+01  5.000000e+01
     vertex -4.867378e+01 -4.988309e+01  0.000000e+00
     vertex -4.858057e+01 -4.991388e+01  0.000000e+00
   endloop
 endfacet
 facet normal -3.136817e-01 -9.495282e-01 -3.635117e-20
   outer loop
     vertex -4.867378e+01 -4.988309e+01  5.000000e+01
     vertex -4.858057e+01 -4.991388e+01  0.000000e+00
     vertex -4.858057e+01 -4.991388e+01  5.000000e+01
   endloop
 endfacet
 facet normal -3.598950e-01 -9.329928e-01 -0.000000e+00
   outer loop
     vertex -4.876537e+01 -4.984776e+01  5.000000e+01
     vertex -4.876537e+01 -4.984776e+01  0.000000e+00
     vertex -4.867378e+01 -4.988309e+01  0.000000e+00
   endloop
 endfacet
 facet normal -4.052413e-01 -9.142098e-01 -0.000000e+00
   outer loop
     vertex -4.876537e+01 -4.984776e+01  5.000000e+01
     vertex -4.885511e+01 -4.980798e+01  0.000000e+00
     vertex -4.876537e+01 -4.984776e+01  0.000000e+00
   endloop
 endfacet
 facet normal -3.598950e-01 -9.329928e-01  2.895455e-20
   outer loop
     vertex -4.876537e+01 -4.984776e+01  5.000000e+01
     vertex -4.867378e+01 -4.988309e+01  0.000000e+00
     vertex -4.867378e+01 -4.988309e+01  5.000000e+01
   endloop
 endfacet
 facet normal -4.052413e-01 -9.142098e-01 -0.000000e+00
   outer loop
     vertex -4.885511e+01 -4.980798e+01  5.000000e+01
     vertex -4.885511e+01 -4.980798e+01  0.000000e+00
     vertex -4.876537e+01 -4.984776e+01  5.000000e+01
   endloop
 endfacet
 facet normal -4.496113e-01 -8.932243e-01 -0.000000e+00
   outer loop
     vertex -4.894279e+01 -4.976384e+01  5.000000e+01
     vertex -4.894279e+01 -4.976384e+01  0.000000e+00
     vertex -4.885511e+01 -4.980798e+01  0.000000e+00
   endloop
 endfacet
 facet normal -4.928982e-01 -8.700870e-01 -0.000000e+00
   outer loop
     vertex -4.894279e+01 -4.976384e+01  5.000000e+01
     vertex -4.902821e+01 -4.971546e+01  0.000000e+00
     vertex -4.894279e+01 -4.976384e+01  0.000000e+00
   endloop
 endfacet
 facet normal -4.496113e-01 -8.932243e-01  2.585024e-20
   outer loop
     vertex -4.894279e+01 -4.976384e+01  5.000000e+01
     vertex -4.885511e+01 -4.980798e+01  0.000000e+00
     vertex -4.885511e+01 -4.980798e+01  5.000000e+01
   endloop
 endfacet
 facet normal -5.349976e-01 -8.448536e-01 -0.000000e+00
   outer loop
     vertex -4.902821e+01 -4.971546e+01  5.000000e+01
     vertex -4.911114e+01 -4.966294e+01  0.000000e+00
     vertex -4.902821e+01 -4.971546e+01  0.000000e+00
   endloop
 endfacet
 facet normal -4.928982e-01 -8.700870e-01 -0.000000e+00
   outer loop
     vertex -4.902821e+01 -4.971546e+01  5.000000e+01
     vertex -4.902821e+01 -4.971546e+01  0.000000e+00
     vertex -4.894279e+01 -4.976384e+01  5.000000e+01
   endloop
 endfacet
 facet normal -5.349976e-01 -8.448536e-01 -0.000000e+00
   outer loop
     vertex -4.911114e+01 -4.966294e+01  5.000000e+01
     vertex -4.911114e+01 -4.966294e+01  0.000000e+00
     vertex -4.902821e+01 -4.971546e+01  5.000000e+01
   endloop
 endfacet
 facet normal -5.758082e-01 -8.175848e-01 -0.000000e+00
   outer loop
     vertex -4.919140e+01 -4.960642e+01  5.000000e+01
     vertex -4.919140e+01 -4.960642e+01  0.000000e+00
     vertex -4.911114e+01 -4.966294e+01  0.000000e+00
   endloop
 endfacet
 facet normal -6.152316e-01 -7.883464e-01 -0.000000e+00
   outer loop
     vertex -4.919140e+01 -4.960642e+01  5.000000e+01
     vertex -4.926879e+01 -4.954602e+01  0.000000e+00
     vertex -4.919140e+01 -4.960642e+01  0.000000e+00
   endloop
 endfacet
 facet normal -5.758082e-01 -8.175848e-01  8.742255e-20
   outer loop
     vertex -4.919140e+01 -4.960642e+01  5.000000e+01
     vertex -4.911114e+01 -4.966294e+01  0.000000e+00
     vertex -4.911114e+01 -4.966294e+01  5.000000e+01
   endloop
 endfacet
 facet normal -6.152316e-01 -7.883464e-01 -0.000000e+00
   outer loop
     vertex -4.926879e+01 -4.954602e+01  5.000000e+01
     vertex -4.926879e+01 -4.954602e+01  0.000000e+00
     vertex -4.919140e+01 -4.960642e+01  5.000000e+01
   endloop
 endfacet
 facet normal -6.531728e-01 -7.572088e-01 -0.000000e+00
   outer loop
     vertex -4.934312e+01 -4.948190e+01  5.000000e+01
     vertex -4.934312e+01 -4.948190e+01  0.000000e+00
     vertex -4.926879e+01 -4.954602e+01  0.000000e+00
   endloop
 endfacet
 facet normal -6.531728e-01 -7.572088e-01 -5.048796e-21
   outer loop
     vertex -4.934312e+01 -4.948190e+01  5.000000e+01
     vertex -4.926879e+01 -4.954602e+01  0.000000e+00
     vertex -4.926879e+01 -4.954602e+01  5.000000e+01
   endloop
 endfacet
 facet normal -6.895405e-01 -7.242471e-01 -0.000000e+00
   outer loop
     vertex -4.941421e+01 -4.941421e+01  5.000000e+01
     vertex -4.941421e+01 -4.941421e+01  0.000000e+00
     vertex -4.934312e+01 -4.948190e+01  0.000000e+00
   endloop
 endfacet
 facet normal -6.895405e-01 -7.242471e-01 -5.757751e-20
   outer loop
     vertex -4.941421e+01 -4.941421e+01  5.000000e+01
     vertex -4.934312e+01 -4.948190e+01  0.000000e+00
     vertex -4.934312e+01 -4.948190e+01  5.000000e+01
   endloop
 endfacet
 facet normal -7.242471e-01 -6.895405e-01 -0.000000e+00
   outer loop
     vertex -4.948190e+01 -4.934312e+01  5.000000e+01
     vertex -4.948190e+01 -4.934312e+01  0.000000e+00
     vertex -4.941421e+01 -4.941421e+01  0.000000e+00
   endloop
 endfacet
 facet normal -7.242471e-01 -6.895405e-01  4.569721e-20
   outer loop
     vertex -4.948190e+01 -4.934312e+01  5.000000e+01
     vertex -4.941421e+01 -4.941421e+01  0.000000e+00
     vertex -4.941421e+01 -4.941421e+01  5.000000e+01
   endloop
 endfacet
 facet normal -7.572088e-01 -6.531728e-01 -0.000000e+00
   outer loop
     vertex -4.954602e+01 -4.926879e+01  5.000000e+01
     vertex -4.954602e+01 -4.926879e+01  0.000000e+00
     vertex -4.948190e+01 -4.934312e+01  0.000000e+00
   endloop
 endfacet
 facet normal -7.883464e-01 -6.152316e-01 -0.000000e+00
   outer loop
     vertex -4.954602e+01 -4.926879e+01  5.000000e+01
     vertex -4.960642e+01 -4.919140e+01  0.000000e+00
     vertex -4.954602e+01 -4.926879e+01  0.000000e+00
   endloop
 endfacet
 facet normal -7.572088e-01 -6.531728e-01 -1.877100e-20
   outer loop
     vertex -4.954602e+01 -4.926879e+01  5.000000e+01
     vertex -4.948190e+01 -4.934312e+01  0.000000e+00
     vertex -4.948190e+01 -4.934312e+01  5.000000e+01
   endloop
 endfacet
 facet normal -7.883464e-01 -6.152316e-01 -0.000000e+00
   outer loop
     vertex -4.960642e+01 -4.919140e+01  5.000000e+01
     vertex -4.960642e+01 -4.919140e+01  0.000000e+00
     vertex -4.954602e+01 -4.926879e+01  5.000000e+01
   endloop
 endfacet
 facet normal -8.175848e-01 -5.758082e-01 -0.000000e+00
   outer loop
     vertex -4.966294e+01 -4.911114e+01  5.000000e+01
     vertex -4.966294e+01 -4.911114e+01  0.000000e+00
     vertex -4.960642e+01 -4.919140e+01  0.000000e+00
   endloop
 endfacet
 facet normal -8.175848e-01 -5.758082e-01  8.742255e-20
   outer loop
     vertex -4.966294e+01 -4.911114e+01  5.000000e+01
     vertex -4.960642e+01 -4.919140e+01  0.000000e+00
     vertex -4.960642e+01 -4.919140e+01  5.000000e+01
   endloop
 endfacet
 facet normal -8.448536e-01 -5.349976e-01 -0.000000e+00
   outer loop
     vertex -4.971546e+01 -4.902821e+01  5.000000e+01
     vertex -4.971546e+01 -4.902821e+01  0.000000e+00
     vertex -4.966294e+01 -4.911114e+01  0.000000e+00
   endloop
 endfacet
 facet normal -8.700870e-01 -4.928982e-01 -0.000000e+00
   outer loop
     vertex -4.971546e+01 -4.902821e+01  5.000000e+01
     vertex -4.976384e+01 -4.894279e+01  0.000000e+00
     vertex -4.971546e+01 -4.902821e+01  0.000000e+00
   endloop
 endfacet
 facet normal -8.448536e-01 -5.349976e-01  6.083089e-20
   outer loop
     vertex -4.971546e+01 -4.902821e+01  5.000000e+01
     vertex -4.966294e+01 -4.911114e+01  0.000000e+00
     vertex -4.966294e+01 -4.911114e+01  5.000000e+01
   endloop
 endfacet
 facet normal -8.932243e-01 -4.496113e-01 -0.000000e+00
   outer loop
     vertex -4.976384e+01 -4.894279e+01  5.000000e+01
     vertex -4.980798e+01 -4.885511e+01  0.000000e+00
     vertex -4.976384e+01 -4.894279e+01  0.000000e+00
   endloop
 endfacet
 facet normal -8.700870e-01 -4.928982e-01 -0.000000e+00
   outer loop
     vertex -4.976384e+01 -4.894279e+01  5.000000e+01
     vertex -4.976384e+01 -4.894279e+01  0.000000e+00
     vertex -4.971546e+01 -4.902821e+01  5.000000e+01
   endloop
 endfacet
 facet normal -8.932243e-01 -4.496113e-01 -0.000000e+00
   outer loop
     vertex -4.980798e+01 -4.885511e+01  5.000000e+01
     vertex -4.980798e+01 -4.885511e+01  0.000000e+00
     vertex -4.976384e+01 -4.894279e+01  5.000000e+01
   endloop
 endfacet
 facet normal -9.142098e-01 -4.052413e-01 -2.073474e-20
   outer loop
     vertex -4.984776e+01 -4.876537e+01  5.000000e+01
     vertex -4.980798e+01 -4.885511e+01  0.000000e+00
     vertex -4.980798e+01 -4.885511e+01  5.000000e+01
   endloop
 endfacet
 facet normal -9.142098e-01 -4.052413e-01 -0.000000e+00
   outer loop
     vertex -4.984776e+01 -4.876537e+01  5.000000e+01
     vertex -4.984776e+01 -4.876537e+01  0.000000e+00
     vertex -4.980798e+01 -4.885511e+01  0.000000e+00
   endloop
 endfacet
 facet normal -9.329928e-01 -3.598950e-01 -0.000000e+00
   outer loop
     vertex -4.988309e+01 -4.867378e+01  5.000000e+01
     vertex -4.988309e+01 -4.867378e+01  0.000000e+00
     vertex -4.984776e+01 -4.876537e+01  0.000000e+00
   endloop
 endfacet
 facet normal -9.329928e-01 -3.598950e-01  1.405804e-20
   outer loop
     vertex -4.988309e+01 -4.867378e+01  5.000000e+01
     vertex -4.984776e+01 -4.876537e+01  0.000000e+00
     vertex -4.984776e+01 -4.876537e+01  5.000000e+01
   endloop
 endfacet
 facet normal -9.495282e-01 -3.136817e-01 -0.000000e+00
   outer loop
     vertex -4.991388e+01 -4.858057e+01  5.000000e+01
     vertex -4.991388e+01 -4.858057e+01  0.000000e+00
     vertex -4.988309e+01 -4.867378e+01  0.000000e+00
   endloop
 endfacet
 facet normal -9.495282e-01 -3.136817e-01 -3.635117e-20
   outer loop
     vertex -4.991388e+01 -4.858057e+01  5.000000e+01
     vertex -4.988309e+01 -4.867378e+01  0.000000e+00
     vertex -4.988309e+01 -4.867378e+01  5.000000e+01
   endloop
 endfacet
 facet normal -9.637761e-01 -2.667128e-01 -0.000000e+00
   outer loop
     vertex -4.994006e+01 -4.848596e+01  5.000000e+01
     vertex -4.994006e+01 -4.848596e+01  0.000000e+00
     vertex -4.991388e+01 -4.858057e+01  0.000000e+00
   endloop
 endfacet
 facet normal -9.637761e-01 -2.667128e-01  3.208444e-20
   outer loop
     vertex -4.994006e+01 -4.848596e+01  5.000000e+01
     vertex -4.991388e+01 -4.858057e+01  0.000000e+00
     vertex -4.991388e+01 -4.858057e+01  5.000000e+01
   endloop
 endfacet
 facet normal -9.757021e-01 -2.191012e-01 -0.000000e+00
   outer loop
     vertex -4.996157e+01 -4.839018e+01  5.000000e+01
     vertex -4.996157e+01 -4.839018e+01  0.000000e+00
     vertex -4.994006e+01 -4.848596e+01  0.000000e+00
   endloop
 endfacet
 facet normal -9.852776e-01 -1.709619e-01 -0.000000e+00
   outer loop
     vertex -4.996157e+01 -4.839018e+01  5.000000e+01
     vertex -4.997835e+01 -4.829346e+01  0.000000e+00
     vertex -4.996157e+01 -4.839018e+01  0.000000e+00
   endloop
 endfacet
 facet normal -9.757021e-01 -2.191012e-01 -2.847166e-20
   outer loop
     vertex -4.996157e+01 -4.839018e+01  5.000000e+01
     vertex -4.994006e+01 -4.848596e+01  0.000000e+00
     vertex -4.994006e+01 -4.848596e+01  5.000000e+01
   endloop
 endfacet
 facet normal -9.852776e-01 -1.709619e-01 -0.000000e+00
   outer loop
     vertex -4.997835e+01 -4.829346e+01  5.000000e+01
     vertex -4.997835e+01 -4.829346e+01  0.000000e+00
     vertex -4.996157e+01 -4.839018e+01  5.000000e+01
   endloop
 endfacet
 facet normal -9.924795e-01 -1.224107e-01 -0.000000e+00
   outer loop
     vertex -4.999037e+01 -4.819603e+01  5.000000e+01
     vertex -4.999037e+01 -4.819603e+01  0.000000e+00
     vertex -4.997835e+01 -4.829346e+01  0.000000e+00
   endloop
 endfacet
 facet normal -9.924795e-01 -1.224107e-01 -1.702256e-20
   outer loop
     vertex -4.999037e+01 -4.819603e+01  5.000000e+01
     vertex -4.997835e+01 -4.829346e+01  0.000000e+00
     vertex -4.997835e+01 -4.829346e+01  5.000000e+01
   endloop
 endfacet
 facet normal -9.972905e-01 -7.356456e-02 -0.000000e+00
   outer loop
     vertex -4.999759e+01 -4.809814e+01  5.000000e+01
     vertex -4.999759e+01 -4.809814e+01  0.000000e+00
     vertex -4.999037e+01 -4.819603e+01  0.000000e+00
   endloop
 endfacet
 facet normal -9.972905e-01 -7.356456e-02  4.862281e-21
   outer loop
     vertex -4.999759e+01 -4.809814e+01  5.000000e+01
     vertex -4.999037e+01 -4.819603e+01  0.000000e+00
     vertex -4.999037e+01 -4.819603e+01  5.000000e+01
   endloop
 endfacet
 facet normal -9.996988e-01 -2.454123e-02 -0.000000e+00
   outer loop
     vertex -5.000000e+01 -4.800000e+01  5.000000e+01
     vertex -5.000000e+01 -4.800000e+01  0.000000e+00
     vertex -4.999759e+01 -4.809814e+01  0.000000e+00
   endloop
 endfacet
 facet normal -9.996988e-01 -2.454123e-02  4.705733e-22
   outer loop
     vertex -5.000000e+01 -4.800000e+01  5.000000e+01
     vertex -4.999759e+01 -4.809814e+01  0.000000e+00
     vertex -4.999759e+01 -4.809814e+01  5.000000e+01
   endloop
 endfacet
 facet normal  2.454123e-02 -9.996988e-01  0.000000e+00
   outer loop
     vertex  4.809814e+01 -4.999759e+01  5.000000e+01
     vertex  4.800000e+01 -5.000000e+01  0.000000e+00
     vertex  4.809814e+01 -4.999759e+01  0.000000e+00
   endloop
 endfacet
 facet normal  2.454123e-02 -9.996988e-01 -4.705733e-22
   outer loop
     vertex  4.809814e+01 -4.999759e+01  5.000000e+01
     vertex  4.800000e+01 -5.000000e+01  5.000000e+01
     vertex  4.800000e+01 -5.000000e+01  0.000000e+00
   endloop
 endfacet
 facet normal  7.356456e-02 -9.972905e-01  0.000000e+00
   outer loop
     vertex  4.819603e+01 -4.999037e+01  5.000000e+01
     vertex  4.809814e+01 -4.999759e+01  0.000000e+00
     vertex  4.819603e+01 -4.999037e+01  0.000000e+00
   endloop
 endfacet
 facet normal  1.224107e-01 -9.924795e-01  0.000000e+00
   outer loop
     vertex  4.819603e+01 -4.999037e+01  5.000000e+01
     vertex  4.819603e+01 -4.999037e+01  0.000000e+00
     vertex  4.829346e+01 -4.997835e+01  0.000000e+00
   endloop
 endfacet
 facet normal  7.356456e-02 -9.972905e-01 -4.862281e-21
   outer loop
     vertex  4.819603e+01 -4.999037e+01  5.000000e+01
     vertex  4.809814e+01 -4.999759e+01  5.000000e+01
     vertex  4.809814e+01 -4.999759e+01  0.000000e+00
   endloop
 endfacet
 facet normal  1.224107e-01 -9.924795e-01  0.000000e+00
   outer loop
     vertex  4.829346e+01 -4.997835e+01  5.000000e+01
     vertex  4.819603e+01 -4.999037e+01  5.000000e+01
     vertex  4.829346e+01 -4.997835e+01  0.000000e+00
   endloop
 endfacet
 facet normal  1.709619e-01 -9.852776e-01  0.000000e+00
   outer loop
     vertex  4.839018e+01 -4.996157e+01  5.000000e+01
     vertex  4.829346e+01 -4.997835e+01  0.000000e+00
     vertex  4.839018e+01 -4.996157e+01  0.000000e+00
   endloop
 endfacet
 facet normal  1.709619e-01 -9.852776e-01  4.286809e-21
   outer loop
     vertex  4.839018e+01 -4.996157e+01  5.000000e+01
     vertex  4.829346e+01 -4.997835e+01  5.000000e+01
     vertex  4.829346e+01 -4.997835e+01  0.000000e+00
   endloop
 endfacet
 facet normal  2.191012e-01 -9.757021e-01  0.000000e+00
   outer loop
     vertex  4.848596e+01 -4.994006e+01  5.000000e+01
     vertex  4.839018e+01 -4.996157e+01  0.000000e+00
     vertex  4.848596e+01 -4.994006e+01  0.000000e+00
   endloop
 endfacet
 facet normal  2.667128e-01 -9.637761e-01  0.000000e+00
   outer loop
     vertex  4.848596e+01 -4.994006e+01  5.000000e+01
     vertex  4.848596e+01 -4.994006e+01  0.000000e+00
     vertex  4.858057e+01 -4.991388e+01  0.000000e+00
   endloop
 endfacet
 facet normal  2.191012e-01 -9.757021e-01  2.847166e-20
   outer loop
     vertex  4.848596e+01 -4.994006e+01  5.000000e+01
     vertex  4.839018e+01 -4.996157e+01  5.000000e+01
     vertex  4.839018e+01 -4.996157e+01  0.000000e+00
   endloop
 endfacet
 facet normal  2.667128e-01 -9.637761e-01  0.000000e+00
   outer loop
     vertex  4.858057e+01 -4.991388e+01  5.000000e+01
     vertex  4.848596e+01 -4.994006e+01  5.000000e+01
     vertex  4.858057e+01 -4.991388e+01  0.000000e+00
   endloop
 endfacet
 facet normal  3.136817e-01 -9.495282e-01  0.000000e+00
   outer loop
     vertex  4.867378e+01 -4.988309e+01  5.000000e+01
     vertex  4.858057e+01 -4.991388e+01  0.000000e+00
     vertex  4.867378e+01 -4.988309e+01  0.000000e+00
   endloop
 endfacet
 facet normal  3.136817e-01 -9.495282e-01  3.635117e-20
   outer loop
     vertex  4.867378e+01 -4.988309e+01  5.000000e+01
     vertex  4.858057e+01 -4.991388e+01  5.000000e+01
     vertex  4.858057e+01 -4.991388e+01  0.000000e+00
   endloop
 endfacet
 facet normal  3.598950e-01 -9.329928e-01  0.000000e+00
   outer loop
     vertex  4.876537e+01 -4.984776e+01  5.000000e+01
     vertex  4.867378e+01 -4.988309e+01  0.000000e+00
     vertex  4.876537e+01 -4.984776e+01  0.000000e+00
   endloop
 endfacet
 facet normal  4.052413e-01 -9.142098e-01  0.000000e+00
   outer loop
     vertex  4.876537e+01 -4.984776e+01  5.000000e+01
     vertex  4.876537e+01 -4.984776e+01  0.000000e+00
     vertex  4.885511e+01 -4.980798e+01  0.000000e+00
   endloop
 endfacet
 facet normal  3.598950e-01 -9.329928e-01 -2.895455e-20
   outer loop
     vertex  4.876537e+01 -4.984776e+01  5.000000e+01
     vertex  4.867378e+01 -4.988309e+01  5.000000e+01
     vertex  4.867378e+01 -4.988309e+01  0.000000e+00
   endloop
 endfacet
 facet normal  4.052413e-01 -9.142098e-01  0.000000e+00
   outer loop
     vertex  4.885511e+01 -4.980798e+01  5.000000e+01
     vertex  4.876537e+01 -4.984776e+01  5.000000e+01
     vertex  4.885511e+01 -4.980798e+01  0.000000e+00
   endloop
 endfacet
 facet normal  4.496113e-01 -8.932243e-01  0.000000e+00
   outer loop
     vertex  4.894279e+01 -4.976384e+01  5.000000e+01
     vertex  4.885511e+01 -4.980798e+01  0.000000e+00
     vertex  4.894279e+01 -4.976384e+01  0.000000e+00
   endloop
 endfacet
 facet normal  4.928982e-01 -8.700870e-01  0.000000e+00
   outer loop
     vertex  4.894279e+01 -4.976384e+01  5.000000e+01
     vertex  4.894279e+01 -4.976384e+01  0.000000e+00
     vertex  4.902821e+01 -4.971546e+01  0.000000e+00
   endloop
 endfacet
 facet normal  4.496113e-01 -8.932243e-01 -2.585024e-20
   outer loop
     vertex  4.894279e+01 -4.976384e+01  5.000000e+01
     vertex  4.885511e+01 -4.980798e+01  5.000000e+01
     vertex  4.885511e+01 -4.980798e+01  0.000000e+00
   endloop
 endfacet
 facet normal  5.349976e-01 -8.448536e-01  0.000000e+00
   outer loop
     vertex  4.902821e+01 -4.971546e+01  5.000000e+01
     vertex  4.902821e+01 -4.971546e+01  0.000000e+00
     vertex  4.911114e+01 -4.966294e+01  0.000000e+00
   endloop
 endfacet
 facet normal  4.928982e-01 -8.700870e-01  0.000000e+00
   outer loop
     vertex  4.902821e+01 -4.971546e+01  5.000000e+01
     vertex  4.894279e+01 -4.976384e+01  5.000000e+01
     vertex  4.902821e+01 -4.971546e+01  0.000000e+00
   endloop
 endfacet
 facet normal  5.349976e-01 -8.448536e-01  0.000000e+00
   outer loop
     vertex  4.911114e+01 -4.966294e+01  5.000000e+01
     vertex  4.902821e+01 -4.971546e+01  5.000000e+01
     vertex  4.911114e+01 -4.966294e+01  0.000000e+00
   endloop
 endfacet
 facet normal  5.758082e-01 -8.175848e-01  0.000000e+00
   outer loop
     vertex  4.919140e+01 -4.960642e+01  5.000000e+01
     vertex  4.911114e+01 -4.966294e+01  0.000000e+00
     vertex  4.919140e+01 -4.960642e+01  0.000000e+00
   endloop
 endfacet
 facet normal  6.152316e-01 -7.883464e-01  0.000000e+00
   outer loop
     vertex  4.919140e+01 -4.960642e+01  5.000000e+01
     vertex  4.919140e+01 -4.960642e+01  0.000000e+00
     vertex  4.926879e+01 -4.954602e+01  0.000000e+00
   endloop
 endfacet
 facet normal  5.758082e-01 -8.175848e-01 -8.742255e-20
   outer loop
     vertex  4.919140e+01 -4.960642e+01  5.000000e+01
     vertex  4.911114e+01 -4.966294e+01  5.000000e+01
     vertex  4.911114e+01 -4.966294e+01  0.000000e+00
   endloop
 endfacet
 facet normal  6.152316e-01 -7.883464e-01  0.000000e+00
   outer loop
     vertex  4.926879e+01 -4.954602e+01  5.000000e+01
     vertex  4.919140e+01 -4.960642e+01  5.000000e+01
     vertex  4.926879e+01 -4.954602e+01  0.000000e+00
   endloop
 endfacet
 facet normal  6.531728e-01 -7.572088e-01  0.000000e+00
   outer loop
     vertex  4.934312e+01 -4.948190e+01  5.000000e+01
     vertex  4.926879e+01 -4.954602e+01  0.000000e+00
     vertex  4.934312e+01 -4.948190e+01  0.000000e+00
   endloop
 endfacet
 facet normal  6.531728e-01 -7.572088e-01  5.048796e-21
   outer loop
     vertex  4.934312e+01 -4.948190e+01  5.000000e+01
     vertex  4.926879e+01 -4.954602e+01  5.000000e+01
     vertex  4.926879e+01 -4.954602e+01  0.000000e+00
   endloop
 endfacet
 facet normal  6.895405e-01 -7.242471e-01  0.000000e+00
   outer loop
     vertex  4.941421e+01 -4.941421e+01  5.000000e+01
     vertex  4.934312e+01 -4.948190e+01  0.000000e+00
     vertex  4.941421e+01 -4.941421e+01  0.000000e+00
   endloop
 endfacet
 facet normal  6.895405e-01 -7.242471e-01  5.757751e-20
   outer loop
     vertex  4.941421e+01 -4.941421e+01  5.000000e+01
     vertex  4.934312e+01 -4.948190e+01  5.000000e+01
     vertex  4.934312e+01 -4.948190e+01  0.000000e+00
   endloop
 endfacet
 facet normal  7.242471e-01 -6.895405e-01  0.000000e+00
   outer loop
     vertex  4.948190e+01 -4.934312e+01  5.000000e+01
     vertex  4.941421e+01 -4.941421e+01  0.000000e+00
     vertex  4.948190e+01 -4.934312e+01  0.000000e+00
   endloop
 endfacet
 facet normal  7.242471e-01 -6.895405e-01 -4.569721e-20
   outer loop
     vertex  4.948190e+01 -4.934312e+01  5.000000e+01
     vertex  4.941421e+01 -4.941421e+01  5.000000e+01
     vertex  4.941421e+01 -4.941421e+01  0.000000e+00
   endloop
 endfacet
 facet normal  7.572088e-01 -6.531728e-01  0.000000e+00
   outer loop
     vertex  4.954602e+01 -4.926879e+01  5.000000e+01
     vertex  4.948190e+01 -4.934312e+01  0.000000e+00
     vertex  4.954602e+01 -4.926879e+01  0.000000e+00
   endloop
 endfacet
 facet normal  7.883464e-01 -6.152316e-01  0.000000e+00
   outer loop
     vertex  4.954602e+01 -4.926879e+01  5.000000e+01
     vertex  4.954602e+01 -4.926879e+01  0.000000e+00
     vertex  4.960642e+01 -4.919140e+01  0.000000e+00
   endloop
 endfacet
 facet normal  7.572088e-01 -6.531728e-01  1.877100e-20
   outer loop
     vertex  4.954602e+01 -4.926879e+01  5.000000e+01
     vertex  4.948190e+01 -4.934312e+01  5.000000e+01
     vertex  4.948190e+01 -4.934312e+01  0.000000e+00
   endloop
 endfacet
 facet normal  7.883464e-01 -6.152316e-01  0.000000e+00
   outer loop
     vertex  4.960642e+01 -4.919140e+01  5.000000e+01
     vertex  4.954602e+01 -4.926879e+01  5.000000e+01
     vertex  4.960642e+01 -4.919140e+01  0.000000e+00
   endloop
 endfacet
 facet normal  8.175848e-01 -5.758082e-01  0.000000e+00
   outer loop
     vertex  4.966294e+01 -4.911114e+01  5.000000e+01
     vertex  4.960642e+01 -4.919140e+01  0.000000e+00
     vertex  4.966294e+01 -4.911114e+01  0.000000e+00
   endloop
 endfacet
 facet normal  8.175848e-01 -5.758082e-01 -8.742255e-20
   outer loop
     vertex  4.966294e+01 -4.911114e+01  5.000000e+01
     vertex  4.960642e+01 -4.919140e+01  5.000000e+01
     vertex  4.960642e+01 -4.919140e+01  0.000000e+00
   endloop
 endfacet
 facet normal  8.448536e-01 -5.349976e-01  0.000000e+00
   outer loop
     vertex  4.971546e+01 -4.902821e+01  5.000000e+01
     vertex  4.966294e+01 -4.911114e+01  0.000000e+00
     vertex  4.971546e+01 -4.902821e+01  0.000000e+00
   endloop
 endfacet
 facet normal  8.700870e-01 -4.928982e-01  0.000000e+00
   outer loop
     vertex  4.971546e+01 -4.902821e+01  5.000000e+01
     vertex  4.971546e+01 -4.902821e+01  0.000000e+00
     vertex  4.976384e+01 -4.894279e+01  0.000000e+00
   endloop
 endfacet
 facet normal  8.448536e-01 -5.349976e-01 -6.083089e-20
   outer loop
     vertex  4.971546e+01 -4.902821e+01  5.000000e+01
     vertex  4.966294e+01 -4.911114e+01  5.000000e+01
     vertex  4.966294e+01 -4.911114e+01  0.000000e+00
   endloop
 endfacet
 facet normal  8.932243e-01 -4.496113e-01  0.000000e+00
   outer loop
     vertex  4.976384e+01 -4.894279e+01  5.000000e+01
     vertex  4.976384e+01 -4.894279e+01  0.000000e+00
     vertex  4.980798e+01 -4.885511e+01  0.000000e+00
   endloop
 endfacet
 facet normal  8.700870e-01 -4.928982e-01  0.000000e+00
   outer loop
     vertex  4.976384e+01 -4.894279e+01  5.000000e+01
     vertex  4.971546e+01 -4.902821e+01  5.000000e+01
     vertex  4.976384e+01 -4.894279e+01  0.000000e+00
   endloop
 endfacet
 facet normal  8.932243e-01 -4.496113e-01  0.000000e+00
   outer loop
     vertex  4.980798e+01 -4.885511e+01  5.000000e+01
     vertex  4.976384e+01 -4.894279e+01  5.000000e+01
     vertex  4.980798e+01 -4.885511e+01  0.000000e+00
   endloop
 endfacet
 facet normal  9.142098e-01 -4.052413e-01  2.073474e-20
   outer loop
     vertex  4.984776e+01 -4.876537e+01  5.000000e+01
     vertex  4.980798e+01 -4.885511e+01  5.000000e+01
     vertex  4.980798e+01 -4.885511e+01  0.000000e+00
   endloop
 endfacet
 facet normal  9.142098e-01 -4.052413e-01  0.000000e+00
   outer loop
     vertex  4.984776e+01 -4.876537e+01  5.000000e+01
     vertex  4.980798e+01 -4.885511e+01  0.000000e+00
     vertex  4.984776e+01 -4.876537e+01  0.000000e+00
   endloop
 endfacet
 facet normal  9.329928e-01 -3.598950e-01  0.000000e+00
   outer loop
     vertex  4.988309e+01 -4.867378e+01  5.000000e+01
     vertex  4.984776e+01 -4.876537e+01  0.000000e+00
     vertex  4.988309e+01 -4.867378e+01  0.000000e+00
   endloop
 endfacet
 facet normal  9.329928e-01 -3.598950e-01 -1.405804e-20
   outer loop
     vertex  4.988309e+01 -4.867378e+01  5.000000e+01
     vertex  4.984776e+01 -4.876537e+01  5.000000e+01
     vertex  4.984776e+01 -4.876537e+01  0.000000e+00
   endloop
 endfacet
 facet normal  9.495282e-01 -3.136817e-01  0.000000e+00
   outer loop
     vertex  4.991388e+01 -4.858057e+01  5.000000e+01
     vertex  4.988309e+01 -4.867378e+01  0.000000e+00
     vertex  4.991388e+01 -4.858057e+01  0.000000e+00
   endloop
 endfacet
 facet normal  9.495282e-01 -3.136817e-01  3.635117e-20
   outer loop
     vertex  4.991388e+01 -4.858057e+01  5.000000e+01
     vertex  4.988309e+01 -4.867378e+01  5.000000e+01
     vertex  4.988309e+01 -4.867378e+01  0.000000e+00
   endloop
 endfacet
 facet normal  9.637761e-01 -2.667128e-01  0.000000e+00
   outer loop
     vertex  4.994006e+01 -4.848596e+01  5.000000e+01
     vertex  4.991388e+01 -4.858057e+01  0.000000e+00
     vertex  4.994006e+01 -4.848596e+01  0.000000e+00
   endloop
 endfacet
 facet normal  9.637761e-01 -2.667128e-01 -3.208444e-20
   outer loop
     vertex  4.994006e+01 -4.848596e+01  5.000000e+01
     vertex  4.991388e+01 -4.858057e+01  5.000000e+01
     vertex  4.991388e+01 -4.858057e+01  0.000000e+00
   endloop
 endfacet
 facet normal  9.757021e-01 -2.191012e-01  0.000000e+00
   outer loop
     vertex  4.996157e+01 -4.839018e+01  5.000000e+01
     vertex  4.994006e+01 -4.848596e+01  0.000000e+00
     vertex  4.996157e+01 -4.839018e+01  0.000000e+00
   endloop
 endfacet
 facet normal  9.852776e-01 -1.709619e-01  0.000000e+00
   outer loop
     vertex  4.996157e+01 -4.839018e+01  5.000000e+01
     vertex  4.996157e+01 -4.839018e+01  0.000000e+00
     vertex  4.997835e+01 -4.829346e+01  0.000000e+00
   endloop
 endfacet
 facet normal  9.757021e-01 -2.191012e-01  2.847166e-20
   outer loop
     vertex  4.996157e+01 -4.839018e+01  5.000000e+01
     vertex  4.994006e+01 -4.848596e+01  5.000000e+01
     vertex  4.994006e+01 -4.848596e+01  0.000000e+00
   endloop
 endfacet
 facet normal  9.852776e-01 -1.709619e-01  0.000000e+00
   outer loop
     vertex  4.997835e+01 -4.829346e+01  5.000000e+01
     vertex  4.996157e+01 -4.839018e+01  5.000000e+01
     vertex  4.997835e+01 -4.829346e+01  0.000000e+00
   endloop
 endfacet
 facet normal  9.924795e-01 -1.224107e-01  0.000000e+00
   outer loop
     vertex  4.999037e+01 -4.819603e+01  5.000000e+01
     vertex  4.997835e+01 -4.829346e+01  0.000000e+00
     vertex  4.999037e+01 -4.819603e+01  0.000000e+00
   endloop
 endfacet
 facet normal  9.924795e-01 -1.224107e-01  1.702256e-20
   outer loop
     vertex  4.999037e+01 -4.819603e+01  5.000000e+01
     vertex  4.997835e+01 -4.829346e+01  5.000000e+01
     vertex  4.997835e+01 -4.829346e+01  0.000000e+00
   endloop
 endfacet
 facet normal  9.972905e-01 -7.356456e-02  0.000000e+00
   outer loop
     vertex  4.999759e+01 -4.809814e+01  5.000000e+01
     vertex  4.999037e+01 -4.819603e+01  0.000000e+00
     vertex  4.999759e+01 -4.809814e+01  0.000000e+00
   endloop
 endfacet
 facet normal  9.972905e-01 -7.356456e-02 -4.862281e-21
   outer loop
     vertex  4.999759e+01 -4.809814e+01  5.000000e+01
     vertex  4.999037e+01 -4.819603e+01  5.000000e+01
     vertex  4.999037e+01 -4.819603e+01  0.000000e+00
   endloop
 endfacet
 facet normal  9.996988e-01 -2.454123e-02  0.000000e+00
   outer loop
     vertex  5.000000e+01 -4.800000e+01  5.000000e+01
     vertex  4.999759e+01 -4.809814e+01  0.000000e+00
     vertex  5.000000e+01 -4.800000e+01  0.000000e+00
   endloop
 endfacet
 facet normal  9.996988e-01 -2.454123e-02 -4.705733e-22
   outer loop
     vertex  5.000000e+01 -4.800000e+01  5.000000e+01
     vertex  4.999759e+01 -4.809814e+01  5.000000e+01
     vertex  4.999759e+01 -4.809814e+01  0.000000e+00
   endloop
 endfacet
 facet normal  0.000000e+00  0.000000e+00  1.000000e+00
   outer loop
     vertex -4.760000e+01 -4.760000e+01  5.000000e+01
     vertex -4.809814e+01 -4.999759e+01  5.000000e+01
     vertex -4.800000e+01 -5.000000e+01  5.000000e+01
   endloop
 endfacet
 facet normal  0.000000e+00  0.000000e+00  1.000000e+00
   outer loop
     vertex -4.760000e+01 -4.760000e+01  5.000000e+01
     vertex -4.819603e+01 -4.999037e+01  5.000000e+01
     vertex -4.809814e+01 -4.999759e+01  5.000000e+01
   endloop
 endfacet
 facet normal  0.000000e+00  0.000000e+00  1.000000e+00
   outer loop
     vertex -4.760000e+01 -4.760000e+01  5.000000e+01
     vertex -4.829346e+01 -4.997835e+01  5.000000e+01
     vertex -4.819603e+01 -4.999037e+01  5.000000e+01
   endloop
 endfacet
 facet normal  0.000000e+00  0.000000e+00  1.000000e+00
   outer loop
     vertex -4.760000e+01 -4.760000e+01  5.000000e+01
     vertex -4.839018e+01 -4.996157e+01  5.000000e+01
     vertex -4.829346e+01 -4.997835e+01  5.000000e+01
   endloop
 endfacet
 facet normal  0.000000e+00  0.000000e+00  1.000000e+00
   outer loop
     vertex -4.760000e+01 -4.760000e+01  5.000000e+01
     vertex -4.848596e+01 -4.994006e+01  5.000000e+01
     vertex -4.839018e+01 -4.996157e+01  5.000000e+01
   endloop
 endfacet
 facet normal  0.000000e+00  0.000000e+00  1.000000e+00
   outer loop
     vertex -4.760000e+01 -4.760000e+01  5.000000e+01
     vertex -4.858057e+01 -4.991388e+01  5.000000e+01
     vertex -4.848596e+01 -4.994006e+01  5.000000e+01
   endloop
 endfacet
 facet normal  0.000000e+00  0.000000e+00  1.000000e+00
   outer loop
     vertex -4.760000e+01 -4.760000e+01  5.000000e+01
     vertex -4.867378e+01 -4.988309e+01  5.000000e+01
     vertex -4.858057e+01 -4.991388e+01  5.000000e+01
   endloop
 endfacet
 facet normal  0.000000e+00  0.000000e+00  1.000000e+00
   outer loop
     vertex -4.760000e+01 -4.760000e+01  5.000000e+01
     vertex -4.876537e+01 -4.984776e+01  5.000000e+01
     vertex -4.867378e+01 -4.988309e+01  5.000000e+01
   endloop
 endfacet
 facet normal  0.000000e+00  0.000000e+00  1.000000e+00
   outer loop
     vertex -4.760000e+01 -4.760000e+01  5.000000e+01
     vertex -4.885511e+01 -4.980798e+01  5.000000e+01
     vertex -4.876537e+01 -4.984776e+01  5.000000e+01
   endloop
 endfacet
 facet normal  0.000000e+00  0.000000e+00  1.000000e+00
   outer loop
     vertex -4.760000e+01 -4.760000e+01  5.000000e+01
     vertex -4.894279e+01 -4.976384e+01  5.000000e+01
     vertex -4.885511e+01 -4.980798e+01  5.000000e+01
   endloop
 endfacet
 facet normal  0.000000e+00  0.000000e+00  1.000000e+00
   outer loop
     vertex -4.760000e+01 -4.760000e+01  5.000000e+01
     vertex -4.902821e+01 -4.971546e+01  5.000000e+01
     vertex -4.894279e+01 -4.976384e+01  5.000000e+01
   endloop
 endfacet
 facet normal  0.000000e+00  0.000000e+00  1.000000e+00
   outer loop
     vertex -4.760000e+01 -4.760000e+01  5.000000e+01
     vertex -4.911114e+01 -4.966294e+01  5.000000e+01
     vertex -4.902821e+01 -4.971546e+01  5.000000e+01
   endloop
 endfacet
 facet normal  0.000000e+00  0.000000e+00  1.000000e+00
   outer loop
     vertex -4.760000e+01 -4.760000e+01  5.000000e+01
     vertex -4.919140e+01 -4.960642e+01  5.000000e+01
     vertex -4.911114e+01 -4.966294e+01  5.000000e+01
   endloop
 endfacet
 facet normal  0.000000e+00  0.000000e+00  1.000000e+00
   outer loop
     vertex -4.760000e+01 -4.760000e+01  5.000000e+01
     vertex -4.926879e+01 -4.954602e+01  5.000000e+01
     vertex -4.919140e+01 -4.960642e+01  5.000000e+01
   endloop
 endfacet
 facet normal  0.000000e+00  0.000000e+00  1.000000e+00
   outer loop
     vertex -4.760000e+01 -4.760000e+01  5.000000e+01
     vertex -4.934312e+01 -4.948190e+01  5.000000e+01
     vertex -4.926879e+01 -4.954602e+01  5.000000e+01
   endloop
 endfacet
 facet normal  0.000000e+00  0.000000e+00  1.000000e+00
   outer loop
     vertex -4.760000e+01 -4.760000e+01  5.000000e+01
     vertex -4.941421e+01 -4.941421e+01  5.000000e+01
     vertex -4.934312e+01 -4.948190e+01  5.000000e+01
   endloop
 endfacet
 facet normal  0.000000e+00  0.000000e+00  1.000000e+00
   outer loop
     vertex -4.760000e+01 -4.760000e+01  5.000000e+01
     vertex -4.948190e+01 -4.934312e+01  5.000000e+01
     vertex -4.941421e+01 -4.941421e+01  5.000000e+01
   endloop
 endfacet
 facet normal  0.000000e+00  0.000000e+00  1.000000e+00
   outer loop
     vertex -4.760000e+01 -4.760000e+01  5.000000e+01
     vertex -4.954602e+01 -4.926879e+01  5.000000e+01
     vertex -4.948190e+01 -4.934312e+01  5.000000e+01
   endloop
 endfacet
 facet normal  0.000000e+00  0.000000e+00  1.000000e+00
   outer loop
     vertex -4.760000e+01 -4.760000e+01  5.000000e+01
     vertex -4.960642e+01 -4.919140e+01  5.000000e+01
     vertex -4.954602e+01 -4.926879e+01  5.000000e+01
   endloop
 endfacet
 facet normal  0.000000e+00  0.000000e+00  1.000000e+00
   outer loop
     vertex -4.760000e+01 -4.760000e+01  5.000000e+01
     vertex -4.966294e+01 -4.911114e+01  5.000000e+01
     vertex -4.960642e+01 -4.919140e+01  5.000000e+01
   endloop
 endfacet
 facet normal  0.000000e+00  0.000000e+00  1.000000e+00
   outer loop
     vertex -4.760000e+01 -4.760000e+01  5.000000e+01
     vertex -4.971546e+01 -4.902821e+01  5.000000e+01
     vertex -4.966294e+01 -4.911114e+01  5.000000e+01
   endloop
 endfacet
 facet normal  0.000000e+00  0.000000e+00  1.000000e+00
   outer loop
     vertex -4.760000e+01 -4.760000e+01  5.000000e+01
     vertex -4.976384e+01 -4.894279e+01  5.000000e+01
     vertex -4.971546e+01 -4.902821e+01  5.000000e+01
   endloop
 endfacet
 facet normal  0.000000e+00  0.000000e+00  1.000000e+00
   outer loop
     vertex -4.760000e+01 -4.760000e+01  5.000000e+01
     vertex -4.980798e+01 -4.885511e+01  5.000000e+01
     vertex -4.976384e+01 -4.894279e+01  5.000000e+01
   endloop
 endfacet
 facet normal  0.000000e+00  0.000000e+00  1.000000e+00
   outer loop
     vertex -4.760000e+01 -4.760000e+01  5.000000e+01
     vertex -4.984776e+01 -4.876537e+01  5.000000e+01
     vertex -4.980798e+01 -4.885511e+01  5.000000e+01
   endloop
 endfacet
 facet normal  0.000000e+00  0.000000e+00  1.000000e+00
   outer loop
     vertex -4.760000e+01 -4.760000e+01  5.000000e+01
     vertex -4.988309e+01 -4.867378e+01  5.000000e+01
     vertex -4.984776e+01 -4.876537e+01  5.000000e+01
   endloop
 endfacet
 facet normal  0.000000e+00  0.000000e+00  1.000000e+00
   outer loop
     vertex -4.760000e+01 -4.760000e+01  5.000000e+01
     vertex -4.991388e+01 -4.858057e+01  5.000000e+01
     vertex -4.988309e+01 -4.867378e+01  5.000000e+01
   endloop
 endfacet
 facet normal  0.000000e+00  0.000000e+00  1.000000e+00
   outer loop
     vertex -4.760000e+01 -4.760000e+01  5.000000e+01
     vertex -4.994006e+01 -4.848596e+01  5.000000e+01
     vertex -4.991388e+01 -4.858057e+01  5.000000e+01
   endloop
 endfacet
 facet normal  0.000000e+00  0.000000e+00  1.000000e+00
   outer loop
     vertex -4.760000e+01 -4.760000e+01  5.000000e+01
     vertex -4.996157e+01 -4.839018e+01  5.000000e+01
     vertex -4.994006e+01 -4.848596e+01  5.000000e+01
   endloop
 endfacet
 facet normal  0.000000e+00  0.000000e+00  1.000000e+00
   outer loop
     vertex -4.760000e+01 -4.760000e+01  5.000000e+01
     vertex -4.997835e+01 -4.829346e+01  5.000000e+01
     vertex -4.996157e+01 -4.839018e+01  5.000000e+01
   endloop
 endfacet
 facet normal  0.000000e+00  0.000000e+00  1.000000e+00
   outer loop
     vertex -4.760000e+01 -4.760000e+01  5.000000e+01
     vertex -4.999037e+01 -4.819603e+01  5.000000e+01
     vertex -4.997835e+01 -4.829346e+01  5.000000e+01
   endloop
 endfacet
 facet normal  0.000000e+00  0.000000e+00  1.000000e+00
   outer loop
     vertex -4.760000e+01 -4.760000e+01  5.000000e+01
     vertex -4.999759e+01 -4.809814e+01  5.000000e+01
     vertex -4.999037e+01 -4.819603e+01  5.000000e+01
   endloop
 endfacet
 facet normal  0.000000e+00  0.000000e+00  1.000000e+00
   outer loop
     vertex -4.760000e+01 -4.760000e+01  5.000000e+01
     vertex -5.000000e+01 -4.800000e+01  5.000000e+01
     vertex -4.999759e+01 -4.809814e+01  5.000000e+01
   endloop
 endfacet
 facet normal  0.000000e+00  0.000000e+00  1.000000e+00
   outer loop
     vertex -4.760000e+01  4.760000e+01  5.000000e+01
     vertex -5.000000e+01 -4.800000e+01  5.000000e+01
     vertex -4.760000e+01 -4.760000e+01  5.000000e+01
   endloop
 endfacet
 facet normal  0.000000e+00  0.000000e+00  1.000000e+00
   outer loop
     vertex -4.760000e+01  4.760000e+01  5.000000e+01
     vertex -4.948190e+01  4.934312e+01  5.000000e+01
     vertex -4.954602e+01  4.926879e+01  5.000000e+01
   endloop
 endfacet
 facet normal  0.000000e+00  0.000000e+00  1.000000e+00
   outer loop
     vertex -4.760000e+01  4.760000e+01  5.000000e+01
     vertex -4.954602e+01  4.926879e+01  5.000000e+01
     vertex -4.960642e+01  4.919140e+01  5.000000e+01
   endloop
 endfacet
 facet normal  0.000000e+00  0.000000e+00  1.000000e+00
   outer loop
     vertex -4.760000e+01  4.760000e+01  5.000000e+01
     vertex -4.960642e+01  4.919140e+01  5.000000e+01
     vertex -4.966294e+01  4.911114e+01  5.000000e+01
   endloop
 endfacet
 facet normal  0.000000e+00  0.000000e+00  1.000000e+00
   outer loop
     vertex -4.760000e+01  4.760000e+01  5.000000e+01
     vertex -4.966294e+01  4.911114e+01  5.000000e+01
     vertex -4.971546e+01  4.902821e+01  5.000000e+01
   endloop
 endfacet
 facet normal  0.000000e+00  0.000000e+00  1.000000e+00
   outer loop
     vertex -4.760000e+01  4.760000e+01  5.000000e+01
     vertex -4.971546e+01  4.902821e+01  5.000000e+01
     vertex -4.976384e+01  4.894279e+01  5.000000e+01
   endloop
 endfacet
 facet normal  0.000000e+00  0.000000e+00  1.000000e+00
   outer loop
     vertex -4.760000e+01  4.760000e+01  5.000000e+01
     vertex -4.976384e+01  4.894279e+01  5.000000e+01
     vertex -4.980798e+01  4.885511e+01  5.000000e+01
   endloop
 endfacet
 facet normal  0.000000e+00  0.000000e+00  1.000000e+00
   outer loop
     vertex -4.760000e+01  4.760000e+01  5.000000e+01
     vertex -4.980798e+01  4.885511e+01  5.000000e+01
     vertex -4.984776e+01  4.876537e+01  5.000000e+01
   endloop
 endfacet
 facet normal  0.000000e+00  0.000000e+00  1.000000e+00
   outer loop
     vertex -4.760000e+01  4.760000e+01  5.000000e+01
     vertex -4.984776e+01  4.876537e+01  5.000000e+01
     vertex -4.988309e+01  4.867378e+01  5.000000e+01
   endloop
 endfacet
 facet normal  0.000000e+00  0.000000e+00  1.000000e+00
   outer loop
     vertex -4.760000e+01  4.760000e+01  5.000000e+01
     vertex -4.988309e+01  4.867378e+01  5.000000e+01
     vertex -4.991388e+01  4.858057e+01  5.000000e+01
   endloop
 endfacet
 facet normal  0.000000e+00  0.000000e+00  1.000000e+00
   outer loop
     vertex -4.760000e+01  4.760000e+01  5.000000e+01
     vertex -4.991388e+01  4.858057e+01  5.000000e+01
     vertex -4.994006e+01  4.848596e+01  5.000000e+01
   endloop
 endfacet
 facet normal  0.000000e+00  0.000000e+00  1.000000e+00
   outer loop
     vertex -4.760000e+01  4.760000e+01  5.000000e+01
     vertex -4.994006e+01  4.848596e+01  5.000000e+01
     vertex -4.996157e+01  4.839018e+01  5.000000e+01
   endloop
 endfacet
 facet normal  0.000000e+00  0.000000e+00  1.000000e+00
   outer loop
     vertex -4.760000e+01  4.760000e+01  5.000000e+01
     vertex -4.996157e+01  4.839018e+01  5.000000e+01
     vertex -4.997835e+01  4.829346e+01  5.000000e+01
   endloop
 endfacet
 facet normal  0.000000e+00  0.000000e+00  1.000000e+00
   outer loop
     vertex -4.760000e+01  4.760000e+01  5.000000e+01
     vertex -4.997835e+01  4.829346e+01  5.000000e+01
     vertex -4.999037e+01  4.819603e+01  5.000000e+01
   endloop
 endfacet
 facet normal  0.000000e+00  0.000000e+00  1.000000e+00
   outer loop
     vertex -4.760000e+01  4.760000e+01  5.000000e+01
     vertex -4.999037e+01  4.819603e+01  5.000000e+01
     vertex -4.999759e+01  4.809814e+01  5.000000e+01
   endloop
 endfacet
 facet normal  0.000000e+00  0.000000e+00  1.000000e+00
   outer loop
     vertex -4.760000e+01  4.760000e+01  5.000000e+01
     vertex -4.999759e+01  4.809814e+01  5.000000e+01
     vertex -5.000000e+01  4.800000e+01  5.000000e+01
   endloop
 endfacet
 facet normal  0.000000e+00  0.000000e+00  1.000000e+00
   outer loop
     vertex -4.760000e+01  4.760000e+01  5.000000e+01
     vertex -5.000000e+01  4.800000e+01  5.000000e+01
     vertex -5.000000e+01 -4.800000e+01  5.000000e+01
   endloop
 endfacet
 facet normal  0.000000e+00  0.000000e+00  1.000000e+00
   outer loop
     vertex  4.760000e+01 -4.760000e+01  5.000000e+01
     vertex -4.800000e+01 -5.000000e+01  5.000000e+01
     vertex  4.800000e+01 -5.000000e+01  5.000000e+01
   endloop
 endfacet
 facet normal  0.000000e+00  0.000000e+00  1.000000e+00
   outer loop
     vertex  4.760000e+01 -4.760000e+01  5.000000e+01
     vertex  4.800000e+01 -5.000000e+01  5.000000e+01
     vertex  4.809814e+01 -4.999759e+01  5.000000e+01
   endloop
 endfacet
 facet normal  0.000000e+00  0.000000e+00  1.000000e+00
   outer loop
     vertex  4.760000e+01 -4.760000e+01  5.000000e+01
     vertex  4.809814e+01 -4.999759e+01  5.000000e+01
     vertex  4.819603e+01 -4.999037e+01  5.000000e+01
   endloop
 endfacet
 facet normal  0.000000e+00  0.000000e+00  1.000000e+00
   outer loop
     vertex  4.760000e+01 -4.760000e+01  5.000000e+01
     vertex -4.760000e+01 -4.760000e+01  5.000000e+01
     vertex -4.800000e+01 -5.000000e+01  5.000000e+01
   endloop
 endfacet
 facet normal  0.000000e+00  0.000000e+00  1.000000e+00
   outer loop
     vertex  4.760000e+01 -4.760000e+01  5.000000e+01
     vertex  4.819603e+01 -4.999037e+01  5.000000e+01
     vertex  4.829346e+01 -4.997835e+01  5.000000e+01
   endloop
 endfacet
 facet normal  0.000000e+00  0.000000e+00  1.000000e+00
   outer loop
     vertex  4.760000e+01 -4.760000e+01  5.000000e+01
     vertex  4.829346e+01 -4.997835e+01  5.000000e+01
     vertex  4.839018e+01 -4.996157e+01  5.000000e+01
   endloop
 endfacet
 facet normal  0.000000e+00  0.000000e+00  1.000000e+00
   outer loop
     vertex  4.760000e+01 -4.760000e+01  5.000000e+01
     vertex  4.839018e+01 -4.996157e+01  5.000000e+01
     vertex  4.848596e+01 -4.994006e+01  5.000000e+01
   endloop
 endfacet
 facet normal  0.000000e+00  0.000000e+00  1.000000e+00
   outer loop
     vertex  4.760000e+01 -4.760000e+01  5.000000e+01
     vertex  4.848596e+01 -4.994006e+01  5.000000e+01
     vertex  4.858057e+01 -4.991388e+01  5.000000e+01
   endloop
 endfacet
 facet normal  0.000000e+00  0.000000e+00  1.000000e+00
   outer loop
     vertex  4.760000e+01 -4.760000e+01  5.000000e+01
     vertex  4.858057e+01 -4.991388e+01  5.000000e+01
     vertex  4.867378e+01 -4.988309e+01  5.000000e+01
   endloop
 endfacet
 facet normal  0.000000e+00  0.000000e+00  1.000000e+00
   outer loop
     vertex  4.760000e+01 -4.760000e+01  5.000000e+01
     vertex  4.867378e+01 -4.988309e+01  5.000000e+01
     vertex  4.876537e+01 -4.984776e+01  5.000000e+01
   endloop
 endfacet
 facet normal  0.000000e+00  0.000000e+00  1.000000e+00
   outer loop
     vertex  4.760000e+01 -4.760000e+01  5.000000e+01
     vertex  4.876537e+01 -4.984776e+01  5.000000e+01
     vertex  4.885511e+01 -4.980798e+01  5.000000e+01
   endloop
 endfacet
 facet normal  0.000000e+00  0.000000e+00  1.000000e+00
   outer loop
     vertex  4.760000e+01 -4.760000e+01  5.000000e+01
     vertex  4.885511e+01 -4.980798e+01  5.000000e+01
     vertex  4.894279e+01 -4.976384e+01  5.000000e+01
   endloop
 endfacet
 facet normal  0.000000e+00  0.000000e+00  1.000000e+00
   outer loop
     vertex  4.760000e+01 -4.760000e+01  5.000000e+01
     vertex  4.894279e+01 -4.976384e+01  5.000000e+01
     vertex  4.902821e+01 -4.971546e+01  5.000000e+01
   endloop
 endfacet
 facet normal  0.000000e+00  0.000000e+00  1.000000e+00
   outer loop
     vertex  4.760000e+01 -4.760000e+01  5.000000e+01
     vertex  4.902821e+01 -4.971546e+01  5.000000e+01
     vertex  4.911114e+01 -4.966294e+01  5.000000e+01
   endloop
 endfacet
 facet normal  0.000000e+00  0.000000e+00  1.000000e+00
   outer loop
     vertex  4.760000e+01 -4.760000e+01  5.000000e+01
     vertex  4.911114e+01 -4.966294e+01  5.000000e+01
     vertex  4.919140e+01 -4.960642e+01  5.000000e+01
   endloop
 endfacet
 facet normal  0.000000e+00  0.000000e+00  1.000000e+00
   outer loop
     vertex  4.760000e+01 -4.760000e+01  5.000000e+01
     vertex  4.919140e+01 -4.960642e+01  5.000000e+01
     vertex  4.926879e+01 -4.954602e+01  5.000000e+01
   endloop
 endfacet
 facet normal  0.000000e+00  0.000000e+00  1.000000e+00
   outer loop
     vertex  4.760000e+01 -4.760000e+01  5.000000e+01
     vertex  4.926879e+01 -4.954602e+01  5.000000e+01
     vertex  4.934312e+01 -4.948190e+01  5.000000e+01
   endloop
 endfacet
 facet normal  0.000000e+00  0.000000e+00  1.000000e+00
   outer loop
     vertex  4.941421e+01 -4.941421e+01  5.000000e+01
     vertex  4.760000e+01 -4.760000e+01  5.000000e+01
     vertex  4.934312e+01 -4.948190e+01  5.000000e+01
   endloop
 endfacet
 facet normal  0.000000e+00  0.000000e+00  1.000000e+00
   outer loop
     vertex -4.941421e+01  4.941421e+01  5.000000e+01
     vertex -4.948190e+01  4.934312e+01  5.000000e+01
     vertex -4.760000e+01  4.760000e+01  5.000000e+01
   endloop
 endfacet
 facet normal  0.000000e+00  0.000000e+00  1.000000e+00
   outer loop
     vertex  4.948190e+01 -4.934312e+01  5.000000e+01
     vertex  4.760000e+01 -4.760000e+01  5.000000e+01
     vertex  4.941421e+01 -4.941421e+01  5.000000e+01
   endloop
 endfacet
 facet normal  0.000000e+00  0.000000e+00  1.000000e+00
   outer loop
     vertex -4.934312e+01  4.948190e+01  5.000000e+01
     vertex -4.941421e+01  4.941421e+01  5.000000e+01
     vertex -4.760000e+01  4.760000e+01  5.000000e+01
   endloop
 endfacet
 facet normal  0.000000e+00  0.000000e+00  1.000000e+00
   outer loop
     vertex  4.954602e+01 -4.926879e+01  5.000000e+01
     vertex  4.760000e+01 -4.760000e+01  5.000000e+01
     vertex  4.948190e+01 -4.934312e+01  5.000000e+01
   endloop
 endfacet
 facet normal  0.000000e+00  0.000000e+00  1.000000e+00
   outer loop
     vertex -4.926879e+01  4.954602e+01  5.000000e+01
     vertex -4.934312e+01  4.948190e+01  5.000000e+01
     vertex -4.760000e+01  4.760000e+01  5.000000e+01
   endloop
 endfacet
 facet normal  0.000000e+00  0.000000e+00  1.000000e+00
   outer loop
     vertex  4.960642e+01 -4.919140e+01  5.000000e+01
     vertex  4.760000e+01 -4.760000e+01  5.000000e+01
     vertex  4.954602e+01 -4.926879e+01  5.000000e+01
   endloop
 endfacet
 facet normal  0.000000e+00  0.000000e+00  1.000000e+00
   outer loop
     vertex -4.919140e+01  4.960642e+01  5.000000e+01
     vertex -4.926879e+01  4.954602e+01  5.000000e+01
     vertex -4.760000e+01  4.760000e+01  5.000000e+01
   endloop
 endfacet
 facet normal  0.000000e+00  0.000000e+00  1.000000e+00
   outer loop
     vertex  4.966294e+01 -4.911114e+01  5.000000e+01
     vertex  4.760000e+01 -4.760000e+01  5.000000e+01
     vertex  4.960642e+01 -4.919140e+01  5.000000e+01
   endloop
 endfacet
 facet normal  0.000000e+00  0.000000e+00  1.000000e+00
   outer loop
     vertex -4.911114e+01  4.966294e+01  5.000000e+01
     vertex -4.919140e+01  4.960642e+01  5.000000e+01
     vertex -4.760000e+01  4.760000e+01  5.000000e+01
   endloop
 endfacet
 facet normal  0.000000e+00  0.000000e+00  1.000000e+00
   outer loop
     vertex  4.971546e+01 -4.902821e+01  5.000000e+01
     vertex  4.760000e+01 -4.760000e+01  5.000000e+01
     vertex  4.966294e+01 -4.911114e+01  5.000000e+01
   endloop
 endfacet
 facet normal  0.000000e+00  0.000000e+00  1.000000e+00
   outer loop
     vertex -4.902821e+01  4.971546e+01  5.000000e+01
     vertex -4.911114e+01  4.966294e+01  5.000000e+01
     vertex -4.760000e+01  4.760000e+01  5.000000e+01
   endloop
 endfacet
 facet normal  0.000000e+00  0.000000e+00  1.000000e+00
   outer loop
     vertex  4.976384e+01 -4.894279e+01  5.000000e+01
     vertex  4.760000e+01 -4.760000e+01  5.000000e+01
     vertex  4.971546e+01 -4.902821e+01  5.000000e+01
   endloop
 endfacet
 facet normal  0.000000e+00  0.000000e+00  1.000000e+00
   outer loop
     vertex -4.894279e+01  4.976384e+01  5.000000e+01
     vertex -4.902821e+01  4.971546e+01  5.000000e+01
     vertex -4.760000e+01  4.760000e+01  5.000000e+01
   endloop
 endfacet
 facet normal  0.000000e+00  0.000000e+00  1.000000e+00
   outer loop
     vertex  4.980798e+01 -4.885511e+01  5.000000e+01
     vertex  4.760000e+01 -4.760000e+01  5.000000e+01
     vertex  4.976384e+01 -4.894279e+01  5.000000e+01
   endloop
 endfacet
 facet normal  0.000000e+00  0.000000e+00  1.000000e+00
   outer loop
     vertex -4.885511e+01  4.980798e+01  5.000000e+01
     vertex -4.894279e+01  4.976384e+01  5.000000e+01
     vertex -4.760000e+01  4.760000e+01  5.000000e+01
   endloop
 endfacet
 facet normal  0.000000e+00  0.000000e+00  1.000000e+00
   outer loop
     vertex  4.984776e+01 -4.876537e+01  5.000000e+01
     vertex  4.760000e+01 -4.760000e+01  5.000000e+01
     vertex  4.980798e+01 -4.885511e+01  5.000000e+01
   endloop
 endfacet
 facet normal  0.000000e+00  0.000000e+00  1.000000e+00
   outer loop
     vertex -4.876537e+01  4.984776e+01  5.000000e+01
     vertex -4.885511e+01  4.980798e+01  5.000000e+01
     vertex -4.760000e+01  4.760000e+01  5.000000e+01
   endloop
 endfacet
 facet normal  0.000000e+00  0.000000e+00  1.000000e+00
   outer loop
     vertex  4.988309e+01 -4.867378e+01  5.000000e+01
     vertex  4.760000e+01 -4.760000e+01  5.000000e+01
     vertex  4.984776e+01 -4.876537e+01  5.000000e+01
   endloop
 endfacet
 facet normal  0.000000e+00  0.000000e+00  1.000000e+00
   outer loop
     vertex -4.867378e+01  4.988309e+01  5.000000e+01
     vertex -4.876537e+01  4.984776e+01  5.000000e+01
     vertex -4.760000e+01  4.760000e+01  5.000000e+01
   endloop
 endfacet
 facet normal  0.000000e+00  0.000000e+00  1.000000e+00
   outer loop
     vertex  4.991388e+01 -4.858057e+01  5.000000e+01
     vertex  4.760000e+01 -4.760000e+01  5.000000e+01
     vertex  4.988309e+01 -4.867378e+01  5.000000e+01
   endloop
 endfacet
 facet normal  0.000000e+00  0.000000e+00  1.000000e+00
   outer loop
     vertex -4.858057e+01  4.991388e+01  5.000000e+01
     vertex -4.867378e+01  4.988309e+01  5.000000e+01
     vertex -4.760000e+01  4.760000e+01  5.000000e+01
   endloop
 endfacet
 facet normal  0.000000e+00  0.000000e+00  1.000000e+00
   outer loop
     vertex  4.994006e+01 -4.848596e+01  5.000000e+01
     vertex  4.760000e+01 -4.760000e+01  5.000000e+01
     vertex  4.991388e+01 -4.858057e+01  5.000000e+01
   endloop
 endfacet
 facet normal  0.000000e+00  0.000000e+00  1.000000e+00
   outer loop
     vertex -4.848596e+01  4.994006e+01  5.000000e+01
     vertex -4.858057e+01  4.991388e+01  5.000000e+01
     vertex -4.760000e+01  4.760000e+01  5.000000e+01
   endloop
 endfacet
 facet normal  0.000000e+00  0.000000e+00  1.000000e+00
   outer loop
     vertex  4.996157e+01 -4.839018e+01  5.000000e+01
     vertex  4.760000e+01 -4.760000e+01  5.000000e+01
     vertex  4.994006e+01 -4.848596e+01  5.000000e+01
   endloop
 endfacet
 facet normal  0.000000e+00  0.000000e+00  1.000000e+00
   outer loop
     vertex -4.839018e+01  4.996157e+01  5.000000e+01
     vertex -4.848596e+01  4.994006e+01  5.000000e+01
     vertex -4.760000e+01  4.760000e+01  5.000000e+01
   endloop
 endfacet
 facet normal  0.000000e+00  0.000000e+00  1.000000e+00
   outer loop
     vertex  4.997835e+01 -4.829346e+01  5.000000e+01
     vertex  4.760000e+01 -4.760000e+01  5.000000e+01
     vertex  4.996157e+01 -4.839018e+01  5.000000e+01
   endloop
 endfacet
 facet normal  0.000000e+00  0.000000e+00  1.000000e+00
   outer loop
     vertex -4.829346e+01  4.997835e+01  5.000000e+01
     vertex -4.839018e+01  4.996157e+01  5.000000e+01
     vertex -4.760000e+01  4.760000e+01  5.000000e+01
   endloop
 endfacet
 facet normal  0.000000e+00  0.000000e+00  1.000000e+00
   outer loop
     vertex -4.819603e+01  4.999037e+01  5.000000e+01
     vertex -4.829346e+01  4.997835e+01  5.000000e+01
     vertex -4.760000e+01  4.760000e+01  5.000000e+01
   endloop
 endfacet
 facet normal  0.000000e+00  0.000000e+00  1.000000e+00
   outer loop
     vertex  4.999037e+01 -4.819603e+01  5.000000e+01
     vertex  4.760000e+01 -4.760000e+01  5.000000e+01
     vertex  4.997835e+01 -4.829346e+01  5.000000e+01
   endloop
 endfacet
 facet normal  0.000000e+00  0.000000e+00  1.000000e+00
   outer loop
     vertex -4.809814e+01  4.999759e+01  5.000000e+01
     vertex -4.819603e+01  4.999037e+01  5.000000e+01
     vertex -4.760000e+01  4.760000e+01  5.000000e+01
   endloop
 endfacet
 facet normal  0.000000e+00  0.000000e+00  1.000000e+00
   outer loop
     vertex  4.999759e+01 -4.809814e+01  5.000000e+01
     vertex  4.760000e+01 -4.760000e+01  5.000000e+01
     vertex  4.999037e+01 -4.819603e+01  5.000000e+01
   endloop
 endfacet
 facet normal  0.000000e+00  0.000000e+00  1.000000e+00
   outer loop
     vertex  5.000000e+01 -4.800000e+01  5.000000e+01
     vertex  4.760000e+01 -4.760000e+01  5.000000e+01
     vertex  4.999759e+01 -4.809814e+01  5.000000e+01
   endloop
 endfacet
 facet normal  0.000000e+00  0.000000e+00  1.000000e+00
   outer loop
     vertex -4.800000e+01  5.000000e+01  5.000000e+01
     vertex -4.809814e+01  4.999759e+01  5.000000e+01
     vertex -4.760000e+01  4.760000e+01  5.000000e+01
   endloop
 endfacet
 facet normal  0.000000e+00  0.000000e+00  1.000000e+00
   outer loop
     vertex  4.760000e+01  4.760000e+01  5.000000e+01
     vertex -4.800000e+01  5.000000e+01  5.000000e+01
     vertex -4.760000e+01  4.760000e+01  5.000000e+01
   endloop
 endfacet
 facet normal  0.000000e+00  0.000000e+00  1.000000e+00
   outer loop
     vertex  5.000000e+01  4.800000e+01  5.000000e+01
     vertex  4.760000e+01  4.760000e+01  5.000000e+01
     vertex  4.760000e+01 -4.760000e+01  5.000000e+01
   endloop
 endfacet
 facet normal  0.000000e+00  0.000000e+00  1.000000e+00
   outer loop
     vertex  5.000000e+01  4.800000e+01  5.000000e+01
     vertex  4.760000e+01 -4.760000e+01  5.000000e+01
     vertex  5.000000e+01 -4.800000e+01  5.000000e+01
   endloop
 endfacet
 facet normal  0.000000e+00  0.000000e+00  1.000000e+00
   outer loop
     vertex  4.800000e+01  5.000000e+01  5.000000e+01
     vertex -4.800000e+01  5.000000e+01  5.000000e+01
     vertex  4.760000e+01  4.760000e+01  5.000000e+01
   endloop
 endfacet
 facet normal  0.000000e+00  0.000000e+00  1.000000e+00
   outer loop
     vertex  4.999759e+01  4.809814e+01  5.000000e+01
     vertex  4.760000e+01  4.760000e+01  5.000000e+01
     vertex  5.000000e+01  4.800000e+01  5.000000e+01
   endloop
 endfacet
 facet normal  0.000000e+00  0.000000e+00  1.000000e+00
   outer loop
     vertex  4.809814e+01  4.999759e+01  5.000000e+01
     vertex  4.800000e+01  5.000000e+01  5.000000e+01
     vertex  4.760000e+01  4.760000e+01  5.000000e+01
   endloop
 endfacet
 facet normal  0.000000e+00  0.000000e+00  1.000000e+00
   outer loop
     vertex  4.999037e+01  4.819603e+01  5.000000e+01
     vertex  4.760000e+01  4.760000e+01  5.000000e+01
     vertex  4.999759e+01  4.809814e+01  5.000000e+01
   endloop
 endfacet
 facet normal  0.000000e+00  0.000000e+00  1.000000e+00
   outer loop
     vertex  4.819603e+01  4.999037e+01  5.000000e+01
     vertex  4.809814e+01  4.999759e+01  5.000000e+01
     vertex  4.760000e+01  4.760000e+01  5.000000e+01
   endloop
 endfacet
 facet normal  0.000000e+00  0.000000e+00  1.000000e+00
   outer loop
     vertex  4.997835e+01  4.829346e+01  5.000000e+01
     vertex  4.760000e+01  4.760000e+01  5.000000e+01
     vertex  4.999037e+01  4.819603e+01  5.000000e+01
   endloop
 endfacet
 facet normal  0.000000e+00  0.000000e+00  1.000000e+00
   outer loop
     vertex  4.829346e+01  4.997835e+01  5.000000e+01
     vertex  4.819603e+01  4.999037e+01  5.000000e+01
     vertex  4.760000e+01  4.760000e+01  5.000000e+01
   endloop
 endfacet
 facet normal  0.000000e+00  0.000000e+00  1.000000e+00
   outer loop
     vertex  4.839018e+01  4.996157e+01  5.000000e+01
     vertex  4.829346e+01  4.997835e+01  5.000000e+01
     vertex  4.760000e+01  4.760000e+01  5.000000e+01
   endloop
 endfacet
 facet normal  0.000000e+00  0.000000e+00  1.000000e+00
   outer loop
     vertex  4.996157e+01  4.839018e+01  5.000000e+01
     vertex  4.760000e+01  4.760000e+01  5.000000e+01
     vertex  4.997835e+01  4.829346e+01  5.000000e+01
   endloop
 endfacet
 facet normal  0.000000e+00  0.000000e+00  1.000000e+00
   outer loop
     vertex  4.848596e+01  4.994006e+01  5.000000e+01
     vertex  4.839018e+01  4.996157e+01  5.000000e+01
     vertex  4.760000e+01  4.760000e+01  5.000000e+01
   endloop
 endfacet
 facet normal  0.000000e+00  0.000000e+00  1.000000e+00
   outer loop
     vertex  4.994006e+01  4.848596e+01  5.000000e+01
     vertex  4.760000e+01  4.760000e+01  5.000000e+01
     vertex  4.996157e+01  4.839018e+01  5.000000e+01
   endloop
 endfacet
 facet normal  0.000000e+00  0.000000e+00  1.000000e+00
   outer loop
     vertex  4.858057e+01  4.991388e+01  5.000000e+01
     vertex  4.848596e+01  4.994006e+01  5.000000e+01
     vertex  4.760000e+01  4.760000e+01  5.000000e+01
   endloop
 endfacet
 facet normal  0.000000e+00  0.000000e+00  1.000000e+00
   outer loop
     vertex  4.991388e+01  4.858057e+01  5.000000e+01
     vertex  4.760000e+01  4.760000e+01  5.000000e+01
     vertex  4.994006e+01  4.848596e+01  5.000000e+01
   endloop
 endfacet
 facet normal  0.000000e+00  0.000000e+00  1.000000e+00
   outer loop
     vertex  4.867378e+01  4.988309e+01  5.000000e+01
     vertex  4.858057e+01  4.991388e+01  5.000000e+01
     vertex  4.760000e+01  4.760000e+01  5.000000e+01
   endloop
 endfacet
 facet normal  0.000000e+00  0.000000e+00  1.000000e+00
   outer loop
     vertex  4.988309e+01  4.867378e+01  5.000000e+01
     vertex  4.760000e+01  4.760000e+01  5.000000e+01
     vertex  4.991388e+01  4.858057e+01  5.000000e+01
   endloop
 endfacet
 facet normal  0.000000e+00  0.000000e+00  1.000000e+00
   outer loop
     vertex  4.876537e+01  4.984776e+01  5.000000e+01
     vertex  4.867378e+01  4.988309e+01  5.000000e+01
     vertex  4.760000e+01  4.760000e+01  5.000000e+01
   endloop
 endfacet
 facet normal  0.000000e+00  0.000000e+00  1.000000e+00
   outer loop
     vertex  4.984776e+01  4.876537e+01  5.000000e+01
     vertex  4.760000e+01  4.760000e+01  5.000000e+01
     vertex  4.988309e+01  4.867378e+01  5.000000e+01
   endloop
 endfacet
 facet normal  0.000000e+00  0.000000e+00  1.000000e+00
   outer loop
     vertex  4.885511e+01  4.980798e+01  5.000000e+01
     vertex  4.876537e+01  4.984776e+01  5.000000e+01
     vertex  4.760000e+01  4.760000e+01  5.000000e+01
   endloop
 endfacet
 facet normal  0.000000e+00  0.000000e+00  1.000000e+00
   outer loop
     vertex  4.980798e+01  4.885511e+01  5.000000e+01
     vertex  4.760000e+01  4.760000e+01  5.000000e+01
     vertex  4.984776e+01  4.876537e+01  5.000000e+01
   endloop
 endfacet
 facet normal  0.000000e+00  0.000000e+00  1.000000e+00
   outer loop
     vertex  4.894279e+01  4.976384e+01  5.000000e+01
     vertex  4.885511e+01  4.980798e+01  5.000000e+01
     vertex  4.760000e+01  4.760000e+01  5.000000e+01
   endloop
 endfacet
 facet normal  0.000000e+00  0.000000e+00  1.000000e+00
   outer loop
     vertex  4.976384e+01  4.894279e+01  5.000000e+01
     vertex  4.760000e+01  4.760000e+01  5.000000e+01
     vertex  4.980798e+01  4.885511e+01  5.000000e+01
   endloop
 endfacet
 facet normal  0.000000e+00  0.000000e+00  1.000000e+00
   outer loop
     vertex  4.902821e+01  4.971546e+01  5.000000e+01
     vertex  4.894279e+01  4.976384e+01  5.000000e+01
     vertex  4.760000e+01  4.760000e+01  5.000000e+01
   endloop
 endfacet
 facet normal  0.000000e+00  0.000000e+00  1.000000e+00
   outer loop
     vertex  4.971546e+01  4.902821e+01  5.000000e+01
     vertex  4.760000e+01  4.760000e+01  5.000000e+01
     vertex  4.976384e+01  4.894279e+01  5.000000e+01
   endloop
 endfacet
 facet normal  0.000000e+00  0.000000e+00  1.000000e+00
   outer loop
     vertex  4.966294e+01  4.911114e+01  5.000000e+01
     vertex  4.760000e+01  4.760000e+01  5.000000e+01
     vertex  4.971546e+01  4.902821e+01  5.000000e+01
   endloop
 endfacet
 facet normal  0.000000e+00  0.000000e+00  1.000000e+00
   outer loop
     vertex  4.911114e+01  4.966294e+01  5.000000e+01
     vertex  4.902821e+01  4.971546e+01  5.000000e+01
     vertex  4.760000e+01  4.760000e+01  5.000000e+01
   endloop
 endfacet
 facet normal  0.000000e+00  0.000000e+00  1.000000e+00
   outer loop
     vertex  4.919140e+01  4.960642e+01  5.000000e+01
     vertex  4.911114e+01  4.966294e+01  5.000000e+01
     vertex  4.760000e+01  4.760000e+01  5.000000e+01
   endloop
 endfacet
 facet normal  0.000000e+00  0.000000e+00  1.000000e+00
   outer loop
     vertex  4.960642e+01  4.919140e+01  5.000000e+01
     vertex  4.760000e+01  4.760000e+01  5.000000e+01
     vertex  4.966294e+01  4.911114e+01  5.000000e+01
   endloop
 endfacet
 facet normal  0.000000e+00  0.000000e+00  1.000000e+00
   outer loop
     vertex  4.926879e+01  4.954602e+01  5.000000e+01
     vertex  4.919140e+01  4.960642e+01  5.000000e+01
     vertex  4.760000e+01  4.760000e+01  5.000000e+01
   endloop
 endfacet
 facet normal  0.000000e+00  0.000000e+00  1.000000e+00
   outer loop
     vertex  4.954602e+01  4.926879e+01  5.000000e+01
     vertex  4.760000e+01  4.760000e+01  5.000000e+01
     vertex  4.960642e+01  4.919140e+01  5.000000e+01
   endloop
 endfacet
 facet normal  0.000000e+00  0.000000e+00  1.000000e+00
   outer loop
     vertex  4.934312e+01  4.948190e+01  5.000000e+01
     vertex  4.926879e+01  4.954602e+01  5.000000e+01
     vertex  4.760000e+01  4.760000e+01  5.000000e+01
   endloop
 endfacet
 facet normal  0.000000e+00  0.000000e+00  1.000000e+00
   outer loop
     vertex  4.948190e+01  4.934312e+01  5.000000e+01
     vertex  4.760000e+01  4.760000e+01  5.000000e+01
     vertex  4.954602e+01  4.926879e+01  5.000000e+01
   endloop
 endfacet
 facet normal  0.000000e+00  0.000000e+00  1.000000e+00
   outer loop
     vertex  4.941421e+01  4.941421e+01  5.000000e+01
     vertex  4.760000e+01  4.760000e+01  5.000000e+01
     vertex  4.948190e+01  4.934312e+01  5.000000e+01
   endloop
 endfacet
 facet normal  0.000000e+00  0.000000e+00  1.000000e+00
   outer loop
     vertex  4.941421e+01  4.941421e+01  5.000000e+01
     vertex  4.934312e+01  4.948190e+01  5.000000e+01
     vertex  4.760000e+01  4.760000e+01  5.000000e+01
   endloop
 endfacet
 facet normal -1.000000e+00  0.000000e+00  0.000000e+00
   outer loop
     vertex -5.000000e+01 -4.800000e+01  5.000000e+01
     vertex -5.000000e+01  4.800000e+01  5.000000e+01
     vertex -5.000000e+01  4.800000e+01  0.000000e+00
   endloop
 endfacet
 facet normal -1.000000e+00  0.000000e+00  0.000000e+00
   outer loop
     vertex -5.000000e+01 -4.800000e+01  0.000000e+00
     vertex -5.000000e+01 -4.800000e+01  5.000000e+01
     vertex -5.000000e+01  4.800000e+01  0.000000e+00
   endloop
 endfacet
 facet normal  1.000000e+00  0.000000e+00  0.000000e+00
   outer loop
     vertex  5.000000e+01  4.800000e+01  5.000000e+01
     vertex  5.000000e+01 -4.800000e+01  5.000000e+01
     vertex  5.000000e+01 -4.800000e+01  0.000000e+00
   endloop
 endfacet
 facet normal  1.000000e+00  0.000000e+00 -0.000000e+00
   outer loop
     vertex  5.000000e+01  4.800000e+01  0.000000e+00
     vertex  5.000000e+01  4.800000e+01  5.000000e+01
     vertex  5.000000e+01 -4.800000e+01  0.000000e+00
   endloop
 endfacet
 facet normal -2.454123e-02  9.996988e-01  0.000000e+00
   outer loop
     vertex -4.809814e+01  4.999759e+01  5.000000e+01
     vertex -4.800000e+01  5.000000e+01  0.000000e+00
     vertex -4.809814e+01  4.999759e+01  0.000000e+00
   endloop
 endfacet
 facet normal -7.356456e-02  9.972905e-01  0.000000e+00
   outer loop
     vertex -4.809814e+01  4.999759e+01  5.000000e+01
     vertex -4.809814e+01  4.999759e+01  0.000000e+00
     vertex -4.819603e+01  4.999037e+01  0.000000e+00
   endloop
 endfacet
 facet normal -2.454123e-02  9.996988e-01 -4.705733e-22
   outer loop
     vertex -4.809814e+01  4.999759e+01  5.000000e+01
     vertex -4.800000e+01  5.000000e+01  5.000000e+01
     vertex -4.800000e+01  5.000000e+01  0.000000e+00
   endloop
 endfacet
 facet normal -7.356456e-02  9.972905e-01  0.000000e+00
   outer loop
     vertex -4.819603e+01  4.999037e+01  5.000000e+01
     vertex -4.809814e+01  4.999759e+01  5.000000e+01
     vertex -4.819603e+01  4.999037e+01  0.000000e+00
   endloop
 endfacet
 facet normal -1.224107e-01  9.924795e-01  0.000000e+00
   outer loop
     vertex -4.829346e+01  4.997835e+01  5.000000e+01
     vertex -4.819603e+01  4.999037e+01  0.000000e+00
     vertex -4.829346e+01  4.997835e+01  0.000000e+00
   endloop
 endfacet
 facet normal -1.224107e-01  9.924795e-01  1.702256e-20
   outer loop
     vertex -4.829346e+01  4.997835e+01  5.000000e+01
     vertex -4.819603e+01  4.999037e+01  5.000000e+01
     vertex -4.819603e+01  4.999037e+01  0.000000e+00
   endloop
 endfacet
 facet normal -1.709619e-01  9.852776e-01  0.000000e+00
   outer loop
     vertex -4.839018e+01  4.996157e+01  5.000000e+01
     vertex -4.829346e+01  4.997835e+01  0.000000e+00
     vertex -4.839018e+01  4.996157e+01  0.000000e+00
   endloop
 endfacet
 facet normal -1.709619e-01  9.852776e-01  4.286809e-21
   outer loop
     vertex -4.839018e+01  4.996157e+01  5.000000e+01
     vertex -4.829346e+01  4.997835e+01  5.000000e+01
     vertex -4.829346e+01  4.997835e+01  0.000000e+00
   endloop
 endfacet
 facet normal -2.191012e-01  9.757021e-01  0.000000e+00
   outer loop
     vertex -4.848596e+01  4.994006e+01  5.000000e+01
     vertex -4.839018e+01  4.996157e+01  0.000000e+00
     vertex -4.848596e+01  4.994006e+01  0.000000e+00
   endloop
 endfacet
 facet normal -2.191012e-01  9.757021e-01  2.847166e-20
   outer loop
     vertex -4.848596e+01  4.994006e+01  5.000000e+01
     vertex -4.839018e+01  4.996157e+01  5.000000e+01
     vertex -4.839018e+01  4.996157e+01  0.000000e+00
   endloop
 endfacet
 facet normal -2.667128e-01  9.637761e-01  0.000000e+00
   outer loop
     vertex -4.858057e+01  4.991388e+01  5.000000e+01
     vertex -4.848596e+01  4.994006e+01  0.000000e+00
     vertex -4.858057e+01  4.991388e+01  0.000000e+00
   endloop
 endfacet
 facet normal -3.136817e-01  9.495282e-01  0.000000e+00
   outer loop
     vertex -4.858057e+01  4.991388e+01  5.000000e+01
     vertex -4.858057e+01  4.991388e+01  0.000000e+00
     vertex -4.867378e+01  4.988309e+01  0.000000e+00
   endloop
 endfacet
 facet normal -2.667128e-01  9.637761e-01 -3.208444e-20
   outer loop
     vertex -4.858057e+01  4.991388e+01  5.000000e+01
     vertex -4.848596e+01  4.994006e+01  5.000000e+01
     vertex -4.848596e+01  4.994006e+01  0.000000e+00
   endloop
 endfacet
 facet normal -3.136817e-01  9.495282e-01  0.000000e+00
   outer loop
     vertex -4.867378e+01  4.988309e+01  5.000000e+01
     vertex -4.858057e+01  4.991388e+01  5.000000e+01
     vertex -4.867378e+01  4.988309e+01  0.000000e+00
   endloop
 endfacet
 facet normal -3.598950e-01  9.329928e-01 -1.405804e-20
   outer loop
     vertex -4.876537e+01  4.984776e+01  5.000000e+01
     vertex -4.867378e+01  4.988309e+01  5.000000e+01
     vertex -4.867378e+01  4.988309e+01  0.000000e+00
   endloop
 endfacet
 facet normal -3.598950e-01  9.329928e-01  0.000000e+00
   outer loop
     vertex -4.876537e+01  4.984776e+01  5.000000e+01
     vertex -4.867378e+01  4.988309e+01  0.000000e+00
     vertex -4.876537e+01  4.984776e+01  0.000000e+00
   endloop
 endfacet
 facet normal -4.052413e-01  9.142098e-01  2.073474e-20
   outer loop
     vertex -4.885511e+01  4.980798e+01  5.000000e+01
     vertex -4.876537e+01  4.984776e+01  5.000000e+01
     vertex -4.876537e+01  4.984776e+01  0.000000e+00
   endloop
 endfacet
 facet normal -4.052413e-01  9.142098e-01  0.000000e+00
   outer loop
     vertex -4.885511e+01  4.980798e+01  5.000000e+01
     vertex -4.876537e+01  4.984776e+01  0.000000e+00
     vertex -4.885511e+01  4.980798e+01  0.000000e+00
   endloop
 endfacet
 facet normal -4.496113e-01  8.932243e-01  0.000000e+00
   outer loop
     vertex -4.894279e+01  4.976384e+01  5.000000e+01
     vertex -4.885511e+01  4.980798e+01  0.000000e+00
     vertex -4.894279e+01  4.976384e+01  0.000000e+00
   endloop
 endfacet
 facet normal -4.496113e-01  8.932243e-01 -3.690969e-20
   outer loop
     vertex -4.894279e+01  4.976384e+01  5.000000e+01
     vertex -4.885511e+01  4.980798e+01  5.000000e+01
     vertex -4.885511e+01  4.980798e+01  0.000000e+00
   endloop
 endfacet
 facet normal -4.928982e-01  8.700870e-01  0.000000e+00
   outer loop
     vertex -4.902821e+01  4.971546e+01  5.000000e+01
     vertex -4.894279e+01  4.976384e+01  0.000000e+00
     vertex -4.902821e+01  4.971546e+01  0.000000e+00
   endloop
 endfacet
 facet normal -5.349976e-01  8.448536e-01  0.000000e+00
   outer loop
     vertex -4.902821e+01  4.971546e+01  5.000000e+01
     vertex -4.902821e+01  4.971546e+01  0.000000e+00
     vertex -4.911114e+01  4.966294e+01  0.000000e+00
   endloop
 endfacet
 facet normal -4.928982e-01  8.700870e-01 -3.657481e-20
   outer loop
     vertex -4.902821e+01  4.971546e+01  5.000000e+01
     vertex -4.894279e+01  4.976384e+01  5.000000e+01
     vertex -4.894279e+01  4.976384e+01  0.000000e+00
   endloop
 endfacet
 facet normal -5.758082e-01  8.175848e-01  0.000000e+00
   outer loop
     vertex -4.911114e+01  4.966294e+01  5.000000e+01
     vertex -4.911114e+01  4.966294e+01  0.000000e+00
     vertex -4.919140e+01  4.960642e+01  0.000000e+00
   endloop
 endfacet
 facet normal -5.349976e-01  8.448536e-01  0.000000e+00
   outer loop
     vertex -4.911114e+01  4.966294e+01  5.000000e+01
     vertex -4.902821e+01  4.971546e+01  5.000000e+01
     vertex -4.911114e+01  4.966294e+01  0.000000e+00
   endloop
 endfacet
 facet normal -5.758082e-01  8.175848e-01  0.000000e+00
   outer loop
     vertex -4.919140e+01  4.960642e+01  5.000000e+01
     vertex -4.911114e+01  4.966294e+01  5.000000e+01
     vertex -4.919140e+01  4.960642e+01  0.000000e+00
   endloop
 endfacet
 facet normal -6.152316e-01  7.883464e-01 -4.903569e-20
   outer loop
     vertex -4.926879e+01  4.954602e+01  5.000000e+01
     vertex -4.919140e+01  4.960642e+01  5.000000e+01
     vertex -4.919140e+01  4.960642e+01  0.000000e+00
   endloop
 endfacet
 facet normal -6.152316e-01  7.883464e-01  0.000000e+00
   outer loop
     vertex -4.926879e+01  4.954602e+01  5.000000e+01
     vertex -4.919140e+01  4.960642e+01  0.000000e+00
     vertex -4.926879e+01  4.954602e+01  0.000000e+00
   endloop
 endfacet
 facet normal -6.531728e-01  7.572088e-01  0.000000e+00
   outer loop
     vertex -4.934312e+01  4.948190e+01  5.000000e+01
     vertex -4.926879e+01  4.954602e+01  0.000000e+00
     vertex -4.934312e+01  4.948190e+01  0.000000e+00
   endloop
 endfacet
 facet normal -6.531728e-01  7.572088e-01  1.877100e-20
   outer loop
     vertex -4.934312e+01  4.948190e+01  5.000000e+01
     vertex -4.926879e+01  4.954602e+01  5.000000e+01
     vertex -4.926879e+01  4.954602e+01  0.000000e+00
   endloop
 endfacet
 facet normal -6.895405e-01  7.242471e-01  0.000000e+00
   outer loop
     vertex -4.941421e+01  4.941421e+01  5.000000e+01
     vertex -4.934312e+01  4.948190e+01  0.000000e+00
     vertex -4.941421e+01  4.941421e+01  0.000000e+00
   endloop
 endfacet
 facet normal -6.895405e-01  7.242471e-01 -2.976667e-20
   outer loop
     vertex -4.941421e+01  4.941421e+01  5.000000e+01
     vertex -4.934312e+01  4.948190e+01  5.000000e+01
     vertex -4.934312e+01  4.948190e+01  0.000000e+00
   endloop
 endfacet
 facet normal -7.242471e-01  6.895405e-01  0.000000e+00
   outer loop
     vertex -4.948190e+01  4.934312e+01  5.000000e+01
     vertex -4.941421e+01  4.941421e+01  0.000000e+00
     vertex -4.948190e+01  4.934312e+01  0.000000e+00
   endloop
 endfacet
 facet normal -7.572088e-01  6.531728e-01  0.000000e+00
   outer loop
     vertex -4.948190e+01  4.934312e+01  5.000000e+01
     vertex -4.948190e+01  4.934312e+01  0.000000e+00
     vertex -4.954602e+01  4.926879e+01  0.000000e+00
   endloop
 endfacet
 facet normal -7.242471e-01  6.895405e-01  5.757751e-20
   outer loop
     vertex -4.948190e+01  4.934312e+01  5.000000e+01
     vertex -4.941421e+01  4.941421e+01  5.000000e+01
     vertex -4.941421e+01  4.941421e+01  0.000000e+00
   endloop
 endfacet
 facet normal -7.572088e-01  6.531728e-01  0.000000e+00
   outer loop
     vertex -4.954602e+01  4.926879e+01  5.000000e+01
     vertex -4.948190e+01  4.934312e+01  5.000000e+01
     vertex -4.954602e+01  4.926879e+01  0.000000e+00
   endloop
 endfacet
 facet normal -7.883464e-01  6.152316e-01  0.000000e+00
   outer loop
     vertex -4.960642e+01  4.919140e+01  5.000000e+01
     vertex -4.954602e+01  4.926879e+01  0.000000e+00
     vertex -4.960642e+01  4.919140e+01  0.000000e+00
   endloop
 endfacet
 facet normal -7.883464e-01  6.152316e-01 -4.903569e-20
   outer loop
     vertex -4.960642e+01  4.919140e+01  5.000000e+01
     vertex -4.954602e+01  4.926879e+01  5.000000e+01
     vertex -4.954602e+01  4.926879e+01  0.000000e+00
   endloop
 endfacet
 facet normal -8.175848e-01  5.758082e-01  0.000000e+00
   outer loop
     vertex -4.966294e+01  4.911114e+01  5.000000e+01
     vertex -4.960642e+01  4.919140e+01  0.000000e+00
     vertex -4.966294e+01  4.911114e+01  0.000000e+00
   endloop
 endfacet
 facet normal -8.175848e-01  5.758082e-01 -1.165151e-20
   outer loop
     vertex -4.966294e+01  4.911114e+01  5.000000e+01
     vertex -4.960642e+01  4.919140e+01  5.000000e+01
     vertex -4.960642e+01  4.919140e+01  0.000000e+00
   endloop
 endfacet
 facet normal -8.448536e-01  5.349976e-01  0.000000e+00
   outer loop
     vertex -4.971546e+01  4.902821e+01  5.000000e+01
     vertex -4.966294e+01  4.911114e+01  0.000000e+00
     vertex -4.971546e+01  4.902821e+01  0.000000e+00
   endloop
 endfacet
 facet normal -8.448536e-01  5.349976e-01  4.460856e-20
   outer loop
     vertex -4.971546e+01  4.902821e+01  5.000000e+01
     vertex -4.966294e+01  4.911114e+01  5.000000e+01
     vertex -4.966294e+01  4.911114e+01  0.000000e+00
   endloop
 endfacet
 facet normal -8.700870e-01  4.928982e-01  0.000000e+00
   outer loop
     vertex -4.976384e+01  4.894279e+01  5.000000e+01
     vertex -4.971546e+01  4.902821e+01  0.000000e+00
     vertex -4.976384e+01  4.894279e+01  0.000000e+00
   endloop
 endfacet
 facet normal -8.700870e-01  4.928982e-01  7.432304e-20
   outer loop
     vertex -4.976384e+01  4.894279e+01  5.000000e+01
     vertex -4.971546e+01  4.902821e+01  5.000000e+01
     vertex -4.971546e+01  4.902821e+01  0.000000e+00
   endloop
 endfacet
 facet normal -8.932243e-01  4.496113e-01  0.000000e+00
   outer loop
     vertex -4.980798e+01  4.885511e+01  5.000000e+01
     vertex -4.976384e+01  4.894279e+01  0.000000e+00
     vertex -4.980798e+01  4.885511e+01  0.000000e+00
   endloop
 endfacet
 facet normal -8.932243e-01  4.496113e-01 -2.585024e-20
   outer loop
     vertex -4.980798e+01  4.885511e+01  5.000000e+01
     vertex -4.976384e+01  4.894279e+01  5.000000e+01
     vertex -4.976384e+01  4.894279e+01  0.000000e+00
   endloop
 endfacet
 facet normal -9.142098e-01  4.052413e-01  0.000000e+00
   outer loop
     vertex -4.984776e+01  4.876537e+01  5.000000e+01
     vertex -4.980798e+01  4.885511e+01  0.000000e+00
     vertex -4.984776e+01  4.876537e+01  0.000000e+00
   endloop
 endfacet
 facet normal -9.142098e-01  4.052413e-01 -1.538360e-20
   outer loop
     vertex -4.984776e+01  4.876537e+01  5.000000e+01
     vertex -4.980798e+01  4.885511e+01  5.000000e+01
     vertex -4.980798e+01  4.885511e+01  0.000000e+00
   endloop
 endfacet
 facet normal -9.329928e-01  3.598950e-01  0.000000e+00
   outer loop
     vertex -4.988309e+01  4.867378e+01  5.000000e+01
     vertex -4.984776e+01  4.876537e+01  0.000000e+00
     vertex -4.988309e+01  4.867378e+01  0.000000e+00
   endloop
 endfacet
 facet normal -9.495282e-01  3.136817e-01  0.000000e+00
   outer loop
     vertex -4.988309e+01  4.867378e+01  5.000000e+01
     vertex -4.988309e+01  4.867378e+01  0.000000e+00
     vertex -4.991388e+01  4.858057e+01  0.000000e+00
   endloop
 endfacet
 facet normal -9.329928e-01  3.598950e-01 -1.405804e-20
   outer loop
     vertex -4.988309e+01  4.867378e+01  5.000000e+01
     vertex -4.984776e+01  4.876537e+01  5.000000e+01
     vertex -4.984776e+01  4.876537e+01  0.000000e+00
   endloop
 endfacet
 facet normal -9.495282e-01  3.136817e-01  0.000000e+00
   outer loop
     vertex -4.991388e+01  4.858057e+01  5.000000e+01
     vertex -4.988309e+01  4.867378e+01  5.000000e+01
     vertex -4.991388e+01  4.858057e+01  0.000000e+00
   endloop
 endfacet
 facet normal -9.637761e-01  2.667128e-01  0.000000e+00
   outer loop
     vertex -4.994006e+01  4.848596e+01  5.000000e+01
     vertex -4.991388e+01  4.858057e+01  0.000000e+00
     vertex -4.994006e+01  4.848596e+01  0.000000e+00
   endloop
 endfacet
 facet normal -9.637761e-01  2.667128e-01 -3.208444e-20
   outer loop
     vertex -4.994006e+01  4.848596e+01  5.000000e+01
     vertex -4.991388e+01  4.858057e+01  5.000000e+01
     vertex -4.991388e+01  4.858057e+01  0.000000e+00
   endloop
 endfacet
 facet normal -9.757021e-01  2.191012e-01  0.000000e+00
   outer loop
     vertex -4.996157e+01  4.839018e+01  5.000000e+01
     vertex -4.994006e+01  4.848596e+01  0.000000e+00
     vertex -4.996157e+01  4.839018e+01  0.000000e+00
   endloop
 endfacet
 facet normal -9.757021e-01  2.191012e-01  2.847166e-20
   outer loop
     vertex -4.996157e+01  4.839018e+01  5.000000e+01
     vertex -4.994006e+01  4.848596e+01  5.000000e+01
     vertex -4.994006e+01  4.848596e+01  0.000000e+00
   endloop
 endfacet
 facet normal -9.852776e-01  1.709619e-01  0.000000e+00
   outer loop
     vertex -4.997835e+01  4.829346e+01  5.000000e+01
     vertex -4.996157e+01  4.839018e+01  0.000000e+00
     vertex -4.997835e+01  4.829346e+01  0.000000e+00
   endloop
 endfacet
 facet normal -9.852776e-01  1.709619e-01  7.484447e-21
   outer loop
     vertex -4.997835e+01  4.829346e+01  5.000000e+01
     vertex -4.996157e+01  4.839018e+01  5.000000e+01
     vertex -4.996157e+01  4.839018e+01  0.000000e+00
   endloop
 endfacet
 facet normal -9.924795e-01  1.224107e-01  0.000000e+00
   outer loop
     vertex -4.999037e+01  4.819603e+01  5.000000e+01
     vertex -4.997835e+01  4.829346e+01  0.000000e+00
     vertex -4.999037e+01  4.819603e+01  0.000000e+00
   endloop
 endfacet
 facet normal -9.924795e-01  1.224107e-01 -6.080068e-21
   outer loop
     vertex -4.999037e+01  4.819603e+01  5.000000e+01
     vertex -4.997835e+01  4.829346e+01  5.000000e+01
     vertex -4.997835e+01  4.829346e+01  0.000000e+00
   endloop
 endfacet
 facet normal -9.972905e-01  7.356456e-02  0.000000e+00
   outer loop
     vertex -4.999759e+01  4.809814e+01  5.000000e+01
     vertex -4.999037e+01  4.819603e+01  0.000000e+00
     vertex -4.999759e+01  4.809814e+01  0.000000e+00
   endloop
 endfacet
 facet normal -9.972905e-01  7.356456e-02 -4.862281e-21
   outer loop
     vertex -4.999759e+01  4.809814e+01  5.000000e+01
     vertex -4.999037e+01  4.819603e+01  5.000000e+01
     vertex -4.999037e+01  4.819603e+01  0.000000e+00
   endloop
 endfacet
 facet normal -9.996988e-01  2.454123e-02  0.000000e+00
   outer loop
     vertex -5.000000e+01  4.800000e+01  5.000000e+01
     vertex -4.999759e+01  4.809814e+01  0.000000e+00
     vertex -5.000000e+01  4.800000e+01  0.000000e+00
   endloop
 endfacet
 facet normal -9.996988e-01  2.454123e-02 -1.628999e-22
   outer loop
     vertex -5.000000e+01  4.800000e+01  5.000000e+01
     vertex -4.999759e+01  4.809814e+01  5.000000e+01
     vertex -4.999759e+01  4.809814e+01  0.000000e+00
   endloop
 endfacet
 facet normal  9.996988e-01  2.454123e-02  0.000000e+00
   outer loop
     vertex  4.999759e+01  4.809814e+01  5.000000e+01
     vertex  5.000000e+01  4.800000e+01  0.000000e+00
     vertex  4.999759e+01  4.809814e+01  0.000000e+00
   endloop
 endfacet
 facet normal  9.972905e-01  7.356456e-02  0.000000e+00
   outer loop
     vertex  4.999759e+01  4.809814e+01  5.000000e+01
     vertex  4.999759e+01  4.809814e+01  0.000000e+00
     vertex  4.999037e+01  4.819603e+01  0.000000e+00
   endloop
 endfacet
 facet normal  9.996988e-01  2.454123e-02  4.705733e-22
   outer loop
     vertex  4.999759e+01  4.809814e+01  5.000000e+01
     vertex  5.000000e+01  4.800000e+01  5.000000e+01
     vertex  5.000000e+01  4.800000e+01  0.000000e+00
   endloop
 endfacet
 facet normal  9.924795e-01  1.224107e-01  0.000000e+00
   outer loop
     vertex  4.999037e+01  4.819603e+01  5.000000e+01
     vertex  4.999037e+01  4.819603e+01  0.000000e+00
     vertex  4.997835e+01  4.829346e+01  0.000000e+00
   endloop
 endfacet
 facet normal  9.972905e-01  7.356456e-02  0.000000e+00
   outer loop
     vertex  4.999037e+01  4.819603e+01  5.000000e+01
     vertex  4.999759e+01  4.809814e+01  5.000000e+01
     vertex  4.999037e+01  4.819603e+01  0.000000e+00
   endloop
 endfacet
 facet normal  9.924795e-01  1.224107e-01  0.000000e+00
   outer loop
     vertex  4.997835e+01  4.829346e+01  5.000000e+01
     vertex  4.999037e+01  4.819603e+01  5.000000e+01
     vertex  4.997835e+01  4.829346e+01  0.000000e+00
   endloop
 endfacet
 facet normal  9.852776e-01  1.709619e-01  0.000000e+00
   outer loop
     vertex  4.996157e+01  4.839018e+01  5.000000e+01
     vertex  4.997835e+01  4.829346e+01  0.000000e+00
     vertex  4.996157e+01  4.839018e+01  0.000000e+00
   endloop
 endfacet
 facet normal  9.757021e-01  2.191012e-01  0.000000e+00
   outer loop
     vertex  4.996157e+01  4.839018e+01  5.000000e+01
     vertex  4.996157e+01  4.839018e+01  0.000000e+00
     vertex  4.994006e+01  4.848596e+01  0.000000e+00
   endloop
 endfacet
 facet normal  9.852776e-01  1.709619e-01 -4.286809e-21
   outer loop
     vertex  4.996157e+01  4.839018e+01  5.000000e+01
     vertex  4.997835e+01  4.829346e+01  5.000000e+01
     vertex  4.997835e+01  4.829346e+01  0.000000e+00
   endloop
 endfacet
 facet normal  9.757021e-01  2.191012e-01  0.000000e+00
   outer loop
     vertex  4.994006e+01  4.848596e+01  5.000000e+01
     vertex  4.996157e+01  4.839018e+01  5.000000e+01
     vertex  4.994006e+01  4.848596e+01  0.000000e+00
   endloop
 endfacet
 facet normal  9.637761e-01  2.667128e-01  0.000000e+00
   outer loop
     vertex  4.991388e+01  4.858057e+01  5.000000e+01
     vertex  4.994006e+01  4.848596e+01  0.000000e+00
     vertex  4.991388e+01  4.858057e+01  0.000000e+00
   endloop
 endfacet
 facet normal  9.495282e-01  3.136817e-01  0.000000e+00
   outer loop
     vertex  4.991388e+01  4.858057e+01  5.000000e+01
     vertex  4.991388e+01  4.858057e+01  0.000000e+00
     vertex  4.988309e+01  4.867378e+01  0.000000e+00
   endloop
 endfacet
 facet normal  9.637761e-01  2.667128e-01  3.208444e-20
   outer loop
     vertex  4.991388e+01  4.858057e+01  5.000000e+01
     vertex  4.994006e+01  4.848596e+01  5.000000e+01
     vertex  4.994006e+01  4.848596e+01  0.000000e+00
   endloop
 endfacet
 facet normal  9.495282e-01  3.136817e-01  0.000000e+00
   outer loop
     vertex  4.988309e+01  4.867378e+01  5.000000e+01
     vertex  4.991388e+01  4.858057e+01  5.000000e+01
     vertex  4.988309e+01  4.867378e+01  0.000000e+00
   endloop
 endfacet
 facet normal  9.329928e-01  3.598950e-01  1.405804e-20
   outer loop
     vertex  4.984776e+01  4.876537e+01  5.000000e+01
     vertex  4.988309e+01  4.867378e+01  5.000000e+01
     vertex  4.988309e+01  4.867378e+01  0.000000e+00
   endloop
 endfacet
 facet normal  9.329928e-01  3.598950e-01  0.000000e+00
   outer loop
     vertex  4.984776e+01  4.876537e+01  5.000000e+01
     vertex  4.988309e+01  4.867378e+01  0.000000e+00
     vertex  4.984776e+01  4.876537e+01  0.000000e+00
   endloop
 endfacet
 facet normal  9.142098e-01  4.052413e-01  0.000000e+00
   outer loop
     vertex  4.984776e+01  4.876537e+01  5.000000e+01
     vertex  4.984776e+01  4.876537e+01  0.000000e+00
     vertex  4.980798e+01  4.885511e+01  0.000000e+00
   endloop
 endfacet
 facet normal  9.142098e-01  4.052413e-01  0.000000e+00
   outer loop
     vertex  4.980798e+01  4.885511e+01  5.000000e+01
     vertex  4.984776e+01  4.876537e+01  5.000000e+01
     vertex  4.980798e+01  4.885511e+01  0.000000e+00
   endloop
 endfacet
 facet normal  8.932243e-01  4.496113e-01  0.000000e+00
   outer loop
     vertex  4.976384e+01  4.894279e+01  5.000000e+01
     vertex  4.980798e+01  4.885511e+01  0.000000e+00
     vertex  4.976384e+01  4.894279e+01  0.000000e+00
   endloop
 endfacet
 facet normal  8.700870e-01  4.928982e-01  0.000000e+00
   outer loop
     vertex  4.976384e+01  4.894279e+01  5.000000e+01
     vertex  4.976384e+01  4.894279e+01  0.000000e+00
     vertex  4.971546e+01  4.902821e+01  0.000000e+00
   endloop
 endfacet
 facet normal  8.932243e-01  4.496113e-01  2.585024e-20
   outer loop
     vertex  4.976384e+01  4.894279e+01  5.000000e+01
     vertex  4.980798e+01  4.885511e+01  5.000000e+01
     vertex  4.980798e+01  4.885511e+01  0.000000e+00
   endloop
 endfacet
 facet normal  8.700870e-01  4.928982e-01  0.000000e+00
   outer loop
     vertex  4.971546e+01  4.902821e+01  5.000000e+01
     vertex  4.976384e+01  4.894279e+01  5.000000e+01
     vertex  4.971546e+01  4.902821e+01  0.000000e+00
   endloop
 endfacet
 facet normal  8.448536e-01  5.349976e-01  0.000000e+00
   outer loop
     vertex  4.966294e+01  4.911114e+01  5.000000e+01
     vertex  4.971546e+01  4.902821e+01  0.000000e+00
     vertex  4.966294e+01  4.911114e+01  0.000000e+00
   endloop
 endfacet
 facet normal  8.448536e-01  5.349976e-01  6.083089e-20
   outer loop
     vertex  4.966294e+01  4.911114e+01  5.000000e+01
     vertex  4.971546e+01  4.902821e+01  5.000000e+01
     vertex  4.971546e+01  4.902821e+01  0.000000e+00
   endloop
 endfacet
 facet normal  8.175848e-01  5.758082e-01  0.000000e+00
   outer loop
     vertex  4.960642e+01  4.919140e+01  5.000000e+01
     vertex  4.966294e+01  4.911114e+01  0.000000e+00
     vertex  4.960642e+01  4.919140e+01  0.000000e+00
   endloop
 endfacet
 facet normal  8.175848e-01  5.758082e-01  8.742255e-20
   outer loop
     vertex  4.960642e+01  4.919140e+01  5.000000e+01
     vertex  4.966294e+01  4.911114e+01  5.000000e+01
     vertex  4.966294e+01  4.911114e+01  0.000000e+00
   endloop
 endfacet
 facet normal  7.883464e-01  6.152316e-01  0.000000e+00
   outer loop
     vertex  4.954602e+01  4.926879e+01  5.000000e+01
     vertex  4.960642e+01  4.919140e+01  0.000000e+00
     vertex  4.954602e+01  4.926879e+01  0.000000e+00
   endloop
 endfacet
 facet normal  7.572088e-01  6.531728e-01  0.000000e+00
   outer loop
     vertex  4.954602e+01  4.926879e+01  5.000000e+01
     vertex  4.954602e+01  4.926879e+01  0.000000e+00
     vertex  4.948190e+01  4.934312e+01  0.000000e+00
   endloop
 endfacet
 facet normal  7.883464e-01  6.152316e-01  4.903569e-20
   outer loop
     vertex  4.954602e+01  4.926879e+01  5.000000e+01
     vertex  4.960642e+01  4.919140e+01  5.000000e+01
     vertex  4.960642e+01  4.919140e+01  0.000000e+00
   endloop
 endfacet
 facet normal  7.572088e-01  6.531728e-01  0.000000e+00
   outer loop
     vertex  4.948190e+01  4.934312e+01  5.000000e+01
     vertex  4.954602e+01  4.926879e+01  5.000000e+01
     vertex  4.948190e+01  4.934312e+01  0.000000e+00
   endloop
 endfacet
 facet normal  7.242471e-01  6.895405e-01  0.000000e+00
   outer loop
     vertex  4.941421e+01  4.941421e+01  5.000000e+01
     vertex  4.948190e+01  4.934312e+01  0.000000e+00
     vertex  4.941421e+01  4.941421e+01  0.000000e+00
   endloop
 endfacet
 facet normal  7.242471e-01  6.895405e-01 -5.757751e-20
   outer loop
     vertex  4.941421e+01  4.941421e+01  5.000000e+01
     vertex  4.948190e+01  4.934312e+01  5.000000e+01
     vertex  4.948190e+01  4.934312e+01  0.000000e+00
   endloop
 endfacet
 facet normal  6.895405e-01  7.242471e-01  0.000000e+00
   outer loop
     vertex  4.934312e+01  4.948190e+01  5.000000e+01
     vertex  4.941421e+01  4.941421e+01  0.000000e+00
     vertex  4.934312e+01  4.948190e+01  0.000000e+00
   endloop
 endfacet
 facet normal  6.895405e-01  7.242471e-01  2.976667e-20
   outer loop
     vertex  4.934312e+01  4.948190e+01  5.000000e+01
     vertex  4.941421e+01  4.941421e+01  5.000000e+01
     vertex  4.941421e+01  4.941421e+01  0.000000e+00
   endloop
 endfacet
 facet normal  6.531728e-01  7.572088e-01  0.000000e+00
   outer loop
     vertex  4.926879e+01  4.954602e+01  5.000000e+01
     vertex  4.934312e+01  4.948190e+01  0.000000e+00
     vertex  4.926879e+01  4.954602e+01  0.000000e+00
   endloop
 endfacet
 facet normal  6.531728e-01  7.572088e-01 -5.048796e-21
   outer loop
     vertex  4.926879e+01  4.954602e+01  5.000000e+01
     vertex  4.934312e+01  4.948190e+01  5.000000e+01
     vertex  4.934312e+01  4.948190e+01  0.000000e+00
   endloop
 endfacet
 facet normal  6.152316e-01  7.883464e-01  0.000000e+00
   outer loop
     vertex  4.919140e+01  4.960642e+01  5.000000e+01
     vertex  4.926879e+01  4.954602e+01  0.000000e+00
     vertex  4.919140e+01  4.960642e+01  0.000000e+00
   endloop
 endfacet
 facet normal  6.152316e-01  7.883464e-01  4.903569e-20
   outer loop
     vertex  4.919140e+01  4.960642e+01  5.000000e+01
     vertex  4.926879e+01  4.954602e+01  5.000000e+01
     vertex  4.926879e+01  4.954602e+01  0.000000e+00
   endloop
 endfacet
 facet normal  5.758082e-01  8.175848e-01  0.000000e+00
   outer loop
     vertex  4.911114e+01  4.966294e+01  5.000000e+01
     vertex  4.919140e+01  4.960642e+01  0.000000e+00
     vertex  4.911114e+01  4.966294e+01  0.000000e+00
   endloop
 endfacet
 facet normal  5.758082e-01  8.175848e-01 -8.117576e-20
   outer loop
     vertex  4.911114e+01  4.966294e+01  5.000000e+01
     vertex  4.919140e+01  4.960642e+01  5.000000e+01
     vertex  4.919140e+01  4.960642e+01  0.000000e+00
   endloop
 endfacet
 facet normal  5.349976e-01  8.448536e-01  0.000000e+00
   outer loop
     vertex  4.902821e+01  4.971546e+01  5.000000e+01
     vertex  4.911114e+01  4.966294e+01  0.000000e+00
     vertex  4.902821e+01  4.971546e+01  0.000000e+00
   endloop
 endfacet
 facet normal  4.928982e-01  8.700870e-01  0.000000e+00
   outer loop
     vertex  4.902821e+01  4.971546e+01  5.000000e+01
     vertex  4.902821e+01  4.971546e+01  0.000000e+00
     vertex  4.894279e+01  4.976384e+01  0.000000e+00
   endloop
 endfacet
 facet normal  5.349976e-01  8.448536e-01  6.083089e-20
   outer loop
     vertex  4.902821e+01  4.971546e+01  5.000000e+01
     vertex  4.911114e+01  4.966294e+01  5.000000e+01
     vertex  4.911114e+01  4.966294e+01  0.000000e+00
   endloop
 endfacet
 facet normal  4.928982e-01  8.700870e-01  0.000000e+00
   outer loop
     vertex  4.894279e+01  4.976384e+01  5.000000e+01
     vertex  4.902821e+01  4.971546e+01  5.000000e+01
     vertex  4.894279e+01  4.976384e+01  0.000000e+00
   endloop
 endfacet
 facet normal  4.496113e-01  8.932243e-01  0.000000e+00
   outer loop
     vertex  4.885511e+01  4.980798e+01  5.000000e+01
     vertex  4.894279e+01  4.976384e+01  0.000000e+00
     vertex  4.885511e+01  4.980798e+01  0.000000e+00
   endloop
 endfacet
 facet normal  4.496113e-01  8.932243e-01  3.690969e-20
   outer loop
     vertex  4.885511e+01  4.980798e+01  5.000000e+01
     vertex  4.894279e+01  4.976384e+01  5.000000e+01
     vertex  4.894279e+01  4.976384e+01  0.000000e+00
   endloop
 endfacet
 facet normal  4.052413e-01  9.142098e-01  0.000000e+00
   outer loop
     vertex  4.876537e+01  4.984776e+01  5.000000e+01
     vertex  4.885511e+01  4.980798e+01  0.000000e+00
     vertex  4.876537e+01  4.984776e+01  0.000000e+00
   endloop
 endfacet
 facet normal  4.052413e-01  9.142098e-01  3.629217e-20
   outer loop
     vertex  4.876537e+01  4.984776e+01  5.000000e+01
     vertex  4.885511e+01  4.980798e+01  5.000000e+01
     vertex  4.885511e+01  4.980798e+01  0.000000e+00
   endloop
 endfacet
 facet normal  3.598950e-01  9.329928e-01  0.000000e+00
   outer loop
     vertex  4.867378e+01  4.988309e+01  5.000000e+01
     vertex  4.876537e+01  4.984776e+01  0.000000e+00
     vertex  4.867378e+01  4.988309e+01  0.000000e+00
   endloop
 endfacet
 facet normal  3.598950e-01  9.329928e-01  1.405804e-20
   outer loop
     vertex  4.867378e+01  4.988309e+01  5.000000e+01
     vertex  4.876537e+01  4.984776e+01  5.000000e+01
     vertex  4.876537e+01  4.984776e+01  0.000000e+00
   endloop
 endfacet
 facet normal  3.136817e-01  9.495282e-01  0.000000e+00
   outer loop
     vertex  4.858057e+01  4.991388e+01  5.000000e+01
     vertex  4.867378e+01  4.988309e+01  0.000000e+00
     vertex  4.858057e+01  4.991388e+01  0.000000e+00
   endloop
 endfacet
 facet normal  3.136817e-01  9.495282e-01 -3.635117e-20
   outer loop
     vertex  4.858057e+01  4.991388e+01  5.000000e+01
     vertex  4.867378e+01  4.988309e+01  5.000000e+01
     vertex  4.867378e+01  4.988309e+01  0.000000e+00
   endloop
 endfacet
 facet normal  2.667128e-01  9.637761e-01  0.000000e+00
   outer loop
     vertex  4.848596e+01  4.994006e+01  5.000000e+01
     vertex  4.858057e+01  4.991388e+01  0.000000e+00
     vertex  4.848596e+01  4.994006e+01  0.000000e+00
   endloop
 endfacet
 facet normal  2.191012e-01  9.757021e-01  0.000000e+00
   outer loop
     vertex  4.848596e+01  4.994006e+01  5.000000e+01
     vertex  4.848596e+01  4.994006e+01  0.000000e+00
     vertex  4.839018e+01  4.996157e+01  0.000000e+00
   endloop
 endfacet
 facet normal  2.667128e-01  9.637761e-01  3.208444e-20
   outer loop
     vertex  4.848596e+01  4.994006e+01  5.000000e+01
     vertex  4.858057e+01  4.991388e+01  5.000000e+01
     vertex  4.858057e+01  4.991388e+01  0.000000e+00
   endloop
 endfacet
 facet normal  2.191012e-01  9.757021e-01  0.000000e+00
   outer loop
     vertex  4.839018e+01  4.996157e+01  5.000000e+01
     vertex  4.848596e+01  4.994006e+01  5.000000e+01
     vertex  4.839018e+01  4.996157e+01  0.000000e+00
   endloop
 endfacet
 facet normal  1.709619e-01  9.852776e-01  0.000000e+00
   outer loop
     vertex  4.829346e+01  4.997835e+01  5.000000e+01
     vertex  4.839018e+01  4.996157e+01  0.000000e+00
     vertex  4.829346e+01  4.997835e+01  0.000000e+00
   endloop
 endfacet
 facet normal  1.224107e-01  9.924795e-01  0.000000e+00
   outer loop
     vertex  4.829346e+01  4.997835e+01  5.000000e+01
     vertex  4.829346e+01  4.997835e+01  0.000000e+00
     vertex  4.819603e+01  4.999037e+01  0.000000e+00
   endloop
 endfacet
 facet normal  1.709619e-01  9.852776e-01 -1.802508e-20
   outer loop
     vertex  4.829346e+01  4.997835e+01  5.000000e+01
     vertex  4.839018e+01  4.996157e+01  5.000000e+01
     vertex  4.839018e+01  4.996157e+01  0.000000e+00
   endloop
 endfacet
 facet normal  7.356456e-02  9.972905e-01  0.000000e+00
   outer loop
     vertex  4.819603e+01  4.999037e+01  5.000000e+01
     vertex  4.819603e+01  4.999037e+01  0.000000e+00
     vertex  4.809814e+01  4.999759e+01  0.000000e+00
   endloop
 endfacet
 facet normal  1.224107e-01  9.924795e-01  0.000000e+00
   outer loop
     vertex  4.819603e+01  4.999037e+01  5.000000e+01
     vertex  4.829346e+01  4.997835e+01  5.000000e+01
     vertex  4.819603e+01  4.999037e+01  0.000000e+00
   endloop
 endfacet
 facet normal  2.454123e-02  9.996988e-01  0.000000e+00
   outer loop
     vertex  4.809814e+01  4.999759e+01  5.000000e+01
     vertex  4.809814e+01  4.999759e+01  0.000000e+00
     vertex  4.800000e+01  5.000000e+01  0.000000e+00
   endloop
 endfacet
 facet normal  7.356456e-02  9.972905e-01  0.000000e+00
   outer loop
     vertex  4.809814e+01  4.999759e+01  5.000000e+01
     vertex  4.819603e+01  4.999037e+01  5.000000e+01
     vertex  4.809814e+01  4.999759e+01  0.000000e+00
   endloop
 endfacet
 facet normal  2.454123e-02  9.996988e-01  0.000000e+00
   outer loop
     vertex  4.800000e+01  5.000000e+01  5.000000e+01
     vertex  4.809814e+01  4.999759e+01  5.000000e+01
     vertex  4.800000e+01  5.000000e+01  0.000000e+00
   endloop
 endfacet
 facet normal -0.000000e+00  1.000000e+00  0.000000e+00
   outer loop
     vertex -4.800000e+01  5.000000e+01  5.000000e+01
     vertex  4.800000e+01  5.000000e+01  5.000000e+01
     vertex  4.800000e+01  5.000000e+01  0.000000e+00
   endloop
 endfacet
 facet normal  0.000000e+00  1.000000e+00  0.000000e+00
   outer loop
     vertex -4.800000e+01  5.000000e+01  0.000000e+00
     vertex -4.800000e+01  5.000000e+01  5.000000e+01
     vertex  4.800000e+01  5.000000e+01  0.000000e+00
   endloop
 endfacet
 facet normal  0.000000e+00  1.000000e+00  0.000000e+00
   outer loop
     vertex  4.760000e+01 -4.760000e+01  2.400000e+00
     vertex -4.760000e+01 -4.760000e+01  2.400000e+00
     vertex -4.760000e+01 -4.760000e+01  5.000000e+01
   endloop
 endfacet
 facet normal  0.000000e+00  1.000000e+00 -0.000000e+00
   outer loop
     vertex  4.760000e+01 -4.760000e+01  2.400000e+00
     vertex -4.760000e+01 -4.760000e+01  5.000000e+01
     vertex  4.760000e+01 -4.760000e+01  5.000000e+01
   endloop
 endfacet
 facet normal -1.000000e+00  0.000000e+00  0.000000e+00
   outer loop
     vertex  4.760000e+01  4.760000e+01  2.400000e+00
     vertex  4.760000e+01 -4.760000e+01  2.400000e+00
     vertex  4.760000e+01 -4.760000e+01  5.000000e+01
   endloop
 endfacet
 facet normal -1.000000e+00  0.000000e+00  0.000000e+00
   outer loop
     vertex  4.760000e+01  4.760000e+01  2.400000e+00
     vertex  4.760000e+01 -4.760000e+01  5.000000e+01
     vertex  4.760000e+01  4.760000e+01  5.000000e+01
   endloop
 endfacet
 facet normal  0.000000e+00 -1.000000e+00  0.000000e+00
   outer loop
     vertex -4.760000e+01  4.760000e+01  2.400000e+00
     vertex  4.760000e+01  4.760000e+01  2.400000e+00
     vertex  4.760000e+01  4.760000e+01  5.000000e+01
   endloop
 endfacet
 facet normal  0.000000e+00 -1.000000e+00  0.000000e+00
   outer loop
     vertex -4.760000e+01  4.760000e+01  2.400000e+00
     vertex  4.760000e+01  4.760000e+01  5.000000e+01
     vertex -4.760000e+01  4.760000e+01  5.000000e+01
   endloop
 endfacet
 facet normal  1.000000e+00  0.000000e+00  0.000000e+00
   outer loop
     vertex -4.760000e+01 -4.760000e+01  2.400000e+00
     vertex -4.760000e+01  4.760000e+01  2.400000e+00
     vertex -4.760000e+01  4.760000e+01  5.000000e+01
   endloop
 endfacet
 facet normal  1.000000e+00  0.000000e+00  0.000000e+00
   outer loop
     vertex -4.760000e+01 -4.760000e+01  2.400000e+00
     vertex -4.760000e+01  4.760000e+01  5.000000e+01
     vertex -4.760000e+01 -4.760000e+01  5.000000e+01
   endloop
 endfacet
 facet normal  0.000000e+00  0.000000e+00  1.000000e+00
   outer loop
     vertex -4.760000e+01  4.760000e+01  2.400000e+00
     vertex -4.760000e+01 -4.760000e+01  2.400000e+00
     vertex  4.760000e+01 -4.760000e+01  2.400000e+00
   endloop
 endfacet
 facet normal  0.000000e+00  0.000000e+00  1.000000e+00
   outer loop
     vertex  4.760000e+01  4.760000e+01  2.400000e+00
     vertex -4.760000e+01  4.760000e+01  2.400000e+00
     vertex  4.760000e+01 -4.760000e+01  2.400000e+00
   endloop
 endfacet
 facet normal -0.000000e+00 -1.000000e+00  0.000000e+00
   outer loop
     vertex  5.040000e+01 -5.240000e+01  7.000000e+01
     vertex -5.040000e+01 -5.240000e+01  7.000000e+01
     vertex -5.040000e+01 -5.240000e+01  5.200000e+01
   endloop
 endfacet
 facet normal  0.000000e+00 -1.000000e+00  0.000000e+00
   outer loop
     vertex  5.040000e+01 -5.240000e+01  5.200000e+01
     vertex  5.040000e+01 -5.240000e+01  7.000000e+01
     vertex -5.040000e+01 -5.240000e+01  5.200000e+01
   endloop
 endfacet
 facet normal  0.000000e+00  0.000000e+00 -1.000000e+00
   outer loop
     vertex -5.159140e+01 -5.200642e+01  5.200000e+01
     vertex -5.166879e+01 -5.194602e+01  5.200000e+01
     vertex -5.174312e+01 -5.188190e+01  5.200000e+01
   endloop
 endfacet
 facet normal  0.000000e+00  0.000000e+00 -1.000000e+00
   outer loop
     vertex -5.151114e+01 -5.206294e+01  5.200000e+01
     vertex -5.174312e+01 -5.188190e+01  5.200000e+01
     vertex -5.181421e+01 -5.181421e+01  5.200000e+01
   endloop
 endfacet
 facet normal  0.000000e+00  0.000000e+00 -1.000000e+00
   outer loop
     vertex -5.151114e+01 -5.206294e+01  5.200000e+01
     vertex -5.159140e+01 -5.200642e+01  5.200000e+01
     vertex -5.174312e+01 -5.188190e+01  5.200000e+01
   endloop
 endfacet
 facet normal  0.000000e+00  0.000000e+00 -1.000000e+00
   outer loop
     vertex -5.206294e+01 -5.151114e+01  5.200000e+01
     vertex -5.181421e+01 -5.181421e+01  5.200000e+01
     vertex -5.188190e+01 -5.174312e+01  5.200000e+01
   endloop
 endfacet
 facet normal  0.000000e+00  0.000000e+00 -1.000000e+00
   outer loop
     vertex -5.206294e+01 -5.151114e+01  5.200000e+01
     vertex -5.188190e+01 -5.174312e+01  5.200000e+01
     vertex -5.194602e+01 -5.166879e+01  5.200000e+01
   endloop
 endfacet
 facet normal  0.000000e+00  0.000000e+00 -1.000000e+00
   outer loop
     vertex -5.206294e+01 -5.151114e+01  5.200000e+01
     vertex -5.194602e+01 -5.166879e+01  5.200000e+01
     vertex -5.200642e+01 -5.159140e+01  5.200000e+01
   endloop
 endfacet
 facet normal  0.000000e+00  0.000000e+00 -1.000000e+00
   outer loop
     vertex -5.220798e+01 -5.125511e+01  5.200000e+01
     vertex -5.211546e+01 -5.142821e+01  5.200000e+01
     vertex -5.216384e+01 -5.134279e+01  5.200000e+01
   endloop
 endfacet
 facet normal  0.000000e+00  0.000000e+00 -1.000000e+00
   outer loop
     vertex -5.125511e+01 -5.220798e+01  5.200000e+01
     vertex -5.134279e+01 -5.216384e+01  5.200000e+01
     vertex -5.142821e+01 -5.211546e+01  5.200000e+01
   endloop
 endfacet
 facet normal  0.000000e+00  0.000000e+00 -1.000000e+00
   outer loop
     vertex -5.116537e+01 -5.224776e+01  5.200000e+01
     vertex -5.125511e+01 -5.220798e+01  5.200000e+01
     vertex -5.142821e+01 -5.211546e+01  5.200000e+01
   endloop
 endfacet
 facet normal  0.000000e+00  0.000000e+00 -1.000000e+00
   outer loop
     vertex -5.224776e+01 -5.116537e+01  5.200000e+01
     vertex -5.206294e+01 -5.151114e+01  5.200000e+01
     vertex -5.211546e+01 -5.142821e+01  5.200000e+01
   endloop
 endfacet
 facet normal  0.000000e+00  0.000000e+00 -1.000000e+00
   outer loop
     vertex -5.224776e+01 -5.116537e+01  5.200000e+01
     vertex -5.211546e+01 -5.142821e+01  5.200000e+01
     vertex -5.220798e+01 -5.125511e+01  5.200000e+01
   endloop
 endfacet
 facet normal  0.000000e+00  0.000000e+00 -1.000000e+00
   outer loop
     vertex -5.224776e+01 -5.116537e+01  5.200000e+01
     vertex -5.181421e+01 -5.181421e+01  5.200000e+01
     vertex -5.206294e+01 -5.151114e+01  5.200000e+01
   endloop
 endfacet
 facet normal  0.000000e+00  0.000000e+00 -1.000000e+00
   outer loop
     vertex -5.107378e+01 -5.228309e+01  5.200000e+01
     vertex -5.142821e+01 -5.211546e+01  5.200000e+01
     vertex -5.151114e+01 -5.206294e+01  5.200000e+01
   endloop
 endfacet
 facet normal  0.000000e+00  0.000000e+00 -1.000000e+00
   outer loop
     vertex -5.107378e+01 -5.228309e+01  5.200000e+01
     vertex -5.116537e+01 -5.224776e+01  5.200000e+01
     vertex -5.142821e+01 -5.211546e+01  5.200000e+01
   endloop
 endfacet
 facet normal  0.000000e+00  0.000000e+00 -1.000000e+00
   outer loop
     vertex -5.234006e+01 -5.088596e+01  5.200000e+01
     vertex -5.228309e+01 -5.107378e+01  5.200000e+01
     vertex -5.231388e+01 -5.098057e+01  5.200000e+01
   endloop
 endfacet
 facet normal  0.000000e+00  0.000000e+00 -1.000000e+00
   outer loop
     vertex -5.079018e+01 -5.236157e+01  5.200000e+01
     vertex -5.088596e+01 -5.234006e+01  5.200000e+01
     vertex -5.098057e+01 -5.231388e+01  5.200000e+01
   endloop
 endfacet
 facet normal  0.000000e+00  0.000000e+00 -1.000000e+00
   outer loop
     vertex -5.079018e+01 -5.236157e+01  5.200000e+01
     vertex -5.098057e+01 -5.231388e+01  5.200000e+01
     vertex -5.107378e+01 -5.228309e+01  5.200000e+01
   endloop
 endfacet
 facet normal  0.000000e+00  0.000000e+00 -1.000000e+00
   outer loop
     vertex -5.079018e+01 -5.236157e+01  5.200000e+01
     vertex -5.151114e+01 -5.206294e+01  5.200000e+01
     vertex -5.181421e+01 -5.181421e+01  5.200000e+01
   endloop
 endfacet
 facet normal  0.000000e+00  0.000000e+00 -1.000000e+00
   outer loop
     vertex -5.079018e+01 -5.236157e+01  5.200000e+01
     vertex -5.107378e+01 -5.228309e+01  5.200000e+01
     vertex -5.151114e+01 -5.206294e+01  5.200000e+01
   endloop
 endfacet
 facet normal  0.000000e+00  0.000000e+00 -1.000000e+00
   outer loop
     vertex -5.237835e+01 -5.069346e+01  5.200000e+01
     vertex -5.234006e+01 -5.088596e+01  5.200000e+01
     vertex -5.236157e+01 -5.079018e+01  5.200000e+01
   endloop
 endfacet
 facet normal  0.000000e+00  0.000000e+00 -1.000000e+00
   outer loop
     vertex -5.239037e+01 -5.059603e+01  5.200000e+01
     vertex -5.224776e+01 -5.116537e+01  5.200000e+01
     vertex -5.228309e+01 -5.107378e+01  5.200000e+01
   endloop
 endfacet
 facet normal  0.000000e+00  0.000000e+00 -1.000000e+00
   outer loop
     vertex -5.239037e+01 -5.059603e+01  5.200000e+01
     vertex -5.181421e+01 -5.181421e+01  5.200000e+01
     vertex -5.224776e+01 -5.116537e+01  5.200000e+01
   endloop
 endfacet
 facet normal  0.000000e+00  0.000000e+00 -1.000000e+00
   outer loop
     vertex -5.239037e+01 -5.059603e+01  5.200000e+01
     vertex -5.079018e+01 -5.236157e+01  5.200000e+01
     vertex -5.181421e+01 -5.181421e+01  5.200000e+01
   endloop
 endfacet
 facet normal  0.000000e+00  0.000000e+00 -1.000000e+00
   outer loop
     vertex -5.239037e+01 -5.059603e+01  5.200000e+01
     vertex -5.228309e+01 -5.107378e+01  5.200000e+01
     vertex -5.234006e+01 -5.088596e+01  5.200000e+01
   endloop
 endfacet
 facet normal  0.000000e+00  0.000000e+00 -1.000000e+00
   outer loop
     vertex -5.239037e+01 -5.059603e+01  5.200000e+01
     vertex -5.234006e+01 -5.088596e+01  5.200000e+01
     vertex -5.237835e+01 -5.069346e+01  5.200000e+01
   endloop
 endfacet
 facet normal  0.000000e+00  0.000000e+00 -1.000000e+00
   outer loop
     vertex -5.059603e+01 -5.239037e+01  5.200000e+01
     vertex -5.069346e+01 -5.237835e+01  5.200000e+01
     vertex -5.079018e+01 -5.236157e+01  5.200000e+01
   endloop
 endfacet
 facet normal  0.000000e+00  0.000000e+00 -1.000000e+00
   outer loop
     vertex -5.040000e+01 -5.240000e+01  5.200000e+01
     vertex -5.049814e+01 -5.239759e+01  5.200000e+01
     vertex -5.059603e+01 -5.239037e+01  5.200000e+01
   endloop
 endfacet
 facet normal  0.000000e+00  0.000000e+00 -1.000000e+00
   outer loop
     vertex -5.040000e+01 -5.240000e+01  5.200000e+01
     vertex -5.059603e+01 -5.239037e+01  5.200000e+01
     vertex -5.079018e+01 -5.236157e+01  5.200000e+01
   endloop
 endfacet
 facet normal  0.000000e+00  0.000000e+00 -1.000000e+00
   outer loop
     vertex -5.240000e+01 -5.040000e+01  5.200000e+01
     vertex -5.040000e+01 -5.240000e+01  5.200000e+01
     vertex -5.079018e+01 -5.236157e+01  5.200000e+01
   endloop
 endfacet
 facet normal  0.000000e+00  0.000000e+00 -1.000000e+00
   outer loop
     vertex -5.240000e+01 -5.040000e+01  5.200000e+01
     vertex -5.239037e+01 -5.059603e+01  5.200000e+01
     vertex -5.239759e+01 -5.049814e+01  5.200000e+01
   endloop
 endfacet
 facet normal  0.000000e+00  0.000000e+00 -1.000000e+00
   outer loop
     vertex -5.240000e+01 -5.040000e+01  5.200000e+01
     vertex -5.079018e+01 -5.236157e+01  5.200000e+01
     vertex -5.239037e+01 -5.059603e+01  5.200000e+01
   endloop
 endfacet
 facet normal  0.000000e+00  0.000000e+00 -1.000000e+00
   outer loop
     vertex -4.215000e+01 -4.215000e+01  5.200000e+01
     vertex -5.040000e+01 -5.240000e+01  5.200000e+01
     vertex -5.240000e+01 -5.040000e+01  5.200000e+01
   endloop
 endfacet
 facet normal  0.000000e+00  0.000000e+00 -1.000000e+00
   outer loop
     vertex  5.059603e+01 -5.239037e+01  5.200000e+01
     vertex  5.049814e+01 -5.239759e+01  5.200000e+01
     vertex  5.040000e+01 -5.240000e+01  5.200000e+01
   endloop
 endfacet
 facet normal  0.000000e+00  0.000000e+00 -1.000000e+00
   outer loop
     vertex  5.069346e+01 -5.237835e+01  5.200000e+01
     vertex  5.059603e+01 -5.239037e+01  5.200000e+01
     vertex  5.040000e+01 -5.240000e+01  5.200000e+01
   endloop
 endfacet
 facet normal  0.000000e+00  0.000000e+00 -1.000000e+00
   outer loop
     vertex  5.079018e+01 -5.236157e+01  5.200000e+01
     vertex  5.069346e+01 -5.237835e+01  5.200000e+01
     vertex  5.040000e+01 -5.240000e+01  5.200000e+01
   endloop
 endfacet
 facet normal  0.000000e+00  0.000000e+00 -1.000000e+00
   outer loop
     vertex  5.098057e+01 -5.231388e+01  5.200000e+01
     vertex  5.088596e+01 -5.234006e+01  5.200000e+01
     vertex  5.079018e+01 -5.236157e+01  5.200000e+01
   endloop
 endfacet
 facet normal  0.000000e+00  0.000000e+00 -1.000000e+00
   outer loop
     vertex  5.098057e+01 -5.231388e+01  5.200000e+01
     vertex  5.079018e+01 -5.236157e+01  5.200000e+01
     vertex  5.040000e+01 -5.240000e+01  5.200000e+01
   endloop
 endfacet
 facet normal  0.000000e+00  0.000000e+00 -1.000000e+00
   outer loop
     vertex -5.228309e+01  5.107378e+01  5.200000e+01
     vertex -5.234006e+01  5.088596e+01  5.200000e+01
     vertex -5.231388e+01  5.098057e+01  5.200000e+01
   endloop
 endfacet
 facet normal  0.000000e+00  0.000000e+00 -1.000000e+00
   outer loop
     vertex -5.228309e+01  5.107378e+01  5.200000e+01
     vertex -5.236157e+01  5.079018e+01  5.200000e+01
     vertex -5.234006e+01  5.088596e+01  5.200000e+01
   endloop
 endfacet
 facet normal  0.000000e+00  0.000000e+00 -1.000000e+00
   outer loop
     vertex -5.228309e+01  5.107378e+01  5.200000e+01
     vertex -5.237835e+01  5.069346e+01  5.200000e+01
     vertex -5.236157e+01  5.079018e+01  5.200000e+01
   endloop
 endfacet
 facet normal  0.000000e+00  0.000000e+00 -1.000000e+00
   outer loop
     vertex -5.228309e+01  5.107378e+01  5.200000e+01
     vertex -5.239037e+01  5.059603e+01  5.200000e+01
     vertex -5.237835e+01  5.069346e+01  5.200000e+01
   endloop
 endfacet
 facet normal  0.000000e+00  0.000000e+00 -1.000000e+00
   outer loop
     vertex  5.116537e+01 -5.224776e+01  5.200000e+01
     vertex  5.107378e+01 -5.228309e+01  5.200000e+01
     vertex  5.098057e+01 -5.231388e+01  5.200000e+01
   endloop
 endfacet
 facet normal  0.000000e+00  0.000000e+00 -1.000000e+00
   outer loop
     vertex -5.224776e+01  5.116537e+01  5.200000e+01
     vertex -5.239037e+01  5.059603e+01  5.200000e+01
     vertex -5.228309e+01  5.107378e+01  5.200000e+01
   endloop
 endfacet
 facet normal  0.000000e+00  0.000000e+00 -1.000000e+00
   outer loop
     vertex -5.224776e+01  5.116537e+01  5.200000e+01
     vertex -5.239759e+01  5.049814e+01  5.200000e+01
     vertex -5.239037e+01  5.059603e+01  5.200000e+01
   endloop
 endfacet
 facet normal  0.000000e+00  0.000000e+00 -1.000000e+00
   outer loop
     vertex -5.224776e+01  5.116537e+01  5.200000e+01
     vertex -5.240000e+01  5.040000e+01  5.200000e+01
     vertex -5.239759e+01  5.049814e+01  5.200000e+01
   endloop
 endfacet
 facet normal  0.000000e+00  0.000000e+00 -1.000000e+00
   outer loop
     vertex  5.125511e+01 -5.220798e+01  5.200000e+01
     vertex  5.098057e+01 -5.231388e+01  5.200000e+01
     vertex  5.040000e+01 -5.240000e+01  5.200000e+01
   endloop
 endfacet
 facet normal  0.000000e+00  0.000000e+00 -1.000000e+00
   outer loop
     vertex  5.125511e+01 -5.220798e+01  5.200000e+01
     vertex  5.116537e+01 -5.224776e+01  5.200000e+01
     vertex  5.098057e+01 -5.231388e+01  5.200000e+01
   endloop
 endfacet
 facet normal  0.000000e+00  0.000000e+00 -1.000000e+00
   outer loop
     vertex  5.134279e+01 -5.216384e+01  5.200000e+01
     vertex  5.125511e+01 -5.220798e+01  5.200000e+01
     vertex  5.040000e+01 -5.240000e+01  5.200000e+01
   endloop
 endfacet
 facet normal  0.000000e+00  0.000000e+00 -1.000000e+00
   outer loop
     vertex  5.142821e+01 -5.211546e+01  5.200000e+01
     vertex  5.134279e+01 -5.216384e+01  5.200000e+01
     vertex  5.040000e+01 -5.240000e+01  5.200000e+01
   endloop
 endfacet
 facet normal  0.000000e+00  0.000000e+00 -1.000000e+00
   outer loop
     vertex -5.211546e+01  5.142821e+01  5.200000e+01
     vertex -5.220798e+01  5.125511e+01  5.200000e+01
     vertex -5.216384e+01  5.134279e+01  5.200000e+01
   endloop
 endfacet
 facet normal  0.000000e+00  0.000000e+00 -1.000000e+00
   outer loop
     vertex  5.151114e+01 -5.206294e+01  5.200000e+01
     vertex  5.142821e+01 -5.211546e+01  5.200000e+01
     vertex  5.040000e+01 -5.240000e+01  5.200000e+01
   endloop
 endfacet
 facet normal  0.000000e+00  0.000000e+00 -1.000000e+00
   outer loop
     vertex -5.206294e+01  5.151114e+01  5.200000e+01
     vertex -5.220798e+01  5.125511e+01  5.200000e+01
     vertex -5.211546e+01  5.142821e+01  5.200000e+01
   endloop
 endfacet
 facet normal  0.000000e+00  0.000000e+00 -1.000000e+00
   outer loop
     vertex -5.200642e+01  5.159140e+01  5.200000e+01
     vertex -5.220798e+01  5.125511e+01  5.200000e+01
     vertex -5.206294e+01  5.151114e+01  5.200000e+01
   endloop
 endfacet
 facet normal  0.000000e+00  0.000000e+00 -1.000000e+00
   outer loop
     vertex  5.166879e+01 -5.194602e+01  5.200000e+01
     vertex  5.159140e+01 -5.200642e+01  5.200000e+01
     vertex  5.151114e+01 -5.206294e+01  5.200000e+01
   endloop
 endfacet
 facet normal  0.000000e+00  0.000000e+00 -1.000000e+00
   outer loop
     vertex  5.166879e+01 -5.194602e+01  5.200000e+01
     vertex  5.151114e+01 -5.206294e+01  5.200000e+01
     vertex  5.040000e+01 -5.240000e+01  5.200000e+01
   endloop
 endfacet
 facet normal  0.000000e+00  0.000000e+00 -1.000000e+00
   outer loop
     vertex -5.194602e+01  5.166879e+01  5.200000e+01
     vertex -5.240000e+01  5.040000e+01  5.200000e+01
     vertex -5.224776e+01  5.116537e+01  5.200000e+01
   endloop
 endfacet
 facet normal  0.000000e+00  0.000000e+00 -1.000000e+00
   outer loop
     vertex -5.194602e+01  5.166879e+01  5.200000e+01
     vertex -5.220798e+01  5.125511e+01  5.200000e+01
     vertex -5.200642e+01  5.159140e+01  5.200000e+01
   endloop
 endfacet
 facet normal  0.000000e+00  0.000000e+00 -1.000000e+00
   outer loop
     vertex -5.194602e+01  5.166879e+01  5.200000e+01
     vertex -5.224776e+01  5.116537e+01  5.200000e+01
     vertex -5.220798e+01  5.125511e+01  5.200000e+01
   endloop
 endfacet
 facet normal  0.000000e+00  0.000000e+00 -1.000000e+00
   outer loop
     vertex  5.174312e+01 -5.188190e+01  5.200000e+01
     vertex  5.166879e+01 -5.194602e+01  5.200000e+01
     vertex  5.040000e+01 -5.240000e+01  5.200000e+01
   endloop
 endfacet
 facet normal  0.000000e+00 -0.000000e+00 -1.000000e+00
   outer loop
     vertex -4.215000e+01  4.215000e+01  5.200000e+01
     vertex -4.215000e+01 -4.215000e+01  5.200000e+01
     vertex -5.240000e+01 -5.040000e+01  5.200000e+01
   endloop
 endfacet
 facet normal -0.000000e+00  0.000000e+00 -1.000000e+00
   outer loop
     vertex -4.215000e+01  4.215000e+01  5.200000e+01
     vertex -5.240000e+01 -5.040000e+01  5.200000e+01
     vertex -5.240000e+01  5.040000e+01  5.200000e+01
   endloop
 endfacet
 facet normal  0.000000e+00 -0.000000e+00 -1.000000e+00
   outer loop
     vertex  4.215000e+01 -4.215000e+01  5.200000e+01
     vertex  5.040000e+01 -5.240000e+01  5.200000e+01
     vertex -5.040000e+01 -5.240000e+01  5.200000e+01
   endloop
 endfacet
 facet normal -0.000000e+00  0.000000e+00 -1.000000e+00
   outer loop
     vertex  4.215000e+01 -4.215000e+01  5.200000e+01
     vertex -5.040000e+01 -5.240000e+01  5.200000e+01
     vertex -4.215000e+01 -4.215000e+01  5.200000e+01
   endloop
 endfacet
 facet normal  0.000000e+00  0.000000e+00 -1.000000e+00
   outer loop
     vertex -5.181421e+01  5.181421e+01  5.200000e+01
     vertex -5.194602e+01  5.166879e+01  5.200000e+01
     vertex -5.188190e+01  5.174312e+01  5.200000e+01
   endloop
 endfacet
 facet normal  0.000000e+00  0.000000e+00 -1.000000e+00
   outer loop
     vertex -5.174312e+01  5.188190e+01  5.200000e+01
     vertex -5.240000e+01  5.040000e+01  5.200000e+01
     vertex -5.194602e+01  5.166879e+01  5.200000e+01
   endloop
 endfacet
 facet normal  0.000000e+00  0.000000e+00 -1.000000e+00
   outer loop
     vertex -5.174312e+01  5.188190e+01  5.200000e+01
     vertex -5.194602e+01  5.166879e+01  5.200000e+01
     vertex -5.181421e+01  5.181421e+01  5.200000e+01
   endloop
 endfacet
 facet normal  0.000000e+00  0.000000e+00 -1.000000e+00
   outer loop
     vertex  5.188190e+01 -5.174312e+01  5.200000e+01
     vertex  5.181421e+01 -5.181421e+01  5.200000e+01
     vertex  5.174312e+01 -5.188190e+01  5.200000e+01
   endloop
 endfacet
 facet normal  0.000000e+00  0.000000e+00 -1.000000e+00
   outer loop
     vertex  5.188190e+01 -5.174312e+01  5.200000e+01
     vertex  5.174312e+01 -5.188190e+01  5.200000e+01
     vertex  5.040000e+01 -5.240000e+01  5.200000e+01
   endloop
 endfacet
 facet normal  0.000000e+00  0.000000e+00 -1.000000e+00
   outer loop
     vertex  5.206294e+01 -5.151114e+01  5.200000e+01
     vertex  5.194602e+01 -5.166879e+01  5.200000e+01
     vertex  5.188190e+01 -5.174312e+01  5.200000e+01
   endloop
 endfacet
 facet normal  0.000000e+00  0.000000e+00 -1.000000e+00
   outer loop
     vertex  5.206294e+01 -5.151114e+01  5.200000e+01
     vertex  5.200642e+01 -5.159140e+01  5.200000e+01
     vertex  5.194602e+01 -5.166879e+01  5.200000e+01
   endloop
 endfacet
 facet normal  0.000000e+00  0.000000e+00 -1.000000e+00
   outer loop
     vertex  5.206294e+01 -5.151114e+01  5.200000e+01
     vertex  5.188190e+01 -5.174312e+01  5.200000e+01
     vertex  5.040000e+01 -5.240000e+01  5.200000e+01
   endloop
 endfacet
 facet normal  0.000000e+00  0.000000e+00 -1.000000e+00
   outer loop
     vertex -5.151114e+01  5.206294e+01  5.200000e+01
     vertex -5.240000e+01  5.040000e+01  5.200000e+01
     vertex -5.174312e+01  5.188190e+01  5.200000e+01
   endloop
 endfacet
 facet normal  0.000000e+00  0.000000e+00 -1.000000e+00
   outer loop
     vertex -5.151114e+01  5.206294e+01  5.200000e+01
     vertex -5.166879e+01  5.194602e+01  5.200000e+01
     vertex -5.159140e+01  5.200642e+01  5.200000e+01
   endloop
 endfacet
 facet normal  0.000000e+00  0.000000e+00 -1.000000e+00
   outer loop
     vertex -5.151114e+01  5.206294e+01  5.200000e+01
     vertex -5.174312e+01  5.188190e+01  5.200000e+01
     vertex -5.166879e+01  5.194602e+01  5.200000e+01
   endloop
 endfacet
 facet normal  0.000000e+00  0.000000e+00 -1.000000e+00
   outer loop
     vertex  5.216384e+01 -5.134279e+01  5.200000e+01
     vertex  5.211546e+01 -5.142821e+01  5.200000e+01
     vertex  5.206294e+01 -5.151114e+01  5.200000e+01
   endloop
 endfacet
 facet normal  0.000000e+00  0.000000e+00 -1.000000e+00
   outer loop
     vertex  5.216384e+01 -5.134279e+01  5.200000e+01
     vertex  5.206294e+01 -5.151114e+01  5.200000e+01
     vertex  5.040000e+01 -5.240000e+01  5.200000e+01
   endloop
 endfacet
 facet normal  0.000000e+00  0.000000e+00 -1.000000e+00
   outer loop
     vertex -5.125511e+01  5.220798e+01  5.200000e+01
     vertex -5.142821e+01  5.211546e+01  5.200000e+01
     vertex -5.134279e+01  5.216384e+01  5.200000e+01
   endloop
 endfacet
 facet normal  0.000000e+00  0.000000e+00 -1.000000e+00
   outer loop
     vertex  5.224776e+01 -5.116537e+01  5.200000e+01
     vertex  5.220798e+01 -5.125511e+01  5.200000e+01
     vertex  5.216384e+01 -5.134279e+01  5.200000e+01
   endloop
 endfacet
 facet normal  0.000000e+00  0.000000e+00 -1.000000e+00
   outer loop
     vertex -5.107378e+01  5.228309e+01  5.200000e+01
     vertex -5.142821e+01  5.211546e+01  5.200000e+01
     vertex -5.125511e+01  5.220798e+01  5.200000e+01
   endloop
 endfacet
 facet normal  0.000000e+00  0.000000e+00 -1.000000e+00
   outer loop
     vertex -5.107378e+01  5.228309e+01  5.200000e+01
     vertex -5.125511e+01  5.220798e+01  5.200000e+01
     vertex -5.116537e+01  5.224776e+01  5.200000e+01
   endloop
 endfacet
 facet normal  0.000000e+00  0.000000e+00 -1.000000e+00
   outer loop
     vertex -5.107378e+01  5.228309e+01  5.200000e+01
     vertex -5.151114e+01  5.206294e+01  5.200000e+01
     vertex -5.142821e+01  5.211546e+01  5.200000e+01
   endloop
 endfacet
 facet normal  0.000000e+00  0.000000e+00 -1.000000e+00
   outer loop
     vertex -5.098057e+01  5.231388e+01  5.200000e+01
     vertex -5.151114e+01  5.206294e+01  5.200000e+01
     vertex -5.107378e+01  5.228309e+01  5.200000e+01
   endloop
 endfacet
 facet normal  0.000000e+00  0.000000e+00 -1.000000e+00
   outer loop
     vertex -5.088596e+01  5.234006e+01  5.200000e+01
     vertex -5.240000e+01  5.040000e+01  5.200000e+01
     vertex -5.151114e+01  5.206294e+01  5.200000e+01
   endloop
 endfacet
 facet normal  0.000000e+00  0.000000e+00 -1.000000e+00
   outer loop
     vertex -5.088596e+01  5.234006e+01  5.200000e+01
     vertex -5.151114e+01  5.206294e+01  5.200000e+01
     vertex -5.098057e+01  5.231388e+01  5.200000e+01
   endloop
 endfacet
 facet normal  0.000000e+00  0.000000e+00 -1.000000e+00
   outer loop
     vertex -5.079018e+01  5.236157e+01  5.200000e+01
     vertex -5.240000e+01  5.040000e+01  5.200000e+01
     vertex -5.088596e+01  5.234006e+01  5.200000e+01
   endloop
 endfacet
 facet normal  0.000000e+00  0.000000e+00 -1.000000e+00
   outer loop
     vertex  5.237835e+01 -5.069346e+01  5.200000e+01
     vertex  5.236157e+01 -5.079018e+01  5.200000e+01
     vertex  5.234006e+01 -5.088596e+01  5.200000e+01
   endloop
 endfacet
 facet normal  0.000000e+00  0.000000e+00 -1.000000e+00
   outer loop
     vertex  5.239037e+01 -5.059603e+01  5.200000e+01
     vertex  5.237835e+01 -5.069346e+01  5.200000e+01
     vertex  5.234006e+01 -5.088596e+01  5.200000e+01
   endloop
 endfacet
 facet normal  0.000000e+00  0.000000e+00 -1.000000e+00
   outer loop
     vertex  5.239037e+01 -5.059603e+01  5.200000e+01
     vertex  5.234006e+01 -5.088596e+01  5.200000e+01
     vertex  5.231388e+01 -5.098057e+01  5.200000e+01
   endloop
 endfacet
 facet normal  0.000000e+00  0.000000e+00 -1.000000e+00
   outer loop
     vertex  5.239759e+01 -5.049814e+01  5.200000e+01
     vertex  5.216384e+01 -5.134279e+01  5.200000e+01
     vertex  5.040000e+01 -5.240000e+01  5.200000e+01
   endloop
 endfacet
 facet normal  0.000000e+00  0.000000e+00 -1.000000e+00
   outer loop
     vertex  5.239759e+01 -5.049814e+01  5.200000e+01
     vertex  5.224776e+01 -5.116537e+01  5.200000e+01
     vertex  5.216384e+01 -5.134279e+01  5.200000e+01
   endloop
 endfacet
 facet normal  0.000000e+00  0.000000e+00 -1.000000e+00
   outer loop
     vertex  5.239759e+01 -5.049814e+01  5.200000e+01
     vertex  5.239037e+01 -5.059603e+01  5.200000e+01
     vertex  5.231388e+01 -5.098057e+01  5.200000e+01
   endloop
 endfacet
 facet normal  0.000000e+00  0.000000e+00 -1.000000e+00
   outer loop
     vertex  5.239759e+01 -5.049814e+01  5.200000e+01
     vertex  5.228309e+01 -5.107378e+01  5.200000e+01
     vertex  5.224776e+01 -5.116537e+01  5.200000e+01
   endloop
 endfacet
 facet normal  0.000000e+00  0.000000e+00 -1.000000e+00
   outer loop
     vertex  5.239759e+01 -5.049814e+01  5.200000e+01
     vertex  5.231388e+01 -5.098057e+01  5.200000e+01
     vertex  5.228309e+01 -5.107378e+01  5.200000e+01
   endloop
 endfacet
 facet normal  0.000000e+00  0.000000e+00 -1.000000e+00
   outer loop
     vertex  5.240000e+01 -5.040000e+01  5.200000e+01
     vertex  5.239759e+01 -5.049814e+01  5.200000e+01
     vertex  5.040000e+01 -5.240000e+01  5.200000e+01
   endloop
 endfacet
 facet normal -0.000000e+00  0.000000e+00 -1.000000e+00
   outer loop
     vertex  5.240000e+01 -5.040000e+01  5.200000e+01
     vertex  5.040000e+01 -5.240000e+01  5.200000e+01
     vertex  4.215000e+01 -4.215000e+01  5.200000e+01
   endloop
 endfacet
 facet normal  0.000000e+00 -0.000000e+00 -1.000000e+00
   outer loop
     vertex -5.040000e+01  5.240000e+01  5.200000e+01
     vertex -4.215000e+01  4.215000e+01  5.200000e+01
     vertex -5.240000e+01  5.040000e+01  5.200000e+01
   endloop
 endfacet
 facet normal  0.000000e+00  0.000000e+00 -1.000000e+00
   outer loop
     vertex -5.040000e+01  5.240000e+01  5.200000e+01
     vertex -5.059603e+01  5.239037e+01  5.200000e+01
     vertex -5.049814e+01  5.239759e+01  5.200000e+01
   endloop
 endfacet
 facet normal  0.000000e+00  0.000000e+00 -1.000000e+00
   outer loop
     vertex -5.040000e+01  5.240000e+01  5.200000e+01
     vertex -5.069346e+01  5.237835e+01  5.200000e+01
     vertex -5.059603e+01  5.239037e+01  5.200000e+01
   endloop
 endfacet
 facet normal  0.000000e+00  0.000000e+00 -1.000000e+00
   outer loop
     vertex -5.040000e+01  5.240000e+01  5.200000e+01
     vertex -5.079018e+01  5.236157e+01  5.200000e+01
     vertex -5.069346e+01  5.237835e+01  5.200000e+01
   endloop
 endfacet
 facet normal  0.000000e+00  0.000000e+00 -1.000000e+00
   outer loop
     vertex -5.040000e+01  5.240000e+01  5.200000e+01
     vertex -5.240000e+01  5.040000e+01  5.200000e+01
     vertex -5.079018e+01  5.236157e+01  5.200000e+01
   endloop
 endfacet
 facet normal  0.000000e+00  0.000000e+00 -1.000000e+00
   outer loop
     vertex  4.215000e+01  4.215000e+01  5.200000e+01
     vertex -4.215000e+01  4.215000e+01  5.200000e+01
     vertex -5.040000e+01  5.240000e+01  5.200000e+01
   endloop
 endfacet
 facet normal  0.000000e+00  0.000000e+00 -1.000000e+00
   outer loop
     vertex  5.240000e+01  5.040000e+01  5.200000e+01
     vertex  4.215000e+01 -4.215000e+01  5.200000e+01
     vertex  4.215000e+01  4.215000e+01  5.200000e+01
   endloop
 endfacet
 facet normal  0.000000e+00 -0.000000e+00 -1.000000e+00
   outer loop
     vertex  5.240000e+01  5.040000e+01  5.200000e+01
     vertex  5.240000e+01 -5.040000e+01  5.200000e+01
     vertex  4.215000e+01 -4.215000e+01  5.200000e+01
   endloop
 endfacet
 facet normal -0.000000e+00  0.000000e+00 -1.000000e+00
   outer loop
     vertex  5.040000e+01  5.240000e+01  5.200000e+01
     vertex  4.215000e+01  4.215000e+01  5.200000e+01
     vertex -5.040000e+01  5.240000e+01  5.200000e+01
   endloop
 endfacet
 facet normal  0.000000e+00 -0.000000e+00 -1.000000e+00
   outer loop
     vertex  5.040000e+01  5.240000e+01  5.200000e+01
     vertex  5.240000e+01  5.040000e+01  5.200000e+01
     vertex  4.215000e+01  4.215000e+01  5.200000e+01
   endloop
 endfacet
 facet normal  0.000000e+00  0.000000e+00 -1.000000e+00
   outer loop
     vertex  5.239037e+01  5.059603e+01  5.200000e+01
     vertex  5.239759e+01  5.049814e+01  5.200000e+01
     vertex  5.240000e+01  5.040000e+01  5.200000e+01
   endloop
 endfacet
 facet normal -0.000000e+00 -0.000000e+00 -1.000000e+00
   outer loop
     vertex  5.239037e+01  5.059603e+01  5.200000e+01
     vertex  5.240000e+01  5.040000e+01  5.200000e+01
     vertex  5.040000e+01  5.240000e+01  5.200000e+01
   endloop
 endfacet
 facet normal  0.000000e+00  0.000000e+00 -1.000000e+00
   outer loop
     vertex  5.079018e+01  5.236157e+01  5.200000e+01
     vertex  5.059603e+01  5.239037e+01  5.200000e+01
     vertex  5.069346e+01  5.237835e+01  5.200000e+01
   endloop
 endfacet
 facet normal  0.000000e+00  0.000000e+00 -1.000000e+00
   outer loop
     vertex  5.079018e+01  5.236157e+01  5.200000e+01
     vertex  5.049814e+01  5.239759e+01  5.200000e+01
     vertex  5.059603e+01  5.239037e+01  5.200000e+01
   endloop
 endfacet
 facet normal  0.000000e+00  0.000000e+00 -1.000000e+00
   outer loop
     vertex  5.098057e+01  5.231388e+01  5.200000e+01
     vertex  5.079018e+01  5.236157e+01  5.200000e+01
     vertex  5.088596e+01  5.234006e+01  5.200000e+01
   endloop
 endfacet
 facet normal  0.000000e+00  0.000000e+00 -1.000000e+00
   outer loop
     vertex  5.231388e+01  5.098057e+01  5.200000e+01
     vertex  5.236157e+01  5.079018e+01  5.200000e+01
     vertex  5.237835e+01  5.069346e+01  5.200000e+01
   endloop
 endfacet
 facet normal  0.000000e+00  0.000000e+00 -1.000000e+00
   outer loop
     vertex  5.231388e+01  5.098057e+01  5.200000e+01
     vertex  5.234006e+01  5.088596e+01  5.200000e+01
     vertex  5.236157e+01  5.079018e+01  5.200000e+01
   endloop
 endfacet
 facet normal  0.000000e+00  0.000000e+00 -1.000000e+00
   outer loop
     vertex  5.107378e+01  5.228309e+01  5.200000e+01
     vertex  5.237835e+01  5.069346e+01  5.200000e+01
     vertex  5.239037e+01  5.059603e+01  5.200000e+01
   endloop
 endfacet
 facet normal -0.000000e+00 -0.000000e+00 -1.000000e+00
   outer loop
     vertex  5.107378e+01  5.228309e+01  5.200000e+01
     vertex  5.239037e+01  5.059603e+01  5.200000e+01
     vertex  5.040000e+01  5.240000e+01  5.200000e+01
   endloop
 endfacet
 facet normal  0.000000e+00  0.000000e+00 -1.000000e+00
   outer loop
     vertex  5.107378e+01  5.228309e+01  5.200000e+01
     vertex  5.049814e+01  5.239759e+01  5.200000e+01
     vertex  5.079018e+01  5.236157e+01  5.200000e+01
   endloop
 endfacet
 facet normal  0.000000e+00  0.000000e+00 -1.000000e+00
   outer loop
     vertex  5.107378e+01  5.228309e+01  5.200000e+01
     vertex  5.079018e+01  5.236157e+01  5.200000e+01
     vertex  5.098057e+01  5.231388e+01  5.200000e+01
   endloop
 endfacet
 facet normal  0.000000e+00  0.000000e+00 -1.000000e+00
   outer loop
     vertex  5.107378e+01  5.228309e+01  5.200000e+01
     vertex  5.040000e+01  5.240000e+01  5.200000e+01
     vertex  5.049814e+01  5.239759e+01  5.200000e+01
   endloop
 endfacet
 facet normal  0.000000e+00  0.000000e+00 -1.000000e+00
   outer loop
     vertex  5.224776e+01  5.116537e+01  5.200000e+01
     vertex  5.228309e+01  5.107378e+01  5.200000e+01
     vertex  5.231388e+01  5.098057e+01  5.200000e+01
   endloop
 endfacet
 facet normal  0.000000e+00  0.000000e+00 -1.000000e+00
   outer loop
     vertex  5.224776e+01  5.116537e+01  5.200000e+01
     vertex  5.231388e+01  5.098057e+01  5.200000e+01
     vertex  5.237835e+01  5.069346e+01  5.200000e+01
   endloop
 endfacet
 facet normal  0.000000e+00  0.000000e+00 -1.000000e+00
   outer loop
     vertex  5.224776e+01  5.116537e+01  5.200000e+01
     vertex  5.107378e+01  5.228309e+01  5.200000e+01
     vertex  5.116537e+01  5.224776e+01  5.200000e+01
   endloop
 endfacet
 facet normal -0.000000e+00 -0.000000e+00 -1.000000e+00
   outer loop
     vertex  5.224776e+01  5.116537e+01  5.200000e+01
     vertex  5.237835e+01  5.069346e+01  5.200000e+01
     vertex  5.107378e+01  5.228309e+01  5.200000e+01
   endloop
 endfacet
 facet normal  0.000000e+00  0.000000e+00 -1.000000e+00
   outer loop
     vertex  5.220798e+01  5.125511e+01  5.200000e+01
     vertex  5.116537e+01  5.224776e+01  5.200000e+01
     vertex  5.125511e+01  5.220798e+01  5.200000e+01
   endloop
 endfacet
 facet normal -0.000000e+00 -0.000000e+00 -1.000000e+00
   outer loop
     vertex  5.220798e+01  5.125511e+01  5.200000e+01
     vertex  5.224776e+01  5.116537e+01  5.200000e+01
     vertex  5.116537e+01  5.224776e+01  5.200000e+01
   endloop
 endfacet
 facet normal  0.000000e+00  0.000000e+00 -1.000000e+00
   outer loop
     vertex  5.216384e+01  5.134279e+01  5.200000e+01
     vertex  5.125511e+01  5.220798e+01  5.200000e+01
     vertex  5.134279e+01  5.216384e+01  5.200000e+01
   endloop
 endfacet
 facet normal -0.000000e+00 -0.000000e+00 -1.000000e+00
   outer loop
     vertex  5.216384e+01  5.134279e+01  5.200000e+01
     vertex  5.220798e+01  5.125511e+01  5.200000e+01
     vertex  5.125511e+01  5.220798e+01  5.200000e+01
   endloop
 endfacet
 facet normal  0.000000e+00  0.000000e+00 -1.000000e+00
   outer loop
     vertex  5.151114e+01  5.206294e+01  5.200000e+01
     vertex  5.134279e+01  5.216384e+01  5.200000e+01
     vertex  5.142821e+01  5.211546e+01  5.200000e+01
   endloop
 endfacet
 facet normal  0.000000e+00  0.000000e+00 -1.000000e+00
   outer loop
     vertex  5.206294e+01  5.151114e+01  5.200000e+01
     vertex  5.211546e+01  5.142821e+01  5.200000e+01
     vertex  5.216384e+01  5.134279e+01  5.200000e+01
   endloop
 endfacet
 facet normal  0.000000e+00  0.000000e+00 -1.000000e+00
   outer loop
     vertex  5.159140e+01  5.200642e+01  5.200000e+01
     vertex  5.134279e+01  5.216384e+01  5.200000e+01
     vertex  5.151114e+01  5.206294e+01  5.200000e+01
   endloop
 endfacet
 facet normal  0.000000e+00  0.000000e+00 -1.000000e+00
   outer loop
     vertex  5.200642e+01  5.159140e+01  5.200000e+01
     vertex  5.206294e+01  5.151114e+01  5.200000e+01
     vertex  5.216384e+01  5.134279e+01  5.200000e+01
   endloop
 endfacet
 facet normal  0.000000e+00  0.000000e+00 -1.000000e+00
   outer loop
     vertex  5.166879e+01  5.194602e+01  5.200000e+01
     vertex  5.134279e+01  5.216384e+01  5.200000e+01
     vertex  5.159140e+01  5.200642e+01  5.200000e+01
   endloop
 endfacet
 facet normal -0.000000e+00 -0.000000e+00 -1.000000e+00
   outer loop
     vertex  5.194602e+01  5.166879e+01  5.200000e+01
     vertex  5.216384e+01  5.134279e+01  5.200000e+01
     vertex  5.134279e+01  5.216384e+01  5.200000e+01
   endloop
 endfacet
 facet normal  0.000000e+00  0.000000e+00 -1.000000e+00
   outer loop
     vertex  5.194602e+01  5.166879e+01  5.200000e+01
     vertex  5.200642e+01  5.159140e+01  5.200000e+01
     vertex  5.216384e+01  5.134279e+01  5.200000e+01
   endloop
 endfacet
 facet normal -0.000000e+00 -0.000000e+00 -1.000000e+00
   outer loop
     vertex  5.188190e+01  5.174312e+01  5.200000e+01
     vertex  5.194602e+01  5.166879e+01  5.200000e+01
     vertex  5.134279e+01  5.216384e+01  5.200000e+01
   endloop
 endfacet
 facet normal  0.000000e+00  0.000000e+00 -1.000000e+00
   outer loop
     vertex  5.188190e+01  5.174312e+01  5.200000e+01
     vertex  5.134279e+01  5.216384e+01  5.200000e+01
     vertex  5.166879e+01  5.194602e+01  5.200000e+01
   endloop
 endfacet
 facet normal -0.000000e+00 -0.000000e+00 -1.000000e+00
   outer loop
     vertex  5.181421e+01  5.181421e+01  5.200000e+01
     vertex  5.188190e+01  5.174312e+01  5.200000e+01
     vertex  5.166879e+01  5.194602e+01  5.200000e+01
   endloop
 endfacet
 facet normal  0.000000e+00  0.000000e+00 -1.000000e+00
   outer loop
     vertex  5.181421e+01  5.181421e+01  5.200000e+01
     vertex  5.166879e+01  5.194602e+01  5.200000e+01
     vertex  5.174312e+01  5.188190e+01  5.200000e+01
   endloop
 endfacet
 facet normal -2.454123e-02 -9.996988e-01 -0.000000e+00
   outer loop
     vertex -5.049814e+01 -5.239759e+01  7.000000e+01
     vertex -5.049814e+01 -5.239759e+01  5.200000e+01
     vertex -5.040000e+01 -5.240000e+01  5.200000e+01
   endloop
 endfacet
 facet normal -2.454123e-02 -9.996988e-01  1.307148e-21
   outer loop
     vertex -5.049814e+01 -5.239759e+01  7.000000e+01
     vertex -5.040000e+01 -5.240000e+01  5.200000e+01
     vertex -5.040000e+01 -5.240000e+01  7.000000e+01
   endloop
 endfacet
 facet normal -7.356456e-02 -9.972905e-01 -0.000000e+00
   outer loop
     vertex -5.059603e+01 -5.239037e+01  7.000000e+01
     vertex -5.059603e+01 -5.239037e+01  5.200000e+01
     vertex -5.049814e+01 -5.239759e+01  5.200000e+01
   endloop
 endfacet
 facet normal -7.356456e-02 -9.972905e-01  1.350633e-20
   outer loop
     vertex -5.059603e+01 -5.239037e+01  7.000000e+01
     vertex -5.049814e+01 -5.239759e+01  5.200000e+01
     vertex -5.049814e+01 -5.239759e+01  7.000000e+01
   endloop
 endfacet
 facet normal -1.224107e-01 -9.924795e-01 -0.000000e+00
   outer loop
     vertex -5.069346e+01 -5.237835e+01  7.000000e+01
     vertex -5.069346e+01 -5.237835e+01  5.200000e+01
     vertex -5.059603e+01 -5.239037e+01  5.200000e+01
   endloop
 endfacet
 facet normal -1.224107e-01 -9.924795e-01 -4.728490e-20
   outer loop
     vertex -5.069346e+01 -5.237835e+01  7.000000e+01
     vertex -5.059603e+01 -5.239037e+01  5.200000e+01
     vertex -5.059603e+01 -5.239037e+01  7.000000e+01
   endloop
 endfacet
 facet normal -1.709619e-01 -9.852776e-01 -0.000000e+00
   outer loop
     vertex -5.079018e+01 -5.236157e+01  7.000000e+01
     vertex -5.079018e+01 -5.236157e+01  5.200000e+01
     vertex -5.069346e+01 -5.237835e+01  5.200000e+01
   endloop
 endfacet
 facet normal -1.709619e-01 -9.852776e-01 -5.006967e-20
   outer loop
     vertex -5.079018e+01 -5.236157e+01  7.000000e+01
     vertex -5.069346e+01 -5.237835e+01  5.200000e+01
     vertex -5.069346e+01 -5.237835e+01  7.000000e+01
   endloop
 endfacet
 facet normal -2.191012e-01 -9.757021e-01 -0.000000e+00
   outer loop
     vertex -5.088596e+01 -5.234006e+01  7.000000e+01
     vertex -5.088596e+01 -5.234006e+01  5.200000e+01
     vertex -5.079018e+01 -5.236157e+01  5.200000e+01
   endloop
 endfacet
 facet normal -2.667128e-01 -9.637761e-01 -0.000000e+00
   outer loop
     vertex -5.088596e+01 -5.234006e+01  7.000000e+01
     vertex -5.098057e+01 -5.231388e+01  5.200000e+01
     vertex -5.088596e+01 -5.234006e+01  5.200000e+01
   endloop
 endfacet
 facet normal -2.191012e-01 -9.757021e-01 -1.653488e-20
   outer loop
     vertex -5.088596e+01 -5.234006e+01  7.000000e+01
     vertex -5.079018e+01 -5.236157e+01  5.200000e+01
     vertex -5.079018e+01 -5.236157e+01  7.000000e+01
   endloop
 endfacet
 facet normal -3.136817e-01 -9.495282e-01 -0.000000e+00
   outer loop
     vertex -5.098057e+01 -5.231388e+01  7.000000e+01
     vertex -5.107378e+01 -5.228309e+01  5.200000e+01
     vertex -5.098057e+01 -5.231388e+01  5.200000e+01
   endloop
 endfacet
 facet normal -2.667128e-01 -9.637761e-01 -0.000000e+00
   outer loop
     vertex -5.098057e+01 -5.231388e+01  7.000000e+01
     vertex -5.098057e+01 -5.231388e+01  5.200000e+01
     vertex -5.088596e+01 -5.234006e+01  7.000000e+01
   endloop
 endfacet
 facet normal -3.136817e-01 -9.495282e-01 -0.000000e+00
   outer loop
     vertex -5.107378e+01 -5.228309e+01  7.000000e+01
     vertex -5.107378e+01 -5.228309e+01  5.200000e+01
     vertex -5.098057e+01 -5.231388e+01  7.000000e+01
   endloop
 endfacet
 facet normal -3.598950e-01 -9.329928e-01  8.042932e-20
   outer loop
     vertex -5.116537e+01 -5.224776e+01  7.000000e+01
     vertex -5.107378e+01 -5.228309e+01  5.200000e+01
     vertex -5.107378e+01 -5.228309e+01  7.000000e+01
   endloop
 endfacet
 facet normal -3.598950e-01 -9.329928e-01 -0.000000e+00
   outer loop
     vertex -5.116537e+01 -5.224776e+01  7.000000e+01
     vertex -5.116537e+01 -5.224776e+01  5.200000e+01
     vertex -5.107378e+01 -5.228309e+01  5.200000e+01
   endloop
 endfacet
 facet normal -4.052413e-01 -9.142098e-01 -1.156759e-19
   outer loop
     vertex -5.125511e+01 -5.220798e+01  7.000000e+01
     vertex -5.116537e+01 -5.224776e+01  5.200000e+01
     vertex -5.116537e+01 -5.224776e+01  7.000000e+01
   endloop
 endfacet
 facet normal -4.052413e-01 -9.142098e-01 -0.000000e+00
   outer loop
     vertex -5.125511e+01 -5.220798e+01  7.000000e+01
     vertex -5.125511e+01 -5.220798e+01  5.200000e+01
     vertex -5.116537e+01 -5.224776e+01  5.200000e+01
   endloop
 endfacet
 facet normal -4.496113e-01 -8.932243e-01 -0.000000e+00
   outer loop
     vertex -5.134279e+01 -5.216384e+01  7.000000e+01
     vertex -5.134279e+01 -5.216384e+01  5.200000e+01
     vertex -5.125511e+01 -5.220798e+01  5.200000e+01
   endloop
 endfacet
 facet normal -4.496113e-01 -8.932243e-01  7.180622e-20
   outer loop
     vertex -5.134279e+01 -5.216384e+01  7.000000e+01
     vertex -5.125511e+01 -5.220798e+01  5.200000e+01
     vertex -5.125511e+01 -5.220798e+01  7.000000e+01
   endloop
 endfacet
 facet normal -4.928982e-01 -8.700870e-01 -0.000000e+00
   outer loop
     vertex -5.142821e+01 -5.211546e+01  7.000000e+01
     vertex -5.142821e+01 -5.211546e+01  5.200000e+01
     vertex -5.134279e+01 -5.216384e+01  5.200000e+01
   endloop
 endfacet
 facet normal -5.349976e-01 -8.448536e-01 -0.000000e+00
   outer loop
     vertex -5.142821e+01 -5.211546e+01  7.000000e+01
     vertex -5.151114e+01 -5.206294e+01  5.200000e+01
     vertex -5.142821e+01 -5.211546e+01  5.200000e+01
   endloop
 endfacet
 facet normal -4.928982e-01 -8.700870e-01 -2.064529e-19
   outer loop
     vertex -5.142821e+01 -5.211546e+01  7.000000e+01
     vertex -5.134279e+01 -5.216384e+01  5.200000e+01
     vertex -5.134279e+01 -5.216384e+01  7.000000e+01
   endloop
 endfacet
 facet normal -5.349976e-01 -8.448536e-01 -0.000000e+00
   outer loop
     vertex -5.151114e+01 -5.206294e+01  7.000000e+01
     vertex -5.151114e+01 -5.206294e+01  5.200000e+01
     vertex -5.142821e+01 -5.211546e+01  7.000000e+01
   endloop
 endfacet
 facet normal -5.758082e-01 -8.175848e-01 -0.000000e+00
   outer loop
     vertex -5.159140e+01 -5.200642e+01  7.000000e+01
     vertex -5.159140e+01 -5.200642e+01  5.200000e+01
     vertex -5.151114e+01 -5.206294e+01  5.200000e+01
   endloop
 endfacet
 facet normal -6.152316e-01 -7.883464e-01 -0.000000e+00
   outer loop
     vertex -5.159140e+01 -5.200642e+01  7.000000e+01
     vertex -5.166879e+01 -5.194602e+01  5.200000e+01
     vertex -5.159140e+01 -5.200642e+01  5.200000e+01
   endloop
 endfacet
 facet normal -5.758082e-01 -8.175848e-01  2.428404e-19
   outer loop
     vertex -5.159140e+01 -5.200642e+01  7.000000e+01
     vertex -5.151114e+01 -5.206294e+01  5.200000e+01
     vertex -5.151114e+01 -5.206294e+01  7.000000e+01
   endloop
 endfacet
 facet normal -6.152316e-01 -7.883464e-01 -0.000000e+00
   outer loop
     vertex -5.166879e+01 -5.194602e+01  7.000000e+01
     vertex -5.166879e+01 -5.194602e+01  5.200000e+01
     vertex -5.159140e+01 -5.200642e+01  7.000000e+01
   endloop
 endfacet
 facet normal -6.531728e-01 -7.572088e-01 -0.000000e+00
   outer loop
     vertex -5.174312e+01 -5.188190e+01  7.000000e+01
     vertex -5.174312e+01 -5.188190e+01  5.200000e+01
     vertex -5.166879e+01 -5.194602e+01  5.200000e+01
   endloop
 endfacet
 facet normal -6.895405e-01 -7.242471e-01 -0.000000e+00
   outer loop
     vertex -5.174312e+01 -5.188190e+01  7.000000e+01
     vertex -5.181421e+01 -5.181421e+01  5.200000e+01
     vertex -5.174312e+01 -5.188190e+01  5.200000e+01
   endloop
 endfacet
 facet normal -6.531728e-01 -7.572088e-01 -1.402443e-20
   outer loop
     vertex -5.174312e+01 -5.188190e+01  7.000000e+01
     vertex -5.166879e+01 -5.194602e+01  5.200000e+01
     vertex -5.166879e+01 -5.194602e+01  7.000000e+01
   endloop
 endfacet
 facet normal -6.895405e-01 -7.242471e-01 -0.000000e+00
   outer loop
     vertex -5.181421e+01 -5.181421e+01  7.000000e+01
     vertex -5.181421e+01 -5.181421e+01  5.200000e+01
     vertex -5.174312e+01 -5.188190e+01  7.000000e+01
   endloop
 endfacet
 facet normal -7.242471e-01 -6.895405e-01 -0.000000e+00
   outer loop
     vertex -5.188190e+01 -5.174312e+01  7.000000e+01
     vertex -5.188190e+01 -5.174312e+01  5.200000e+01
     vertex -5.181421e+01 -5.181421e+01  5.200000e+01
   endloop
 endfacet
 facet normal -7.242471e-01 -6.895405e-01 -1.599375e-19
   outer loop
     vertex -5.188190e+01 -5.174312e+01  7.000000e+01
     vertex -5.181421e+01 -5.181421e+01  5.200000e+01
     vertex -5.181421e+01 -5.181421e+01  7.000000e+01
   endloop
 endfacet
 facet normal -7.572088e-01 -6.531728e-01 -0.000000e+00
   outer loop
     vertex -5.194602e+01 -5.166879e+01  7.000000e+01
     vertex -5.194602e+01 -5.166879e+01  5.200000e+01
     vertex -5.188190e+01 -5.174312e+01  5.200000e+01
   endloop
 endfacet
 facet normal -7.572088e-01 -6.531728e-01 -1.402443e-20
   outer loop
     vertex -5.194602e+01 -5.166879e+01  7.000000e+01
     vertex -5.188190e+01 -5.174312e+01  5.200000e+01
     vertex -5.188190e+01 -5.174312e+01  7.000000e+01
   endloop
 endfacet
 facet normal -7.883464e-01 -6.152316e-01 -0.000000e+00
   outer loop
     vertex -5.200642e+01 -5.159140e+01  7.000000e+01
     vertex -5.200642e+01 -5.159140e+01  5.200000e+01
     vertex -5.194602e+01 -5.166879e+01  5.200000e+01
   endloop
 endfacet
 facet normal -7.883464e-01 -6.152316e-01  1.362102e-19
   outer loop
     vertex -5.200642e+01 -5.159140e+01  7.000000e+01
     vertex -5.194602e+01 -5.166879e+01  5.200000e+01
     vertex -5.194602e+01 -5.166879e+01  7.000000e+01
   endloop
 endfacet
 facet normal -8.175848e-01 -5.758082e-01 -0.000000e+00
   outer loop
     vertex -5.206294e+01 -5.151114e+01  7.000000e+01
     vertex -5.206294e+01 -5.151114e+01  5.200000e+01
     vertex -5.200642e+01 -5.159140e+01  5.200000e+01
   endloop
 endfacet
 facet normal -8.175848e-01 -5.758082e-01  2.428404e-19
   outer loop
     vertex -5.206294e+01 -5.151114e+01  7.000000e+01
     vertex -5.200642e+01 -5.159140e+01  5.200000e+01
     vertex -5.200642e+01 -5.159140e+01  7.000000e+01
   endloop
 endfacet
 facet normal -8.448536e-01 -5.349976e-01 -0.000000e+00
   outer loop
     vertex -5.211546e+01 -5.142821e+01  7.000000e+01
     vertex -5.211546e+01 -5.142821e+01  5.200000e+01
     vertex -5.206294e+01 -5.151114e+01  5.200000e+01
   endloop
 endfacet
 facet normal -8.448536e-01 -5.349976e-01  1.689747e-19
   outer loop
     vertex -5.211546e+01 -5.142821e+01  7.000000e+01
     vertex -5.206294e+01 -5.151114e+01  5.200000e+01
     vertex -5.206294e+01 -5.151114e+01  7.000000e+01
   endloop
 endfacet
 facet normal -8.700870e-01 -4.928982e-01 -0.000000e+00
   outer loop
     vertex -5.216384e+01 -5.134279e+01  7.000000e+01
     vertex -5.216384e+01 -5.134279e+01  5.200000e+01
     vertex -5.211546e+01 -5.142821e+01  5.200000e+01
   endloop
 endfacet
 facet normal -8.700870e-01 -4.928982e-01 -2.064529e-19
   outer loop
     vertex -5.216384e+01 -5.134279e+01  7.000000e+01
     vertex -5.211546e+01 -5.142821e+01  5.200000e+01
     vertex -5.211546e+01 -5.142821e+01  7.000000e+01
   endloop
 endfacet
 facet normal -8.932243e-01 -4.496113e-01 -0.000000e+00
   outer loop
     vertex -5.220798e+01 -5.125511e+01  7.000000e+01
     vertex -5.220798e+01 -5.125511e+01  5.200000e+01
     vertex -5.216384e+01 -5.134279e+01  5.200000e+01
   endloop
 endfacet
 facet normal -8.932243e-01 -4.496113e-01  7.180622e-20
   outer loop
     vertex -5.220798e+01 -5.125511e+01  7.000000e+01
     vertex -5.216384e+01 -5.134279e+01  5.200000e+01
     vertex -5.216384e+01 -5.134279e+01  7.000000e+01
   endloop
 endfacet
 facet normal -9.142098e-01 -4.052413e-01 -0.000000e+00
   outer loop
     vertex -5.224776e+01 -5.116537e+01  7.000000e+01
     vertex -5.224776e+01 -5.116537e+01  5.200000e+01
     vertex -5.220798e+01 -5.125511e+01  5.200000e+01
   endloop
 endfacet
 facet normal -9.329928e-01 -3.598950e-01 -0.000000e+00
   outer loop
     vertex -5.224776e+01 -5.116537e+01  7.000000e+01
     vertex -5.228309e+01 -5.107378e+01  5.200000e+01
     vertex -5.224776e+01 -5.116537e+01  5.200000e+01
   endloop
 endfacet
 facet normal -9.142098e-01 -4.052413e-01 -5.759650e-20
   outer loop
     vertex -5.224776e+01 -5.116537e+01  7.000000e+01
     vertex -5.220798e+01 -5.125511e+01  5.200000e+01
     vertex -5.220798e+01 -5.125511e+01  7.000000e+01
   endloop
 endfacet
 facet normal -9.329928e-01 -3.598950e-01 -0.000000e+00
   outer loop
     vertex -5.228309e+01 -5.107378e+01  7.000000e+01
     vertex -5.228309e+01 -5.107378e+01  5.200000e+01
     vertex -5.224776e+01 -5.116537e+01  7.000000e+01
   endloop
 endfacet
 facet normal -9.495282e-01 -3.136817e-01 -0.000000e+00
   outer loop
     vertex -5.231388e+01 -5.098057e+01  7.000000e+01
     vertex -5.231388e+01 -5.098057e+01  5.200000e+01
     vertex -5.228309e+01 -5.107378e+01  5.200000e+01
   endloop
 endfacet
 facet normal -9.495282e-01 -3.136817e-01 -1.009755e-19
   outer loop
     vertex -5.231388e+01 -5.098057e+01  7.000000e+01
     vertex -5.228309e+01 -5.107378e+01  5.200000e+01
     vertex -5.228309e+01 -5.107378e+01  7.000000e+01
   endloop
 endfacet
 facet normal -9.637761e-01 -2.667128e-01 -0.000000e+00
   outer loop
     vertex -5.234006e+01 -5.088596e+01  7.000000e+01
     vertex -5.234006e+01 -5.088596e+01  5.200000e+01
     vertex -5.231388e+01 -5.098057e+01  5.200000e+01
   endloop
 endfacet
 facet normal -9.637761e-01 -2.667128e-01  8.912344e-20
   outer loop
     vertex -5.234006e+01 -5.088596e+01  7.000000e+01
     vertex -5.231388e+01 -5.098057e+01  5.200000e+01
     vertex -5.231388e+01 -5.098057e+01  7.000000e+01
   endloop
 endfacet
 facet normal -9.757021e-01 -2.191012e-01 -0.000000e+00
   outer loop
     vertex -5.236157e+01 -5.079018e+01  7.000000e+01
     vertex -5.236157e+01 -5.079018e+01  5.200000e+01
     vertex -5.234006e+01 -5.088596e+01  5.200000e+01
   endloop
 endfacet
 facet normal -9.852776e-01 -1.709619e-01 -0.000000e+00
   outer loop
     vertex -5.236157e+01 -5.079018e+01  7.000000e+01
     vertex -5.237835e+01 -5.069346e+01  5.200000e+01
     vertex -5.236157e+01 -5.079018e+01  5.200000e+01
   endloop
 endfacet
 facet normal -9.757021e-01 -2.191012e-01 -7.908796e-20
   outer loop
     vertex -5.236157e+01 -5.079018e+01  7.000000e+01
     vertex -5.234006e+01 -5.088596e+01  5.200000e+01
     vertex -5.234006e+01 -5.088596e+01  7.000000e+01
   endloop
 endfacet
 facet normal -9.852776e-01 -1.709619e-01 -0.000000e+00
   outer loop
     vertex -5.237835e+01 -5.069346e+01  7.000000e+01
     vertex -5.237835e+01 -5.069346e+01  5.200000e+01
     vertex -5.236157e+01 -5.079018e+01  7.000000e+01
   endloop
 endfacet
 facet normal -9.924795e-01 -1.224107e-01 -0.000000e+00
   outer loop
     vertex -5.239037e+01 -5.059603e+01  7.000000e+01
     vertex -5.239037e+01 -5.059603e+01  5.200000e+01
     vertex -5.237835e+01 -5.069346e+01  5.200000e+01
   endloop
 endfacet
 facet normal -9.924795e-01 -1.224107e-01 -4.728490e-20
   outer loop
     vertex -5.239037e+01 -5.059603e+01  7.000000e+01
     vertex -5.237835e+01 -5.069346e+01  5.200000e+01
     vertex -5.237835e+01 -5.069346e+01  7.000000e+01
   endloop
 endfacet
 facet normal -9.972905e-01 -7.356456e-02 -0.000000e+00
   outer loop
     vertex -5.239759e+01 -5.049814e+01  7.000000e+01
     vertex -5.239759e+01 -5.049814e+01  5.200000e+01
     vertex -5.239037e+01 -5.059603e+01  5.200000e+01
   endloop
 endfacet
 facet normal -9.996988e-01 -2.454123e-02 -0.000000e+00
   outer loop
     vertex -5.239759e+01 -5.049814e+01  7.000000e+01
     vertex -5.240000e+01 -5.040000e+01  5.200000e+01
     vertex -5.239759e+01 -5.049814e+01  5.200000e+01
   endloop
 endfacet
 facet normal -9.972905e-01 -7.356456e-02  1.350633e-20
   outer loop
     vertex -5.239759e+01 -5.049814e+01  7.000000e+01
     vertex -5.239037e+01 -5.059603e+01  5.200000e+01
     vertex -5.239037e+01 -5.059603e+01  7.000000e+01
   endloop
 endfacet
 facet normal -9.996988e-01 -2.454123e-02 -0.000000e+00
   outer loop
     vertex -5.240000e+01 -5.040000e+01  7.000000e+01
     vertex -5.240000e+01 -5.040000e+01  5.200000e+01
     vertex -5.239759e+01 -5.049814e+01  7.000000e+01
   endloop
 endfacet
 facet normal  2.454123e-02 -9.996988e-01  0.000000e+00
   outer loop
     vertex  5.049814e+01 -5.239759e+01  7.000000e+01
     vertex  5.040000e+01 -5.240000e+01  5.200000e+01
     vertex  5.049814e+01 -5.239759e+01  5.200000e+01
   endloop
 endfacet
 facet normal  2.454123e-02 -9.996988e-01 -1.307148e-21
   outer loop
     vertex  5.049814e+01 -5.239759e+01  7.000000e+01
     vertex  5.040000e+01 -5.240000e+01  7.000000e+01
     vertex  5.040000e+01 -5.240000e+01  5.200000e+01
   endloop
 endfacet
 facet normal  7.356456e-02 -9.972905e-01  0.000000e+00
   outer loop
     vertex  5.059603e+01 -5.239037e+01  7.000000e+01
     vertex  5.049814e+01 -5.239759e+01  5.200000e+01
     vertex  5.059603e+01 -5.239037e+01  5.200000e+01
   endloop
 endfacet
 facet normal  7.356456e-02 -9.972905e-01 -1.350633e-20
   outer loop
     vertex  5.059603e+01 -5.239037e+01  7.000000e+01
     vertex  5.049814e+01 -5.239759e+01  7.000000e+01
     vertex  5.049814e+01 -5.239759e+01  5.200000e+01
   endloop
 endfacet
 facet normal  1.224107e-01 -9.924795e-01  0.000000e+00
   outer loop
     vertex  5.069346e+01 -5.237835e+01  7.000000e+01
     vertex  5.059603e+01 -5.239037e+01  5.200000e+01
     vertex  5.069346e+01 -5.237835e+01  5.200000e+01
   endloop
 endfacet
 facet normal  1.224107e-01 -9.924795e-01  4.728490e-20
   outer loop
     vertex  5.069346e+01 -5.237835e+01  7.000000e+01
     vertex  5.059603e+01 -5.239037e+01  7.000000e+01
     vertex  5.059603e+01 -5.239037e+01  5.200000e+01
   endloop
 endfacet
 facet normal  1.709619e-01 -9.852776e-01  0.000000e+00
   outer loop
     vertex  5.079018e+01 -5.236157e+01  7.000000e+01
     vertex  5.069346e+01 -5.237835e+01  5.200000e+01
     vertex  5.079018e+01 -5.236157e+01  5.200000e+01
   endloop
 endfacet
 facet normal  1.709619e-01 -9.852776e-01  5.006967e-20
   outer loop
     vertex  5.079018e+01 -5.236157e+01  7.000000e+01
     vertex  5.069346e+01 -5.237835e+01  7.000000e+01
     vertex  5.069346e+01 -5.237835e+01  5.200000e+01
   endloop
 endfacet
 facet normal  2.191012e-01 -9.757021e-01  0.000000e+00
   outer loop
     vertex  5.088596e+01 -5.234006e+01  7.000000e+01
     vertex  5.079018e+01 -5.236157e+01  5.200000e+01
     vertex  5.088596e+01 -5.234006e+01  5.200000e+01
   endloop
 endfacet
 facet normal  2.667128e-01 -9.637761e-01  0.000000e+00
   outer loop
     vertex  5.088596e+01 -5.234006e+01  7.000000e+01
     vertex  5.088596e+01 -5.234006e+01  5.200000e+01
     vertex  5.098057e+01 -5.231388e+01  5.200000e+01
   endloop
 endfacet
 facet normal  2.191012e-01 -9.757021e-01  1.653488e-20
   outer loop
     vertex  5.088596e+01 -5.234006e+01  7.000000e+01
     vertex  5.079018e+01 -5.236157e+01  7.000000e+01
     vertex  5.079018e+01 -5.236157e+01  5.200000e+01
   endloop
 endfacet
 facet normal  3.136817e-01 -9.495282e-01  0.000000e+00
   outer loop
     vertex  5.098057e+01 -5.231388e+01  7.000000e+01
     vertex  5.098057e+01 -5.231388e+01  5.200000e+01
     vertex  5.107378e+01 -5.228309e+01  5.200000e+01
   endloop
 endfacet
 facet normal  2.667128e-01 -9.637761e-01  0.000000e+00
   outer loop
     vertex  5.098057e+01 -5.231388e+01  7.000000e+01
     vertex  5.088596e+01 -5.234006e+01  7.000000e+01
     vertex  5.098057e+01 -5.231388e+01  5.200000e+01
   endloop
 endfacet
 facet normal  3.136817e-01 -9.495282e-01  0.000000e+00
   outer loop
     vertex  5.107378e+01 -5.228309e+01  7.000000e+01
     vertex  5.098057e+01 -5.231388e+01  7.000000e+01
     vertex  5.107378e+01 -5.228309e+01  5.200000e+01
   endloop
 endfacet
 facet normal  3.598950e-01 -9.329928e-01 -8.042932e-20
   outer loop
     vertex  5.116537e+01 -5.224776e+01  7.000000e+01
     vertex  5.107378e+01 -5.228309e+01  7.000000e+01
     vertex  5.107378e+01 -5.228309e+01  5.200000e+01
   endloop
 endfacet
 facet normal  3.598950e-01 -9.329928e-01  0.000000e+00
   outer loop
     vertex  5.116537e+01 -5.224776e+01  7.000000e+01
     vertex  5.107378e+01 -5.228309e+01  5.200000e+01
     vertex  5.116537e+01 -5.224776e+01  5.200000e+01
   endloop
 endfacet
 facet normal  4.052413e-01 -9.142098e-01  1.156759e-19
   outer loop
     vertex  5.125511e+01 -5.220798e+01  7.000000e+01
     vertex  5.116537e+01 -5.224776e+01  7.000000e+01
     vertex  5.116537e+01 -5.224776e+01  5.200000e+01
   endloop
 endfacet
 facet normal  4.052413e-01 -9.142098e-01  0.000000e+00
   outer loop
     vertex  5.125511e+01 -5.220798e+01  7.000000e+01
     vertex  5.116537e+01 -5.224776e+01  5.200000e+01
     vertex  5.125511e+01 -5.220798e+01  5.200000e+01
   endloop
 endfacet
 facet normal  4.496113e-01 -8.932243e-01  0.000000e+00
   outer loop
     vertex  5.134279e+01 -5.216384e+01  7.000000e+01
     vertex  5.125511e+01 -5.220798e+01  5.200000e+01
     vertex  5.134279e+01 -5.216384e+01  5.200000e+01
   endloop
 endfacet
 facet normal  4.496113e-01 -8.932243e-01 -7.180622e-20
   outer loop
     vertex  5.134279e+01 -5.216384e+01  7.000000e+01
     vertex  5.125511e+01 -5.220798e+01  7.000000e+01
     vertex  5.125511e+01 -5.220798e+01  5.200000e+01
   endloop
 endfacet
 facet normal  4.928982e-01 -8.700870e-01  0.000000e+00
   outer loop
     vertex  5.142821e+01 -5.211546e+01  7.000000e+01
     vertex  5.134279e+01 -5.216384e+01  5.200000e+01
     vertex  5.142821e+01 -5.211546e+01  5.200000e+01
   endloop
 endfacet
 facet normal  5.349976e-01 -8.448536e-01  0.000000e+00
   outer loop
     vertex  5.142821e+01 -5.211546e+01  7.000000e+01
     vertex  5.142821e+01 -5.211546e+01  5.200000e+01
     vertex  5.151114e+01 -5.206294e+01  5.200000e+01
   endloop
 endfacet
 facet normal  4.928982e-01 -8.700870e-01  2.064529e-19
   outer loop
     vertex  5.142821e+01 -5.211546e+01  7.000000e+01
     vertex  5.134279e+01 -5.216384e+01  7.000000e+01
     vertex  5.134279e+01 -5.216384e+01  5.200000e+01
   endloop
 endfacet
 facet normal  5.349976e-01 -8.448536e-01  0.000000e+00
   outer loop
     vertex  5.151114e+01 -5.206294e+01  7.000000e+01
     vertex  5.142821e+01 -5.211546e+01  7.000000e+01
     vertex  5.151114e+01 -5.206294e+01  5.200000e+01
   endloop
 endfacet
 facet normal  5.758082e-01 -8.175848e-01  0.000000e+00
   outer loop
     vertex  5.159140e+01 -5.200642e+01  7.000000e+01
     vertex  5.151114e+01 -5.206294e+01  5.200000e+01
     vertex  5.159140e+01 -5.200642e+01  5.200000e+01
   endloop
 endfacet
 facet normal  6.152316e-01 -7.883464e-01  0.000000e+00
   outer loop
     vertex  5.159140e+01 -5.200642e+01  7.000000e+01
     vertex  5.159140e+01 -5.200642e+01  5.200000e+01
     vertex  5.166879e+01 -5.194602e+01  5.200000e+01
   endloop
 endfacet
 facet normal  5.758082e-01 -8.175848e-01 -2.428404e-19
   outer loop
     vertex  5.159140e+01 -5.200642e+01  7.000000e+01
     vertex  5.151114e+01 -5.206294e+01  7.000000e+01
     vertex  5.151114e+01 -5.206294e+01  5.200000e+01
   endloop
 endfacet
 facet normal  6.152316e-01 -7.883464e-01  0.000000e+00
   outer loop
     vertex  5.166879e+01 -5.194602e+01  7.000000e+01
     vertex  5.159140e+01 -5.200642e+01  7.000000e+01
     vertex  5.166879e+01 -5.194602e+01  5.200000e+01
   endloop
 endfacet
 facet normal  6.531728e-01 -7.572088e-01  0.000000e+00
   outer loop
     vertex  5.174312e+01 -5.188190e+01  7.000000e+01
     vertex  5.166879e+01 -5.194602e+01  5.200000e+01
     vertex  5.174312e+01 -5.188190e+01  5.200000e+01
   endloop
 endfacet
 facet normal  6.895405e-01 -7.242471e-01  0.000000e+00
   outer loop
     vertex  5.174312e+01 -5.188190e+01  7.000000e+01
     vertex  5.174312e+01 -5.188190e+01  5.200000e+01
     vertex  5.181421e+01 -5.181421e+01  5.200000e+01
   endloop
 endfacet
 facet normal  6.531728e-01 -7.572088e-01  1.402443e-20
   outer loop
     vertex  5.174312e+01 -5.188190e+01  7.000000e+01
     vertex  5.166879e+01 -5.194602e+01  7.000000e+01
     vertex  5.166879e+01 -5.194602e+01  5.200000e+01
   endloop
 endfacet
 facet normal  6.895405e-01 -7.242471e-01  0.000000e+00
   outer loop
     vertex  5.181421e+01 -5.181421e+01  7.000000e+01
     vertex  5.174312e+01 -5.188190e+01  7.000000e+01
     vertex  5.181421e+01 -5.181421e+01  5.200000e+01
   endloop
 endfacet
 facet normal  7.242471e-01 -6.895405e-01  0.000000e+00
   outer loop
     vertex  5.188190e+01 -5.174312e+01  7.000000e+01
     vertex  5.181421e+01 -5.181421e+01  5.200000e+01
     vertex  5.188190e+01 -5.174312e+01  5.200000e+01
   endloop
 endfacet
 facet normal  7.242471e-01 -6.895405e-01  1.599375e-19
   outer loop
     vertex  5.188190e+01 -5.174312e+01  7.000000e+01
     vertex  5.181421e+01 -5.181421e+01  7.000000e+01
     vertex  5.181421e+01 -5.181421e+01  5.200000e+01
   endloop
 endfacet
 facet normal  7.572088e-01 -6.531728e-01  0.000000e+00
   outer loop
     vertex  5.194602e+01 -5.166879e+01  7.000000e+01
     vertex  5.188190e+01 -5.174312e+01  5.200000e+01
     vertex  5.194602e+01 -5.166879e+01  5.200000e+01
   endloop
 endfacet
 facet normal  7.572088e-01 -6.531728e-01  1.402443e-20
   outer loop
     vertex  5.194602e+01 -5.166879e+01  7.000000e+01
     vertex  5.188190e+01 -5.174312e+01  7.000000e+01
     vertex  5.188190e+01 -5.174312e+01  5.200000e+01
   endloop
 endfacet
 facet normal  7.883464e-01 -6.152316e-01  0.000000e+00
   outer loop
     vertex  5.200642e+01 -5.159140e+01  7.000000e+01
     vertex  5.194602e+01 -5.166879e+01  5.200000e+01
     vertex  5.200642e+01 -5.159140e+01  5.200000e+01
   endloop
 endfacet
 facet normal  7.883464e-01 -6.152316e-01 -1.362102e-19
   outer loop
     vertex  5.200642e+01 -5.159140e+01  7.000000e+01
     vertex  5.194602e+01 -5.166879e+01  7.000000e+01
     vertex  5.194602e+01 -5.166879e+01  5.200000e+01
   endloop
 endfacet
 facet normal  8.175848e-01 -5.758082e-01  0.000000e+00
   outer loop
     vertex  5.206294e+01 -5.151114e+01  7.000000e+01
     vertex  5.200642e+01 -5.159140e+01  5.200000e+01
     vertex  5.206294e+01 -5.151114e+01  5.200000e+01
   endloop
 endfacet
 facet normal  8.175848e-01 -5.758082e-01 -2.428404e-19
   outer loop
     vertex  5.206294e+01 -5.151114e+01  7.000000e+01
     vertex  5.200642e+01 -5.159140e+01  7.000000e+01
     vertex  5.200642e+01 -5.159140e+01  5.200000e+01
   endloop
 endfacet
 facet normal  8.448536e-01 -5.349976e-01  0.000000e+00
   outer loop
     vertex  5.211546e+01 -5.142821e+01  7.000000e+01
     vertex  5.206294e+01 -5.151114e+01  5.200000e+01
     vertex  5.211546e+01 -5.142821e+01  5.200000e+01
   endloop
 endfacet
 facet normal  8.448536e-01 -5.349976e-01 -1.689747e-19
   outer loop
     vertex  5.211546e+01 -5.142821e+01  7.000000e+01
     vertex  5.206294e+01 -5.151114e+01  7.000000e+01
     vertex  5.206294e+01 -5.151114e+01  5.200000e+01
   endloop
 endfacet
 facet normal  8.700870e-01 -4.928982e-01  0.000000e+00
   outer loop
     vertex  5.216384e+01 -5.134279e+01  7.000000e+01
     vertex  5.211546e+01 -5.142821e+01  5.200000e+01
     vertex  5.216384e+01 -5.134279e+01  5.200000e+01
   endloop
 endfacet
 facet normal  8.700870e-01 -4.928982e-01  2.064529e-19
   outer loop
     vertex  5.216384e+01 -5.134279e+01  7.000000e+01
     vertex  5.211546e+01 -5.142821e+01  7.000000e+01
     vertex  5.211546e+01 -5.142821e+01  5.200000e+01
   endloop
 endfacet
 facet normal  8.932243e-01 -4.496113e-01  0.000000e+00
   outer loop
     vertex  5.220798e+01 -5.125511e+01  7.000000e+01
     vertex  5.216384e+01 -5.134279e+01  5.200000e+01
     vertex  5.220798e+01 -5.125511e+01  5.200000e+01
   endloop
 endfacet
 facet normal  8.932243e-01 -4.496113e-01 -7.180622e-20
   outer loop
     vertex  5.220798e+01 -5.125511e+01  7.000000e+01
     vertex  5.216384e+01 -5.134279e+01  7.000000e+01
     vertex  5.216384e+01 -5.134279e+01  5.200000e+01
   endloop
 endfacet
 facet normal  9.142098e-01 -4.052413e-01  0.000000e+00
   outer loop
     vertex  5.224776e+01 -5.116537e+01  7.000000e+01
     vertex  5.220798e+01 -5.125511e+01  5.200000e+01
     vertex  5.224776e+01 -5.116537e+01  5.200000e+01
   endloop
 endfacet
 facet normal  9.329928e-01 -3.598950e-01  0.000000e+00
   outer loop
     vertex  5.224776e+01 -5.116537e+01  7.000000e+01
     vertex  5.224776e+01 -5.116537e+01  5.200000e+01
     vertex  5.228309e+01 -5.107378e+01  5.200000e+01
   endloop
 endfacet
 facet normal  9.142098e-01 -4.052413e-01  5.759650e-20
   outer loop
     vertex  5.224776e+01 -5.116537e+01  7.000000e+01
     vertex  5.220798e+01 -5.125511e+01  7.000000e+01
     vertex  5.220798e+01 -5.125511e+01  5.200000e+01
   endloop
 endfacet
 facet normal  9.329928e-01 -3.598950e-01  0.000000e+00
   outer loop
     vertex  5.228309e+01 -5.107378e+01  7.000000e+01
     vertex  5.224776e+01 -5.116537e+01  7.000000e+01
     vertex  5.228309e+01 -5.107378e+01  5.200000e+01
   endloop
 endfacet
 facet normal  9.495282e-01 -3.136817e-01  0.000000e+00
   outer loop
     vertex  5.231388e+01 -5.098057e+01  7.000000e+01
     vertex  5.228309e+01 -5.107378e+01  5.200000e+01
     vertex  5.231388e+01 -5.098057e+01  5.200000e+01
   endloop
 endfacet
 facet normal  9.495282e-01 -3.136817e-01  1.009755e-19
   outer loop
     vertex  5.231388e+01 -5.098057e+01  7.000000e+01
     vertex  5.228309e+01 -5.107378e+01  7.000000e+01
     vertex  5.228309e+01 -5.107378e+01  5.200000e+01
   endloop
 endfacet
 facet normal  9.637761e-01 -2.667128e-01  0.000000e+00
   outer loop
     vertex  5.234006e+01 -5.088596e+01  7.000000e+01
     vertex  5.231388e+01 -5.098057e+01  5.200000e+01
     vertex  5.234006e+01 -5.088596e+01  5.200000e+01
   endloop
 endfacet
 facet normal  9.637761e-01 -2.667128e-01 -8.912344e-20
   outer loop
     vertex  5.234006e+01 -5.088596e+01  7.000000e+01
     vertex  5.231388e+01 -5.098057e+01  7.000000e+01
     vertex  5.231388e+01 -5.098057e+01  5.200000e+01
   endloop
 endfacet
 facet normal  9.757021e-01 -2.191012e-01  0.000000e+00
   outer loop
     vertex  5.236157e+01 -5.079018e+01  7.000000e+01
     vertex  5.234006e+01 -5.088596e+01  5.200000e+01
     vertex  5.236157e+01 -5.079018e+01  5.200000e+01
   endloop
 endfacet
 facet normal  9.852776e-01 -1.709619e-01  0.000000e+00
   outer loop
     vertex  5.236157e+01 -5.079018e+01  7.000000e+01
     vertex  5.236157e+01 -5.079018e+01  5.200000e+01
     vertex  5.237835e+01 -5.069346e+01  5.200000e+01
   endloop
 endfacet
 facet normal  9.757021e-01 -2.191012e-01  7.908796e-20
   outer loop
     vertex  5.236157e+01 -5.079018e+01  7.000000e+01
     vertex  5.234006e+01 -5.088596e+01  7.000000e+01
     vertex  5.234006e+01 -5.088596e+01  5.200000e+01
   endloop
 endfacet
 facet normal  9.852776e-01 -1.709619e-01  0.000000e+00
   outer loop
     vertex  5.237835e+01 -5.069346e+01  7.000000e+01
     vertex  5.236157e+01 -5.079018e+01  7.000000e+01
     vertex  5.237835e+01 -5.069346e+01  5.200000e+01
   endloop
 endfacet
 facet normal  9.924795e-01 -1.224107e-01  0.000000e+00
   outer loop
     vertex  5.239037e+01 -5.059603e+01  7.000000e+01
     vertex  5.237835e+01 -5.069346e+01  5.200000e+01
     vertex  5.239037e+01 -5.059603e+01  5.200000e+01
   endloop
 endfacet
 facet normal  9.924795e-01 -1.224107e-01  4.728490e-20
   outer loop
     vertex  5.239037e+01 -5.059603e+01  7.000000e+01
     vertex  5.237835e+01 -5.069346e+01  7.000000e+01
     vertex  5.237835e+01 -5.069346e+01  5.200000e+01
   endloop
 endfacet
 facet normal  9.972905e-01 -7.356456e-02  0.000000e+00
   outer loop
     vertex  5.239759e+01 -5.049814e+01  7.000000e+01
     vertex  5.239037e+01 -5.059603e+01  5.200000e+01
     vertex  5.239759e+01 -5.049814e+01  5.200000e+01
   endloop
 endfacet
 facet normal  9.996988e-01 -2.454123e-02  0.000000e+00
   outer loop
     vertex  5.239759e+01 -5.049814e+01  7.000000e+01
     vertex  5.239759e+01 -5.049814e+01  5.200000e+01
     vertex  5.240000e+01 -5.040000e+01  5.200000e+01
   endloop
 endfacet
 facet normal  9.972905e-01 -7.356456e-02 -1.350633e-20
   outer loop
     vertex  5.239759e+01 -5.049814e+01  7.000000e+01
     vertex  5.239037e+01 -5.059603e+01  7.000000e+01
     vertex  5.239037e+01 -5.059603e+01  5.200000e+01
   endloop
 endfacet
 facet normal  9.996988e-01 -2.454123e-02  0.000000e+00
   outer loop
     vertex  5.240000e+01 -5.040000e+01  7.000000e+01
     vertex  5.239759e+01 -5.049814e+01  7.000000e+01
     vertex  5.240000e+01 -5.040000e+01  5.200000e+01
   endloop
 endfacet
 facet normal  0.000000e+00  0.000000e+00  1.000000e+00
   outer loop
     vertex -5.015000e+01 -5.015000e+01  7.000000e+01
     vertex -5.049814e+01 -5.239759e+01  7.000000e+01
     vertex -5.040000e+01 -5.240000e+01  7.000000e+01
   endloop
 endfacet
 facet normal  0.000000e+00  0.000000e+00  1.000000e+00
   outer loop
     vertex -5.015000e+01 -5.015000e+01  7.000000e+01
     vertex -5.059603e+01 -5.239037e+01  7.000000e+01
     vertex -5.049814e+01 -5.239759e+01  7.000000e+01
   endloop
 endfacet
 facet normal  0.000000e+00  0.000000e+00  1.000000e+00
   outer loop
     vertex -5.015000e+01 -5.015000e+01  7.000000e+01
     vertex -5.069346e+01 -5.237835e+01  7.000000e+01
     vertex -5.059603e+01 -5.239037e+01  7.000000e+01
   endloop
 endfacet
 facet normal  0.000000e+00  0.000000e+00  1.000000e+00
   outer loop
     vertex -5.015000e+01 -5.015000e+01  7.000000e+01
     vertex -5.079018e+01 -5.236157e+01  7.000000e+01
     vertex -5.069346e+01 -5.237835e+01  7.000000e+01
   endloop
 endfacet
 facet normal  0.000000e+00  0.000000e+00  1.000000e+00
   outer loop
     vertex -5.015000e+01 -5.015000e+01  7.000000e+01
     vertex -5.088596e+01 -5.234006e+01  7.000000e+01
     vertex -5.079018e+01 -5.236157e+01  7.000000e+01
   endloop
 endfacet
 facet normal  0.000000e+00  0.000000e+00  1.000000e+00
   outer loop
     vertex -5.015000e+01 -5.015000e+01  7.000000e+01
     vertex -5.098057e+01 -5.231388e+01  7.000000e+01
     vertex -5.088596e+01 -5.234006e+01  7.000000e+01
   endloop
 endfacet
 facet normal  0.000000e+00  0.000000e+00  1.000000e+00
   outer loop
     vertex -5.015000e+01 -5.015000e+01  7.000000e+01
     vertex -5.107378e+01 -5.228309e+01  7.000000e+01
     vertex -5.098057e+01 -5.231388e+01  7.000000e+01
   endloop
 endfacet
 facet normal  0.000000e+00  0.000000e+00  1.000000e+00
   outer loop
     vertex -5.015000e+01 -5.015000e+01  7.000000e+01
     vertex -5.116537e+01 -5.224776e+01  7.000000e+01
     vertex -5.107378e+01 -5.228309e+01  7.000000e+01
   endloop
 endfacet
 facet normal  0.000000e+00  0.000000e+00  1.000000e+00
   outer loop
     vertex -5.015000e+01 -5.015000e+01  7.000000e+01
     vertex -5.125511e+01 -5.220798e+01  7.000000e+01
     vertex -5.116537e+01 -5.224776e+01  7.000000e+01
   endloop
 endfacet
 facet normal  0.000000e+00  0.000000e+00  1.000000e+00
   outer loop
     vertex -5.015000e+01 -5.015000e+01  7.000000e+01
     vertex -5.134279e+01 -5.216384e+01  7.000000e+01
     vertex -5.125511e+01 -5.220798e+01  7.000000e+01
   endloop
 endfacet
 facet normal  0.000000e+00  0.000000e+00  1.000000e+00
   outer loop
     vertex -5.015000e+01 -5.015000e+01  7.000000e+01
     vertex -5.142821e+01 -5.211546e+01  7.000000e+01
     vertex -5.134279e+01 -5.216384e+01  7.000000e+01
   endloop
 endfacet
 facet normal  0.000000e+00  0.000000e+00  1.000000e+00
   outer loop
     vertex -5.015000e+01 -5.015000e+01  7.000000e+01
     vertex -5.151114e+01 -5.206294e+01  7.000000e+01
     vertex -5.142821e+01 -5.211546e+01  7.000000e+01
   endloop
 endfacet
 facet normal  0.000000e+00  0.000000e+00  1.000000e+00
   outer loop
     vertex -5.015000e+01 -5.015000e+01  7.000000e+01
     vertex -5.159140e+01 -5.200642e+01  7.000000e+01
     vertex -5.151114e+01 -5.206294e+01  7.000000e+01
   endloop
 endfacet
 facet normal  0.000000e+00  0.000000e+00  1.000000e+00
   outer loop
     vertex -5.015000e+01 -5.015000e+01  7.000000e+01
     vertex -5.166879e+01 -5.194602e+01  7.000000e+01
     vertex -5.159140e+01 -5.200642e+01  7.000000e+01
   endloop
 endfacet
 facet normal  0.000000e+00  0.000000e+00  1.000000e+00
   outer loop
     vertex -5.015000e+01 -5.015000e+01  7.000000e+01
     vertex -5.174312e+01 -5.188190e+01  7.000000e+01
     vertex -5.166879e+01 -5.194602e+01  7.000000e+01
   endloop
 endfacet
 facet normal  0.000000e+00  0.000000e+00  1.000000e+00
   outer loop
     vertex -5.015000e+01 -5.015000e+01  7.000000e+01
     vertex -5.181421e+01 -5.181421e+01  7.000000e+01
     vertex -5.174312e+01 -5.188190e+01  7.000000e+01
   endloop
 endfacet
 facet normal  0.000000e+00  0.000000e+00  1.000000e+00
   outer loop
     vertex -5.015000e+01 -5.015000e+01  7.000000e+01
     vertex -5.188190e+01 -5.174312e+01  7.000000e+01
     vertex -5.181421e+01 -5.181421e+01  7.000000e+01
   endloop
 endfacet
 facet normal  0.000000e+00  0.000000e+00  1.000000e+00
   outer loop
     vertex -5.015000e+01 -5.015000e+01  7.000000e+01
     vertex -5.194602e+01 -5.166879e+01  7.000000e+01
     vertex -5.188190e+01 -5.174312e+01  7.000000e+01
   endloop
 endfacet
 facet normal  0.000000e+00  0.000000e+00  1.000000e+00
   outer loop
     vertex -5.015000e+01 -5.015000e+01  7.000000e+01
     vertex -5.200642e+01 -5.159140e+01  7.000000e+01
     vertex -5.194602e+01 -5.166879e+01  7.000000e+01
   endloop
 endfacet
 facet normal  0.000000e+00  0.000000e+00  1.000000e+00
   outer loop
     vertex -5.015000e+01 -5.015000e+01  7.000000e+01
     vertex -5.206294e+01 -5.151114e+01  7.000000e+01
     vertex -5.200642e+01 -5.159140e+01  7.000000e+01
   endloop
 endfacet
 facet normal  0.000000e+00  0.000000e+00  1.000000e+00
   outer loop
     vertex -5.015000e+01 -5.015000e+01  7.000000e+01
     vertex -5.211546e+01 -5.142821e+01  7.000000e+01
     vertex -5.206294e+01 -5.151114e+01  7.000000e+01
   endloop
 endfacet
 facet normal  0.000000e+00  0.000000e+00  1.000000e+00
   outer loop
     vertex -5.015000e+01 -5.015000e+01  7.000000e+01
     vertex -5.216384e+01 -5.134279e+01  7.000000e+01
     vertex -5.211546e+01 -5.142821e+01  7.000000e+01
   endloop
 endfacet
 facet normal  0.000000e+00  0.000000e+00  1.000000e+00
   outer loop
     vertex -5.015000e+01 -5.015000e+01  7.000000e+01
     vertex -5.220798e+01 -5.125511e+01  7.000000e+01
     vertex -5.216384e+01 -5.134279e+01  7.000000e+01
   endloop
 endfacet
 facet normal  0.000000e+00  0.000000e+00  1.000000e+00
   outer loop
     vertex -5.015000e+01 -5.015000e+01  7.000000e+01
     vertex -5.224776e+01 -5.116537e+01  7.000000e+01
     vertex -5.220798e+01 -5.125511e+01  7.000000e+01
   endloop
 endfacet
 facet normal  0.000000e+00  0.000000e+00  1.000000e+00
   outer loop
     vertex -5.015000e+01 -5.015000e+01  7.000000e+01
     vertex -5.228309e+01 -5.107378e+01  7.000000e+01
     vertex -5.224776e+01 -5.116537e+01  7.000000e+01
   endloop
 endfacet
 facet normal  0.000000e+00  0.000000e+00  1.000000e+00
   outer loop
     vertex -5.015000e+01 -5.015000e+01  7.000000e+01
     vertex -5.231388e+01 -5.098057e+01  7.000000e+01
     vertex -5.228309e+01 -5.107378e+01  7.000000e+01
   endloop
 endfacet
 facet normal  0.000000e+00  0.000000e+00  1.000000e+00
   outer loop
     vertex -5.015000e+01 -5.015000e+01  7.000000e+01
     vertex -5.234006e+01 -5.088596e+01  7.000000e+01
     vertex -5.231388e+01 -5.098057e+01  7.000000e+01
   endloop
 endfacet
 facet normal  0.000000e+00  0.000000e+00  1.000000e+00
   outer loop
     vertex -5.015000e+01 -5.015000e+01  7.000000e+01
     vertex -5.236157e+01 -5.079018e+01  7.000000e+01
     vertex -5.234006e+01 -5.088596e+01  7.000000e+01
   endloop
 endfacet
 facet normal  0.000000e+00  0.000000e+00  1.000000e+00
   outer loop
     vertex -5.015000e+01 -5.015000e+01  7.000000e+01
     vertex -5.237835e+01 -5.069346e+01  7.000000e+01
     vertex -5.236157e+01 -5.079018e+01  7.000000e+01
   endloop
 endfacet
 facet normal  0.000000e+00  0.000000e+00  1.000000e+00
   outer loop
     vertex -5.015000e+01 -5.015000e+01  7.000000e+01
     vertex -5.239037e+01 -5.059603e+01  7.000000e+01
     vertex -5.237835e+01 -5.069346e+01  7.000000e+01
   endloop
 endfacet
 facet normal  0.000000e+00  0.000000e+00  1.000000e+00
   outer loop
     vertex -5.015000e+01 -5.015000e+01  7.000000e+01
     vertex -5.239759e+01 -5.049814e+01  7.000000e+01
     vertex -5.239037e+01 -5.059603e+01  7.000000e+01
   endloop
 endfacet
 facet normal  0.000000e+00  0.000000e+00  1.000000e+00
   outer loop
     vertex -5.015000e+01 -5.015000e+01  7.000000e+01
     vertex -5.240000e+01 -5.040000e+01  7.000000e+01
     vertex -5.239759e+01 -5.049814e+01  7.000000e+01
   endloop
 endfacet
 facet normal  0.000000e+00  0.000000e+00  1.000000e+00
   outer loop
     vertex -5.240000e+01  5.040000e+01  7.000000e+01
     vertex -5.240000e+01 -5.040000e+01  7.000000e+01
     vertex -5.015000e+01 -5.015000e+01  7.000000e+01
   endloop
 endfacet
 facet normal  0.000000e+00  0.000000e+00  1.000000e+00
   outer loop
     vertex  5.040000e+01 -5.240000e+01  7.000000e+01
     vertex -5.015000e+01 -5.015000e+01  7.000000e+01
     vertex -5.040000e+01 -5.240000e+01  7.000000e+01
   endloop
 endfacet
 facet normal  0.000000e+00  0.000000e+00  1.000000e+00
   outer loop
     vertex -5.015000e+01  5.015000e+01  7.000000e+01
     vertex -5.240000e+01  5.040000e+01  7.000000e+01
     vertex -5.015000e+01 -5.015000e+01  7.000000e+01
   endloop
 endfacet
 facet normal  0.000000e+00  0.000000e+00  1.000000e+00
   outer loop
     vertex -5.015000e+01  5.015000e+01  7.000000e+01
     vertex -5.188190e+01  5.174312e+01  7.000000e+01
     vertex -5.194602e+01  5.166879e+01  7.000000e+01
   endloop
 endfacet
 facet normal  0.000000e+00  0.000000e+00  1.000000e+00
   outer loop
     vertex -5.015000e+01  5.015000e+01  7.000000e+01
     vertex -5.194602e+01  5.166879e+01  7.000000e+01
     vertex -5.200642e+01  5.159140e+01  7.000000e+01
   endloop
 endfacet
 facet normal  0.000000e+00  0.000000e+00  1.000000e+00
   outer loop
     vertex -5.015000e+01  5.015000e+01  7.000000e+01
     vertex -5.200642e+01  5.159140e+01  7.000000e+01
     vertex -5.206294e+01  5.151114e+01  7.000000e+01
   endloop
 endfacet
 facet normal  0.000000e+00  0.000000e+00  1.000000e+00
   outer loop
     vertex -5.015000e+01  5.015000e+01  7.000000e+01
     vertex -5.206294e+01  5.151114e+01  7.000000e+01
     vertex -5.211546e+01  5.142821e+01  7.000000e+01
   endloop
 endfacet
 facet normal  0.000000e+00  0.000000e+00  1.000000e+00
   outer loop
     vertex -5.015000e+01  5.015000e+01  7.000000e+01
     vertex -5.211546e+01  5.142821e+01  7.000000e+01
     vertex -5.216384e+01  5.134279e+01  7.000000e+01
   endloop
 endfacet
 facet normal  0.000000e+00  0.000000e+00  1.000000e+00
   outer loop
     vertex -5.015000e+01  5.015000e+01  7.000000e+01
     vertex -5.216384e+01  5.134279e+01  7.000000e+01
     vertex -5.220798e+01  5.125511e+01  7.000000e+01
   endloop
 endfacet
 facet normal  0.000000e+00  0.000000e+00  1.000000e+00
   outer loop
     vertex -5.015000e+01  5.015000e+01  7.000000e+01
     vertex -5.220798e+01  5.125511e+01  7.000000e+01
     vertex -5.224776e+01  5.116537e+01  7.000000e+01
   endloop
 endfacet
 facet normal  0.000000e+00  0.000000e+00  1.000000e+00
   outer loop
     vertex -5.015000e+01  5.015000e+01  7.000000e+01
     vertex -5.224776e+01  5.116537e+01  7.000000e+01
     vertex -5.228309e+01  5.107378e+01  7.000000e+01
   endloop
 endfacet
 facet normal  0.000000e+00  0.000000e+00  1.000000e+00
   outer loop
     vertex -5.015000e+01  5.015000e+01  7.000000e+01
     vertex -5.228309e+01  5.107378e+01  7.000000e+01
     vertex -5.231388e+01  5.098057e+01  7.000000e+01
   endloop
 endfacet
 facet normal  0.000000e+00  0.000000e+00  1.000000e+00
   outer loop
     vertex -5.015000e+01  5.015000e+01  7.000000e+01
     vertex -5.231388e+01  5.098057e+01  7.000000e+01
     vertex -5.234006e+01  5.088596e+01  7.000000e+01
   endloop
 endfacet
 facet normal  0.000000e+00  0.000000e+00  1.000000e+00
   outer loop
     vertex -5.015000e+01  5.015000e+01  7.000000e+01
     vertex -5.234006e+01  5.088596e+01  7.000000e+01
     vertex -5.236157e+01  5.079018e+01  7.000000e+01
   endloop
 endfacet
 facet normal  0.000000e+00  0.000000e+00  1.000000e+00
   outer loop
     vertex -5.015000e+01  5.015000e+01  7.000000e+01
     vertex -5.236157e+01  5.079018e+01  7.000000e+01
     vertex -5.237835e+01  5.069346e+01  7.000000e+01
   endloop
 endfacet
 facet normal  0.000000e+00  0.000000e+00  1.000000e+00
   outer loop
     vertex -5.015000e+01  5.015000e+01  7.000000e+01
     vertex -5.237835e+01  5.069346e+01  7.000000e+01
     vertex -5.239037e+01  5.059603e+01  7.000000e+01
   endloop
 endfacet
 facet normal  0.000000e+00  0.000000e+00  1.000000e+00
   outer loop
     vertex -5.015000e+01  5.015000e+01  7.000000e+01
     vertex -5.239037e+01  5.059603e+01  7.000000e+01
     vertex -5.239759e+01  5.049814e+01  7.000000e+01
   endloop
 endfacet
 facet normal  0.000000e+00  0.000000e+00  1.000000e+00
   outer loop
     vertex -5.015000e+01  5.015000e+01  7.000000e+01
     vertex -5.239759e+01  5.049814e+01  7.000000e+01
     vertex -5.240000e+01  5.040000e+01  7.000000e+01
   endloop
 endfacet
 facet normal  0.000000e+00  0.000000e+00  1.000000e+00
   outer loop
     vertex  5.015000e+01 -5.015000e+01  7.000000e+01
     vertex  5.040000e+01 -5.240000e+01  7.000000e+01
     vertex  5.049814e+01 -5.239759e+01  7.000000e+01
   endloop
 endfacet
 facet normal  0.000000e+00  0.000000e+00  1.000000e+00
   outer loop
     vertex  5.015000e+01 -5.015000e+01  7.000000e+01
     vertex  5.049814e+01 -5.239759e+01  7.000000e+01
     vertex  5.059603e+01 -5.239037e+01  7.000000e+01
   endloop
 endfacet
 facet normal  0.000000e+00  0.000000e+00  1.000000e+00
   outer loop
     vertex  5.015000e+01 -5.015000e+01  7.000000e+01
     vertex  5.059603e+01 -5.239037e+01  7.000000e+01
     vertex  5.069346e+01 -5.237835e+01  7.000000e+01
   endloop
 endfacet
 facet normal  0.000000e+00  0.000000e+00  1.000000e+00
   outer loop
     vertex  5.015000e+01 -5.015000e+01  7.000000e+01
     vertex  5.069346e+01 -5.237835e+01  7.000000e+01
     vertex  5.079018e+01 -5.236157e+01  7.000000e+01
   endloop
 endfacet
 facet normal  0.000000e+00  0.000000e+00  1.000000e+00
   outer loop
     vertex  5.015000e+01 -5.015000e+01  7.000000e+01
     vertex  5.079018e+01 -5.236157e+01  7.000000e+01
     vertex  5.088596e+01 -5.234006e+01  7.000000e+01
   endloop
 endfacet
 facet normal  0.000000e+00  0.000000e+00  1.000000e+00
   outer loop
     vertex  5.015000e+01 -5.015000e+01  7.000000e+01
     vertex  5.088596e+01 -5.234006e+01  7.000000e+01
     vertex  5.098057e+01 -5.231388e+01  7.000000e+01
   endloop
 endfacet
 facet normal  0.000000e+00  0.000000e+00  1.000000e+00
   outer loop
     vertex  5.015000e+01 -5.015000e+01  7.000000e+01
     vertex -5.015000e+01 -5.015000e+01  7.000000e+01
     vertex  5.040000e+01 -5.240000e+01  7.000000e+01
   endloop
 endfacet
 facet normal  0.000000e+00  0.000000e+00  1.000000e+00
   outer loop
     vertex  5.015000e+01 -5.015000e+01  7.000000e+01
     vertex  5.098057e+01 -5.231388e+01  7.000000e+01
     vertex  5.107378e+01 -5.228309e+01  7.000000e+01
   endloop
 endfacet
 facet normal  0.000000e+00  0.000000e+00  1.000000e+00
   outer loop
     vertex  5.015000e+01 -5.015000e+01  7.000000e+01
     vertex  5.107378e+01 -5.228309e+01  7.000000e+01
     vertex  5.116537e+01 -5.224776e+01  7.000000e+01
   endloop
 endfacet
 facet normal  0.000000e+00  0.000000e+00  1.000000e+00
   outer loop
     vertex  5.015000e+01 -5.015000e+01  7.000000e+01
     vertex  5.116537e+01 -5.224776e+01  7.000000e+01
     vertex  5.125511e+01 -5.220798e+01  7.000000e+01
   endloop
 endfacet
 facet normal  0.000000e+00  0.000000e+00  1.000000e+00
   outer loop
     vertex  5.015000e+01 -5.015000e+01  7.000000e+01
     vertex  5.125511e+01 -5.220798e+01  7.000000e+01
     vertex  5.134279e+01 -5.216384e+01  7.000000e+01
   endloop
 endfacet
 facet normal  0.000000e+00  0.000000e+00  1.000000e+00
   outer loop
     vertex  5.015000e+01 -5.015000e+01  7.000000e+01
     vertex  5.134279e+01 -5.216384e+01  7.000000e+01
     vertex  5.142821e+01 -5.211546e+01  7.000000e+01
   endloop
 endfacet
 facet normal  0.000000e+00  0.000000e+00  1.000000e+00
   outer loop
     vertex  5.015000e+01 -5.015000e+01  7.000000e+01
     vertex  5.142821e+01 -5.211546e+01  7.000000e+01
     vertex  5.151114e+01 -5.206294e+01  7.000000e+01
   endloop
 endfacet
 facet normal  0.000000e+00  0.000000e+00  1.000000e+00
   outer loop
     vertex  5.015000e+01 -5.015000e+01  7.000000e+01
     vertex  5.151114e+01 -5.206294e+01  7.000000e+01
     vertex  5.159140e+01 -5.200642e+01  7.000000e+01
   endloop
 endfacet
 facet normal  0.000000e+00  0.000000e+00  1.000000e+00
   outer loop
     vertex  5.015000e+01 -5.015000e+01  7.000000e+01
     vertex  5.159140e+01 -5.200642e+01  7.000000e+01
     vertex  5.166879e+01 -5.194602e+01  7.000000e+01
   endloop
 endfacet
 facet normal  0.000000e+00  0.000000e+00  1.000000e+00
   outer loop
     vertex  5.015000e+01 -5.015000e+01  7.000000e+01
     vertex  5.166879e+01 -5.194602e+01  7.000000e+01
     vertex  5.174312e+01 -5.188190e+01  7.000000e+01
   endloop
 endfacet
 facet normal  0.000000e+00  0.000000e+00  1.000000e+00
   outer loop
     vertex -5.181421e+01  5.181421e+01  7.000000e+01
     vertex -5.188190e+01  5.174312e+01  7.000000e+01
     vertex -5.015000e+01  5.015000e+01  7.000000e+01
   endloop
 endfacet
 facet normal  0.000000e+00  0.000000e+00  1.000000e+00
   outer loop
     vertex  5.181421e+01 -5.181421e+01  7.000000e+01
     vertex  5.015000e+01 -5.015000e+01  7.000000e+01
     vertex  5.174312e+01 -5.188190e+01  7.000000e+01
   endloop
 endfacet
 facet normal  0.000000e+00  0.000000e+00  1.000000e+00
   outer loop
     vertex -5.174312e+01  5.188190e+01  7.000000e+01
     vertex -5.181421e+01  5.181421e+01  7.000000e+01
     vertex -5.015000e+01  5.015000e+01  7.000000e+01
   endloop
 endfacet
 facet normal  0.000000e+00  0.000000e+00  1.000000e+00
   outer loop
     vertex  5.188190e+01 -5.174312e+01  7.000000e+01
     vertex  5.015000e+01 -5.015000e+01  7.000000e+01
     vertex  5.181421e+01 -5.181421e+01  7.000000e+01
   endloop
 endfacet
 facet normal  0.000000e+00  0.000000e+00  1.000000e+00
   outer loop
     vertex  5.194602e+01 -5.166879e+01  7.000000e+01
     vertex  5.015000e+01 -5.015000e+01  7.000000e+01
     vertex  5.188190e+01 -5.174312e+01  7.000000e+01
   endloop
 endfacet
 facet normal  0.000000e+00  0.000000e+00  1.000000e+00
   outer loop
     vertex -5.166879e+01  5.194602e+01  7.000000e+01
     vertex -5.174312e+01  5.188190e+01  7.000000e+01
     vertex -5.015000e+01  5.015000e+01  7.000000e+01
   endloop
 endfacet
 facet normal  0.000000e+00  0.000000e+00  1.000000e+00
   outer loop
     vertex  5.200642e+01 -5.159140e+01  7.000000e+01
     vertex  5.015000e+01 -5.015000e+01  7.000000e+01
     vertex  5.194602e+01 -5.166879e+01  7.000000e+01
   endloop
 endfacet
 facet normal  0.000000e+00  0.000000e+00  1.000000e+00
   outer loop
     vertex -5.159140e+01  5.200642e+01  7.000000e+01
     vertex -5.166879e+01  5.194602e+01  7.000000e+01
     vertex -5.015000e+01  5.015000e+01  7.000000e+01
   endloop
 endfacet
 facet normal  0.000000e+00  0.000000e+00  1.000000e+00
   outer loop
     vertex  5.206294e+01 -5.151114e+01  7.000000e+01
     vertex  5.015000e+01 -5.015000e+01  7.000000e+01
     vertex  5.200642e+01 -5.159140e+01  7.000000e+01
   endloop
 endfacet
 facet normal  0.000000e+00  0.000000e+00  1.000000e+00
   outer loop
     vertex -5.151114e+01  5.206294e+01  7.000000e+01
     vertex -5.159140e+01  5.200642e+01  7.000000e+01
     vertex -5.015000e+01  5.015000e+01  7.000000e+01
   endloop
 endfacet
 facet normal  0.000000e+00  0.000000e+00  1.000000e+00
   outer loop
     vertex  5.211546e+01 -5.142821e+01  7.000000e+01
     vertex  5.015000e+01 -5.015000e+01  7.000000e+01
     vertex  5.206294e+01 -5.151114e+01  7.000000e+01
   endloop
 endfacet
 facet normal  0.000000e+00  0.000000e+00  1.000000e+00
   outer loop
     vertex -5.142821e+01  5.211546e+01  7.000000e+01
     vertex -5.151114e+01  5.206294e+01  7.000000e+01
     vertex -5.015000e+01  5.015000e+01  7.000000e+01
   endloop
 endfacet
 facet normal  0.000000e+00  0.000000e+00  1.000000e+00
   outer loop
     vertex  5.216384e+01 -5.134279e+01  7.000000e+01
     vertex  5.015000e+01 -5.015000e+01  7.000000e+01
     vertex  5.211546e+01 -5.142821e+01  7.000000e+01
   endloop
 endfacet
 facet normal  0.000000e+00  0.000000e+00  1.000000e+00
   outer loop
     vertex -5.134279e+01  5.216384e+01  7.000000e+01
     vertex -5.142821e+01  5.211546e+01  7.000000e+01
     vertex -5.015000e+01  5.015000e+01  7.000000e+01
   endloop
 endfacet
 facet normal  0.000000e+00  0.000000e+00  1.000000e+00
   outer loop
     vertex  5.220798e+01 -5.125511e+01  7.000000e+01
     vertex  5.015000e+01 -5.015000e+01  7.000000e+01
     vertex  5.216384e+01 -5.134279e+01  7.000000e+01
   endloop
 endfacet
 facet normal  0.000000e+00  0.000000e+00  1.000000e+00
   outer loop
     vertex -5.125511e+01  5.220798e+01  7.000000e+01
     vertex -5.134279e+01  5.216384e+01  7.000000e+01
     vertex -5.015000e+01  5.015000e+01  7.000000e+01
   endloop
 endfacet
 facet normal  0.000000e+00  0.000000e+00  1.000000e+00
   outer loop
     vertex  5.224776e+01 -5.116537e+01  7.000000e+01
     vertex  5.015000e+01 -5.015000e+01  7.000000e+01
     vertex  5.220798e+01 -5.125511e+01  7.000000e+01
   endloop
 endfacet
 facet normal  0.000000e+00  0.000000e+00  1.000000e+00
   outer loop
     vertex -5.116537e+01  5.224776e+01  7.000000e+01
     vertex -5.125511e+01  5.220798e+01  7.000000e+01
     vertex -5.015000e+01  5.015000e+01  7.000000e+01
   endloop
 endfacet
 facet normal  0.000000e+00  0.000000e+00  1.000000e+00
   outer loop
     vertex  5.228309e+01 -5.107378e+01  7.000000e+01
     vertex  5.015000e+01 -5.015000e+01  7.000000e+01
     vertex  5.224776e+01 -5.116537e+01  7.000000e+01
   endloop
 endfacet
 facet normal  0.000000e+00  0.000000e+00  1.000000e+00
   outer loop
     vertex -5.107378e+01  5.228309e+01  7.000000e+01
     vertex -5.116537e+01  5.224776e+01  7.000000e+01
     vertex -5.015000e+01  5.015000e+01  7.000000e+01
   endloop
 endfacet
 facet normal  0.000000e+00  0.000000e+00  1.000000e+00
   outer loop
     vertex  5.231388e+01 -5.098057e+01  7.000000e+01
     vertex  5.015000e+01 -5.015000e+01  7.000000e+01
     vertex  5.228309e+01 -5.107378e+01  7.000000e+01
   endloop
 endfacet
 facet normal  0.000000e+00  0.000000e+00  1.000000e+00
   outer loop
     vertex -5.098057e+01  5.231388e+01  7.000000e+01
     vertex -5.107378e+01  5.228309e+01  7.000000e+01
     vertex -5.015000e+01  5.015000e+01  7.000000e+01
   endloop
 endfacet
 facet normal  0.000000e+00  0.000000e+00  1.000000e+00
   outer loop
     vertex  5.234006e+01 -5.088596e+01  7.000000e+01
     vertex  5.015000e+01 -5.015000e+01  7.000000e+01
     vertex  5.231388e+01 -5.098057e+01  7.000000e+01
   endloop
 endfacet
 facet normal  0.000000e+00  0.000000e+00  1.000000e+00
   outer loop
     vertex -5.088596e+01  5.234006e+01  7.000000e+01
     vertex -5.098057e+01  5.231388e+01  7.000000e+01
     vertex -5.015000e+01  5.015000e+01  7.000000e+01
   endloop
 endfacet
 facet normal  0.000000e+00  0.000000e+00  1.000000e+00
   outer loop
     vertex  5.236157e+01 -5.079018e+01  7.000000e+01
     vertex  5.015000e+01 -5.015000e+01  7.000000e+01
     vertex  5.234006e+01 -5.088596e+01  7.000000e+01
   endloop
 endfacet
 facet normal  0.000000e+00  0.000000e+00  1.000000e+00
   outer loop
     vertex -5.079018e+01  5.236157e+01  7.000000e+01
     vertex -5.088596e+01  5.234006e+01  7.000000e+01
     vertex -5.015000e+01  5.015000e+01  7.000000e+01
   endloop
 endfacet
 facet normal  0.000000e+00  0.000000e+00  1.000000e+00
   outer loop
     vertex  5.237835e+01 -5.069346e+01  7.000000e+01
     vertex  5.015000e+01 -5.015000e+01  7.000000e+01
     vertex  5.236157e+01 -5.079018e+01  7.000000e+01
   endloop
 endfacet
 facet normal  0.000000e+00  0.000000e+00  1.000000e+00
   outer loop
     vertex -5.069346e+01  5.237835e+01  7.000000e+01
     vertex -5.079018e+01  5.236157e+01  7.000000e+01
     vertex -5.015000e+01  5.015000e+01  7.000000e+01
   endloop
 endfacet
 facet normal  0.000000e+00  0.000000e+00  1.000000e+00
   outer loop
     vertex -5.059603e+01  5.239037e+01  7.000000e+01
     vertex -5.069346e+01  5.237835e+01  7.000000e+01
     vertex -5.015000e+01  5.015000e+01  7.000000e+01
   endloop
 endfacet
 facet normal  0.000000e+00  0.000000e+00  1.000000e+00
   outer loop
     vertex  5.239037e+01 -5.059603e+01  7.000000e+01
     vertex  5.015000e+01 -5.015000e+01  7.000000e+01
     vertex  5.237835e+01 -5.069346e+01  7.000000e+01
   endloop
 endfacet
 facet normal  0.000000e+00  0.000000e+00  1.000000e+00
   outer loop
     vertex -5.049814e+01  5.239759e+01  7.000000e+01
     vertex -5.059603e+01  5.239037e+01  7.000000e+01
     vertex -5.015000e+01  5.015000e+01  7.000000e+01
   endloop
 endfacet
 facet normal  0.000000e+00  0.000000e+00  1.000000e+00
   outer loop
     vertex  5.239759e+01 -5.049814e+01  7.000000e+01
     vertex  5.015000e+01 -5.015000e+01  7.000000e+01
     vertex  5.239037e+01 -5.059603e+01  7.000000e+01
   endloop
 endfacet
 facet normal  0.000000e+00  0.000000e+00  1.000000e+00
   outer loop
     vertex  5.240000e+01 -5.040000e+01  7.000000e+01
     vertex  5.015000e+01 -5.015000e+01  7.000000e+01
     vertex  5.239759e+01 -5.049814e+01  7.000000e+01
   endloop
 endfacet
 facet normal  0.000000e+00  0.000000e+00  1.000000e+00
   outer loop
     vertex -5.040000e+01  5.240000e+01  7.000000e+01
     vertex -5.049814e+01  5.239759e+01  7.000000e+01
     vertex -5.015000e+01  5.015000e+01  7.000000e+01
   endloop
 endfacet
 facet normal  0.000000e+00  0.000000e+00  1.000000e+00
   outer loop
     vertex  5.015000e+01  5.015000e+01  7.000000e+01
     vertex  5.015000e+01 -5.015000e+01  7.000000e+01
     vertex  5.240000e+01 -5.040000e+01  7.000000e+01
   endloop
 endfacet
 facet normal  0.000000e+00  0.000000e+00  1.000000e+00
   outer loop
     vertex  5.240000e+01  5.040000e+01  7.000000e+01
     vertex  5.015000e+01  5.015000e+01  7.000000e+01
     vertex  5.240000e+01 -5.040000e+01  7.000000e+01
   endloop
 endfacet
 facet normal  0.000000e+00  0.000000e+00  1.000000e+00
   outer loop
     vertex  5.040000e+01  5.240000e+01  7.000000e+01
     vertex -5.015000e+01  5.015000e+01  7.000000e+01
     vertex  5.015000e+01  5.015000e+01  7.000000e+01
   endloop
 endfacet
 facet normal  0.000000e+00  0.000000e+00  1.000000e+00
   outer loop
     vertex  5.040000e+01  5.240000e+01  7.000000e+01
     vertex -5.040000e+01  5.240000e+01  7.000000e+01
     vertex -5.015000e+01  5.015000e+01  7.000000e+01
   endloop
 endfacet
 facet normal  0.000000e+00  0.000000e+00  1.000000e+00
   outer loop
     vertex  5.239759e+01  5.049814e+01  7.000000e+01
     vertex  5.015000e+01  5.015000e+01  7.000000e+01
     vertex  5.240000e+01  5.040000e+01  7.000000e+01
   endloop
 endfacet
 facet normal  0.000000e+00  0.000000e+00  1.000000e+00
   outer loop
     vertex  5.049814e+01  5.239759e+01  7.000000e+01
     vertex  5.040000e+01  5.240000e+01  7.000000e+01
     vertex  5.015000e+01  5.015000e+01  7.000000e+01
   endloop
 endfacet
 facet normal  0.000000e+00  0.000000e+00  1.000000e+00
   outer loop
     vertex  5.239037e+01  5.059603e+01  7.000000e+01
     vertex  5.015000e+01  5.015000e+01  7.000000e+01
     vertex  5.239759e+01  5.049814e+01  7.000000e+01
   endloop
 endfacet
 facet normal  0.000000e+00  0.000000e+00  1.000000e+00
   outer loop
     vertex  5.059603e+01  5.239037e+01  7.000000e+01
     vertex  5.049814e+01  5.239759e+01  7.000000e+01
     vertex  5.015000e+01  5.015000e+01  7.000000e+01
   endloop
 endfacet
 facet normal  0.000000e+00  0.000000e+00  1.000000e+00
   outer loop
     vertex  5.237835e+01  5.069346e+01  7.000000e+01
     vertex  5.015000e+01  5.015000e+01  7.000000e+01
     vertex  5.239037e+01  5.059603e+01  7.000000e+01
   endloop
 endfacet
 facet normal  0.000000e+00  0.000000e+00  1.000000e+00
   outer loop
     vertex  5.069346e+01  5.237835e+01  7.000000e+01
     vertex  5.059603e+01  5.239037e+01  7.000000e+01
     vertex  5.015000e+01  5.015000e+01  7.000000e+01
   endloop
 endfacet
 facet normal  0.000000e+00  0.000000e+00  1.000000e+00
   outer loop
     vertex  5.079018e+01  5.236157e+01  7.000000e+01
     vertex  5.069346e+01  5.237835e+01  7.000000e+01
     vertex  5.015000e+01  5.015000e+01  7.000000e+01
   endloop
 endfacet
 facet normal  0.000000e+00  0.000000e+00  1.000000e+00
   outer loop
     vertex  5.236157e+01  5.079018e+01  7.000000e+01
     vertex  5.015000e+01  5.015000e+01  7.000000e+01
     vertex  5.237835e+01  5.069346e+01  7.000000e+01
   endloop
 endfacet
 facet normal  0.000000e+00  0.000000e+00  1.000000e+00
   outer loop
     vertex  5.088596e+01  5.234006e+01  7.000000e+01
     vertex  5.079018e+01  5.236157e+01  7.000000e+01
     vertex  5.015000e+01  5.015000e+01  7.000000e+01
   endloop
 endfacet
 facet normal  0.000000e+00  0.000000e+00  1.000000e+00
   outer loop
     vertex  5.234006e+01  5.088596e+01  7.000000e+01
     vertex  5.015000e+01  5.015000e+01  7.000000e+01
     vertex  5.236157e+01  5.079018e+01  7.000000e+01
   endloop
 endfacet
 facet normal  0.000000e+00  0.000000e+00  1.000000e+00
   outer loop
     vertex  5.098057e+01  5.231388e+01  7.000000e+01
     vertex  5.088596e+01  5.234006e+01  7.000000e+01
     vertex  5.015000e+01  5.015000e+01  7.000000e+01
   endloop
 endfacet
 facet normal  0.000000e+00  0.000000e+00  1.000000e+00
   outer loop
     vertex  5.231388e+01  5.098057e+01  7.000000e+01
     vertex  5.015000e+01  5.015000e+01  7.000000e+01
     vertex  5.234006e+01  5.088596e+01  7.000000e+01
   endloop
 endfacet
 facet normal  0.000000e+00  0.000000e+00  1.000000e+00
   outer loop
     vertex  5.107378e+01  5.228309e+01  7.000000e+01
     vertex  5.098057e+01  5.231388e+01  7.000000e+01
     vertex  5.015000e+01  5.015000e+01  7.000000e+01
   endloop
 endfacet
 facet normal  0.000000e+00  0.000000e+00  1.000000e+00
   outer loop
     vertex  5.228309e+01  5.107378e+01  7.000000e+01
     vertex  5.015000e+01  5.015000e+01  7.000000e+01
     vertex  5.231388e+01  5.098057e+01  7.000000e+01
   endloop
 endfacet
 facet normal  0.000000e+00  0.000000e+00  1.000000e+00
   outer loop
     vertex  5.116537e+01  5.224776e+01  7.000000e+01
     vertex  5.107378e+01  5.228309e+01  7.000000e+01
     vertex  5.015000e+01  5.015000e+01  7.000000e+01
   endloop
 endfacet
 facet normal  0.000000e+00  0.000000e+00  1.000000e+00
   outer loop
     vertex  5.224776e+01  5.116537e+01  7.000000e+01
     vertex  5.015000e+01  5.015000e+01  7.000000e+01
     vertex  5.228309e+01  5.107378e+01  7.000000e+01
   endloop
 endfacet
 facet normal  0.000000e+00  0.000000e+00  1.000000e+00
   outer loop
     vertex  5.125511e+01  5.220798e+01  7.000000e+01
     vertex  5.116537e+01  5.224776e+01  7.000000e+01
     vertex  5.015000e+01  5.015000e+01  7.000000e+01
   endloop
 endfacet
 facet normal  0.000000e+00  0.000000e+00  1.000000e+00
   outer loop
     vertex  5.220798e+01  5.125511e+01  7.000000e+01
     vertex  5.015000e+01  5.015000e+01  7.000000e+01
     vertex  5.224776e+01  5.116537e+01  7.000000e+01
   endloop
 endfacet
 facet normal  0.000000e+00  0.000000e+00  1.000000e+00
   outer loop
     vertex  5.134279e+01  5.216384e+01  7.000000e+01
     vertex  5.125511e+01  5.220798e+01  7.000000e+01
     vertex  5.015000e+01  5.015000e+01  7.000000e+01
   endloop
 endfacet
 facet normal  0.000000e+00  0.000000e+00  1.000000e+00
   outer loop
     vertex  5.216384e+01  5.134279e+01  7.000000e+01
     vertex  5.015000e+01  5.015000e+01  7.000000e+01
     vertex  5.220798e+01  5.125511e+01  7.000000e+01
   endloop
 endfacet
 facet normal  0.000000e+00  0.000000e+00  1.000000e+00
   outer loop
     vertex  5.211546e+01  5.142821e+01  7.000000e+01
     vertex  5.015000e+01  5.015000e+01  7.000000e+01
     vertex  5.216384e+01  5.134279e+01  7.000000e+01
   endloop
 endfacet
 facet normal  0.000000e+00  0.000000e+00  1.000000e+00
   outer loop
     vertex  5.142821e+01  5.211546e+01  7.000000e+01
     vertex  5.134279e+01  5.216384e+01  7.000000e+01
     vertex  5.015000e+01  5.015000e+01  7.000000e+01
   endloop
 endfacet
 facet normal  0.000000e+00  0.000000e+00  1.000000e+00
   outer loop
     vertex  5.151114e+01  5.206294e+01  7.000000e+01
     vertex  5.142821e+01  5.211546e+01  7.000000e+01
     vertex  5.015000e+01  5.015000e+01  7.000000e+01
   endloop
 endfacet
 facet normal  0.000000e+00  0.000000e+00  1.000000e+00
   outer loop
     vertex  5.206294e+01  5.151114e+01  7.000000e+01
     vertex  5.015000e+01  5.015000e+01  7.000000e+01
     vertex  5.211546e+01  5.142821e+01  7.000000e+01
   endloop
 endfacet
 facet normal  0.000000e+00  0.000000e+00  1.000000e+00
   outer loop
     vertex  5.159140e+01  5.200642e+01  7.000000e+01
     vertex  5.151114e+01  5.206294e+01  7.000000e+01
     vertex  5.015000e+01  5.015000e+01  7.000000e+01
   endloop
 endfacet
 facet normal  0.000000e+00  0.000000e+00  1.000000e+00
   outer loop
     vertex  5.200642e+01  5.159140e+01  7.000000e+01
     vertex  5.015000e+01  5.015000e+01  7.000000e+01
     vertex  5.206294e+01  5.151114e+01  7.000000e+01
   endloop
 endfacet
 facet normal  0.000000e+00  0.000000e+00  1.000000e+00
   outer loop
     vertex  5.166879e+01  5.194602e+01  7.000000e+01
     vertex  5.159140e+01  5.200642e+01  7.000000e+01
     vertex  5.015000e+01  5.015000e+01  7.000000e+01
   endloop
 endfacet
 facet normal  0.000000e+00  0.000000e+00  1.000000e+00
   outer loop
     vertex  5.194602e+01  5.166879e+01  7.000000e+01
     vertex  5.015000e+01  5.015000e+01  7.000000e+01
     vertex  5.200642e+01  5.159140e+01  7.000000e+01
   endloop
 endfacet
 facet normal  0.000000e+00  0.000000e+00  1.000000e+00
   outer loop
     vertex  5.174312e+01  5.188190e+01  7.000000e+01
     vertex  5.166879e+01  5.194602e+01  7.000000e+01
     vertex  5.015000e+01  5.015000e+01  7.000000e+01
   endloop
 endfacet
 facet normal  0.000000e+00  0.000000e+00  1.000000e+00
   outer loop
     vertex  5.188190e+01  5.174312e+01  7.000000e+01
     vertex  5.015000e+01  5.015000e+01  7.000000e+01
     vertex  5.194602e+01  5.166879e+01  7.000000e+01
   endloop
 endfacet
 facet normal  0.000000e+00  0.000000e+00  1.000000e+00
   outer loop
     vertex  5.181421e+01  5.181421e+01  7.000000e+01
     vertex  5.015000e+01  5.015000e+01  7.000000e+01
     vertex  5.188190e+01  5.174312e+01  7.000000e+01
   endloop
 endfacet
 facet normal  0.000000e+00  0.000000e+00  1.000000e+00
   outer loop
     vertex  5.181421e+01  5.181421e+01  7.000000e+01
     vertex  5.174312e+01  5.188190e+01  7.000000e+01
     vertex  5.015000e+01  5.015000e+01  7.000000e+01
   endloop
 endfacet
 facet normal -1.000000e+00  0.000000e+00  0.000000e+00
   outer loop
     vertex -5.240000e+01 -5.040000e+01  7.000000e+01
     vertex -5.240000e+01  5.040000e+01  7.000000e+01
     vertex -5.240000e+01  5.040000e+01  5.200000e+01
   endloop
 endfacet
 facet normal -1.000000e+00  0.000000e+00  0.000000e+00
   outer loop
     vertex -5.240000e+01 -5.040000e+01  5.200000e+01
     vertex -5.240000e+01 -5.040000e+01  7.000000e+01
     vertex -5.240000e+01  5.040000e+01  5.200000e+01
   endloop
 endfacet
 facet normal  1.000000e+00  0.000000e+00  0.000000e+00
   outer loop
     vertex  5.240000e+01  5.040000e+01  7.000000e+01
     vertex  5.240000e+01 -5.040000e+01  7.000000e+01
     vertex  5.240000e+01 -5.040000e+01  5.200000e+01
   endloop
 endfacet
 facet normal  1.000000e+00  0.000000e+00 -0.000000e+00
   outer loop
     vertex  5.240000e+01  5.040000e+01  5.200000e+01
     vertex  5.240000e+01  5.040000e+01  7.000000e+01
     vertex  5.240000e+01 -5.040000e+01  5.200000e+01
   endloop
 endfacet
 facet normal -2.454123e-02  9.996988e-01  0.000000e+00
   outer loop
     vertex -5.049814e+01  5.239759e+01  7.000000e+01
     vertex -5.040000e+01  5.240000e+01  5.200000e+01
     vertex -5.049814e+01  5.239759e+01  5.200000e+01
   endloop
 endfacet
 facet normal -7.356456e-02  9.972905e-01  0.000000e+00
   outer loop
     vertex -5.049814e+01  5.239759e+01  7.000000e+01
     vertex -5.049814e+01  5.239759e+01  5.200000e+01
     vertex -5.059603e+01  5.239037e+01  5.200000e+01
   endloop
 endfacet
 facet normal -2.454123e-02  9.996988e-01 -1.307148e-21
   outer loop
     vertex -5.049814e+01  5.239759e+01  7.000000e+01
     vertex -5.040000e+01  5.240000e+01  7.000000e+01
     vertex -5.040000e+01  5.240000e+01  5.200000e+01
   endloop
 endfacet
 facet normal -1.224107e-01  9.924795e-01  0.000000e+00
   outer loop
     vertex -5.059603e+01  5.239037e+01  7.000000e+01
     vertex -5.059603e+01  5.239037e+01  5.200000e+01
     vertex -5.069346e+01  5.237835e+01  5.200000e+01
   endloop
 endfacet
 facet normal -7.356456e-02  9.972905e-01  0.000000e+00
   outer loop
     vertex -5.059603e+01  5.239037e+01  7.000000e+01
     vertex -5.049814e+01  5.239759e+01  7.000000e+01
     vertex -5.059603e+01  5.239037e+01  5.200000e+01
   endloop
 endfacet
 facet normal -1.224107e-01  9.924795e-01  0.000000e+00
   outer loop
     vertex -5.069346e+01  5.237835e+01  7.000000e+01
     vertex -5.059603e+01  5.239037e+01  7.000000e+01
     vertex -5.069346e+01  5.237835e+01  5.200000e+01
   endloop
 endfacet
 facet normal -1.709619e-01  9.852776e-01  0.000000e+00
   outer loop
     vertex -5.079018e+01  5.236157e+01  7.000000e+01
     vertex -5.069346e+01  5.237835e+01  5.200000e+01
     vertex -5.079018e+01  5.236157e+01  5.200000e+01
   endloop
 endfacet
 facet normal -1.709619e-01  9.852776e-01  1.190780e-20
   outer loop
     vertex -5.079018e+01  5.236157e+01  7.000000e+01
     vertex -5.069346e+01  5.237835e+01  7.000000e+01
     vertex -5.069346e+01  5.237835e+01  5.200000e+01
   endloop
 endfacet
 facet normal -2.191012e-01  9.757021e-01  0.000000e+00
   outer loop
     vertex -5.088596e+01  5.234006e+01  7.000000e+01
     vertex -5.079018e+01  5.236157e+01  5.200000e+01
     vertex -5.088596e+01  5.234006e+01  5.200000e+01
   endloop
 endfacet
 facet normal -2.191012e-01  9.757021e-01  7.908796e-20
   outer loop
     vertex -5.088596e+01  5.234006e+01  7.000000e+01
     vertex -5.079018e+01  5.236157e+01  7.000000e+01
     vertex -5.079018e+01  5.236157e+01  5.200000e+01
   endloop
 endfacet
 facet normal -2.667128e-01  9.637761e-01  0.000000e+00
   outer loop
     vertex -5.098057e+01  5.231388e+01  7.000000e+01
     vertex -5.088596e+01  5.234006e+01  5.200000e+01
     vertex -5.098057e+01  5.231388e+01  5.200000e+01
   endloop
 endfacet
 facet normal -3.136817e-01  9.495282e-01  0.000000e+00
   outer loop
     vertex -5.098057e+01  5.231388e+01  7.000000e+01
     vertex -5.098057e+01  5.231388e+01  5.200000e+01
     vertex -5.107378e+01  5.228309e+01  5.200000e+01
   endloop
 endfacet
 facet normal -2.667128e-01  9.637761e-01 -8.912344e-20
   outer loop
     vertex -5.098057e+01  5.231388e+01  7.000000e+01
     vertex -5.088596e+01  5.234006e+01  7.000000e+01
     vertex -5.088596e+01  5.234006e+01  5.200000e+01
   endloop
 endfacet
 facet normal -3.136817e-01  9.495282e-01  0.000000e+00
   outer loop
     vertex -5.107378e+01  5.228309e+01  7.000000e+01
     vertex -5.098057e+01  5.231388e+01  7.000000e+01
     vertex -5.107378e+01  5.228309e+01  5.200000e+01
   endloop
 endfacet
 facet normal -3.598950e-01  9.329928e-01 -3.905012e-20
   outer loop
     vertex -5.116537e+01  5.224776e+01  7.000000e+01
     vertex -5.107378e+01  5.228309e+01  7.000000e+01
     vertex -5.107378e+01  5.228309e+01  5.200000e+01
   endloop
 endfacet
 facet normal -3.598950e-01  9.329928e-01  0.000000e+00
   outer loop
     vertex -5.116537e+01  5.224776e+01  7.000000e+01
     vertex -5.107378e+01  5.228309e+01  5.200000e+01
     vertex -5.116537e+01  5.224776e+01  5.200000e+01
   endloop
 endfacet
 facet normal -4.052413e-01  9.142098e-01  0.000000e+00
   outer loop
     vertex -5.116537e+01  5.224776e+01  7.000000e+01
     vertex -5.116537e+01  5.224776e+01  5.200000e+01
     vertex -5.125511e+01  5.220798e+01  5.200000e+01
   endloop
 endfacet
 facet normal -4.052413e-01  9.142098e-01  0.000000e+00
   outer loop
     vertex -5.125511e+01  5.220798e+01  7.000000e+01
     vertex -5.116537e+01  5.224776e+01  7.000000e+01
     vertex -5.125511e+01  5.220798e+01  5.200000e+01
   endloop
 endfacet
 facet normal -4.496113e-01  8.932243e-01  0.000000e+00
   outer loop
     vertex -5.134279e+01  5.216384e+01  7.000000e+01
     vertex -5.125511e+01  5.220798e+01  5.200000e+01
     vertex -5.134279e+01  5.216384e+01  5.200000e+01
   endloop
 endfacet
 facet normal -4.496113e-01  8.932243e-01 -1.025269e-19
   outer loop
     vertex -5.134279e+01  5.216384e+01  7.000000e+01
     vertex -5.125511e+01  5.220798e+01  7.000000e+01
     vertex -5.125511e+01  5.220798e+01  5.200000e+01
   endloop
 endfacet
 facet normal -4.928982e-01  8.700870e-01  0.000000e+00
   outer loop
     vertex -5.142821e+01  5.211546e+01  7.000000e+01
     vertex -5.134279e+01  5.216384e+01  5.200000e+01
     vertex -5.142821e+01  5.211546e+01  5.200000e+01
   endloop
 endfacet
 facet normal -4.928982e-01  8.700870e-01 -1.015967e-19
   outer loop
     vertex -5.142821e+01  5.211546e+01  7.000000e+01
     vertex -5.134279e+01  5.216384e+01  7.000000e+01
     vertex -5.134279e+01  5.216384e+01  5.200000e+01
   endloop
 endfacet
 facet normal -5.349976e-01  8.448536e-01  0.000000e+00
   outer loop
     vertex -5.151114e+01  5.206294e+01  7.000000e+01
     vertex -5.142821e+01  5.211546e+01  5.200000e+01
     vertex -5.151114e+01  5.206294e+01  5.200000e+01
   endloop
 endfacet
 facet normal -5.349976e-01  8.448536e-01 -1.689747e-19
   outer loop
     vertex -5.151114e+01  5.206294e+01  7.000000e+01
     vertex -5.142821e+01  5.211546e+01  7.000000e+01
     vertex -5.142821e+01  5.211546e+01  5.200000e+01
   endloop
 endfacet
 facet normal -5.758082e-01  8.175848e-01  0.000000e+00
   outer loop
     vertex -5.159140e+01  5.200642e+01  7.000000e+01
     vertex -5.151114e+01  5.206294e+01  5.200000e+01
     vertex -5.159140e+01  5.200642e+01  5.200000e+01
   endloop
 endfacet
 facet normal -5.758082e-01  8.175848e-01  2.254882e-19
   outer loop
     vertex -5.159140e+01  5.200642e+01  7.000000e+01
     vertex -5.151114e+01  5.206294e+01  7.000000e+01
     vertex -5.151114e+01  5.206294e+01  5.200000e+01
   endloop
 endfacet
 facet normal -6.152316e-01  7.883464e-01  0.000000e+00
   outer loop
     vertex -5.166879e+01  5.194602e+01  7.000000e+01
     vertex -5.159140e+01  5.200642e+01  5.200000e+01
     vertex -5.166879e+01  5.194602e+01  5.200000e+01
   endloop
 endfacet
 facet normal -6.531728e-01  7.572088e-01  0.000000e+00
   outer loop
     vertex -5.166879e+01  5.194602e+01  7.000000e+01
     vertex -5.166879e+01  5.194602e+01  5.200000e+01
     vertex -5.174312e+01  5.188190e+01  5.200000e+01
   endloop
 endfacet
 facet normal -6.152316e-01  7.883464e-01 -1.362102e-19
   outer loop
     vertex -5.166879e+01  5.194602e+01  7.000000e+01
     vertex -5.159140e+01  5.200642e+01  7.000000e+01
     vertex -5.159140e+01  5.200642e+01  5.200000e+01
   endloop
 endfacet
 facet normal -6.895405e-01  7.242471e-01  0.000000e+00
   outer loop
     vertex -5.174312e+01  5.188190e+01  7.000000e+01
     vertex -5.174312e+01  5.188190e+01  5.200000e+01
     vertex -5.181421e+01  5.181421e+01  5.200000e+01
   endloop
 endfacet
 facet normal -6.531728e-01  7.572088e-01  0.000000e+00
   outer loop
     vertex -5.174312e+01  5.188190e+01  7.000000e+01
     vertex -5.166879e+01  5.194602e+01  7.000000e+01
     vertex -5.174312e+01  5.188190e+01  5.200000e+01
   endloop
 endfacet
 facet normal -7.242471e-01  6.895405e-01  0.000000e+00
   outer loop
     vertex -5.181421e+01  5.181421e+01  7.000000e+01
     vertex -5.181421e+01  5.181421e+01  5.200000e+01
     vertex -5.188190e+01  5.174312e+01  5.200000e+01
   endloop
 endfacet
 facet normal -6.895405e-01  7.242471e-01  0.000000e+00
   outer loop
     vertex -5.181421e+01  5.181421e+01  7.000000e+01
     vertex -5.174312e+01  5.188190e+01  7.000000e+01
     vertex -5.181421e+01  5.181421e+01  5.200000e+01
   endloop
 endfacet
 facet normal -7.242471e-01  6.895405e-01  0.000000e+00
   outer loop
     vertex -5.188190e+01  5.174312e+01  7.000000e+01
     vertex -5.181421e+01  5.181421e+01  7.000000e+01
     vertex -5.188190e+01  5.174312e+01  5.200000e+01
   endloop
 endfacet
 facet normal -7.572088e-01  6.531728e-01  0.000000e+00
   outer loop
     vertex -5.194602e+01  5.166879e+01  7.000000e+01
     vertex -5.188190e+01  5.174312e+01  5.200000e+01
     vertex -5.194602e+01  5.166879e+01  5.200000e+01
   endloop
 endfacet
 facet normal -7.572088e-01  6.531728e-01  1.797841e-19
   outer loop
     vertex -5.194602e+01  5.166879e+01  7.000000e+01
     vertex -5.188190e+01  5.174312e+01  7.000000e+01
     vertex -5.188190e+01  5.174312e+01  5.200000e+01
   endloop
 endfacet
 facet normal -7.883464e-01  6.152316e-01  0.000000e+00
   outer loop
     vertex -5.200642e+01  5.159140e+01  7.000000e+01
     vertex -5.194602e+01  5.166879e+01  5.200000e+01
     vertex -5.200642e+01  5.159140e+01  5.200000e+01
   endloop
 endfacet
 facet normal -7.883464e-01  6.152316e-01 -1.362102e-19
   outer loop
     vertex -5.200642e+01  5.159140e+01  7.000000e+01
     vertex -5.194602e+01  5.166879e+01  7.000000e+01
     vertex -5.194602e+01  5.166879e+01  5.200000e+01
   endloop
 endfacet
 facet normal -8.175848e-01  5.758082e-01  0.000000e+00
   outer loop
     vertex -5.206294e+01  5.151114e+01  7.000000e+01
     vertex -5.200642e+01  5.159140e+01  5.200000e+01
     vertex -5.206294e+01  5.151114e+01  5.200000e+01
   endloop
 endfacet
 facet normal -8.175848e-01  5.758082e-01 -3.236530e-20
   outer loop
     vertex -5.206294e+01  5.151114e+01  7.000000e+01
     vertex -5.200642e+01  5.159140e+01  7.000000e+01
     vertex -5.200642e+01  5.159140e+01  5.200000e+01
   endloop
 endfacet
 facet normal -8.448536e-01  5.349976e-01  0.000000e+00
   outer loop
     vertex -5.211546e+01  5.142821e+01  7.000000e+01
     vertex -5.206294e+01  5.151114e+01  5.200000e+01
     vertex -5.211546e+01  5.142821e+01  5.200000e+01
   endloop
 endfacet
 facet normal -8.700870e-01  4.928982e-01  0.000000e+00
   outer loop
     vertex -5.211546e+01  5.142821e+01  7.000000e+01
     vertex -5.211546e+01  5.142821e+01  5.200000e+01
     vertex -5.216384e+01  5.134279e+01  5.200000e+01
   endloop
 endfacet
 facet normal -8.448536e-01  5.349976e-01  1.239127e-19
   outer loop
     vertex -5.211546e+01  5.142821e+01  7.000000e+01
     vertex -5.206294e+01  5.151114e+01  7.000000e+01
     vertex -5.206294e+01  5.151114e+01  5.200000e+01
   endloop
 endfacet
 facet normal -8.700870e-01  4.928982e-01  0.000000e+00
   outer loop
     vertex -5.216384e+01  5.134279e+01  7.000000e+01
     vertex -5.211546e+01  5.142821e+01  7.000000e+01
     vertex -5.216384e+01  5.134279e+01  5.200000e+01
   endloop
 endfacet
 facet normal -8.932243e-01  4.496113e-01  0.000000e+00
   outer loop
     vertex -5.220798e+01  5.125511e+01  7.000000e+01
     vertex -5.216384e+01  5.134279e+01  5.200000e+01
     vertex -5.220798e+01  5.125511e+01  5.200000e+01
   endloop
 endfacet
 facet normal -9.142098e-01  4.052413e-01  0.000000e+00
   outer loop
     vertex -5.220798e+01  5.125511e+01  7.000000e+01
     vertex -5.220798e+01  5.125511e+01  5.200000e+01
     vertex -5.224776e+01  5.116537e+01  5.200000e+01
   endloop
 endfacet
 facet normal -8.932243e-01  4.496113e-01 -7.180622e-20
   outer loop
     vertex -5.220798e+01  5.125511e+01  7.000000e+01
     vertex -5.216384e+01  5.134279e+01  7.000000e+01
     vertex -5.216384e+01  5.134279e+01  5.200000e+01
   endloop
 endfacet
 facet normal -9.329928e-01  3.598950e-01  0.000000e+00
   outer loop
     vertex -5.224776e+01  5.116537e+01  7.000000e+01
     vertex -5.224776e+01  5.116537e+01  5.200000e+01
     vertex -5.228309e+01  5.107378e+01  5.200000e+01
   endloop
 endfacet
 facet normal -9.142098e-01  4.052413e-01  0.000000e+00
   outer loop
     vertex -5.224776e+01  5.116537e+01  7.000000e+01
     vertex -5.220798e+01  5.125511e+01  7.000000e+01
     vertex -5.224776e+01  5.116537e+01  5.200000e+01
   endloop
 endfacet
 facet normal -9.329928e-01  3.598950e-01  0.000000e+00
   outer loop
     vertex -5.228309e+01  5.107378e+01  7.000000e+01
     vertex -5.224776e+01  5.116537e+01  7.000000e+01
     vertex -5.228309e+01  5.107378e+01  5.200000e+01
   endloop
 endfacet
 facet normal -9.495282e-01  3.136817e-01  0.000000e+00
   outer loop
     vertex -5.231388e+01  5.098057e+01  7.000000e+01
     vertex -5.228309e+01  5.107378e+01  5.200000e+01
     vertex -5.231388e+01  5.098057e+01  5.200000e+01
   endloop
 endfacet
 facet normal -9.495282e-01  3.136817e-01 -5.939809e-20
   outer loop
     vertex -5.231388e+01  5.098057e+01  7.000000e+01
     vertex -5.228309e+01  5.107378e+01  7.000000e+01
     vertex -5.228309e+01  5.107378e+01  5.200000e+01
   endloop
 endfacet
 facet normal -9.637761e-01  2.667128e-01  0.000000e+00
   outer loop
     vertex -5.234006e+01  5.088596e+01  7.000000e+01
     vertex -5.231388e+01  5.098057e+01  5.200000e+01
     vertex -5.234006e+01  5.088596e+01  5.200000e+01
   endloop
 endfacet
 facet normal -9.757021e-01  2.191012e-01  0.000000e+00
   outer loop
     vertex -5.234006e+01  5.088596e+01  7.000000e+01
     vertex -5.234006e+01  5.088596e+01  5.200000e+01
     vertex -5.236157e+01  5.079018e+01  5.200000e+01
   endloop
 endfacet
 facet normal -9.637761e-01  2.667128e-01 -8.912344e-20
   outer loop
     vertex -5.234006e+01  5.088596e+01  7.000000e+01
     vertex -5.231388e+01  5.098057e+01  7.000000e+01
     vertex -5.231388e+01  5.098057e+01  5.200000e+01
   endloop
 endfacet
 facet normal -9.852776e-01  1.709619e-01  0.000000e+00
   outer loop
     vertex -5.236157e+01  5.079018e+01  7.000000e+01
     vertex -5.236157e+01  5.079018e+01  5.200000e+01
     vertex -5.237835e+01  5.069346e+01  5.200000e+01
   endloop
 endfacet
 facet normal -9.757021e-01  2.191012e-01  0.000000e+00
   outer loop
     vertex -5.236157e+01  5.079018e+01  7.000000e+01
     vertex -5.234006e+01  5.088596e+01  7.000000e+01
     vertex -5.236157e+01  5.079018e+01  5.200000e+01
   endloop
 endfacet
 facet normal -9.852776e-01  1.709619e-01  0.000000e+00
   outer loop
     vertex -5.237835e+01  5.069346e+01  7.000000e+01
     vertex -5.236157e+01  5.079018e+01  7.000000e+01
     vertex -5.237835e+01  5.069346e+01  5.200000e+01
   endloop
 endfacet
 facet normal -9.924795e-01  1.224107e-01  0.000000e+00
   outer loop
     vertex -5.239037e+01  5.059603e+01  7.000000e+01
     vertex -5.237835e+01  5.069346e+01  5.200000e+01
     vertex -5.239037e+01  5.059603e+01  5.200000e+01
   endloop
 endfacet
 facet normal -9.972905e-01  7.356456e-02  0.000000e+00
   outer loop
     vertex -5.239037e+01  5.059603e+01  7.000000e+01
     vertex -5.239037e+01  5.059603e+01  5.200000e+01
     vertex -5.239759e+01  5.049814e+01  5.200000e+01
   endloop
 endfacet
 facet normal -9.924795e-01  1.224107e-01  4.728490e-20
   outer loop
     vertex -5.239037e+01  5.059603e+01  7.000000e+01
     vertex -5.237835e+01  5.069346e+01  7.000000e+01
     vertex -5.237835e+01  5.069346e+01  5.200000e+01
   endloop
 endfacet
 facet normal -9.996988e-01  2.454123e-02  0.000000e+00
   outer loop
     vertex -5.239759e+01  5.049814e+01  7.000000e+01
     vertex -5.239759e+01  5.049814e+01  5.200000e+01
     vertex -5.240000e+01  5.040000e+01  5.200000e+01
   endloop
 endfacet
 facet normal -9.972905e-01  7.356456e-02  0.000000e+00
   outer loop
     vertex -5.239759e+01  5.049814e+01  7.000000e+01
     vertex -5.239037e+01  5.059603e+01  7.000000e+01
     vertex -5.239759e+01  5.049814e+01  5.200000e+01
   endloop
 endfacet
 facet normal -9.996988e-01  2.454123e-02  0.000000e+00
   outer loop
     vertex -5.240000e+01  5.040000e+01  7.000000e+01
     vertex -5.239759e+01  5.049814e+01  7.000000e+01
     vertex -5.240000e+01  5.040000e+01  5.200000e+01
   endloop
 endfacet
 facet normal  9.996988e-01  2.454123e-02  0.000000e+00
   outer loop
     vertex  5.239759e+01  5.049814e+01  7.000000e+01
     vertex  5.240000e+01  5.040000e+01  5.200000e+01
     vertex  5.239759e+01  5.049814e+01  5.200000e+01
   endloop
 endfacet
 facet normal  9.972905e-01  7.356456e-02  0.000000e+00
   outer loop
     vertex  5.239759e+01  5.049814e+01  7.000000e+01
     vertex  5.239759e+01  5.049814e+01  5.200000e+01
     vertex  5.239037e+01  5.059603e+01  5.200000e+01
   endloop
 endfacet
 facet normal  9.996988e-01  2.454123e-02  1.307148e-21
   outer loop
     vertex  5.239759e+01  5.049814e+01  7.000000e+01
     vertex  5.240000e+01  5.040000e+01  7.000000e+01
     vertex  5.240000e+01  5.040000e+01  5.200000e+01
   endloop
 endfacet
 facet normal  9.924795e-01  1.224107e-01  0.000000e+00
   outer loop
     vertex  5.239037e+01  5.059603e+01  7.000000e+01
     vertex  5.239037e+01  5.059603e+01  5.200000e+01
     vertex  5.237835e+01  5.069346e+01  5.200000e+01
   endloop
 endfacet
 facet normal  9.972905e-01  7.356456e-02  0.000000e+00
   outer loop
     vertex  5.239037e+01  5.059603e+01  7.000000e+01
     vertex  5.239759e+01  5.049814e+01  7.000000e+01
     vertex  5.239037e+01  5.059603e+01  5.200000e+01
   endloop
 endfacet
 facet normal  9.924795e-01  1.224107e-01  0.000000e+00
   outer loop
     vertex  5.237835e+01  5.069346e+01  7.000000e+01
     vertex  5.239037e+01  5.059603e+01  7.000000e+01
     vertex  5.237835e+01  5.069346e+01  5.200000e+01
   endloop
 endfacet
 facet normal  9.852776e-01  1.709619e-01  0.000000e+00
   outer loop
     vertex  5.236157e+01  5.079018e+01  7.000000e+01
     vertex  5.237835e+01  5.069346e+01  5.200000e+01
     vertex  5.236157e+01  5.079018e+01  5.200000e+01
   endloop
 endfacet
 facet normal  9.757021e-01  2.191012e-01  0.000000e+00
   outer loop
     vertex  5.236157e+01  5.079018e+01  7.000000e+01
     vertex  5.236157e+01  5.079018e+01  5.200000e+01
     vertex  5.234006e+01  5.088596e+01  5.200000e+01
   endloop
 endfacet
 facet normal  9.852776e-01  1.709619e-01 -5.006967e-20
   outer loop
     vertex  5.236157e+01  5.079018e+01  7.000000e+01
     vertex  5.237835e+01  5.069346e+01  7.000000e+01
     vertex  5.237835e+01  5.069346e+01  5.200000e+01
   endloop
 endfacet
 facet normal  9.757021e-01  2.191012e-01  0.000000e+00
   outer loop
     vertex  5.234006e+01  5.088596e+01  7.000000e+01
     vertex  5.236157e+01  5.079018e+01  7.000000e+01
     vertex  5.234006e+01  5.088596e+01  5.200000e+01
   endloop
 endfacet
 facet normal  9.637761e-01  2.667128e-01  0.000000e+00
   outer loop
     vertex  5.231388e+01  5.098057e+01  7.000000e+01
     vertex  5.234006e+01  5.088596e+01  5.200000e+01
     vertex  5.231388e+01  5.098057e+01  5.200000e+01
   endloop
 endfacet
 facet normal  9.637761e-01  2.667128e-01  8.912344e-20
   outer loop
     vertex  5.231388e+01  5.098057e+01  7.000000e+01
     vertex  5.234006e+01  5.088596e+01  7.000000e+01
     vertex  5.234006e+01  5.088596e+01  5.200000e+01
   endloop
 endfacet
 facet normal  9.495282e-01  3.136817e-01  0.000000e+00
   outer loop
     vertex  5.228309e+01  5.107378e+01  7.000000e+01
     vertex  5.231388e+01  5.098057e+01  5.200000e+01
     vertex  5.228309e+01  5.107378e+01  5.200000e+01
   endloop
 endfacet
 facet normal  9.329928e-01  3.598950e-01  0.000000e+00
   outer loop
     vertex  5.228309e+01  5.107378e+01  7.000000e+01
     vertex  5.228309e+01  5.107378e+01  5.200000e+01
     vertex  5.224776e+01  5.116537e+01  5.200000e+01
   endloop
 endfacet
 facet normal  9.495282e-01  3.136817e-01  2.051787e-20
   outer loop
     vertex  5.228309e+01  5.107378e+01  7.000000e+01
     vertex  5.231388e+01  5.098057e+01  7.000000e+01
     vertex  5.231388e+01  5.098057e+01  5.200000e+01
   endloop
 endfacet
 facet normal  9.329928e-01  3.598950e-01  0.000000e+00
   outer loop
     vertex  5.224776e+01  5.116537e+01  7.000000e+01
     vertex  5.228309e+01  5.107378e+01  7.000000e+01
     vertex  5.224776e+01  5.116537e+01  5.200000e+01
   endloop
 endfacet
 facet normal  9.142098e-01  4.052413e-01 -1.156759e-19
   outer loop
     vertex  5.220798e+01  5.125511e+01  7.000000e+01
     vertex  5.224776e+01  5.116537e+01  7.000000e+01
     vertex  5.224776e+01  5.116537e+01  5.200000e+01
   endloop
 endfacet
 facet normal  9.142098e-01  4.052413e-01  0.000000e+00
   outer loop
     vertex  5.220798e+01  5.125511e+01  7.000000e+01
     vertex  5.224776e+01  5.116537e+01  5.200000e+01
     vertex  5.220798e+01  5.125511e+01  5.200000e+01
   endloop
 endfacet
 facet normal  8.932243e-01  4.496113e-01  0.000000e+00
   outer loop
     vertex  5.216384e+01  5.134279e+01  7.000000e+01
     vertex  5.220798e+01  5.125511e+01  5.200000e+01
     vertex  5.216384e+01  5.134279e+01  5.200000e+01
   endloop
 endfacet
 facet normal  8.932243e-01  4.496113e-01  7.180622e-20
   outer loop
     vertex  5.216384e+01  5.134279e+01  7.000000e+01
     vertex  5.220798e+01  5.125511e+01  7.000000e+01
     vertex  5.220798e+01  5.125511e+01  5.200000e+01
   endloop
 endfacet
 facet normal  8.700870e-01  4.928982e-01  0.000000e+00
   outer loop
     vertex  5.211546e+01  5.142821e+01  7.000000e+01
     vertex  5.216384e+01  5.134279e+01  5.200000e+01
     vertex  5.211546e+01  5.142821e+01  5.200000e+01
   endloop
 endfacet
 facet normal  8.700870e-01  4.928982e-01 -2.064529e-19
   outer loop
     vertex  5.211546e+01  5.142821e+01  7.000000e+01
     vertex  5.216384e+01  5.134279e+01  7.000000e+01
     vertex  5.216384e+01  5.134279e+01  5.200000e+01
   endloop
 endfacet
 facet normal  8.448536e-01  5.349976e-01  0.000000e+00
   outer loop
     vertex  5.206294e+01  5.151114e+01  7.000000e+01
     vertex  5.211546e+01  5.142821e+01  5.200000e+01
     vertex  5.206294e+01  5.151114e+01  5.200000e+01
   endloop
 endfacet
 facet normal  8.448536e-01  5.349976e-01  1.689747e-19
   outer loop
     vertex  5.206294e+01  5.151114e+01  7.000000e+01
     vertex  5.211546e+01  5.142821e+01  7.000000e+01
     vertex  5.211546e+01  5.142821e+01  5.200000e+01
   endloop
 endfacet
 facet normal  8.175848e-01  5.758082e-01  0.000000e+00
   outer loop
     vertex  5.200642e+01  5.159140e+01  7.000000e+01
     vertex  5.206294e+01  5.151114e+01  5.200000e+01
     vertex  5.200642e+01  5.159140e+01  5.200000e+01
   endloop
 endfacet
 facet normal  8.175848e-01  5.758082e-01  2.428404e-19
   outer loop
     vertex  5.200642e+01  5.159140e+01  7.000000e+01
     vertex  5.206294e+01  5.151114e+01  7.000000e+01
     vertex  5.206294e+01  5.151114e+01  5.200000e+01
   endloop
 endfacet
 facet normal  7.883464e-01  6.152316e-01  0.000000e+00
   outer loop
     vertex  5.194602e+01  5.166879e+01  7.000000e+01
     vertex  5.200642e+01  5.159140e+01  5.200000e+01
     vertex  5.194602e+01  5.166879e+01  5.200000e+01
   endloop
 endfacet
 facet normal  7.883464e-01  6.152316e-01  1.362102e-19
   outer loop
     vertex  5.194602e+01  5.166879e+01  7.000000e+01
     vertex  5.200642e+01  5.159140e+01  7.000000e+01
     vertex  5.200642e+01  5.159140e+01  5.200000e+01
   endloop
 endfacet
 facet normal  7.572088e-01  6.531728e-01  0.000000e+00
   outer loop
     vertex  5.188190e+01  5.174312e+01  7.000000e+01
     vertex  5.194602e+01  5.166879e+01  5.200000e+01
     vertex  5.188190e+01  5.174312e+01  5.200000e+01
   endloop
 endfacet
 facet normal  7.572088e-01  6.531728e-01 -5.214167e-20
   outer loop
     vertex  5.188190e+01  5.174312e+01  7.000000e+01
     vertex  5.194602e+01  5.166879e+01  7.000000e+01
     vertex  5.194602e+01  5.166879e+01  5.200000e+01
   endloop
 endfacet
 facet normal  7.242471e-01  6.895405e-01  0.000000e+00
   outer loop
     vertex  5.181421e+01  5.181421e+01  7.000000e+01
     vertex  5.188190e+01  5.174312e+01  5.200000e+01
     vertex  5.181421e+01  5.181421e+01  5.200000e+01
   endloop
 endfacet
 facet normal  7.242471e-01  6.895405e-01 -1.599375e-19
   outer loop
     vertex  5.181421e+01  5.181421e+01  7.000000e+01
     vertex  5.188190e+01  5.174312e+01  7.000000e+01
     vertex  5.188190e+01  5.174312e+01  5.200000e+01
   endloop
 endfacet
 facet normal  6.895405e-01  7.242471e-01  0.000000e+00
   outer loop
     vertex  5.174312e+01  5.188190e+01  7.000000e+01
     vertex  5.181421e+01  5.181421e+01  5.200000e+01
     vertex  5.174312e+01  5.188190e+01  5.200000e+01
   endloop
 endfacet
 facet normal  6.531728e-01  7.572088e-01  0.000000e+00
   outer loop
     vertex  5.174312e+01  5.188190e+01  7.000000e+01
     vertex  5.174312e+01  5.188190e+01  5.200000e+01
     vertex  5.166879e+01  5.194602e+01  5.200000e+01
   endloop
 endfacet
 facet normal  6.895405e-01  7.242471e-01  8.268519e-20
   outer loop
     vertex  5.174312e+01  5.188190e+01  7.000000e+01
     vertex  5.181421e+01  5.181421e+01  7.000000e+01
     vertex  5.181421e+01  5.181421e+01  5.200000e+01
   endloop
 endfacet
 facet normal  6.531728e-01  7.572088e-01  0.000000e+00
   outer loop
     vertex  5.166879e+01  5.194602e+01  7.000000e+01
     vertex  5.174312e+01  5.188190e+01  7.000000e+01
     vertex  5.166879e+01  5.194602e+01  5.200000e+01
   endloop
 endfacet
 facet normal  6.152316e-01  7.883464e-01  0.000000e+00
   outer loop
     vertex  5.159140e+01  5.200642e+01  7.000000e+01
     vertex  5.166879e+01  5.194602e+01  5.200000e+01
     vertex  5.159140e+01  5.200642e+01  5.200000e+01
   endloop
 endfacet
 facet normal  6.152316e-01  7.883464e-01  1.362102e-19
   outer loop
     vertex  5.159140e+01  5.200642e+01  7.000000e+01
     vertex  5.166879e+01  5.194602e+01  7.000000e+01
     vertex  5.166879e+01  5.194602e+01  5.200000e+01
   endloop
 endfacet
 facet normal  5.758082e-01  8.175848e-01  0.000000e+00
   outer loop
     vertex  5.151114e+01  5.206294e+01  7.000000e+01
     vertex  5.159140e+01  5.200642e+01  5.200000e+01
     vertex  5.151114e+01  5.206294e+01  5.200000e+01
   endloop
 endfacet
 facet normal  5.758082e-01  8.175848e-01 -2.254882e-19
   outer loop
     vertex  5.151114e+01  5.206294e+01  7.000000e+01
     vertex  5.159140e+01  5.200642e+01  7.000000e+01
     vertex  5.159140e+01  5.200642e+01  5.200000e+01
   endloop
 endfacet
 facet normal  5.349976e-01  8.448536e-01  0.000000e+00
   outer loop
     vertex  5.142821e+01  5.211546e+01  7.000000e+01
     vertex  5.151114e+01  5.206294e+01  5.200000e+01
     vertex  5.142821e+01  5.211546e+01  5.200000e+01
   endloop
 endfacet
 facet normal  5.349976e-01  8.448536e-01  1.689747e-19
   outer loop
     vertex  5.142821e+01  5.211546e+01  7.000000e+01
     vertex  5.151114e+01  5.206294e+01  7.000000e+01
     vertex  5.151114e+01  5.206294e+01  5.200000e+01
   endloop
 endfacet
 facet normal  4.928982e-01  8.700870e-01  0.000000e+00
   outer loop
     vertex  5.134279e+01  5.216384e+01  7.000000e+01
     vertex  5.142821e+01  5.211546e+01  5.200000e+01
     vertex  5.134279e+01  5.216384e+01  5.200000e+01
   endloop
 endfacet
 facet normal  4.928982e-01  8.700870e-01 -4.801008e-20
   outer loop
     vertex  5.134279e+01  5.216384e+01  7.000000e+01
     vertex  5.142821e+01  5.211546e+01  7.000000e+01
     vertex  5.142821e+01  5.211546e+01  5.200000e+01
   endloop
 endfacet
 facet normal  4.496113e-01  8.932243e-01  0.000000e+00
   outer loop
     vertex  5.125511e+01  5.220798e+01  7.000000e+01
     vertex  5.134279e+01  5.216384e+01  5.200000e+01
     vertex  5.125511e+01  5.220798e+01  5.200000e+01
   endloop
 endfacet
 facet normal  4.496113e-01  8.932243e-01  1.025269e-19
   outer loop
     vertex  5.125511e+01  5.220798e+01  7.000000e+01
     vertex  5.134279e+01  5.216384e+01  7.000000e+01
     vertex  5.134279e+01  5.216384e+01  5.200000e+01
   endloop
 endfacet
 facet normal  4.052413e-01  9.142098e-01  0.000000e+00
   outer loop
     vertex  5.116537e+01  5.224776e+01  7.000000e+01
     vertex  5.125511e+01  5.220798e+01  5.200000e+01
     vertex  5.116537e+01  5.224776e+01  5.200000e+01
   endloop
 endfacet
 facet normal  3.598950e-01  9.329928e-01  0.000000e+00
   outer loop
     vertex  5.116537e+01  5.224776e+01  7.000000e+01
     vertex  5.116537e+01  5.224776e+01  5.200000e+01
     vertex  5.107378e+01  5.228309e+01  5.200000e+01
   endloop
 endfacet
 facet normal  4.052413e-01  9.142098e-01  1.008116e-19
   outer loop
     vertex  5.116537e+01  5.224776e+01  7.000000e+01
     vertex  5.125511e+01  5.220798e+01  7.000000e+01
     vertex  5.125511e+01  5.220798e+01  5.200000e+01
   endloop
 endfacet
 facet normal  3.136817e-01  9.495282e-01  0.000000e+00
   outer loop
     vertex  5.107378e+01  5.228309e+01  7.000000e+01
     vertex  5.107378e+01  5.228309e+01  5.200000e+01
     vertex  5.098057e+01  5.231388e+01  5.200000e+01
   endloop
 endfacet
 facet normal  3.598950e-01  9.329928e-01  0.000000e+00
   outer loop
     vertex  5.107378e+01  5.228309e+01  7.000000e+01
     vertex  5.116537e+01  5.224776e+01  7.000000e+01
     vertex  5.107378e+01  5.228309e+01  5.200000e+01
   endloop
 endfacet
 facet normal  3.136817e-01  9.495282e-01  0.000000e+00
   outer loop
     vertex  5.098057e+01  5.231388e+01  7.000000e+01
     vertex  5.107378e+01  5.228309e+01  7.000000e+01
     vertex  5.098057e+01  5.231388e+01  5.200000e+01
   endloop
 endfacet
 facet normal  2.667128e-01  9.637761e-01  0.000000e+00
   outer loop
     vertex  5.088596e+01  5.234006e+01  7.000000e+01
     vertex  5.098057e+01  5.231388e+01  5.200000e+01
     vertex  5.088596e+01  5.234006e+01  5.200000e+01
   endloop
 endfacet
 facet normal  2.667128e-01  9.637761e-01  8.912344e-20
   outer loop
     vertex  5.088596e+01  5.234006e+01  7.000000e+01
     vertex  5.098057e+01  5.231388e+01  7.000000e+01
     vertex  5.098057e+01  5.231388e+01  5.200000e+01
   endloop
 endfacet
 facet normal  2.191012e-01  9.757021e-01  0.000000e+00
   outer loop
     vertex  5.079018e+01  5.236157e+01  7.000000e+01
     vertex  5.088596e+01  5.234006e+01  5.200000e+01
     vertex  5.079018e+01  5.236157e+01  5.200000e+01
   endloop
 endfacet
 facet normal  2.191012e-01  9.757021e-01 -1.653488e-20
   outer loop
     vertex  5.079018e+01  5.236157e+01  7.000000e+01
     vertex  5.088596e+01  5.234006e+01  7.000000e+01
     vertex  5.088596e+01  5.234006e+01  5.200000e+01
   endloop
 endfacet
 facet normal  1.709619e-01  9.852776e-01  0.000000e+00
   outer loop
     vertex  5.069346e+01  5.237835e+01  7.000000e+01
     vertex  5.079018e+01  5.236157e+01  5.200000e+01
     vertex  5.069346e+01  5.237835e+01  5.200000e+01
   endloop
 endfacet
 facet normal  1.709619e-01  9.852776e-01 -5.006967e-20
   outer loop
     vertex  5.069346e+01  5.237835e+01  7.000000e+01
     vertex  5.079018e+01  5.236157e+01  7.000000e+01
     vertex  5.079018e+01  5.236157e+01  5.200000e+01
   endloop
 endfacet
 facet normal  1.224107e-01  9.924795e-01  0.000000e+00
   outer loop
     vertex  5.059603e+01  5.239037e+01  7.000000e+01
     vertex  5.069346e+01  5.237835e+01  5.200000e+01
     vertex  5.059603e+01  5.239037e+01  5.200000e+01
   endloop
 endfacet
 facet normal  1.224107e-01  9.924795e-01 -4.728490e-20
   outer loop
     vertex  5.059603e+01  5.239037e+01  7.000000e+01
     vertex  5.069346e+01  5.237835e+01  7.000000e+01
     vertex  5.069346e+01  5.237835e+01  5.200000e+01
   endloop
 endfacet
 facet normal  7.356456e-02  9.972905e-01  0.000000e+00
   outer loop
     vertex  5.049814e+01  5.239759e+01  7.000000e+01
     vertex  5.059603e+01  5.239037e+01  5.200000e+01
     vertex  5.049814e+01  5.239759e+01  5.200000e+01
   endloop
 endfacet
 facet normal  7.356456e-02  9.972905e-01  1.350633e-20
   outer loop
     vertex  5.049814e+01  5.239759e+01  7.000000e+01
     vertex  5.059603e+01  5.239037e+01  7.000000e+01
     vertex  5.059603e+01  5.239037e+01  5.200000e+01
   endloop
 endfacet
 facet normal  2.454123e-02  9.996988e-01  0.000000e+00
   outer loop
     vertex  5.040000e+01  5.240000e+01  7.000000e+01
     vertex  5.049814e+01  5.239759e+01  5.200000e+01
     vertex  5.040000e+01  5.240000e+01  5.200000e+01
   endloop
 endfacet
 facet normal  2.454123e-02  9.996988e-01 -6.790108e-21
   outer loop
     vertex  5.040000e+01  5.240000e+01  7.000000e+01
     vertex  5.049814e+01  5.239759e+01  7.000000e+01
     vertex  5.049814e+01  5.239759e+01  5.200000e+01
   endloop
 endfacet
 facet normal -0.000000e+00  1.000000e+00  0.000000e+00
   outer loop
     vertex -5.040000e+01  5.240000e+01  7.000000e+01
     vertex  5.040000e+01  5.240000e+01  7.000000e+01
     vertex  5.040000e+01  5.240000e+01  5.200000e+01
   endloop
 endfacet
 facet normal  0.000000e+00  1.000000e+00  0.000000e+00
   outer loop
     vertex -5.040000e+01  5.240000e+01  5.200000e+01
     vertex -5.040000e+01  5.240000e+01  7.000000e+01
     vertex  5.040000e+01  5.240000e+01  5.200000e+01
   endloop
 endfacet
 facet normal  0.000000e+00  1.000000e+00  0.000000e+00
   outer loop
     vertex  4.215000e+01 -4.215000e+01  5.200000e+01
     vertex -4.215000e+01 -4.215000e+01  5.200000e+01
     vertex -4.215000e+01 -4.215000e+01  5.300000e+01
   endloop
 endfacet
 facet normal  0.000000e+00  1.000000e+00 -0.000000e+00
   outer loop
     vertex  4.215000e+01 -4.215000e+01  5.200000e+01
     vertex -4.215000e+01 -4.215000e+01  5.300000e+01
     vertex  4.215000e+01 -4.215000e+01  5.300000e+01
   endloop
 endfacet
 facet normal -1.000000e+00  0.000000e+00  0.000000e+00
   outer loop
     vertex  4.215000e+01  4.215000e+01  5.200000e+01
     vertex  4.215000e+01 -4.215000e+01  5.200000e+01
     vertex  4.215000e+01 -4.215000e+01  5.300000e+01
   endloop
 endfacet
 facet normal -1.000000e+00  0.000000e+00  0.000000e+00
   outer loop
     vertex  4.215000e+01  4.215000e+01  5.200000e+01
     vertex  4.215000e+01 -4.215000e+01  5.300000e+01
     vertex  4.215000e+01  4.215000e+01  5.300000e+01
   endloop
 endfacet
 facet normal  0.000000e+00 -1.000000e+00  0.000000e+00
   outer loop
     vertex -4.215000e+01  4.215000e+01  5.200000e+01
     vertex  4.215000e+01  4.215000e+01  5.200000e+01
     vertex  4.215000e+01  4.215000e+01  5.300000e+01
   endloop
 endfacet
 facet normal  0.000000e+00 -1.000000e+00  0.000000e+00
   outer loop
     vertex -4.215000e+01  4.215000e+01  5.200000e+01
     vertex  4.215000e+01  4.215000e+01  5.300000e+01
     vertex -4.215000e+01  4.215000e+01  5.300000e+01
   endloop
 endfacet
 facet normal  1.000000e+00  0.000000e+00  0.000000e+00
   outer loop
     vertex -4.215000e+01 -4.215000e+01  5.200000e+01
     vertex -4.215000e+01  4.215000e+01  5.200000e+01
     vertex -4.215000e+01  4.215000e+01  5.300000e+01
   endloop
 endfacet
 facet normal  1.000000e+00  0.000000e+00  0.000000e+00
   outer loop
     vertex -4.215000e+01 -4.215000e+01  5.200000e+01
     vertex -4.215000e+01  4.215000e+01  5.300000e+01
     vertex -4.215000e+01 -4.215000e+01  5.300000e+01
   endloop
 endfacet
 facet normal  0.000000e+00  1.000000e+00  0.000000e+00
   outer loop
     vertex  5.015000e+01 -5.015000e+01  7.000000e+01
     vertex -5.015000e+01 -5.015000e+01  5.300000e+01
     vertex -5.015000e+01 -5.015000e+01  7.000000e+01
   endloop
 endfacet
 facet normal  0.000000e+00  1.000000e+00 -0.000000e+00
   outer loop
     vertex  5.015000e+01 -5.015000e+01  5.300000e+01
     vertex -5.015000e+01 -5.015000e+01  5.300000e+01
     vertex  5.015000e+01 -5.015000e+01  7.000000e+01
   endloop
 endfacet
 facet normal -1.000000e+00 -0.000000e+00  0.000000e+00
   outer loop
     vertex  5.015000e+01  5.015000e+01  7.000000e+01
     vertex  5.015000e+01 -5.015000e+01  5.300000e+01
     vertex  5.015000e+01 -5.015000e+01  7.000000e+01
   endloop
 endfacet
 facet normal -1.000000e+00  0.000000e+00  0.000000e+00
   outer loop
     vertex  5.015000e+01  5.015000e+01  5.300000e+01
     vertex  5.015000e+01 -5.015000e+01  5.300000e+01
     vertex  5.015000e+01  5.015000e+01  7.000000e+01
   endloop
 endfacet
 facet normal  0.000000e+00 -1.000000e+00  0.000000e+00
   outer loop
     vertex -5.015000e+01  5.015000e+01  7.000000e+01
     vertex  5.015000e+01  5.015000e+01  5.300000e+01
     vertex  5.015000e+01  5.015000e+01  7.000000e+01
   endloop
 endfacet
 facet normal  0.000000e+00 -1.000000e+00  0.000000e+00
   outer loop
     vertex -5.015000e+01  5.015000e+01  5.300000e+01
     vertex  5.015000e+01  5.015000e+01  5.300000e+01
     vertex -5.015000e+01  5.015000e+01  7.000000e+01
   endloop
 endfacet
 facet normal  1.000000e+00 -0.000000e+00  0.000000e+00
   outer loop
     vertex -5.015000e+01 -5.015000e+01  7.000000e+01
     vertex -5.015000e+01  5.015000e+01  5.300000e+01
     vertex -5.015000e+01  5.015000e+01  7.000000e+01
   endloop
 endfacet
 facet normal  1.000000e+00  0.000000e+00  0.000000e+00
   outer loop
     vertex -5.015000e+01 -5.015000e+01  5.300000e+01
     vertex -5.015000e+01  5.015000e+01  5.300000e+01
     vertex -5.015000e+01 -5.015000e+01  7.000000e+01
   endloop
 endfacet
 facet normal  0.000000e+00  0.000000e+00  1.000000e+00
   outer loop
     vertex  4.215000e+01 -4.215000e+01  5.300000e+01
     vertex -4.215000e+01 -4.215000e+01  5.300000e+01
     vertex -5.015000e+01 -5.015000e+01  5.300000e+01
   endloop
 endfacet
 facet normal  0.000000e+00  0.000000e+00  1.000000e+00
   outer loop
     vertex  5.015000e+01 -5.015000e+01  5.300000e+01
     vertex  4.215000e+01 -4.215000e+01  5.300000e+01
     vertex -5.015000e+01 -5.015000e+01  5.300000e+01
   endloop
 endfacet
 facet normal  0.000000e+00  0.000000e+00  1.000000e+00
   outer loop
     vertex -5.015000e+01  5.015000e+01  5.300000e+01
     vertex -5.015000e+01 -5.015000e+01  5.300000e+01
     vertex -4.215000e+01 -4.215000e+01  5.300000e+01
   endloop
 endfacet
 facet normal  0.000000e+00  0.000000e+00  1.000000e+00
   outer loop
     vertex -4.215000e+01  4.215000e+01  5.300000e+01
     vertex -5.015000e+01  5.015000e+01  5.300000e+01
     vertex -4.215000e+01 -4.215000e+01  5.300000e+01
   endloop
 endfacet
 facet normal  0.000000e+00  0.000000e+00  1.000000e+00
   outer loop
     vertex  4.215000e+01  4.215000e+01  5.300000e+01
     vertex  4.215000e+01 -4.215000e+01  5.300000e+01
     vertex  5.015000e+01 -5.015000e+01  5.300000e+01
   endloop
 endfacet
 facet normal  0.000000e+00  0.000000e+00  1.000000e+00
   outer loop
     vertex  5.015000e+01  5.015000e+01  5.300000e+01
     vertex  4.215000e+01  4.215000e+01  5.300000e+01
     vertex  5.015000e+01 -5.015000e+01  5.300000e+01
   endloop
 endfacet
 facet normal  0.000000e+00  0.000000e+00  1.000000e+00
   outer loop
     vertex  5.015000e+01  5.015000e+01  5.300000e+01
     vertex -5.015000e+01  5.015000e+01  5.300000e+01
     vertex -4.215000e+01  4.215000e+01  5.300000e+01
   endloop
 endfacet
 facet normal  0.000000e+00  0.000000e+00  1.000000e+00
   outer loop
     vertex  5.015000e+01  5.015000e+01  5.300000e+01
     vertex -4.215000e+01  4.215000e+01  5.300000e+01
     vertex  4.215000e+01  4.215000e+01  5.300000e+01
   endloop
 endfacet
endsolid
