solid CadrixAI_mdl_5464a3793a8b
  // Generated by CadrixAI
  // Author: Bhavyadeep Rao
  // Year: 2026
 facet normal  9.996892e-01  2.493069e-02  2.390981e-20
   outer loop
     vertex  5.992542e+00  2.990753e-01  6.000000e-01
     vertex  6.000000e+00  0.000000e+00  9.400000e+00
     vertex  6.000000e+00  0.000000e+00  6.000000e-01
   endloop
 endfacet
 facet normal  9.996892e-01  2.493069e-02 -0.000000e+00
   outer loop
     vertex  5.992542e+00  2.990753e-01  6.000000e-01
     vertex  5.992542e+00  2.990753e-01  9.400000e+00
     vertex  6.000000e+00  0.000000e+00  9.400000e+00
   endloop
 endfacet
 facet normal  9.972038e-01  7.473009e-02 -0.000000e+00
   outer loop
     vertex  5.970185e+00  5.974071e-01  6.000000e-01
     vertex  5.970185e+00  5.974071e-01  9.400000e+00
     vertex  5.992542e+00  2.990753e-01  9.400000e+00
   endloop
 endfacet
 facet normal  9.922392e-01  1.243437e-01 -0.000000e+00
   outer loop
     vertex  5.970185e+00  5.974071e-01  6.000000e-01
     vertex  5.932985e+00  8.942536e-01  9.400000e+00
     vertex  5.970185e+00  5.974071e-01  9.400000e+00
   endloop
 endfacet
 facet normal  9.972038e-01  7.473009e-02  1.957633e-20
   outer loop
     vertex  5.970185e+00  5.974071e-01  6.000000e-01
     vertex  5.992542e+00  2.990753e-01  9.400000e+00
     vertex  5.992542e+00  2.990753e-01  6.000000e-01
   endloop
 endfacet
 facet normal  9.922392e-01  1.243437e-01 -0.000000e+00
   outer loop
     vertex  5.932985e+00  8.942536e-01  6.000000e-01
     vertex  5.932985e+00  8.942536e-01  9.400000e+00
     vertex  5.970185e+00  5.974071e-01  6.000000e-01
   endloop
 endfacet
 facet normal  9.848078e-01  1.736482e-01 -0.000000e+00
   outer loop
     vertex  5.881035e+00  1.188877e+00  6.000000e-01
     vertex  5.881035e+00  1.188877e+00  9.400000e+00
     vertex  5.932985e+00  8.942536e-01  9.400000e+00
   endloop
 endfacet
 facet normal  9.848078e-01  1.736482e-01  2.231617e-19
   outer loop
     vertex  5.881035e+00  1.188877e+00  6.000000e-01
     vertex  5.932985e+00  8.942536e-01  9.400000e+00
     vertex  5.932985e+00  8.942536e-01  6.000000e-01
   endloop
 endfacet
 facet normal  9.749279e-01  2.225209e-01 -0.000000e+00
   outer loop
     vertex  5.814464e+00  1.480544e+00  6.000000e-01
     vertex  5.814464e+00  1.480544e+00  9.400000e+00
     vertex  5.881035e+00  1.188877e+00  9.400000e+00
   endloop
 endfacet
 facet normal  9.626242e-01  2.708405e-01 -0.000000e+00
   outer loop
     vertex  5.814464e+00  1.480544e+00  6.000000e-01
     vertex  5.733437e+00  1.768531e+00  9.400000e+00
     vertex  5.814464e+00  1.480544e+00  9.400000e+00
   endloop
 endfacet
 facet normal  9.749279e-01  2.225209e-01 -5.836987e-19
   outer loop
     vertex  5.814464e+00  1.480544e+00  6.000000e-01
     vertex  5.881035e+00  1.188877e+00  9.400000e+00
     vertex  5.881035e+00  1.188877e+00  6.000000e-01
   endloop
 endfacet
 facet normal  9.626242e-01  2.708405e-01 -0.000000e+00
   outer loop
     vertex  5.733437e+00  1.768531e+00  6.000000e-01
     vertex  5.733437e+00  1.768531e+00  9.400000e+00
     vertex  5.814464e+00  1.480544e+00  6.000000e-01
   endloop
 endfacet
 facet normal  9.479273e-01  3.184867e-01 -0.000000e+00
   outer loop
     vertex  5.638156e+00  2.052121e+00  6.000000e-01
     vertex  5.638156e+00  2.052121e+00  9.400000e+00
     vertex  5.733437e+00  1.768531e+00  9.400000e+00
   endloop
 endfacet
 facet normal  9.479273e-01  3.184867e-01  4.955373e-19
   outer loop
     vertex  5.638156e+00  2.052121e+00  6.000000e-01
     vertex  5.733437e+00  1.768531e+00  9.400000e+00
     vertex  5.733437e+00  1.768531e+00  6.000000e-01
   endloop
 endfacet
 facet normal  9.308737e-01  3.653410e-01 -0.000000e+00
   outer loop
     vertex  5.528857e+00  2.330609e+00  6.000000e-01
     vertex  5.528857e+00  2.330609e+00  9.400000e+00
     vertex  5.638156e+00  2.052121e+00  9.400000e+00
   endloop
 endfacet
 facet normal  9.308737e-01  3.653410e-01  2.335856e-19
   outer loop
     vertex  5.528857e+00  2.330609e+00  6.000000e-01
     vertex  5.638156e+00  2.052121e+00  9.400000e+00
     vertex  5.638156e+00  2.052121e+00  6.000000e-01
   endloop
 endfacet
 facet normal  9.115059e-01  4.112871e-01 -0.000000e+00
   outer loop
     vertex  5.405813e+00  2.603302e+00  6.000000e-01
     vertex  5.405813e+00  2.603302e+00  9.400000e+00
     vertex  5.528857e+00  2.330609e+00  9.400000e+00
   endloop
 endfacet
 facet normal  9.115059e-01  4.112871e-01  1.143865e-18
   outer loop
     vertex  5.405813e+00  2.603302e+00  6.000000e-01
     vertex  5.528857e+00  2.330609e+00  9.400000e+00
     vertex  5.528857e+00  2.330609e+00  6.000000e-01
   endloop
 endfacet
 facet normal  8.898718e-01  4.562107e-01 -0.000000e+00
   outer loop
     vertex  5.269329e+00  2.869524e+00  6.000000e-01
     vertex  5.269329e+00  2.869524e+00  9.400000e+00
     vertex  5.405813e+00  2.603302e+00  9.400000e+00
   endloop
 endfacet
 facet normal  8.898718e-01  4.562107e-01 -1.002425e-18
   outer loop
     vertex  5.269329e+00  2.869524e+00  6.000000e-01
     vertex  5.405813e+00  2.603302e+00  9.400000e+00
     vertex  5.405813e+00  2.603302e+00  6.000000e-01
   endloop
 endfacet
 facet normal  8.660254e-01  5.000000e-01  2.064122e-19
   outer loop
     vertex  5.119745e+00  3.128611e+00  6.000000e-01
     vertex  5.269329e+00  2.869524e+00  9.400000e+00
     vertex  5.269329e+00  2.869524e+00  6.000000e-01
   endloop
 endfacet
 facet normal  8.660254e-01  5.000000e-01 -0.000000e+00
   outer loop
     vertex  5.119745e+00  3.128611e+00  6.000000e-01
     vertex  5.119745e+00  3.128611e+00  9.400000e+00
     vertex  5.269329e+00  2.869524e+00  9.400000e+00
   endloop
 endfacet
 facet normal  8.400259e-01  5.425463e-01 -1.229370e-18
   outer loop
     vertex  4.957433e+00  3.379920e+00  6.000000e-01
     vertex  5.119745e+00  3.128611e+00  9.400000e+00
     vertex  5.119745e+00  3.128611e+00  6.000000e-01
   endloop
 endfacet
 facet normal  8.400259e-01  5.425463e-01 -0.000000e+00
   outer loop
     vertex  4.957433e+00  3.379920e+00  6.000000e-01
     vertex  4.957433e+00  3.379920e+00  9.400000e+00
     vertex  5.119745e+00  3.128611e+00  9.400000e+00
   endloop
 endfacet
 facet normal  8.119380e-01  5.837437e-01 -0.000000e+00
   outer loop
     vertex  4.957433e+00  3.379920e+00  6.000000e-01
     vertex  4.782795e+00  3.622826e+00  9.400000e+00
     vertex  4.957433e+00  3.379920e+00  9.400000e+00
   endloop
 endfacet
 facet normal  8.119380e-01  5.837437e-01 -0.000000e+00
   outer loop
     vertex  4.782795e+00  3.622826e+00  6.000000e-01
     vertex  4.782795e+00  3.622826e+00  9.400000e+00
     vertex  4.957433e+00  3.379920e+00  6.000000e-01
   endloop
 endfacet
 facet normal  7.818315e-01  6.234898e-01  1.232891e-18
   outer loop
     vertex  4.596267e+00  3.856726e+00  6.000000e-01
     vertex  4.782795e+00  3.622826e+00  9.400000e+00
     vertex  4.782795e+00  3.622826e+00  6.000000e-01
   endloop
 endfacet
 facet normal  7.818315e-01  6.234898e-01 -0.000000e+00
   outer loop
     vertex  4.596267e+00  3.856726e+00  6.000000e-01
     vertex  4.596267e+00  3.856726e+00  9.400000e+00
     vertex  4.782795e+00  3.622826e+00  9.400000e+00
   endloop
 endfacet
 facet normal  7.497812e-01  6.616858e-01 -0.000000e+00
   outer loop
     vertex  4.596267e+00  3.856726e+00  6.000000e-01
     vertex  4.398311e+00  4.081036e+00  9.400000e+00
     vertex  4.596267e+00  3.856726e+00  9.400000e+00
   endloop
 endfacet
 facet normal  7.497812e-01  6.616858e-01 -0.000000e+00
   outer loop
     vertex  4.398311e+00  4.081036e+00  6.000000e-01
     vertex  4.398311e+00  4.081036e+00  9.400000e+00
     vertex  4.596267e+00  3.856726e+00  6.000000e-01
   endloop
 endfacet
 facet normal  7.158668e-01  6.982368e-01 -7.590726e-19
   outer loop
     vertex  4.189421e+00  4.295201e+00  6.000000e-01
     vertex  4.398311e+00  4.081036e+00  9.400000e+00
     vertex  4.398311e+00  4.081036e+00  6.000000e-01
   endloop
 endfacet
 facet normal  7.158668e-01  6.982368e-01 -0.000000e+00
   outer loop
     vertex  4.189421e+00  4.295201e+00  6.000000e-01
     vertex  4.189421e+00  4.295201e+00  9.400000e+00
     vertex  4.398311e+00  4.081036e+00  9.400000e+00
   endloop
 endfacet
 facet normal  6.801727e-01  7.330519e-01 -0.000000e+00
   outer loop
     vertex  4.189421e+00  4.295201e+00  6.000000e-01
     vertex  3.970115e+00  4.498687e+00  9.400000e+00
     vertex  4.189421e+00  4.295201e+00  9.400000e+00
   endloop
 endfacet
 facet normal  6.801727e-01  7.330519e-01 -0.000000e+00
   outer loop
     vertex  3.970115e+00  4.498687e+00  6.000000e-01
     vertex  3.970115e+00  4.498687e+00  9.400000e+00
     vertex  4.189421e+00  4.295201e+00  6.000000e-01
   endloop
 endfacet
 facet normal  6.427876e-01  7.660444e-01 -0.000000e+00
   outer loop
     vertex  3.740939e+00  4.690989e+00  6.000000e-01
     vertex  3.740939e+00  4.690989e+00  9.400000e+00
     vertex  3.970115e+00  4.498687e+00  9.400000e+00
   endloop
 endfacet
 facet normal  6.038044e-01  7.971325e-01 -0.000000e+00
   outer loop
     vertex  3.740939e+00  4.690989e+00  6.000000e-01
     vertex  3.502462e+00  4.871628e+00  9.400000e+00
     vertex  3.740939e+00  4.690989e+00  9.400000e+00
   endloop
 endfacet
 facet normal  6.427876e-01  7.660444e-01 -6.597809e-19
   outer loop
     vertex  3.740939e+00  4.690989e+00  6.000000e-01
     vertex  3.970115e+00  4.498687e+00  9.400000e+00
     vertex  3.970115e+00  4.498687e+00  6.000000e-01
   endloop
 endfacet
 facet normal  6.038044e-01  7.971325e-01 -0.000000e+00
   outer loop
     vertex  3.502462e+00  4.871628e+00  6.000000e-01
     vertex  3.502462e+00  4.871628e+00  9.400000e+00
     vertex  3.740939e+00  4.690989e+00  6.000000e-01
   endloop
 endfacet
 facet normal  5.633201e-01  8.262388e-01 -0.000000e+00
   outer loop
     vertex  3.255278e+00  5.040156e+00  6.000000e-01
     vertex  3.255278e+00  5.040156e+00  9.400000e+00
     vertex  3.502462e+00  4.871628e+00  9.400000e+00
   endloop
 endfacet
 facet normal  5.633201e-01  8.262388e-01 -1.654724e-19
   outer loop
     vertex  3.255278e+00  5.040156e+00  6.000000e-01
     vertex  3.502462e+00  4.871628e+00  9.400000e+00
     vertex  3.502462e+00  4.871628e+00  6.000000e-01
   endloop
 endfacet
 facet normal  5.214352e-01  8.532909e-01 -0.000000e+00
   outer loop
     vertex  3.000000e+00  5.196152e+00  6.000000e-01
     vertex  3.000000e+00  5.196152e+00  9.400000e+00
     vertex  3.255278e+00  5.040156e+00  9.400000e+00
   endloop
 endfacet
 facet normal  5.214352e-01  8.532909e-01 -1.147072e-18
   outer loop
     vertex  3.000000e+00  5.196152e+00  6.000000e-01
     vertex  3.255278e+00  5.040156e+00  9.400000e+00
     vertex  3.255278e+00  5.040156e+00  6.000000e-01
   endloop
 endfacet
 facet normal  4.782540e-01  8.782216e-01 -0.000000e+00
   outer loop
     vertex  2.737264e+00  5.339231e+00  6.000000e-01
     vertex  2.737264e+00  5.339231e+00  9.400000e+00
     vertex  3.000000e+00  5.196152e+00  9.400000e+00
   endloop
 endfacet
 facet normal  4.782540e-01  8.782216e-01  1.276375e-18
   outer loop
     vertex  2.737264e+00  5.339231e+00  6.000000e-01
     vertex  3.000000e+00  5.196152e+00  9.400000e+00
     vertex  3.000000e+00  5.196152e+00  6.000000e-01
   endloop
 endfacet
 facet normal  4.338837e-01  9.009689e-01 -0.000000e+00
   outer loop
     vertex  2.467723e+00  5.469035e+00  6.000000e-01
     vertex  2.467723e+00  5.469035e+00  9.400000e+00
     vertex  2.737264e+00  5.339231e+00  9.400000e+00
   endloop
 endfacet
 facet normal  4.338837e-01  9.009689e-01 -7.544556e-19
   outer loop
     vertex  2.467723e+00  5.469035e+00  6.000000e-01
     vertex  2.737264e+00  5.339231e+00  9.400000e+00
     vertex  2.737264e+00  5.339231e+00  6.000000e-01
   endloop
 endfacet
 facet normal  3.884348e-01  9.214762e-01 -0.000000e+00
   outer loop
     vertex  2.192046e+00  5.585242e+00  6.000000e-01
     vertex  2.192046e+00  5.585242e+00  9.400000e+00
     vertex  2.467723e+00  5.469035e+00  9.400000e+00
   endloop
 endfacet
 facet normal  3.884348e-01  9.214762e-01  8.543931e-19
   outer loop
     vertex  2.192046e+00  5.585242e+00  6.000000e-01
     vertex  2.467723e+00  5.469035e+00  9.400000e+00
     vertex  2.467723e+00  5.469035e+00  6.000000e-01
   endloop
 endfacet
 facet normal  3.420201e-01  9.396926e-01 -0.000000e+00
   outer loop
     vertex  1.910920e+00  5.687564e+00  6.000000e-01
     vertex  1.910920e+00  5.687564e+00  9.400000e+00
     vertex  2.192046e+00  5.585242e+00  9.400000e+00
   endloop
 endfacet
 facet normal  2.947552e-01  9.555728e-01 -0.000000e+00
   outer loop
     vertex  1.910920e+00  5.687564e+00  6.000000e-01
     vertex  1.625043e+00  5.775745e+00  9.400000e+00
     vertex  1.910920e+00  5.687564e+00  9.400000e+00
   endloop
 endfacet
 facet normal  3.420201e-01  9.396926e-01  4.987464e-19
   outer loop
     vertex  1.910920e+00  5.687564e+00  6.000000e-01
     vertex  2.192046e+00  5.585242e+00  9.400000e+00
     vertex  2.192046e+00  5.585242e+00  6.000000e-01
   endloop
 endfacet
 facet normal  2.947552e-01  9.555728e-01 -0.000000e+00
   outer loop
     vertex  1.625043e+00  5.775745e+00  6.000000e-01
     vertex  1.625043e+00  5.775745e+00  9.400000e+00
     vertex  1.910920e+00  5.687564e+00  6.000000e-01
   endloop
 endfacet
 facet normal  2.467574e-01  9.690773e-01 -0.000000e+00
   outer loop
     vertex  1.335126e+00  5.849567e+00  6.000000e-01
     vertex  1.335126e+00  5.849567e+00  9.400000e+00
     vertex  1.625043e+00  5.775745e+00  9.400000e+00
   endloop
 endfacet
 facet normal  2.467574e-01  9.690773e-01  9.680072e-20
   outer loop
     vertex  1.335126e+00  5.849567e+00  6.000000e-01
     vertex  1.625043e+00  5.775745e+00  9.400000e+00
     vertex  1.625043e+00  5.775745e+00  6.000000e-01
   endloop
 endfacet
 facet normal  1.981461e-01  9.801725e-01 -0.000000e+00
   outer loop
     vertex  1.041889e+00  5.908847e+00  6.000000e-01
     vertex  1.041889e+00  5.908847e+00  9.400000e+00
     vertex  1.335126e+00  5.849567e+00  9.400000e+00
   endloop
 endfacet
 facet normal  1.981461e-01  9.801725e-01 -3.134761e-19
   outer loop
     vertex  1.041889e+00  5.908847e+00  6.000000e-01
     vertex  1.335126e+00  5.849567e+00  9.400000e+00
     vertex  1.335126e+00  5.849567e+00  6.000000e-01
   endloop
 endfacet
 facet normal  1.490423e-01  9.888308e-01 -0.000000e+00
   outer loop
     vertex  7.460622e-01  5.953435e+00  6.000000e-01
     vertex  7.460622e-01  5.953435e+00  9.400000e+00
     vertex  1.041889e+00  5.908847e+00  9.400000e+00
   endloop
 endfacet
 facet normal  9.956785e-02  9.950308e-01 -0.000000e+00
   outer loop
     vertex  7.460622e-01  5.953435e+00  6.000000e-01
     vertex  4.483806e-01  5.983223e+00  9.400000e+00
     vertex  7.460622e-01  5.953435e+00  9.400000e+00
   endloop
 endfacet
 facet normal  1.490423e-01  9.888308e-01 -2.962653e-19
   outer loop
     vertex  7.460622e-01  5.953435e+00  6.000000e-01
     vertex  1.041889e+00  5.908847e+00  9.400000e+00
     vertex  1.041889e+00  5.908847e+00  6.000000e-01
   endloop
 endfacet
 facet normal  9.956785e-02  9.950308e-01 -0.000000e+00
   outer loop
     vertex  4.483806e-01  5.983223e+00  6.000000e-01
     vertex  4.483806e-01  5.983223e+00  9.400000e+00
     vertex  7.460622e-01  5.953435e+00  6.000000e-01
   endloop
 endfacet
 facet normal  4.984589e-02  9.987569e-01 -0.000000e+00
   outer loop
     vertex  1.495842e-01  5.998135e+00  6.000000e-01
     vertex  1.495842e-01  5.998135e+00  9.400000e+00
     vertex  4.483806e-01  5.983223e+00  9.400000e+00
   endloop
 endfacet
 facet normal  4.984589e-02  9.987569e-01 -1.318746e-19
   outer loop
     vertex  1.495842e-01  5.998135e+00  6.000000e-01
     vertex  4.483806e-01  5.983223e+00  9.400000e+00
     vertex  4.483806e-01  5.983223e+00  6.000000e-01
   endloop
 endfacet
 facet normal  0.000000e+00  1.000000e+00  0.000000e+00
   outer loop
     vertex -1.495842e-01  5.998135e+00  6.000000e-01
     vertex -1.495842e-01  5.998135e+00  9.400000e+00
     vertex  1.495842e-01  5.998135e+00  9.400000e+00
   endloop
 endfacet
 facet normal  0.000000e+00  1.000000e+00  0.000000e+00
   outer loop
     vertex -1.495842e-01  5.998135e+00  6.000000e-01
     vertex  1.495842e-01  5.998135e+00  9.400000e+00
     vertex  1.495842e-01  5.998135e+00  6.000000e-01
   endloop
 endfacet
 facet normal -4.984589e-02  9.987569e-01  0.000000e+00
   outer loop
     vertex -4.483806e-01  5.983223e+00  6.000000e-01
     vertex -4.483806e-01  5.983223e+00  9.400000e+00
     vertex -1.495842e-01  5.998135e+00  9.400000e+00
   endloop
 endfacet
 facet normal -4.984589e-02  9.987569e-01  1.168472e-19
   outer loop
     vertex -4.483806e-01  5.983223e+00  6.000000e-01
     vertex -1.495842e-01  5.998135e+00  9.400000e+00
     vertex -1.495842e-01  5.998135e+00  6.000000e-01
   endloop
 endfacet
 facet normal -9.956785e-02  9.950308e-01  0.000000e+00
   outer loop
     vertex -7.460622e-01  5.953435e+00  6.000000e-01
     vertex -7.460622e-01  5.953435e+00  9.400000e+00
     vertex -4.483806e-01  5.983223e+00  9.400000e+00
   endloop
 endfacet
 facet normal -9.956785e-02  9.950308e-01 -2.384147e-19
   outer loop
     vertex -7.460622e-01  5.953435e+00  6.000000e-01
     vertex -4.483806e-01  5.983223e+00  9.400000e+00
     vertex -4.483806e-01  5.983223e+00  6.000000e-01
   endloop
 endfacet
 facet normal -1.490423e-01  9.888308e-01  0.000000e+00
   outer loop
     vertex -1.041889e+00  5.908847e+00  6.000000e-01
     vertex -1.041889e+00  5.908847e+00  9.400000e+00
     vertex -7.460622e-01  5.953435e+00  9.400000e+00
   endloop
 endfacet
 facet normal -1.981461e-01  9.801725e-01  0.000000e+00
   outer loop
     vertex -1.041889e+00  5.908847e+00  6.000000e-01
     vertex -1.335126e+00  5.849567e+00  9.400000e+00
     vertex -1.041889e+00  5.908847e+00  9.400000e+00
   endloop
 endfacet
 facet normal -1.490423e-01  9.888308e-01  2.962653e-19
   outer loop
     vertex -1.041889e+00  5.908847e+00  6.000000e-01
     vertex -7.460622e-01  5.953435e+00  9.400000e+00
     vertex -7.460622e-01  5.953435e+00  6.000000e-01
   endloop
 endfacet
 facet normal -1.981461e-01  9.801725e-01  0.000000e+00
   outer loop
     vertex -1.335126e+00  5.849567e+00  6.000000e-01
     vertex -1.335126e+00  5.849567e+00  9.400000e+00
     vertex -1.041889e+00  5.908847e+00  6.000000e-01
   endloop
 endfacet
 facet normal -2.467574e-01  9.690773e-01 -4.597235e-19
   outer loop
     vertex -1.625043e+00  5.775745e+00  6.000000e-01
     vertex -1.335126e+00  5.849567e+00  9.400000e+00
     vertex -1.335126e+00  5.849567e+00  6.000000e-01
   endloop
 endfacet
 facet normal -2.467574e-01  9.690773e-01  0.000000e+00
   outer loop
     vertex -1.625043e+00  5.775745e+00  6.000000e-01
     vertex -1.625043e+00  5.775745e+00  9.400000e+00
     vertex -1.335126e+00  5.849567e+00  9.400000e+00
   endloop
 endfacet
 facet normal -2.947552e-01  9.555728e-01  2.990572e-19
   outer loop
     vertex -1.910920e+00  5.687564e+00  6.000000e-01
     vertex -1.625043e+00  5.775745e+00  9.400000e+00
     vertex -1.625043e+00  5.775745e+00  6.000000e-01
   endloop
 endfacet
 facet normal -2.947552e-01  9.555728e-01  0.000000e+00
   outer loop
     vertex -1.910920e+00  5.687564e+00  6.000000e-01
     vertex -1.910920e+00  5.687564e+00  9.400000e+00
     vertex -1.625043e+00  5.775745e+00  9.400000e+00
   endloop
 endfacet
 facet normal -3.420201e-01  9.396926e-01  0.000000e+00
   outer loop
     vertex -1.910920e+00  5.687564e+00  6.000000e-01
     vertex -2.192046e+00  5.585242e+00  9.400000e+00
     vertex -1.910920e+00  5.687564e+00  9.400000e+00
   endloop
 endfacet
 facet normal -3.420201e-01  9.396926e-01  0.000000e+00
   outer loop
     vertex -2.192046e+00  5.585242e+00  6.000000e-01
     vertex -2.192046e+00  5.585242e+00  9.400000e+00
     vertex -1.910920e+00  5.687564e+00  6.000000e-01
   endloop
 endfacet
 facet normal -3.884348e-01  9.214762e-01  2.316216e-19
   outer loop
     vertex -2.467723e+00  5.469035e+00  6.000000e-01
     vertex -2.192046e+00  5.585242e+00  9.400000e+00
     vertex -2.192046e+00  5.585242e+00  6.000000e-01
   endloop
 endfacet
 facet normal -3.884348e-01  9.214762e-01  0.000000e+00
   outer loop
     vertex -2.467723e+00  5.469035e+00  6.000000e-01
     vertex -2.467723e+00  5.469035e+00  9.400000e+00
     vertex -2.192046e+00  5.585242e+00  9.400000e+00
   endloop
 endfacet
 facet normal -4.338837e-01  9.009689e-01 -1.077620e-18
   outer loop
     vertex -2.737264e+00  5.339231e+00  6.000000e-01
     vertex -2.467723e+00  5.469035e+00  9.400000e+00
     vertex -2.467723e+00  5.469035e+00  6.000000e-01
   endloop
 endfacet
 facet normal -4.338837e-01  9.009689e-01  0.000000e+00
   outer loop
     vertex -2.737264e+00  5.339231e+00  6.000000e-01
     vertex -2.737264e+00  5.339231e+00  9.400000e+00
     vertex -2.467723e+00  5.469035e+00  9.400000e+00
   endloop
 endfacet
 facet normal -4.782540e-01  8.782216e-01  0.000000e+00
   outer loop
     vertex -2.737264e+00  5.339231e+00  6.000000e-01
     vertex -3.000000e+00  5.196152e+00  9.400000e+00
     vertex -2.737264e+00  5.339231e+00  9.400000e+00
   endloop
 endfacet
 facet normal -4.782540e-01  8.782216e-01  0.000000e+00
   outer loop
     vertex -3.000000e+00  5.196152e+00  6.000000e-01
     vertex -3.000000e+00  5.196152e+00  9.400000e+00
     vertex -2.737264e+00  5.339231e+00  6.000000e-01
   endloop
 endfacet
 facet normal -5.214352e-01  8.532909e-01  1.018982e-18
   outer loop
     vertex -3.255278e+00  5.040156e+00  6.000000e-01
     vertex -3.000000e+00  5.196152e+00  9.400000e+00
     vertex -3.000000e+00  5.196152e+00  6.000000e-01
   endloop
 endfacet
 facet normal -5.214352e-01  8.532909e-01  0.000000e+00
   outer loop
     vertex -3.255278e+00  5.040156e+00  6.000000e-01
     vertex -3.255278e+00  5.040156e+00  9.400000e+00
     vertex -3.000000e+00  5.196152e+00  9.400000e+00
   endloop
 endfacet
 facet normal -5.633201e-01  8.262388e-01  1.572768e-19
   outer loop
     vertex -3.502462e+00  4.871628e+00  6.000000e-01
     vertex -3.255278e+00  5.040156e+00  9.400000e+00
     vertex -3.255278e+00  5.040156e+00  6.000000e-01
   endloop
 endfacet
 facet normal -5.633201e-01  8.262388e-01  0.000000e+00
   outer loop
     vertex -3.502462e+00  4.871628e+00  6.000000e-01
     vertex -3.502462e+00  4.871628e+00  9.400000e+00
     vertex -3.255278e+00  5.040156e+00  9.400000e+00
   endloop
 endfacet
 facet normal -6.038044e-01  7.971325e-01 -1.054845e-18
   outer loop
     vertex -3.740939e+00  4.690989e+00  6.000000e-01
     vertex -3.502462e+00  4.871628e+00  9.400000e+00
     vertex -3.502462e+00  4.871628e+00  6.000000e-01
   endloop
 endfacet
 facet normal -6.038044e-01  7.971325e-01  0.000000e+00
   outer loop
     vertex -3.740939e+00  4.690989e+00  6.000000e-01
     vertex -3.740939e+00  4.690989e+00  9.400000e+00
     vertex -3.502462e+00  4.871628e+00  9.400000e+00
   endloop
 endfacet
 facet normal -6.427876e-01  7.660444e-01  5.976270e-19
   outer loop
     vertex -3.970115e+00  4.498687e+00  6.000000e-01
     vertex -3.740939e+00  4.690989e+00  9.400000e+00
     vertex -3.740939e+00  4.690989e+00  6.000000e-01
   endloop
 endfacet
 facet normal -6.427876e-01  7.660444e-01  0.000000e+00
   outer loop
     vertex -3.970115e+00  4.498687e+00  6.000000e-01
     vertex -3.970115e+00  4.498687e+00  9.400000e+00
     vertex -3.740939e+00  4.690989e+00  9.400000e+00
   endloop
 endfacet
 facet normal -6.801727e-01  7.330519e-01 -3.925576e-20
   outer loop
     vertex -4.189421e+00  4.295201e+00  6.000000e-01
     vertex -3.970115e+00  4.498687e+00  9.400000e+00
     vertex -3.970115e+00  4.498687e+00  6.000000e-01
   endloop
 endfacet
 facet normal -6.801727e-01  7.330519e-01  0.000000e+00
   outer loop
     vertex -4.189421e+00  4.295201e+00  6.000000e-01
     vertex -4.189421e+00  4.295201e+00  9.400000e+00
     vertex -3.970115e+00  4.498687e+00  9.400000e+00
   endloop
 endfacet
 facet normal -7.158668e-01  6.982368e-01  0.000000e+00
   outer loop
     vertex -4.189421e+00  4.295201e+00  6.000000e-01
     vertex -4.398311e+00  4.081036e+00  9.400000e+00
     vertex -4.189421e+00  4.295201e+00  9.400000e+00
   endloop
 endfacet
 facet normal -7.497812e-01  6.616858e-01  0.000000e+00
   outer loop
     vertex -4.398311e+00  4.081036e+00  6.000000e-01
     vertex -4.596267e+00  3.856726e+00  9.400000e+00
     vertex -4.398311e+00  4.081036e+00  9.400000e+00
   endloop
 endfacet
 facet normal -7.158668e-01  6.982368e-01  0.000000e+00
   outer loop
     vertex -4.398311e+00  4.081036e+00  6.000000e-01
     vertex -4.398311e+00  4.081036e+00  9.400000e+00
     vertex -4.189421e+00  4.295201e+00  6.000000e-01
   endloop
 endfacet
 facet normal -7.497812e-01  6.616858e-01  0.000000e+00
   outer loop
     vertex -4.596267e+00  3.856726e+00  6.000000e-01
     vertex -4.596267e+00  3.856726e+00  9.400000e+00
     vertex -4.398311e+00  4.081036e+00  6.000000e-01
   endloop
 endfacet
 facet normal -7.818315e-01  6.234898e-01  1.078369e-18
   outer loop
     vertex -4.782795e+00  3.622826e+00  6.000000e-01
     vertex -4.596267e+00  3.856726e+00  9.400000e+00
     vertex -4.596267e+00  3.856726e+00  6.000000e-01
   endloop
 endfacet
 facet normal -7.818315e-01  6.234898e-01  0.000000e+00
   outer loop
     vertex -4.782795e+00  3.622826e+00  6.000000e-01
     vertex -4.782795e+00  3.622826e+00  9.400000e+00
     vertex -4.596267e+00  3.856726e+00  9.400000e+00
   endloop
 endfacet
 facet normal -8.119380e-01  5.837437e-01  0.000000e+00
   outer loop
     vertex -4.957433e+00  3.379920e+00  6.000000e-01
     vertex -4.957433e+00  3.379920e+00  9.400000e+00
     vertex -4.782795e+00  3.622826e+00  9.400000e+00
   endloop
 endfacet
 facet normal -8.400259e-01  5.425463e-01  0.000000e+00
   outer loop
     vertex -4.957433e+00  3.379920e+00  6.000000e-01
     vertex -5.119745e+00  3.128611e+00  9.400000e+00
     vertex -4.957433e+00  3.379920e+00  9.400000e+00
   endloop
 endfacet
 facet normal -8.119380e-01  5.837437e-01 -9.158104e-19
   outer loop
     vertex -4.957433e+00  3.379920e+00  6.000000e-01
     vertex -4.782795e+00  3.622826e+00  9.400000e+00
     vertex -4.782795e+00  3.622826e+00  6.000000e-01
   endloop
 endfacet
 facet normal -8.400259e-01  5.425463e-01  0.000000e+00
   outer loop
     vertex -5.119745e+00  3.128611e+00  6.000000e-01
     vertex -5.119745e+00  3.128611e+00  9.400000e+00
     vertex -4.957433e+00  3.379920e+00  6.000000e-01
   endloop
 endfacet
 facet normal -8.660254e-01  5.000000e-01  0.000000e+00
   outer loop
     vertex -5.269329e+00  2.869524e+00  6.000000e-01
     vertex -5.269329e+00  2.869524e+00  9.400000e+00
     vertex -5.119745e+00  3.128611e+00  9.400000e+00
   endloop
 endfacet
 facet normal -8.660254e-01  5.000000e-01 -9.439880e-19
   outer loop
     vertex -5.269329e+00  2.869524e+00  6.000000e-01
     vertex -5.119745e+00  3.128611e+00  9.400000e+00
     vertex -5.119745e+00  3.128611e+00  6.000000e-01
   endloop
 endfacet
 facet normal -8.898718e-01  4.562107e-01  0.000000e+00
   outer loop
     vertex -5.405813e+00  2.603302e+00  6.000000e-01
     vertex -5.405813e+00  2.603302e+00  9.400000e+00
     vertex -5.269329e+00  2.869524e+00  9.400000e+00
   endloop
 endfacet
 facet normal -8.898718e-01  4.562107e-01  8.438740e-19
   outer loop
     vertex -5.405813e+00  2.603302e+00  6.000000e-01
     vertex -5.269329e+00  2.869524e+00  9.400000e+00
     vertex -5.269329e+00  2.869524e+00  6.000000e-01
   endloop
 endfacet
 facet normal -9.115059e-01  4.112871e-01  0.000000e+00
   outer loop
     vertex -5.528857e+00  2.330609e+00  6.000000e-01
     vertex -5.528857e+00  2.330609e+00  9.400000e+00
     vertex -5.405813e+00  2.603302e+00  9.400000e+00
   endloop
 endfacet
 facet normal -9.308737e-01  3.653410e-01  0.000000e+00
   outer loop
     vertex -5.528857e+00  2.330609e+00  6.000000e-01
     vertex -5.638156e+00  2.052121e+00  9.400000e+00
     vertex -5.528857e+00  2.330609e+00  9.400000e+00
   endloop
 endfacet
 facet normal -9.115059e-01  4.112871e-01  5.809962e-19
   outer loop
     vertex -5.528857e+00  2.330609e+00  6.000000e-01
     vertex -5.405813e+00  2.603302e+00  9.400000e+00
     vertex -5.405813e+00  2.603302e+00  6.000000e-01
   endloop
 endfacet
 facet normal -9.479273e-01  3.184867e-01  0.000000e+00
   outer loop
     vertex -5.638156e+00  2.052121e+00  6.000000e-01
     vertex -5.733437e+00  1.768531e+00  9.400000e+00
     vertex -5.638156e+00  2.052121e+00  9.400000e+00
   endloop
 endfacet
 facet normal -9.308737e-01  3.653410e-01  0.000000e+00
   outer loop
     vertex -5.638156e+00  2.052121e+00  6.000000e-01
     vertex -5.638156e+00  2.052121e+00  9.400000e+00
     vertex -5.528857e+00  2.330609e+00  6.000000e-01
   endloop
 endfacet
 facet normal -9.626242e-01  2.708405e-01  0.000000e+00
   outer loop
     vertex -5.733437e+00  1.768531e+00  6.000000e-01
     vertex -5.814464e+00  1.480544e+00  9.400000e+00
     vertex -5.733437e+00  1.768531e+00  9.400000e+00
   endloop
 endfacet
 facet normal -9.479273e-01  3.184867e-01  0.000000e+00
   outer loop
     vertex -5.733437e+00  1.768531e+00  6.000000e-01
     vertex -5.733437e+00  1.768531e+00  9.400000e+00
     vertex -5.638156e+00  2.052121e+00  6.000000e-01
   endloop
 endfacet
 facet normal -9.626242e-01  2.708405e-01  0.000000e+00
   outer loop
     vertex -5.814464e+00  1.480544e+00  6.000000e-01
     vertex -5.814464e+00  1.480544e+00  9.400000e+00
     vertex -5.733437e+00  1.768531e+00  6.000000e-01
   endloop
 endfacet
 facet normal -9.749279e-01  2.225209e-01  0.000000e+00
   outer loop
     vertex -5.881035e+00  1.188877e+00  6.000000e-01
     vertex -5.881035e+00  1.188877e+00  9.400000e+00
     vertex -5.814464e+00  1.480544e+00  9.400000e+00
   endloop
 endfacet
 facet normal -9.848078e-01  1.736482e-01  0.000000e+00
   outer loop
     vertex -5.881035e+00  1.188877e+00  6.000000e-01
     vertex -5.932985e+00  8.942536e-01  9.400000e+00
     vertex -5.881035e+00  1.188877e+00  9.400000e+00
   endloop
 endfacet
 facet normal -9.749279e-01  2.225209e-01 -3.351149e-19
   outer loop
     vertex -5.881035e+00  1.188877e+00  6.000000e-01
     vertex -5.814464e+00  1.480544e+00  9.400000e+00
     vertex -5.814464e+00  1.480544e+00  6.000000e-01
   endloop
 endfacet
 facet normal -9.848078e-01  1.736482e-01  0.000000e+00
   outer loop
     vertex -5.932985e+00  8.942536e-01  6.000000e-01
     vertex -5.932985e+00  8.942536e-01  9.400000e+00
     vertex -5.881035e+00  1.188877e+00  6.000000e-01
   endloop
 endfacet
 facet normal -9.922392e-01  1.243437e-01  0.000000e+00
   outer loop
     vertex -5.970185e+00  5.974071e-01  6.000000e-01
     vertex -5.970185e+00  5.974071e-01  9.400000e+00
     vertex -5.932985e+00  8.942536e-01  9.400000e+00
   endloop
 endfacet
 facet normal -9.922392e-01  1.243437e-01  6.595149e-20
   outer loop
     vertex -5.970185e+00  5.974071e-01  6.000000e-01
     vertex -5.932985e+00  8.942536e-01  9.400000e+00
     vertex -5.932985e+00  8.942536e-01  6.000000e-01
   endloop
 endfacet
 facet normal -9.972038e-01  7.473009e-02  1.635742e-19
   outer loop
     vertex -5.992542e+00  2.990753e-01  6.000000e-01
     vertex -5.970185e+00  5.974071e-01  9.400000e+00
     vertex -5.970185e+00  5.974071e-01  6.000000e-01
   endloop
 endfacet
 facet normal -9.972038e-01  7.473009e-02  0.000000e+00
   outer loop
     vertex -5.992542e+00  2.990753e-01  6.000000e-01
     vertex -5.992542e+00  2.990753e-01  9.400000e+00
     vertex -5.970185e+00  5.974071e-01  9.400000e+00
   endloop
 endfacet
 facet normal -9.996892e-01  2.493069e-02  5.793057e-20
   outer loop
     vertex -6.000000e+00 -2.058149e-14  6.000000e-01
     vertex -5.992542e+00  2.990753e-01  9.400000e+00
     vertex -5.992542e+00  2.990753e-01  6.000000e-01
   endloop
 endfacet
 facet normal -9.996892e-01  2.493069e-02  0.000000e+00
   outer loop
     vertex -6.000000e+00 -2.058149e-14  6.000000e-01
     vertex -6.000000e+00 -2.058149e-14  9.400000e+00
     vertex -5.992542e+00  2.990753e-01  9.400000e+00
   endloop
 endfacet
 facet normal -9.996892e-01 -2.493069e-02 -6.745220e-20
   outer loop
     vertex -5.992542e+00 -2.990753e-01  6.000000e-01
     vertex -6.000000e+00 -2.058149e-14  9.400000e+00
     vertex -6.000000e+00 -2.058149e-14  6.000000e-01
   endloop
 endfacet
 facet normal -9.996892e-01 -2.493069e-02  0.000000e+00
   outer loop
     vertex -5.992542e+00 -2.990753e-01  6.000000e-01
     vertex -5.992542e+00 -2.990753e-01  9.400000e+00
     vertex -6.000000e+00 -2.058149e-14  9.400000e+00
   endloop
 endfacet
 facet normal -9.972038e-01 -7.473009e-02 -6.175012e-20
   outer loop
     vertex -5.970185e+00 -5.974071e-01  6.000000e-01
     vertex -5.992542e+00 -2.990753e-01  9.400000e+00
     vertex -5.992542e+00 -2.990753e-01  6.000000e-01
   endloop
 endfacet
 facet normal -9.972038e-01 -7.473009e-02  0.000000e+00
   outer loop
     vertex -5.970185e+00 -5.974071e-01  6.000000e-01
     vertex -5.970185e+00 -5.974071e-01  9.400000e+00
     vertex -5.992542e+00 -2.990753e-01  9.400000e+00
   endloop
 endfacet
 facet normal -9.922392e-01 -1.243437e-01  5.666711e-20
   outer loop
     vertex -5.932985e+00 -8.942536e-01  6.000000e-01
     vertex -5.970185e+00 -5.974071e-01  9.400000e+00
     vertex -5.970185e+00 -5.974071e-01  6.000000e-01
   endloop
 endfacet
 facet normal -9.922392e-01 -1.243437e-01  0.000000e+00
   outer loop
     vertex -5.932985e+00 -8.942536e-01  6.000000e-01
     vertex -5.932985e+00 -8.942536e-01  9.400000e+00
     vertex -5.970185e+00 -5.974071e-01  9.400000e+00
   endloop
 endfacet
 facet normal -9.848078e-01 -1.736482e-01  1.604790e-19
   outer loop
     vertex -5.881035e+00 -1.188877e+00  6.000000e-01
     vertex -5.932985e+00 -8.942536e-01  9.400000e+00
     vertex -5.932985e+00 -8.942536e-01  6.000000e-01
   endloop
 endfacet
 facet normal -9.848078e-01 -1.736482e-01  0.000000e+00
   outer loop
     vertex -5.881035e+00 -1.188877e+00  6.000000e-01
     vertex -5.881035e+00 -1.188877e+00  9.400000e+00
     vertex -5.932985e+00 -8.942536e-01  9.400000e+00
   endloop
 endfacet
 facet normal -9.749279e-01 -2.225209e-01  2.386276e-19
   outer loop
     vertex -5.814464e+00 -1.480544e+00  6.000000e-01
     vertex -5.881035e+00 -1.188877e+00  9.400000e+00
     vertex -5.881035e+00 -1.188877e+00  6.000000e-01
   endloop
 endfacet
 facet normal -9.749279e-01 -2.225209e-01  0.000000e+00
   outer loop
     vertex -5.814464e+00 -1.480544e+00  6.000000e-01
     vertex -5.814464e+00 -1.480544e+00  9.400000e+00
     vertex -5.881035e+00 -1.188877e+00  9.400000e+00
   endloop
 endfacet
 facet normal -9.626242e-01 -2.708405e-01  7.850690e-20
   outer loop
     vertex -5.733437e+00 -1.768531e+00  6.000000e-01
     vertex -5.814464e+00 -1.480544e+00  9.400000e+00
     vertex -5.814464e+00 -1.480544e+00  6.000000e-01
   endloop
 endfacet
 facet normal -9.626242e-01 -2.708405e-01  0.000000e+00
   outer loop
     vertex -5.733437e+00 -1.768531e+00  6.000000e-01
     vertex -5.733437e+00 -1.768531e+00  9.400000e+00
     vertex -5.814464e+00 -1.480544e+00  9.400000e+00
   endloop
 endfacet
 facet normal -9.479273e-01 -3.184867e-01  6.365916e-19
   outer loop
     vertex -5.638156e+00 -2.052121e+00  6.000000e-01
     vertex -5.733437e+00 -1.768531e+00  9.400000e+00
     vertex -5.733437e+00 -1.768531e+00  6.000000e-01
   endloop
 endfacet
 facet normal -9.479273e-01 -3.184867e-01  0.000000e+00
   outer loop
     vertex -5.638156e+00 -2.052121e+00  6.000000e-01
     vertex -5.638156e+00 -2.052121e+00  9.400000e+00
     vertex -5.733437e+00 -1.768531e+00  9.400000e+00
   endloop
 endfacet
 facet normal -9.308737e-01 -3.653410e-01  4.063240e-19
   outer loop
     vertex -5.528857e+00 -2.330609e+00  6.000000e-01
     vertex -5.638156e+00 -2.052121e+00  9.400000e+00
     vertex -5.638156e+00 -2.052121e+00  6.000000e-01
   endloop
 endfacet
 facet normal -9.308737e-01 -3.653410e-01  0.000000e+00
   outer loop
     vertex -5.528857e+00 -2.330609e+00  6.000000e-01
     vertex -5.528857e+00 -2.330609e+00  9.400000e+00
     vertex -5.638156e+00 -2.052121e+00  9.400000e+00
   endloop
 endfacet
 facet normal -9.115059e-01 -4.112871e-01  0.000000e+00
   outer loop
     vertex -5.528857e+00 -2.330609e+00  6.000000e-01
     vertex -5.405813e+00 -2.603302e+00  9.400000e+00
     vertex -5.528857e+00 -2.330609e+00  9.400000e+00
   endloop
 endfacet
 facet normal -9.115059e-01 -4.112871e-01  0.000000e+00
   outer loop
     vertex -5.405813e+00 -2.603302e+00  6.000000e-01
     vertex -5.405813e+00 -2.603302e+00  9.400000e+00
     vertex -5.528857e+00 -2.330609e+00  6.000000e-01
   endloop
 endfacet
 facet normal -8.898718e-01 -4.562107e-01  0.000000e+00
   outer loop
     vertex -5.405813e+00 -2.603302e+00  6.000000e-01
     vertex -5.269329e+00 -2.869524e+00  9.400000e+00
     vertex -5.405813e+00 -2.603302e+00  9.400000e+00
   endloop
 endfacet
 facet normal -8.898718e-01 -4.562107e-01  0.000000e+00
   outer loop
     vertex -5.269329e+00 -2.869524e+00  6.000000e-01
     vertex -5.269329e+00 -2.869524e+00  9.400000e+00
     vertex -5.405813e+00 -2.603302e+00  6.000000e-01
   endloop
 endfacet
 facet normal -8.660254e-01 -5.000000e-01  4.055582e-20
   outer loop
     vertex -5.119745e+00 -3.128611e+00  6.000000e-01
     vertex -5.269329e+00 -2.869524e+00  9.400000e+00
     vertex -5.269329e+00 -2.869524e+00  6.000000e-01
   endloop
 endfacet
 facet normal -8.660254e-01 -5.000000e-01  0.000000e+00
   outer loop
     vertex -5.119745e+00 -3.128611e+00  6.000000e-01
     vertex -5.119745e+00 -3.128611e+00  9.400000e+00
     vertex -5.269329e+00 -2.869524e+00  9.400000e+00
   endloop
 endfacet
 facet normal -8.400259e-01 -5.425463e-01  5.229941e-19
   outer loop
     vertex -4.957433e+00 -3.379920e+00  6.000000e-01
     vertex -5.119745e+00 -3.128611e+00  9.400000e+00
     vertex -5.119745e+00 -3.128611e+00  6.000000e-01
   endloop
 endfacet
 facet normal -8.400259e-01 -5.425463e-01  0.000000e+00
   outer loop
     vertex -4.957433e+00 -3.379920e+00  6.000000e-01
     vertex -4.957433e+00 -3.379920e+00  9.400000e+00
     vertex -5.119745e+00 -3.128611e+00  9.400000e+00
   endloop
 endfacet
 facet normal -8.119380e-01 -5.837437e-01  0.000000e+00
   outer loop
     vertex -4.957433e+00 -3.379920e+00  6.000000e-01
     vertex -4.782795e+00 -3.622826e+00  9.400000e+00
     vertex -4.957433e+00 -3.379920e+00  9.400000e+00
   endloop
 endfacet
 facet normal -8.119380e-01 -5.837437e-01  0.000000e+00
   outer loop
     vertex -4.782795e+00 -3.622826e+00  6.000000e-01
     vertex -4.782795e+00 -3.622826e+00  9.400000e+00
     vertex -4.957433e+00 -3.379920e+00  6.000000e-01
   endloop
 endfacet
 facet normal -7.818315e-01 -6.234898e-01  0.000000e+00
   outer loop
     vertex -4.782795e+00 -3.622826e+00  6.000000e-01
     vertex -4.596267e+00 -3.856726e+00  9.400000e+00
     vertex -4.782795e+00 -3.622826e+00  9.400000e+00
   endloop
 endfacet
 facet normal -7.818315e-01 -6.234898e-01  0.000000e+00
   outer loop
     vertex -4.596267e+00 -3.856726e+00  6.000000e-01
     vertex -4.596267e+00 -3.856726e+00  9.400000e+00
     vertex -4.782795e+00 -3.622826e+00  6.000000e-01
   endloop
 endfacet
 facet normal -7.497812e-01 -6.616858e-01  1.214539e-18
   outer loop
     vertex -4.398311e+00 -4.081036e+00  6.000000e-01
     vertex -4.596267e+00 -3.856726e+00  9.400000e+00
     vertex -4.596267e+00 -3.856726e+00  6.000000e-01
   endloop
 endfacet
 facet normal -7.497812e-01 -6.616858e-01  0.000000e+00
   outer loop
     vertex -4.398311e+00 -4.081036e+00  6.000000e-01
     vertex -4.398311e+00 -4.081036e+00  9.400000e+00
     vertex -4.596267e+00 -3.856726e+00  9.400000e+00
   endloop
 endfacet
 facet normal -7.158668e-01 -6.982368e-01 -9.915233e-19
   outer loop
     vertex -4.189421e+00 -4.295201e+00  6.000000e-01
     vertex -4.398311e+00 -4.081036e+00  9.400000e+00
     vertex -4.398311e+00 -4.081036e+00  6.000000e-01
   endloop
 endfacet
 facet normal -7.158668e-01 -6.982368e-01  0.000000e+00
   outer loop
     vertex -4.189421e+00 -4.295201e+00  6.000000e-01
     vertex -4.189421e+00 -4.295201e+00  9.400000e+00
     vertex -4.398311e+00 -4.081036e+00  9.400000e+00
   endloop
 endfacet
 facet normal -6.801727e-01 -7.330519e-01  0.000000e+00
   outer loop
     vertex -4.189421e+00 -4.295201e+00  6.000000e-01
     vertex -3.970115e+00 -4.498687e+00  9.400000e+00
     vertex -4.189421e+00 -4.295201e+00  9.400000e+00
   endloop
 endfacet
 facet normal -6.801727e-01 -7.330519e-01  0.000000e+00
   outer loop
     vertex -3.970115e+00 -4.498687e+00  6.000000e-01
     vertex -3.970115e+00 -4.498687e+00  9.400000e+00
     vertex -4.189421e+00 -4.295201e+00  6.000000e-01
   endloop
 endfacet
 facet normal -6.427876e-01 -7.660444e-01  0.000000e+00
   outer loop
     vertex -3.970115e+00 -4.498687e+00  6.000000e-01
     vertex -3.740939e+00 -4.690989e+00  9.400000e+00
     vertex -3.970115e+00 -4.498687e+00  9.400000e+00
   endloop
 endfacet
 facet normal -6.427876e-01 -7.660444e-01  0.000000e+00
   outer loop
     vertex -3.740939e+00 -4.690989e+00  6.000000e-01
     vertex -3.740939e+00 -4.690989e+00  9.400000e+00
     vertex -3.970115e+00 -4.498687e+00  6.000000e-01
   endloop
 endfacet
 facet normal -6.038044e-01 -7.971325e-01  1.186774e-18
   outer loop
     vertex -3.502462e+00 -4.871628e+00  6.000000e-01
     vertex -3.740939e+00 -4.690989e+00  9.400000e+00
     vertex -3.740939e+00 -4.690989e+00  6.000000e-01
   endloop
 endfacet
 facet normal -6.038044e-01 -7.971325e-01  0.000000e+00
   outer loop
     vertex -3.502462e+00 -4.871628e+00  6.000000e-01
     vertex -3.502462e+00 -4.871628e+00  9.400000e+00
     vertex -3.740939e+00 -4.690989e+00  9.400000e+00
   endloop
 endfacet
 facet normal -5.633201e-01 -8.262388e-01  0.000000e+00
   outer loop
     vertex -3.255278e+00 -5.040156e+00  6.000000e-01
     vertex -3.255278e+00 -5.040156e+00  9.400000e+00
     vertex -3.502462e+00 -4.871628e+00  9.400000e+00
   endloop
 endfacet
 facet normal -5.633201e-01 -8.262388e-01  2.016445e-19
   outer loop
     vertex -3.255278e+00 -5.040156e+00  6.000000e-01
     vertex -3.502462e+00 -4.871628e+00  9.400000e+00
     vertex -3.502462e+00 -4.871628e+00  6.000000e-01
   endloop
 endfacet
 facet normal -5.214352e-01 -8.532909e-01  0.000000e+00
   outer loop
     vertex -3.255278e+00 -5.040156e+00  6.000000e-01
     vertex -3.000000e+00 -5.196152e+00  9.400000e+00
     vertex -3.255278e+00 -5.040156e+00  9.400000e+00
   endloop
 endfacet
 facet normal -4.782540e-01 -8.782216e-01  0.000000e+00
   outer loop
     vertex -3.000000e+00 -5.196152e+00  6.000000e-01
     vertex -2.737264e+00 -5.339231e+00  9.400000e+00
     vertex -3.000000e+00 -5.196152e+00  9.400000e+00
   endloop
 endfacet
 facet normal -5.214352e-01 -8.532909e-01  0.000000e+00
   outer loop
     vertex -3.000000e+00 -5.196152e+00  6.000000e-01
     vertex -3.000000e+00 -5.196152e+00  9.400000e+00
     vertex -3.255278e+00 -5.040156e+00  6.000000e-01
   endloop
 endfacet
 facet normal -4.782540e-01 -8.782216e-01  0.000000e+00
   outer loop
     vertex -2.737264e+00 -5.339231e+00  6.000000e-01
     vertex -2.737264e+00 -5.339231e+00  9.400000e+00
     vertex -3.000000e+00 -5.196152e+00  6.000000e-01
   endloop
 endfacet
 facet normal -4.338837e-01 -9.009689e-01  0.000000e+00
   outer loop
     vertex -2.467723e+00 -5.469035e+00  6.000000e-01
     vertex -2.467723e+00 -5.469035e+00  9.400000e+00
     vertex -2.737264e+00 -5.339231e+00  9.400000e+00
   endloop
 endfacet
 facet normal -4.338837e-01 -9.009689e-01 -8.495346e-19
   outer loop
     vertex -2.467723e+00 -5.469035e+00  6.000000e-01
     vertex -2.737264e+00 -5.339231e+00  9.400000e+00
     vertex -2.737264e+00 -5.339231e+00  6.000000e-01
   endloop
 endfacet
 facet normal -3.884348e-01 -9.214762e-01  0.000000e+00
   outer loop
     vertex -2.192046e+00 -5.585242e+00  6.000000e-01
     vertex -2.192046e+00 -5.585242e+00  9.400000e+00
     vertex -2.467723e+00 -5.469035e+00  9.400000e+00
   endloop
 endfacet
 facet normal -3.884348e-01 -9.214762e-01  3.907466e-19
   outer loop
     vertex -2.192046e+00 -5.585242e+00  6.000000e-01
     vertex -2.467723e+00 -5.469035e+00  9.400000e+00
     vertex -2.467723e+00 -5.469035e+00  6.000000e-01
   endloop
 endfacet
 facet normal -3.420201e-01 -9.396926e-01 -2.667311e-19
   outer loop
     vertex -1.910920e+00 -5.687564e+00  6.000000e-01
     vertex -2.192046e+00 -5.585242e+00  9.400000e+00
     vertex -2.192046e+00 -5.585242e+00  6.000000e-01
   endloop
 endfacet
 facet normal -3.420201e-01 -9.396926e-01  0.000000e+00
   outer loop
     vertex -1.910920e+00 -5.687564e+00  6.000000e-01
     vertex -1.910920e+00 -5.687564e+00  9.400000e+00
     vertex -2.192046e+00 -5.585242e+00  9.400000e+00
   endloop
 endfacet
 facet normal -2.947552e-01 -9.555728e-01 -6.305768e-19
   outer loop
     vertex -1.625043e+00 -5.775745e+00  6.000000e-01
     vertex -1.910920e+00 -5.687564e+00  9.400000e+00
     vertex -1.910920e+00 -5.687564e+00  6.000000e-01
   endloop
 endfacet
 facet normal -2.947552e-01 -9.555728e-01  0.000000e+00
   outer loop
     vertex -1.625043e+00 -5.775745e+00  6.000000e-01
     vertex -1.625043e+00 -5.775745e+00  9.400000e+00
     vertex -1.910920e+00 -5.687564e+00  9.400000e+00
   endloop
 endfacet
 facet normal -2.467574e-01 -9.690773e-01  0.000000e+00
   outer loop
     vertex -1.625043e+00 -5.775745e+00  6.000000e-01
     vertex -1.335126e+00 -5.849567e+00  9.400000e+00
     vertex -1.625043e+00 -5.775745e+00  9.400000e+00
   endloop
 endfacet
 facet normal -2.467574e-01 -9.690773e-01  0.000000e+00
   outer loop
     vertex -1.335126e+00 -5.849567e+00  6.000000e-01
     vertex -1.335126e+00 -5.849567e+00  9.400000e+00
     vertex -1.625043e+00 -5.775745e+00  6.000000e-01
   endloop
 endfacet
 facet normal -1.981461e-01 -9.801725e-01  0.000000e+00
   outer loop
     vertex -1.335126e+00 -5.849567e+00  6.000000e-01
     vertex -1.041889e+00 -5.908847e+00  9.400000e+00
     vertex -1.335126e+00 -5.849567e+00  9.400000e+00
   endloop
 endfacet
 facet normal -1.981461e-01 -9.801725e-01  0.000000e+00
   outer loop
     vertex -1.041889e+00 -5.908847e+00  6.000000e-01
     vertex -1.041889e+00 -5.908847e+00  9.400000e+00
     vertex -1.335126e+00 -5.849567e+00  6.000000e-01
   endloop
 endfacet
 facet normal -1.490423e-01 -9.888308e-01  8.910390e-20
   outer loop
     vertex -7.460622e-01 -5.953435e+00  6.000000e-01
     vertex -1.041889e+00 -5.908847e+00  9.400000e+00
     vertex -1.041889e+00 -5.908847e+00  6.000000e-01
   endloop
 endfacet
 facet normal -1.490423e-01 -9.888308e-01  0.000000e+00
   outer loop
     vertex -7.460622e-01 -5.953435e+00  6.000000e-01
     vertex -7.460622e-01 -5.953435e+00  9.400000e+00
     vertex -1.041889e+00 -5.908847e+00  9.400000e+00
   endloop
 endfacet
 facet normal -9.956785e-02 -9.950308e-01  0.000000e+00
   outer loop
     vertex -7.460622e-01 -5.953435e+00  6.000000e-01
     vertex -4.483806e-01 -5.983223e+00  9.400000e+00
     vertex -7.460622e-01 -5.953435e+00  9.400000e+00
   endloop
 endfacet
 facet normal -9.956785e-02 -9.950308e-01  0.000000e+00
   outer loop
     vertex -4.483806e-01 -5.983223e+00  6.000000e-01
     vertex -4.483806e-01 -5.983223e+00  9.400000e+00
     vertex -7.460622e-01 -5.953435e+00  6.000000e-01
   endloop
 endfacet
 facet normal -4.984589e-02 -9.987569e-01 -7.699320e-20
   outer loop
     vertex -1.495842e-01 -5.998135e+00  6.000000e-01
     vertex -4.483806e-01 -5.983223e+00  9.400000e+00
     vertex -4.483806e-01 -5.983223e+00  6.000000e-01
   endloop
 endfacet
 facet normal -4.984589e-02 -9.987569e-01  0.000000e+00
   outer loop
     vertex -1.495842e-01 -5.998135e+00  6.000000e-01
     vertex -1.495842e-01 -5.998135e+00  9.400000e+00
     vertex -4.483806e-01 -5.983223e+00  9.400000e+00
   endloop
 endfacet
 facet normal  1.187530e-14 -1.000000e+00  0.000000e+00
   outer loop
     vertex  1.495842e-01 -5.998135e+00  6.000000e-01
     vertex -1.495842e-01 -5.998135e+00  9.400000e+00
     vertex -1.495842e-01 -5.998135e+00  6.000000e-01
   endloop
 endfacet
 facet normal  1.187530e-14 -1.000000e+00  0.000000e+00
   outer loop
     vertex  1.495842e-01 -5.998135e+00  6.000000e-01
     vertex  1.495842e-01 -5.998135e+00  9.400000e+00
     vertex -1.495842e-01 -5.998135e+00  9.400000e+00
   endloop
 endfacet
 facet normal  4.984589e-02 -9.987569e-01  0.000000e+00
   outer loop
     vertex  1.495842e-01 -5.998135e+00  6.000000e-01
     vertex  4.483806e-01 -5.983223e+00  9.400000e+00
     vertex  1.495842e-01 -5.998135e+00  9.400000e+00
   endloop
 endfacet
 facet normal  4.984589e-02 -9.987569e-01  0.000000e+00
   outer loop
     vertex  4.483806e-01 -5.983223e+00  6.000000e-01
     vertex  4.483806e-01 -5.983223e+00  9.400000e+00
     vertex  1.495842e-01 -5.998135e+00  6.000000e-01
   endloop
 endfacet
 facet normal  9.956785e-02 -9.950308e-01  2.642608e-19
   outer loop
     vertex  7.460622e-01 -5.953435e+00  6.000000e-01
     vertex  4.483806e-01 -5.983223e+00  9.400000e+00
     vertex  4.483806e-01 -5.983223e+00  6.000000e-01
   endloop
 endfacet
 facet normal  9.956785e-02 -9.950308e-01  0.000000e+00
   outer loop
     vertex  7.460622e-01 -5.953435e+00  6.000000e-01
     vertex  7.460622e-01 -5.953435e+00  9.400000e+00
     vertex  4.483806e-01 -5.983223e+00  9.400000e+00
   endloop
 endfacet
 facet normal  1.490423e-01 -9.888308e-01  0.000000e+00
   outer loop
     vertex  7.460622e-01 -5.953435e+00  6.000000e-01
     vertex  1.041889e+00 -5.908847e+00  9.400000e+00
     vertex  7.460622e-01 -5.953435e+00  9.400000e+00
   endloop
 endfacet
 facet normal  1.490423e-01 -9.888308e-01  0.000000e+00
   outer loop
     vertex  1.041889e+00 -5.908847e+00  6.000000e-01
     vertex  1.041889e+00 -5.908847e+00  9.400000e+00
     vertex  7.460622e-01 -5.953435e+00  6.000000e-01
   endloop
 endfacet
 facet normal  1.981461e-01 -9.801725e-01 -5.021384e-19
   outer loop
     vertex  1.335126e+00 -5.849567e+00  6.000000e-01
     vertex  1.041889e+00 -5.908847e+00  9.400000e+00
     vertex  1.041889e+00 -5.908847e+00  6.000000e-01
   endloop
 endfacet
 facet normal  1.981461e-01 -9.801725e-01  0.000000e+00
   outer loop
     vertex  1.335126e+00 -5.849567e+00  6.000000e-01
     vertex  1.335126e+00 -5.849567e+00  9.400000e+00
     vertex  1.041889e+00 -5.908847e+00  9.400000e+00
   endloop
 endfacet
 facet normal  2.467574e-01 -9.690773e-01  0.000000e+00
   outer loop
     vertex  1.625043e+00 -5.775745e+00  6.000000e-01
     vertex  1.625043e+00 -5.775745e+00  9.400000e+00
     vertex  1.335126e+00 -5.849567e+00  9.400000e+00
   endloop
 endfacet
 facet normal  2.947552e-01 -9.555728e-01  0.000000e+00
   outer loop
     vertex  1.625043e+00 -5.775745e+00  6.000000e-01
     vertex  1.910920e+00 -5.687564e+00  9.400000e+00
     vertex  1.625043e+00 -5.775745e+00  9.400000e+00
   endloop
 endfacet
 facet normal  2.467574e-01 -9.690773e-01  3.307493e-19
   outer loop
     vertex  1.625043e+00 -5.775745e+00  6.000000e-01
     vertex  1.335126e+00 -5.849567e+00  9.400000e+00
     vertex  1.335126e+00 -5.849567e+00  6.000000e-01
   endloop
 endfacet
 facet normal  2.947552e-01 -9.555728e-01  0.000000e+00
   outer loop
     vertex  1.910920e+00 -5.687564e+00  6.000000e-01
     vertex  1.910920e+00 -5.687564e+00  9.400000e+00
     vertex  1.625043e+00 -5.775745e+00  6.000000e-01
   endloop
 endfacet
 facet normal  3.420201e-01 -9.396926e-01  0.000000e+00
   outer loop
     vertex  2.192046e+00 -5.585242e+00  6.000000e-01
     vertex  2.192046e+00 -5.585242e+00  9.400000e+00
     vertex  1.910920e+00 -5.687564e+00  9.400000e+00
   endloop
 endfacet
 facet normal  3.420201e-01 -9.396926e-01 -3.679091e-19
   outer loop
     vertex  2.192046e+00 -5.585242e+00  6.000000e-01
     vertex  1.910920e+00 -5.687564e+00  9.400000e+00
     vertex  1.910920e+00 -5.687564e+00  6.000000e-01
   endloop
 endfacet
 facet normal  3.884348e-01 -9.214762e-01  0.000000e+00
   outer loop
     vertex  2.467723e+00 -5.469035e+00  6.000000e-01
     vertex  2.467723e+00 -5.469035e+00  9.400000e+00
     vertex  2.192046e+00 -5.585242e+00  9.400000e+00
   endloop
 endfacet
 facet normal  3.884348e-01 -9.214762e-01  6.173633e-19
   outer loop
     vertex  2.467723e+00 -5.469035e+00  6.000000e-01
     vertex  2.192046e+00 -5.585242e+00  9.400000e+00
     vertex  2.192046e+00 -5.585242e+00  6.000000e-01
   endloop
 endfacet
 facet normal  4.338837e-01 -9.009689e-01  0.000000e+00
   outer loop
     vertex  2.737264e+00 -5.339231e+00  6.000000e-01
     vertex  2.737264e+00 -5.339231e+00  9.400000e+00
     vertex  2.467723e+00 -5.469035e+00  9.400000e+00
   endloop
 endfacet
 facet normal  4.782540e-01 -8.782216e-01  0.000000e+00
   outer loop
     vertex  2.737264e+00 -5.339231e+00  6.000000e-01
     vertex  3.000000e+00 -5.196152e+00  9.400000e+00
     vertex  2.737264e+00 -5.339231e+00  9.400000e+00
   endloop
 endfacet
 facet normal  4.338837e-01 -9.009689e-01 -4.234649e-20
   outer loop
     vertex  2.737264e+00 -5.339231e+00  6.000000e-01
     vertex  2.467723e+00 -5.469035e+00  9.400000e+00
     vertex  2.467723e+00 -5.469035e+00  6.000000e-01
   endloop
 endfacet
 facet normal  5.214352e-01 -8.532909e-01  0.000000e+00
   outer loop
     vertex  3.000000e+00 -5.196152e+00  6.000000e-01
     vertex  3.255278e+00 -5.040156e+00  9.400000e+00
     vertex  3.000000e+00 -5.196152e+00  9.400000e+00
   endloop
 endfacet
 facet normal  4.782540e-01 -8.782216e-01  0.000000e+00
   outer loop
     vertex  3.000000e+00 -5.196152e+00  6.000000e-01
     vertex  3.000000e+00 -5.196152e+00  9.400000e+00
     vertex  2.737264e+00 -5.339231e+00  6.000000e-01
   endloop
 endfacet
 facet normal  5.214352e-01 -8.532909e-01  0.000000e+00
   outer loop
     vertex  3.255278e+00 -5.040156e+00  6.000000e-01
     vertex  3.255278e+00 -5.040156e+00  9.400000e+00
     vertex  3.000000e+00 -5.196152e+00  6.000000e-01
   endloop
 endfacet
 facet normal  5.633201e-01 -8.262388e-01  0.000000e+00
   outer loop
     vertex  3.502462e+00 -4.871628e+00  6.000000e-01
     vertex  3.502462e+00 -4.871628e+00  9.400000e+00
     vertex  3.255278e+00 -5.040156e+00  9.400000e+00
   endloop
 endfacet
 facet normal  5.633201e-01 -8.262388e-01 -9.983406e-19
   outer loop
     vertex  3.502462e+00 -4.871628e+00  6.000000e-01
     vertex  3.255278e+00 -5.040156e+00  9.400000e+00
     vertex  3.255278e+00 -5.040156e+00  6.000000e-01
   endloop
 endfacet
 facet normal  6.038044e-01 -7.971325e-01  0.000000e+00
   outer loop
     vertex  3.740939e+00 -4.690989e+00  6.000000e-01
     vertex  3.740939e+00 -4.690989e+00  9.400000e+00
     vertex  3.502462e+00 -4.871628e+00  9.400000e+00
   endloop
 endfacet
 facet normal  6.038044e-01 -7.971325e-01 -3.703388e-19
   outer loop
     vertex  3.740939e+00 -4.690989e+00  6.000000e-01
     vertex  3.502462e+00 -4.871628e+00  9.400000e+00
     vertex  3.502462e+00 -4.871628e+00  6.000000e-01
   endloop
 endfacet
 facet normal  6.427876e-01 -7.660444e-01  0.000000e+00
   outer loop
     vertex  3.970115e+00 -4.498687e+00  6.000000e-01
     vertex  3.970115e+00 -4.498687e+00  9.400000e+00
     vertex  3.740939e+00 -4.690989e+00  9.400000e+00
   endloop
 endfacet
 facet normal  6.427876e-01 -7.660444e-01  6.527001e-20
   outer loop
     vertex  3.970115e+00 -4.498687e+00  6.000000e-01
     vertex  3.740939e+00 -4.690989e+00  9.400000e+00
     vertex  3.740939e+00 -4.690989e+00  6.000000e-01
   endloop
 endfacet
 facet normal  6.801727e-01 -7.330519e-01  0.000000e+00
   outer loop
     vertex  4.189421e+00 -4.295201e+00  6.000000e-01
     vertex  4.189421e+00 -4.295201e+00  9.400000e+00
     vertex  3.970115e+00 -4.498687e+00  9.400000e+00
   endloop
 endfacet
 facet normal  7.158668e-01 -6.982368e-01  0.000000e+00
   outer loop
     vertex  4.189421e+00 -4.295201e+00  6.000000e-01
     vertex  4.398311e+00 -4.081036e+00  9.400000e+00
     vertex  4.189421e+00 -4.295201e+00  9.400000e+00
   endloop
 endfacet
 facet normal  6.801727e-01 -7.330519e-01  2.844824e-19
   outer loop
     vertex  4.189421e+00 -4.295201e+00  6.000000e-01
     vertex  3.970115e+00 -4.498687e+00  9.400000e+00
     vertex  3.970115e+00 -4.498687e+00  6.000000e-01
   endloop
 endfacet
 facet normal  7.158668e-01 -6.982368e-01  0.000000e+00
   outer loop
     vertex  4.398311e+00 -4.081036e+00  6.000000e-01
     vertex  4.398311e+00 -4.081036e+00  9.400000e+00
     vertex  4.189421e+00 -4.295201e+00  6.000000e-01
   endloop
 endfacet
 facet normal  7.497812e-01 -6.616858e-01  1.010921e-18
   outer loop
     vertex  4.596267e+00 -3.856726e+00  6.000000e-01
     vertex  4.398311e+00 -4.081036e+00  9.400000e+00
     vertex  4.398311e+00 -4.081036e+00  6.000000e-01
   endloop
 endfacet
 facet normal  7.497812e-01 -6.616858e-01  0.000000e+00
   outer loop
     vertex  4.596267e+00 -3.856726e+00  6.000000e-01
     vertex  4.596267e+00 -3.856726e+00  9.400000e+00
     vertex  4.398311e+00 -4.081036e+00  9.400000e+00
   endloop
 endfacet
 facet normal  7.818315e-01 -6.234898e-01  9.009743e-19
   outer loop
     vertex  4.782795e+00 -3.622826e+00  6.000000e-01
     vertex  4.596267e+00 -3.856726e+00  9.400000e+00
     vertex  4.596267e+00 -3.856726e+00  6.000000e-01
   endloop
 endfacet
 facet normal  7.818315e-01 -6.234898e-01  0.000000e+00
   outer loop
     vertex  4.782795e+00 -3.622826e+00  6.000000e-01
     vertex  4.782795e+00 -3.622826e+00  9.400000e+00
     vertex  4.596267e+00 -3.856726e+00  9.400000e+00
   endloop
 endfacet
 facet normal  8.119380e-01 -5.837437e-01  6.869051e-19
   outer loop
     vertex  4.957433e+00 -3.379920e+00  6.000000e-01
     vertex  4.782795e+00 -3.622826e+00  9.400000e+00
     vertex  4.782795e+00 -3.622826e+00  6.000000e-01
   endloop
 endfacet
 facet normal  8.119380e-01 -5.837437e-01  0.000000e+00
   outer loop
     vertex  4.957433e+00 -3.379920e+00  6.000000e-01
     vertex  4.957433e+00 -3.379920e+00  9.400000e+00
     vertex  4.782795e+00 -3.622826e+00  9.400000e+00
   endloop
 endfacet
 facet normal  8.400259e-01 -5.425463e-01  0.000000e+00
   outer loop
     vertex  4.957433e+00 -3.379920e+00  6.000000e-01
     vertex  5.119745e+00 -3.128611e+00  9.400000e+00
     vertex  4.957433e+00 -3.379920e+00  9.400000e+00
   endloop
 endfacet
 facet normal  8.400259e-01 -5.425463e-01  0.000000e+00
   outer loop
     vertex  5.119745e+00 -3.128611e+00  6.000000e-01
     vertex  5.119745e+00 -3.128611e+00  9.400000e+00
     vertex  4.957433e+00 -3.379920e+00  6.000000e-01
   endloop
 endfacet
 facet normal  8.660254e-01 -5.000000e-01  1.175097e-18
   outer loop
     vertex  5.269329e+00 -2.869524e+00  6.000000e-01
     vertex  5.119745e+00 -3.128611e+00  9.400000e+00
     vertex  5.119745e+00 -3.128611e+00  6.000000e-01
   endloop
 endfacet
 facet normal  8.660254e-01 -5.000000e-01  0.000000e+00
   outer loop
     vertex  5.269329e+00 -2.869524e+00  6.000000e-01
     vertex  5.269329e+00 -2.869524e+00  9.400000e+00
     vertex  5.119745e+00 -3.128611e+00  9.400000e+00
   endloop
 endfacet
 facet normal  8.898718e-01 -4.562107e-01  0.000000e+00
   outer loop
     vertex  5.405813e+00 -2.603302e+00  6.000000e-01
     vertex  5.405813e+00 -2.603302e+00  9.400000e+00
     vertex  5.269329e+00 -2.869524e+00  9.400000e+00
   endloop
 endfacet
 facet normal  8.898718e-01 -4.562107e-01 -1.195482e-19
   outer loop
     vertex  5.405813e+00 -2.603302e+00  6.000000e-01
     vertex  5.269329e+00 -2.869524e+00  9.400000e+00
     vertex  5.269329e+00 -2.869524e+00  6.000000e-01
   endloop
 endfacet
 facet normal  9.115059e-01 -4.112871e-01  0.000000e+00
   outer loop
     vertex  5.528857e+00 -2.330609e+00  6.000000e-01
     vertex  5.528857e+00 -2.330609e+00  9.400000e+00
     vertex  5.405813e+00 -2.603302e+00  9.400000e+00
   endloop
 endfacet
 facet normal  9.115059e-01 -4.112871e-01  1.410454e-20
   outer loop
     vertex  5.528857e+00 -2.330609e+00  6.000000e-01
     vertex  5.405813e+00 -2.603302e+00  9.400000e+00
     vertex  5.405813e+00 -2.603302e+00  6.000000e-01
   endloop
 endfacet
 facet normal  9.308737e-01 -3.653410e-01  0.000000e+00
   outer loop
     vertex  5.638156e+00 -2.052121e+00  6.000000e-01
     vertex  5.638156e+00 -2.052121e+00  9.400000e+00
     vertex  5.528857e+00 -2.330609e+00  9.400000e+00
   endloop
 endfacet
 facet normal  9.308737e-01 -3.653410e-01 -5.243237e-19
   outer loop
     vertex  5.638156e+00 -2.052121e+00  6.000000e-01
     vertex  5.528857e+00 -2.330609e+00  9.400000e+00
     vertex  5.528857e+00 -2.330609e+00  6.000000e-01
   endloop
 endfacet
 facet normal  9.479273e-01 -3.184867e-01  0.000000e+00
   outer loop
     vertex  5.733437e+00 -1.768531e+00  6.000000e-01
     vertex  5.733437e+00 -1.768531e+00  9.400000e+00
     vertex  5.638156e+00 -2.052121e+00  9.400000e+00
   endloop
 endfacet
 facet normal  9.626242e-01 -2.708405e-01  0.000000e+00
   outer loop
     vertex  5.733437e+00 -1.768531e+00  6.000000e-01
     vertex  5.814464e+00 -1.480544e+00  9.400000e+00
     vertex  5.733437e+00 -1.768531e+00  9.400000e+00
   endloop
 endfacet
 facet normal  9.479273e-01 -3.184867e-01 -2.570993e-19
   outer loop
     vertex  5.733437e+00 -1.768531e+00  6.000000e-01
     vertex  5.638156e+00 -2.052121e+00  9.400000e+00
     vertex  5.638156e+00 -2.052121e+00  6.000000e-01
   endloop
 endfacet
 facet normal  9.626242e-01 -2.708405e-01  0.000000e+00
   outer loop
     vertex  5.814464e+00 -1.480544e+00  6.000000e-01
     vertex  5.814464e+00 -1.480544e+00  9.400000e+00
     vertex  5.733437e+00 -1.768531e+00  6.000000e-01
   endloop
 endfacet
 facet normal  9.749279e-01 -2.225209e-01  0.000000e+00
   outer loop
     vertex  5.881035e+00 -1.188877e+00  6.000000e-01
     vertex  5.881035e+00 -1.188877e+00  9.400000e+00
     vertex  5.814464e+00 -1.480544e+00  9.400000e+00
   endloop
 endfacet
 facet normal  9.749279e-01 -2.225209e-01 -3.768210e-19
   outer loop
     vertex  5.881035e+00 -1.188877e+00  6.000000e-01
     vertex  5.814464e+00 -1.480544e+00  9.400000e+00
     vertex  5.814464e+00 -1.480544e+00  6.000000e-01
   endloop
 endfacet
 facet normal  9.848078e-01 -1.736482e-01  0.000000e+00
   outer loop
     vertex  5.932985e+00 -8.942536e-01  6.000000e-01
     vertex  5.932985e+00 -8.942536e-01  9.400000e+00
     vertex  5.881035e+00 -1.188877e+00  9.400000e+00
   endloop
 endfacet
 facet normal  9.848078e-01 -1.736482e-01  1.793612e-19
   outer loop
     vertex  5.932985e+00 -8.942536e-01  6.000000e-01
     vertex  5.881035e+00 -1.188877e+00  9.400000e+00
     vertex  5.881035e+00 -1.188877e+00  6.000000e-01
   endloop
 endfacet
 facet normal  9.922392e-01 -1.243437e-01  0.000000e+00
   outer loop
     vertex  5.970185e+00 -5.974071e-01  6.000000e-01
     vertex  5.970185e+00 -5.974071e-01  9.400000e+00
     vertex  5.932985e+00 -8.942536e-01  9.400000e+00
   endloop
 endfacet
 facet normal  9.922392e-01 -1.243437e-01 -2.194454e-19
   outer loop
     vertex  5.970185e+00 -5.974071e-01  6.000000e-01
     vertex  5.932985e+00 -8.942536e-01  9.400000e+00
     vertex  5.932985e+00 -8.942536e-01  6.000000e-01
   endloop
 endfacet
 facet normal  9.972038e-01 -7.473009e-02  0.000000e+00
   outer loop
     vertex  5.992542e+00 -2.990753e-01  6.000000e-01
     vertex  5.992542e+00 -2.990753e-01  9.400000e+00
     vertex  5.970185e+00 -5.974071e-01  9.400000e+00
   endloop
 endfacet
 facet normal  9.996892e-01 -2.493069e-02  0.000000e+00
   outer loop
     vertex  5.992542e+00 -2.990753e-01  6.000000e-01
     vertex  6.000000e+00  0.000000e+00  9.400000e+00
     vertex  5.992542e+00 -2.990753e-01  9.400000e+00
   endloop
 endfacet
 facet normal  9.972038e-01 -7.473009e-02  6.327360e-20
   outer loop
     vertex  5.992542e+00 -2.990753e-01  6.000000e-01
     vertex  5.970185e+00 -5.974071e-01  9.400000e+00
     vertex  5.970185e+00 -5.974071e-01  6.000000e-01
   endloop
 endfacet
 facet normal  9.996892e-01 -2.493069e-02  0.000000e+00
   outer loop
     vertex  6.000000e+00  0.000000e+00  6.000000e-01
     vertex  6.000000e+00  0.000000e+00  9.400000e+00
     vertex  5.992542e+00 -2.990753e-01  6.000000e-01
   endloop
 endfacet
 facet normal  7.069969e-01  1.763140e-02 -7.069969e-01
   outer loop
     vertex  5.700000e+00  0.000000e+00  3.000000e-01
     vertex  5.992542e+00  2.990753e-01  6.000000e-01
     vertex  6.000000e+00  0.000000e+00  6.000000e-01
   endloop
 endfacet
 facet normal  7.069969e-01  1.763140e-02 -7.069969e-01
   outer loop
     vertex  5.393287e+00  2.691678e-01  0.000000e+00
     vertex  5.700000e+00  0.000000e+00  3.000000e-01
     vertex  5.400000e+00  0.000000e+00  0.000000e+00
   endloop
 endfacet
 facet normal  7.069969e-01 -1.763140e-02 -7.069969e-01
   outer loop
     vertex  5.700000e+00  0.000000e+00  3.000000e-01
     vertex  6.000000e+00  0.000000e+00  6.000000e-01
     vertex  5.992542e+00 -2.990753e-01  6.000000e-01
   endloop
 endfacet
 facet normal  7.069969e-01 -1.763140e-02 -7.069969e-01
   outer loop
     vertex  5.400000e+00  0.000000e+00  0.000000e+00
     vertex  5.700000e+00  0.000000e+00  3.000000e-01
     vertex  5.393287e+00 -2.691678e-01  0.000000e+00
   endloop
 endfacet
 facet normal  7.052392e-01  5.285037e-02 -7.069969e-01
   outer loop
     vertex  5.671675e+00  5.675367e-01  3.000000e-01
     vertex  5.970185e+00  5.974071e-01  6.000000e-01
     vertex  5.992542e+00  2.990753e-01  6.000000e-01
   endloop
 endfacet
 facet normal  7.017281e-01  8.793794e-02 -7.069969e-01
   outer loop
     vertex  5.671675e+00  5.675367e-01  3.000000e-01
     vertex  5.932985e+00  8.942536e-01  6.000000e-01
     vertex  5.970185e+00  5.974071e-01  6.000000e-01
   endloop
 endfacet
 facet normal  7.052392e-01  5.285037e-02 -7.069969e-01
   outer loop
     vertex  5.671675e+00  5.675367e-01  3.000000e-01
     vertex  5.393287e+00  2.691678e-01  0.000000e+00
     vertex  5.373166e+00  5.376664e-01  0.000000e+00
   endloop
 endfacet
 facet normal  7.017281e-01  8.793794e-02 -7.069969e-01
   outer loop
     vertex  5.671675e+00  5.675367e-01  3.000000e-01
     vertex  5.373166e+00  5.376664e-01  0.000000e+00
     vertex  5.339686e+00  8.048282e-01  0.000000e+00
   endloop
 endfacet
 facet normal  6.979376e-01  3.483262e-02 -7.153110e-01
   outer loop
     vertex  5.671675e+00  5.675367e-01  3.000000e-01
     vertex  5.992542e+00  2.990753e-01  6.000000e-01
     vertex  5.700000e+00  0.000000e+00  3.000000e-01
   endloop
 endfacet
 facet normal  7.146165e-01  3.566502e-02 -6.986067e-01
   outer loop
     vertex  5.671675e+00  5.675367e-01  3.000000e-01
     vertex  5.700000e+00  0.000000e+00  3.000000e-01
     vertex  5.393287e+00  2.691678e-01  0.000000e+00
   endloop
 endfacet
 facet normal  6.964725e-01  1.228069e-01 -7.069969e-01
   outer loop
     vertex  5.586983e+00  1.129433e+00  3.000000e-01
     vertex  5.881035e+00  1.188877e+00  6.000000e-01
     vertex  5.932985e+00  8.942536e-01  6.000000e-01
   endloop
 endfacet
 facet normal  6.894853e-01  1.573705e-01 -7.069969e-01
   outer loop
     vertex  5.586983e+00  1.129433e+00  3.000000e-01
     vertex  5.814464e+00  1.480544e+00  6.000000e-01
     vertex  5.881035e+00  1.188877e+00  6.000000e-01
   endloop
 endfacet
 facet normal  6.964725e-01  1.228069e-01 -7.069969e-01
   outer loop
     vertex  5.586983e+00  1.129433e+00  3.000000e-01
     vertex  5.339686e+00  8.048282e-01  0.000000e+00
     vertex  5.292931e+00  1.069989e+00  0.000000e+00
   endloop
 endfacet
 facet normal  6.894853e-01  1.573705e-01 -7.069969e-01
   outer loop
     vertex  5.586983e+00  1.129433e+00  3.000000e-01
     vertex  5.292931e+00  1.069989e+00  0.000000e+00
     vertex  5.233017e+00  1.332490e+00  0.000000e+00
   endloop
 endfacet
 facet normal  6.910012e-01  1.041517e-01 -7.153110e-01
   outer loop
     vertex  5.586983e+00  1.129433e+00  3.000000e-01
     vertex  5.932985e+00  8.942536e-01  6.000000e-01
     vertex  5.671675e+00  5.675367e-01  3.000000e-01
   endloop
 endfacet
 facet normal  7.075143e-01  1.066406e-01 -6.986067e-01
   outer loop
     vertex  5.586983e+00  1.129433e+00  3.000000e-01
     vertex  5.671675e+00  5.675367e-01  3.000000e-01
     vertex  5.339686e+00  8.048282e-01  0.000000e+00
   endloop
 endfacet
 facet normal  6.807839e-01  1.915429e-01 -7.069969e-01
   outer loop
     vertex  5.446765e+00  1.680104e+00  3.000000e-01
     vertex  5.733437e+00  1.768531e+00  6.000000e-01
     vertex  5.814464e+00  1.480544e+00  6.000000e-01
   endloop
 endfacet
 facet normal  6.703900e-01  2.252391e-01 -7.069969e-01
   outer loop
     vertex  5.446765e+00  1.680104e+00  3.000000e-01
     vertex  5.638156e+00  2.052121e+00  6.000000e-01
     vertex  5.733437e+00  1.768531e+00  6.000000e-01
   endloop
 endfacet
 facet normal  6.933805e-01  1.765564e-01 -6.986067e-01
   outer loop
     vertex  5.446765e+00  1.680104e+00  3.000000e-01
     vertex  5.586983e+00  1.129433e+00  3.000000e-01
     vertex  5.233017e+00  1.332490e+00  0.000000e+00
   endloop
 endfacet
 facet normal  6.807839e-01  1.915429e-01 -7.069969e-01
   outer loop
     vertex  5.446765e+00  1.680104e+00  3.000000e-01
     vertex  5.233017e+00  1.332490e+00  0.000000e+00
     vertex  5.160093e+00  1.591678e+00  0.000000e+00
   endloop
 endfacet
 facet normal  6.703900e-01  2.252391e-01 -7.069969e-01
   outer loop
     vertex  5.446765e+00  1.680104e+00  3.000000e-01
     vertex  5.160093e+00  1.591678e+00  0.000000e+00
     vertex  5.074340e+00  1.846909e+00  0.000000e+00
   endloop
 endfacet
 facet normal  6.771973e-01  1.724356e-01 -7.153110e-01
   outer loop
     vertex  5.446765e+00  1.680104e+00  3.000000e-01
     vertex  5.814464e+00  1.480544e+00  6.000000e-01
     vertex  5.586983e+00  1.129433e+00  3.000000e-01
   endloop
 endfacet
 facet normal  6.583294e-01  2.583753e-01 -7.069969e-01
   outer loop
     vertex  5.252414e+00  2.214078e+00  3.000000e-01
     vertex  5.528857e+00  2.330609e+00  6.000000e-01
     vertex  5.638156e+00  2.052121e+00  6.000000e-01
   endloop
 endfacet
 facet normal  6.446321e-01  2.908691e-01 -7.069969e-01
   outer loop
     vertex  5.252414e+00  2.214078e+00  3.000000e-01
     vertex  5.405813e+00  2.603302e+00  6.000000e-01
     vertex  5.528857e+00  2.330609e+00  6.000000e-01
   endloop
 endfacet
 facet normal  6.566631e-01  2.390058e-01 -7.153110e-01
   outer loop
     vertex  5.252414e+00  2.214078e+00  3.000000e-01
     vertex  5.638156e+00  2.052121e+00  6.000000e-01
     vertex  5.446765e+00  1.680104e+00  3.000000e-01
   endloop
 endfacet
 facet normal  6.583294e-01  2.583753e-01 -7.069969e-01
   outer loop
     vertex  5.252414e+00  2.214078e+00  3.000000e-01
     vertex  5.074340e+00  1.846909e+00  0.000000e+00
     vertex  4.975972e+00  2.097548e+00  0.000000e+00
   endloop
 endfacet
 facet normal  6.446321e-01  2.908691e-01 -7.069969e-01
   outer loop
     vertex  5.252414e+00  2.214078e+00  3.000000e-01
     vertex  4.975972e+00  2.097548e+00  0.000000e+00
     vertex  4.865232e+00  2.342972e+00  0.000000e+00
   endloop
 endfacet
 facet normal  6.723556e-01  2.447174e-01 -6.986067e-01
   outer loop
     vertex  5.252414e+00  2.214078e+00  3.000000e-01
     vertex  5.446765e+00  1.680104e+00  3.000000e-01
     vertex  5.074340e+00  1.846909e+00  0.000000e+00
   endloop
 endfacet
 facet normal  6.293322e-01  3.226398e-01 -7.069969e-01
   outer loop
     vertex  5.005863e+00  2.726048e+00  3.000000e-01
     vertex  5.269329e+00  2.869524e+00  6.000000e-01
     vertex  5.405813e+00  2.603302e+00  6.000000e-01
   endloop
 endfacet
 facet normal  6.124676e-01  3.536083e-01 -7.069969e-01
   outer loop
     vertex  5.005863e+00  2.726048e+00  3.000000e-01
     vertex  5.119745e+00  3.128611e+00  6.000000e-01
     vertex  5.269329e+00  2.869524e+00  6.000000e-01
   endloop
 endfacet
 facet normal  6.293322e-01  3.226398e-01 -7.069969e-01
   outer loop
     vertex  5.005863e+00  2.726048e+00  3.000000e-01
     vertex  4.865232e+00  2.342972e+00  0.000000e+00
     vertex  4.742396e+00  2.582571e+00  0.000000e+00
   endloop
 endfacet
 facet normal  6.124676e-01  3.536083e-01 -7.069969e-01
   outer loop
     vertex  5.005863e+00  2.726048e+00  3.000000e-01
     vertex  4.742396e+00  2.582571e+00  0.000000e+00
     vertex  4.607771e+00  2.815750e+00  0.000000e+00
   endloop
 endfacet
 facet normal  6.296027e-01  3.032007e-01 -7.153110e-01
   outer loop
     vertex  5.005863e+00  2.726048e+00  3.000000e-01
     vertex  5.405813e+00  2.603302e+00  6.000000e-01
     vertex  5.252414e+00  2.214078e+00  3.000000e-01
   endloop
 endfacet
 facet normal  6.446485e-01  3.104464e-01 -6.986067e-01
   outer loop
     vertex  5.005863e+00  2.726048e+00  3.000000e-01
     vertex  5.252414e+00  2.214078e+00  3.000000e-01
     vertex  4.865232e+00  2.342972e+00  0.000000e+00
   endloop
 endfacet
 facet normal  5.962850e-01  3.643822e-01 -7.153110e-01
   outer loop
     vertex  4.709561e+00  3.210924e+00  3.000000e-01
     vertex  5.119745e+00  3.128611e+00  6.000000e-01
     vertex  5.005863e+00  2.726048e+00  3.000000e-01
   endloop
 endfacet
 facet normal  5.940803e-01  3.836978e-01 -7.069969e-01
   outer loop
     vertex  4.709561e+00  3.210924e+00  3.000000e-01
     vertex  4.957433e+00  3.379920e+00  6.000000e-01
     vertex  5.119745e+00  3.128611e+00  6.000000e-01
   endloop
 endfacet
 facet normal  5.742161e-01  4.128333e-01 -7.069969e-01
   outer loop
     vertex  4.709561e+00  3.210924e+00  3.000000e-01
     vertex  4.782795e+00  3.622826e+00  6.000000e-01
     vertex  4.957433e+00  3.379920e+00  6.000000e-01
   endloop
 endfacet
 facet normal  6.105346e-01  3.730900e-01 -6.986067e-01
   outer loop
     vertex  4.709561e+00  3.210924e+00  3.000000e-01
     vertex  5.005863e+00  2.726048e+00  3.000000e-01
     vertex  4.607771e+00  2.815750e+00  0.000000e+00
   endloop
 endfacet
 facet normal  5.940803e-01  3.836978e-01 -7.069969e-01
   outer loop
     vertex  4.709561e+00  3.210924e+00  3.000000e-01
     vertex  4.607771e+00  2.815750e+00  0.000000e+00
     vertex  4.461689e+00  3.041928e+00  0.000000e+00
   endloop
 endfacet
 facet normal  5.742161e-01  4.128333e-01 -7.069969e-01
   outer loop
     vertex  4.709561e+00  3.210924e+00  3.000000e-01
     vertex  4.461689e+00  3.041928e+00  0.000000e+00
     vertex  4.304516e+00  3.260544e+00  0.000000e+00
   endloop
 endfacet
 facet normal  5.529243e-01  4.409424e-01 -7.069969e-01
   outer loop
     vertex  4.366453e+00  3.663889e+00  3.000000e-01
     vertex  4.596267e+00  3.856726e+00  6.000000e-01
     vertex  4.782795e+00  3.622826e+00  6.000000e-01
   endloop
 endfacet
 facet normal  5.302578e-01  4.679553e-01 -7.069969e-01
   outer loop
     vertex  4.366453e+00  3.663889e+00  3.000000e-01
     vertex  4.398311e+00  4.081036e+00  6.000000e-01
     vertex  4.596267e+00  3.856726e+00  6.000000e-01
   endloop
 endfacet
 facet normal  5.570412e-01  4.219423e-01 -7.153110e-01
   outer loop
     vertex  4.366453e+00  3.663889e+00  3.000000e-01
     vertex  4.782795e+00  3.622826e+00  6.000000e-01
     vertex  4.709561e+00  3.210924e+00  3.000000e-01
   endloop
 endfacet
 facet normal  5.529243e-01  4.409424e-01 -7.069969e-01
   outer loop
     vertex  4.366453e+00  3.663889e+00  3.000000e-01
     vertex  4.304516e+00  3.260544e+00  0.000000e+00
     vertex  4.136640e+00  3.471053e+00  0.000000e+00
   endloop
 endfacet
 facet normal  5.302578e-01  4.679553e-01 -7.069969e-01
   outer loop
     vertex  4.366453e+00  3.663889e+00  3.000000e-01
     vertex  4.136640e+00  3.471053e+00  0.000000e+00
     vertex  3.958480e+00  3.672933e+00  0.000000e+00
   endloop
 endfacet
 facet normal  5.703530e-01  4.320256e-01 -6.986067e-01
   outer loop
     vertex  4.366453e+00  3.663889e+00  3.000000e-01
     vertex  4.709561e+00  3.210924e+00  3.000000e-01
     vertex  4.304516e+00  3.260544e+00  0.000000e+00
   endloop
 endfacet
 facet normal  5.062730e-01  4.938047e-01 -7.069969e-01
   outer loop
     vertex  3.979950e+00  4.080441e+00  3.000000e-01
     vertex  4.189421e+00  4.295201e+00  6.000000e-01
     vertex  4.398311e+00  4.081036e+00  6.000000e-01
   endloop
 endfacet
 facet normal  4.810295e-01  5.184265e-01 -7.069969e-01
   outer loop
     vertex  3.979950e+00  4.080441e+00  3.000000e-01
     vertex  3.970115e+00  4.498687e+00  6.000000e-01
     vertex  4.189421e+00  4.295201e+00  6.000000e-01
   endloop
 endfacet
 facet normal  5.062730e-01  4.938047e-01 -7.069969e-01
   outer loop
     vertex  3.979950e+00  4.080441e+00  3.000000e-01
     vertex  3.958480e+00  3.672933e+00  0.000000e+00
     vertex  3.770479e+00  3.865681e+00  0.000000e+00
   endloop
 endfacet
 facet normal  4.810295e-01  5.184265e-01 -7.069969e-01
   outer loop
     vertex  3.979950e+00  4.080441e+00  3.000000e-01
     vertex  3.770479e+00  3.865681e+00  0.000000e+00
     vertex  3.573104e+00  4.048818e+00  0.000000e+00
   endloop
 endfacet
 facet normal  5.122612e-01  4.753090e-01 -7.153110e-01
   outer loop
     vertex  3.979950e+00  4.080441e+00  3.000000e-01
     vertex  4.398311e+00  4.081036e+00  6.000000e-01
     vertex  4.366453e+00  3.663889e+00  3.000000e-01
   endloop
 endfacet
 facet normal  5.245029e-01  4.866676e-01 -6.986067e-01
   outer loop
     vertex  3.979950e+00  4.080441e+00  3.000000e-01
     vertex  4.366453e+00  3.663889e+00  3.000000e-01
     vertex  3.958480e+00  3.672933e+00  0.000000e+00
   endloop
 endfacet
 facet normal  4.623902e-01  5.239518e-01 -7.153110e-01
   outer loop
     vertex  3.553892e+00  4.456439e+00  3.000000e-01
     vertex  3.970115e+00  4.498687e+00  6.000000e-01
     vertex  3.979950e+00  4.080441e+00  3.000000e-01
   endloop
 endfacet
 facet normal  4.545901e-01  5.417594e-01 -7.069969e-01
   outer loop
     vertex  3.553892e+00  4.456439e+00  3.000000e-01
     vertex  3.740939e+00  4.690989e+00  6.000000e-01
     vertex  3.970115e+00  4.498687e+00  6.000000e-01
   endloop
 endfacet
 facet normal  4.270206e-01  5.637454e-01 -7.069969e-01
   outer loop
     vertex  3.553892e+00  4.456439e+00  3.000000e-01
     vertex  3.502462e+00  4.871628e+00  6.000000e-01
     vertex  3.740939e+00  4.690989e+00  6.000000e-01
   endloop
 endfacet
 facet normal  4.734401e-01  5.364729e-01 -6.986067e-01
   outer loop
     vertex  3.553892e+00  4.456439e+00  3.000000e-01
     vertex  3.979950e+00  4.080441e+00  3.000000e-01
     vertex  3.573104e+00  4.048818e+00  0.000000e+00
   endloop
 endfacet
 facet normal  4.545901e-01  5.417594e-01 -7.069969e-01
   outer loop
     vertex  3.553892e+00  4.456439e+00  3.000000e-01
     vertex  3.573104e+00  4.048818e+00  0.000000e+00
     vertex  3.366845e+00  4.221890e+00  0.000000e+00
   endloop
 endfacet
 facet normal  4.270206e-01  5.637454e-01 -7.069969e-01
   outer loop
     vertex  3.553892e+00  4.456439e+00  3.000000e-01
     vertex  3.366845e+00  4.221890e+00  0.000000e+00
     vertex  3.152216e+00  4.384465e+00  0.000000e+00
   endloop
 endfacet
 facet normal  3.983893e-01  5.843298e-01 -7.069969e-01
   outer loop
     vertex  3.092514e+00  4.788148e+00  3.000000e-01
     vertex  3.255278e+00  5.040156e+00  6.000000e-01
     vertex  3.502462e+00  4.871628e+00  6.000000e-01
   endloop
 endfacet
 facet normal  3.687677e-01  6.034615e-01 -7.069969e-01
   outer loop
     vertex  3.092514e+00  4.788148e+00  3.000000e-01
     vertex  3.000000e+00  5.196152e+00  6.000000e-01
     vertex  3.255278e+00  5.040156e+00  6.000000e-01
   endloop
 endfacet
 facet normal  3.983893e-01  5.843298e-01 -7.069969e-01
   outer loop
     vertex  3.092514e+00  4.788148e+00  3.000000e-01
     vertex  3.152216e+00  4.384465e+00  0.000000e+00
     vertex  2.929750e+00  4.536140e+00  0.000000e+00
   endloop
 endfacet
 facet normal  3.687677e-01  6.034615e-01 -7.069969e-01
   outer loop
     vertex  3.092514e+00  4.788148e+00  3.000000e-01
     vertex  2.929750e+00  4.536140e+00  0.000000e+00
     vertex  2.700000e+00  4.676537e+00  0.000000e+00
   endloop
 endfacet
 facet normal  4.079237e-01  5.673874e-01 -7.153110e-01
   outer loop
     vertex  3.092514e+00  4.788148e+00  3.000000e-01
     vertex  3.502462e+00  4.871628e+00  6.000000e-01
     vertex  3.553892e+00  4.456439e+00  3.000000e-01
   endloop
 endfacet
 facet normal  4.176720e-01  5.809464e-01 -6.986067e-01
   outer loop
     vertex  3.092514e+00  4.788148e+00  3.000000e-01
     vertex  3.553892e+00  4.456439e+00  3.000000e-01
     vertex  3.152216e+00  4.384465e+00  0.000000e+00
   endloop
 endfacet
 facet normal  3.577529e-01  6.196463e-01 -6.986067e-01
   outer loop
     vertex  2.600401e+00  5.072269e+00  3.000000e-01
     vertex  3.092514e+00  4.788148e+00  3.000000e-01
     vertex  2.700000e+00  4.676537e+00  0.000000e+00
   endloop
 endfacet
 facet normal  3.382292e-01  6.210929e-01 -7.069969e-01
   outer loop
     vertex  2.600401e+00  5.072269e+00  3.000000e-01
     vertex  2.737264e+00  5.339231e+00  6.000000e-01
     vertex  3.000000e+00  5.196152e+00  6.000000e-01
   endloop
 endfacet
 facet normal  3.068498e-01  6.371802e-01 -7.069969e-01
   outer loop
     vertex  2.600401e+00  5.072269e+00  3.000000e-01
     vertex  2.467723e+00  5.469035e+00  6.000000e-01
     vertex  2.737264e+00  5.339231e+00  6.000000e-01
   endloop
 endfacet
 facet normal  3.382292e-01  6.210929e-01 -7.069969e-01
   outer loop
     vertex  2.600401e+00  5.072269e+00  3.000000e-01
     vertex  2.700000e+00  4.676537e+00  0.000000e+00
     vertex  2.463538e+00  4.805308e+00  0.000000e+00
   endloop
 endfacet
 facet normal  3.068498e-01  6.371802e-01 -7.069969e-01
   outer loop
     vertex  2.600401e+00  5.072269e+00  3.000000e-01
     vertex  2.463538e+00  4.805308e+00  0.000000e+00
     vertex  2.220950e+00  4.922132e+00  0.000000e+00
   endloop
 endfacet
 facet normal  3.494031e-01  6.051840e-01 -7.153110e-01
   outer loop
     vertex  2.600401e+00  5.072269e+00  3.000000e-01
     vertex  3.000000e+00  5.196152e+00  6.000000e-01
     vertex  3.092514e+00  4.788148e+00  3.000000e-01
   endloop
 endfacet
 facet normal  2.747076e-01  6.516833e-01 -7.069969e-01
   outer loop
     vertex  2.082444e+00  5.305980e+00  3.000000e-01
     vertex  2.192046e+00  5.585242e+00  6.000000e-01
     vertex  2.467723e+00  5.469035e+00  6.000000e-01
   endloop
 endfacet
 facet normal  2.418824e-01  6.645663e-01 -7.069969e-01
   outer loop
     vertex  2.082444e+00  5.305980e+00  3.000000e-01
     vertex  1.910920e+00  5.687564e+00  6.000000e-01
     vertex  2.192046e+00  5.585242e+00  6.000000e-01
   endloop
 endfacet
 facet normal  2.874100e-01  6.369660e-01 -7.153110e-01
   outer loop
     vertex  2.082444e+00  5.305980e+00  3.000000e-01
     vertex  2.467723e+00  5.469035e+00  6.000000e-01
     vertex  2.600401e+00  5.072269e+00  3.000000e-01
   endloop
 endfacet
 facet normal  2.942783e-01  6.521878e-01 -6.986067e-01
   outer loop
     vertex  2.082444e+00  5.305980e+00  3.000000e-01
     vertex  2.600401e+00  5.072269e+00  3.000000e-01
     vertex  2.220950e+00  4.922132e+00  0.000000e+00
   endloop
 endfacet
 facet normal  2.747076e-01  6.516833e-01 -7.069969e-01
   outer loop
     vertex  2.082444e+00  5.305980e+00  3.000000e-01
     vertex  2.220950e+00  4.922132e+00  0.000000e+00
     vertex  1.972842e+00  5.026718e+00  0.000000e+00
   endloop
 endfacet
 facet normal  2.418824e-01  6.645663e-01 -7.069969e-01
   outer loop
     vertex  2.082444e+00  5.305980e+00  3.000000e-01
     vertex  1.972842e+00  5.026718e+00  0.000000e+00
     vertex  1.719828e+00  5.118808e+00  0.000000e+00
   endloop
 endfacet
 facet normal  2.084558e-01  6.757970e-01 -7.069969e-01
   outer loop
     vertex  1.543791e+00  5.486958e+00  3.000000e-01
     vertex  1.625043e+00  5.775745e+00  6.000000e-01
     vertex  1.910920e+00  5.687564e+00  6.000000e-01
   endloop
 endfacet
 facet normal  1.745109e-01  6.853476e-01 -7.069969e-01
   outer loop
     vertex  1.543791e+00  5.486958e+00  3.000000e-01
     vertex  1.335126e+00  5.849567e+00  6.000000e-01
     vertex  1.625043e+00  5.775745e+00  6.000000e-01
   endloop
 endfacet
 facet normal  2.084558e-01  6.757970e-01 -7.069969e-01
   outer loop
     vertex  1.543791e+00  5.486958e+00  3.000000e-01
     vertex  1.719828e+00  5.118808e+00  0.000000e+00
     vertex  1.462539e+00  5.198171e+00  0.000000e+00
   endloop
 endfacet
 facet normal  1.745109e-01  6.853476e-01 -7.069969e-01
   outer loop
     vertex  1.543791e+00  5.486958e+00  3.000000e-01
     vertex  1.462539e+00  5.198171e+00  0.000000e+00
     vertex  1.201613e+00  5.264611e+00  0.000000e+00
   endloop
 endfacet
 facet normal  2.225605e-01  6.624176e-01 -7.153110e-01
   outer loop
     vertex  1.543791e+00  5.486958e+00  3.000000e-01
     vertex  1.910920e+00  5.687564e+00  6.000000e-01
     vertex  2.082444e+00  5.305980e+00  3.000000e-01
   endloop
 endfacet
 facet normal  2.278791e-01  6.782476e-01 -6.986067e-01
   outer loop
     vertex  1.543791e+00  5.486958e+00  3.000000e-01
     vertex  2.082444e+00  5.305980e+00  3.000000e-01
     vertex  1.719828e+00  5.118808e+00  0.000000e+00
   endloop
 endfacet
 facet normal  1.592150e-01  6.975667e-01 -6.986067e-01
   outer loop
     vertex  9.897946e-01  5.613404e+00  3.000000e-01
     vertex  1.543791e+00  5.486958e+00  3.000000e-01
     vertex  1.201613e+00  5.264611e+00  0.000000e+00
   endloop
 endfacet
 facet normal  1.401323e-01  6.931943e-01 -7.069969e-01
   outer loop
     vertex  9.897946e-01  5.613404e+00  3.000000e-01
     vertex  1.041889e+00  5.908847e+00  6.000000e-01
     vertex  1.335126e+00  5.849567e+00  6.000000e-01
   endloop
 endfacet
 facet normal  1.054052e-01  6.993177e-01 -7.069969e-01
   outer loop
     vertex  9.897946e-01  5.613404e+00  3.000000e-01
     vertex  7.460622e-01  5.953435e+00  6.000000e-01
     vertex  1.041889e+00  5.908847e+00  6.000000e-01
   endloop
 endfacet
 facet normal  1.401323e-01  6.931943e-01 -7.069969e-01
   outer loop
     vertex  9.897946e-01  5.613404e+00  3.000000e-01
     vertex  1.201613e+00  5.264611e+00  0.000000e+00
     vertex  9.377002e-01  5.317962e+00  0.000000e+00
   endloop
 endfacet
 facet normal  1.054052e-01  6.993177e-01 -7.069969e-01
   outer loop
     vertex  9.897946e-01  5.613404e+00  3.000000e-01
     vertex  9.377002e-01  5.317962e+00  0.000000e+00
     vertex  6.714560e-01  5.358092e+00  0.000000e+00
   endloop
 endfacet
 facet normal  1.554990e-01  6.812857e-01 -7.153110e-01
   outer loop
     vertex  9.897946e-01  5.613404e+00  3.000000e-01
     vertex  1.335126e+00  5.849567e+00  6.000000e-01
     vertex  1.543791e+00  5.486958e+00  3.000000e-01
   endloop
 endfacet
 facet normal  7.041604e-02  7.037024e-01 -7.069969e-01
   outer loop
     vertex  4.259615e-01  5.684062e+00  3.000000e-01
     vertex  4.483806e-01  5.983223e+00  6.000000e-01
     vertex  7.460622e-01  5.953435e+00  6.000000e-01
   endloop
 endfacet
 facet normal  3.525184e-02  7.063376e-01 -7.069969e-01
   outer loop
     vertex  4.259615e-01  5.684062e+00  3.000000e-01
     vertex  1.495842e-01  5.998135e+00  6.000000e-01
     vertex  4.483806e-01  5.983223e+00  6.000000e-01
   endloop
 endfacet
 facet normal  8.689216e-02  6.933830e-01 -7.153110e-01
   outer loop
     vertex  4.259615e-01  5.684062e+00  3.000000e-01
     vertex  7.460622e-01  5.953435e+00  6.000000e-01
     vertex  9.897946e-01  5.613404e+00  3.000000e-01
   endloop
 endfacet
 facet normal  8.896865e-02  7.099530e-01 -6.986067e-01
   outer loop
     vertex  4.259615e-01  5.684062e+00  3.000000e-01
     vertex  9.897946e-01  5.613404e+00  3.000000e-01
     vertex  6.714560e-01  5.358092e+00  0.000000e+00
   endloop
 endfacet
 facet normal  7.041604e-02  7.037024e-01 -7.069969e-01
   outer loop
     vertex  4.259615e-01  5.684062e+00  3.000000e-01
     vertex  6.714560e-01  5.358092e+00  0.000000e+00
     vertex  4.035425e-01  5.384901e+00  0.000000e+00
   endloop
 endfacet
 facet normal  3.525184e-02  7.063376e-01 -7.069969e-01
   outer loop
     vertex  4.259615e-01  5.684062e+00  3.000000e-01
     vertex  4.035425e-01  5.384901e+00  0.000000e+00
     vertex  1.346257e-01  5.398322e+00  0.000000e+00
   endloop
 endfacet
 facet normal -4.810774e-17  7.072167e-01 -7.069969e-01
   outer loop
     vertex -1.421049e-01  5.698228e+00  3.000000e-01
     vertex -1.495842e-01  5.998135e+00  6.000000e-01
     vertex  1.495842e-01  5.998135e+00  6.000000e-01
   endloop
 endfacet
 facet normal -3.525184e-02  7.063376e-01 -7.069969e-01
   outer loop
     vertex -1.421049e-01  5.698228e+00  3.000000e-01
     vertex -4.483806e-01  5.983223e+00  6.000000e-01
     vertex -1.495842e-01  5.998135e+00  6.000000e-01
   endloop
 endfacet
 facet normal -5.345304e-17  7.072167e-01 -7.069969e-01
   outer loop
     vertex -1.421049e-01  5.698228e+00  3.000000e-01
     vertex  1.346257e-01  5.398322e+00  0.000000e+00
     vertex -1.346257e-01  5.398322e+00  0.000000e+00
   endloop
 endfacet
 facet normal -3.525184e-02  7.063376e-01 -7.069969e-01
   outer loop
     vertex -1.421049e-01  5.698228e+00  3.000000e-01
     vertex -1.346257e-01  5.398322e+00  0.000000e+00
     vertex -4.035425e-01  5.384901e+00  0.000000e+00
   endloop
 endfacet
 facet normal  1.742172e-02  6.985890e-01 -7.153110e-01
   outer loop
     vertex -1.421049e-01  5.698228e+00  3.000000e-01
     vertex  1.495842e-01  5.998135e+00  6.000000e-01
     vertex  4.259615e-01  5.684062e+00  3.000000e-01
   endloop
 endfacet
 facet normal  1.783806e-02  7.152835e-01 -6.986067e-01
   outer loop
     vertex -1.421049e-01  5.698228e+00  3.000000e-01
     vertex  4.259615e-01  5.684062e+00  3.000000e-01
     vertex  1.346257e-01  5.398322e+00  0.000000e+00
   endloop
 endfacet
 facet normal -5.222186e-02  6.968522e-01 -7.153110e-01
   outer loop
     vertex -7.087591e-01  5.655763e+00  3.000000e-01
     vertex -4.483806e-01  5.983223e+00  6.000000e-01
     vertex -1.421049e-01  5.698228e+00  3.000000e-01
   endloop
 endfacet
 facet normal -5.346982e-02  7.135052e-01 -6.986067e-01
   outer loop
     vertex -7.087591e-01  5.655763e+00  3.000000e-01
     vertex -1.421049e-01  5.698228e+00  3.000000e-01
     vertex -4.035425e-01  5.384901e+00  0.000000e+00
   endloop
 endfacet
 facet normal -7.041604e-02  7.037024e-01 -7.069969e-01
   outer loop
     vertex -7.087591e-01  5.655763e+00  3.000000e-01
     vertex -7.460622e-01  5.953435e+00  6.000000e-01
     vertex -4.483806e-01  5.983223e+00  6.000000e-01
   endloop
 endfacet
 facet normal -1.054052e-01  6.993177e-01 -7.069969e-01
   outer loop
     vertex -7.087591e-01  5.655763e+00  3.000000e-01
     vertex -1.041889e+00  5.908847e+00  6.000000e-01
     vertex -7.460622e-01  5.953435e+00  6.000000e-01
   endloop
 endfacet
 facet normal -7.041604e-02  7.037024e-01 -7.069969e-01
   outer loop
     vertex -7.087591e-01  5.655763e+00  3.000000e-01
     vertex -4.035425e-01  5.384901e+00  0.000000e+00
     vertex -6.714560e-01  5.358092e+00  0.000000e+00
   endloop
 endfacet
 facet normal -1.054052e-01  6.993177e-01 -7.069969e-01
   outer loop
     vertex -7.087591e-01  5.655763e+00  3.000000e-01
     vertex -6.714560e-01  5.358092e+00  0.000000e+00
     vertex -9.377002e-01  5.317962e+00  0.000000e+00
   endloop
 endfacet
 facet normal -1.401323e-01  6.931943e-01 -7.069969e-01
   outer loop
     vertex -1.268369e+00  5.557089e+00  3.000000e-01
     vertex -1.335126e+00  5.849567e+00  6.000000e-01
     vertex -1.041889e+00  5.908847e+00  6.000000e-01
   endloop
 endfacet
 facet normal -1.745109e-01  6.853476e-01 -7.069969e-01
   outer loop
     vertex -1.268369e+00  5.557089e+00  3.000000e-01
     vertex -1.625043e+00  5.775745e+00  6.000000e-01
     vertex -1.335126e+00  5.849567e+00  6.000000e-01
   endloop
 endfacet
 facet normal -1.213464e-01  6.881898e-01 -7.153110e-01
   outer loop
     vertex -1.268369e+00  5.557089e+00  3.000000e-01
     vertex -1.041889e+00  5.908847e+00  6.000000e-01
     vertex -7.087591e-01  5.655763e+00  3.000000e-01
   endloop
 endfacet
 facet normal -1.401323e-01  6.931943e-01 -7.069969e-01
   outer loop
     vertex -1.268369e+00  5.557089e+00  3.000000e-01
     vertex -9.377002e-01  5.317962e+00  0.000000e+00
     vertex -1.201613e+00  5.264611e+00  0.000000e+00
   endloop
 endfacet
 facet normal -1.745109e-01  6.853476e-01 -7.069969e-01
   outer loop
     vertex -1.268369e+00  5.557089e+00  3.000000e-01
     vertex -1.201613e+00  5.264611e+00  0.000000e+00
     vertex -1.462539e+00  5.198171e+00  0.000000e+00
   endloop
 endfacet
 facet normal -1.242463e-01  7.046357e-01 -6.986067e-01
   outer loop
     vertex -1.268369e+00  5.557089e+00  3.000000e-01
     vertex -7.087591e-01  5.655763e+00  3.000000e-01
     vertex -9.377002e-01  5.317962e+00  0.000000e+00
   endloop
 endfacet
 facet normal -1.937879e-01  6.887633e-01 -6.986067e-01
   outer loop
     vertex -1.815374e+00  5.403186e+00  3.000000e-01
     vertex -1.268369e+00  5.557089e+00  3.000000e-01
     vertex -1.462539e+00  5.198171e+00  0.000000e+00
   endloop
 endfacet
 facet normal -2.084558e-01  6.757970e-01 -7.069969e-01
   outer loop
     vertex -1.815374e+00  5.403186e+00  3.000000e-01
     vertex -1.910920e+00  5.687564e+00  6.000000e-01
     vertex -1.625043e+00  5.775745e+00  6.000000e-01
   endloop
 endfacet
 facet normal -2.418824e-01  6.645663e-01 -7.069969e-01
   outer loop
     vertex -1.815374e+00  5.403186e+00  3.000000e-01
     vertex -2.192046e+00  5.585242e+00  6.000000e-01
     vertex -1.910920e+00  5.687564e+00  6.000000e-01
   endloop
 endfacet
 facet normal -2.084558e-01  6.757970e-01 -7.069969e-01
   outer loop
     vertex -1.815374e+00  5.403186e+00  3.000000e-01
     vertex -1.462539e+00  5.198171e+00  0.000000e+00
     vertex -1.719828e+00  5.118808e+00  0.000000e+00
   endloop
 endfacet
 facet normal -2.418824e-01  6.645663e-01 -7.069969e-01
   outer loop
     vertex -1.815374e+00  5.403186e+00  3.000000e-01
     vertex -1.719828e+00  5.118808e+00  0.000000e+00
     vertex -1.972842e+00  5.026718e+00  0.000000e+00
   endloop
 endfacet
 facet normal -1.892650e-01  6.726878e-01 -7.153110e-01
   outer loop
     vertex -1.815374e+00  5.403186e+00  3.000000e-01
     vertex -1.625043e+00  5.775745e+00  6.000000e-01
     vertex -1.268369e+00  5.557089e+00  3.000000e-01
   endloop
 endfacet
 facet normal -2.553026e-01  6.505004e-01 -7.153110e-01
   outer loop
     vertex -2.344336e+00  5.195583e+00  3.000000e-01
     vertex -2.192046e+00  5.585242e+00  6.000000e-01
     vertex -1.815374e+00  5.403186e+00  3.000000e-01
   endloop
 endfacet
 facet normal -2.614037e-01  6.660456e-01 -6.986067e-01
   outer loop
     vertex -2.344336e+00  5.195583e+00  3.000000e-01
     vertex -1.815374e+00  5.403186e+00  3.000000e-01
     vertex -1.972842e+00  5.026718e+00  0.000000e+00
   endloop
 endfacet
 facet normal -2.747076e-01  6.516833e-01 -7.069969e-01
   outer loop
     vertex -2.344336e+00  5.195583e+00  3.000000e-01
     vertex -2.467723e+00  5.469035e+00  6.000000e-01
     vertex -2.192046e+00  5.585242e+00  6.000000e-01
   endloop
 endfacet
 facet normal -3.068498e-01  6.371802e-01 -7.069969e-01
   outer loop
     vertex -2.344336e+00  5.195583e+00  3.000000e-01
     vertex -2.737264e+00  5.339231e+00  6.000000e-01
     vertex -2.467723e+00  5.469035e+00  6.000000e-01
   endloop
 endfacet
 facet normal -2.747076e-01  6.516833e-01 -7.069969e-01
   outer loop
     vertex -2.344336e+00  5.195583e+00  3.000000e-01
     vertex -1.972842e+00  5.026718e+00  0.000000e+00
     vertex -2.220950e+00  4.922132e+00  0.000000e+00
   endloop
 endfacet
 facet normal -3.068498e-01  6.371802e-01 -7.069969e-01
   outer loop
     vertex -2.344336e+00  5.195583e+00  3.000000e-01
     vertex -2.220950e+00  4.922132e+00  0.000000e+00
     vertex -2.463538e+00  4.805308e+00  0.000000e+00
   endloop
 endfacet
 facet normal -3.382292e-01  6.210929e-01 -7.069969e-01
   outer loop
     vertex -2.850000e+00  4.936345e+00  3.000000e-01
     vertex -3.000000e+00  5.196152e+00  6.000000e-01
     vertex -2.737264e+00  5.339231e+00  6.000000e-01
   endloop
 endfacet
 facet normal -3.687677e-01  6.034615e-01 -7.069969e-01
   outer loop
     vertex -2.850000e+00  4.936345e+00  3.000000e-01
     vertex -3.255278e+00  5.040156e+00  6.000000e-01
     vertex -3.000000e+00  5.196152e+00  6.000000e-01
   endloop
 endfacet
 facet normal -3.188029e-01  6.218480e-01 -7.153110e-01
   outer loop
     vertex -2.850000e+00  4.936345e+00  3.000000e-01
     vertex -2.737264e+00  5.339231e+00  6.000000e-01
     vertex -2.344336e+00  5.195583e+00  3.000000e-01
   endloop
 endfacet
 facet normal -3.382292e-01  6.210929e-01 -7.069969e-01
   outer loop
     vertex -2.850000e+00  4.936345e+00  3.000000e-01
     vertex -2.463538e+00  4.805308e+00  0.000000e+00
     vertex -2.700000e+00  4.676537e+00  0.000000e+00
   endloop
 endfacet
 facet normal -3.687677e-01  6.034615e-01 -7.069969e-01
   outer loop
     vertex -2.850000e+00  4.936345e+00  3.000000e-01
     vertex -2.700000e+00  4.676537e+00  0.000000e+00
     vertex -2.929750e+00  4.536140e+00  0.000000e+00
   endloop
 endfacet
 facet normal -3.264214e-01  6.367085e-01 -6.986067e-01
   outer loop
     vertex -2.850000e+00  4.936345e+00  3.000000e-01
     vertex -2.344336e+00  5.195583e+00  3.000000e-01
     vertex -2.463538e+00  4.805308e+00  0.000000e+00
   endloop
 endfacet
 facet normal -3.881950e-01  6.010435e-01 -6.986067e-01
   outer loop
     vertex -3.327339e+00  4.628047e+00  3.000000e-01
     vertex -2.850000e+00  4.936345e+00  3.000000e-01
     vertex -2.929750e+00  4.536140e+00  0.000000e+00
   endloop
 endfacet
 facet normal -3.983893e-01  5.843298e-01 -7.069969e-01
   outer loop
     vertex -3.327339e+00  4.628047e+00  3.000000e-01
     vertex -3.502462e+00  4.871628e+00  6.000000e-01
     vertex -3.255278e+00  5.040156e+00  6.000000e-01
   endloop
 endfacet
 facet normal -4.270206e-01  5.637454e-01 -7.069969e-01
   outer loop
     vertex -3.327339e+00  4.628047e+00  3.000000e-01
     vertex -3.740939e+00  4.690989e+00  6.000000e-01
     vertex -3.502462e+00  4.871628e+00  6.000000e-01
   endloop
 endfacet
 facet normal -3.983893e-01  5.843298e-01 -7.069969e-01
   outer loop
     vertex -3.327339e+00  4.628047e+00  3.000000e-01
     vertex -2.929750e+00  4.536140e+00  0.000000e+00
     vertex -3.152216e+00  4.384465e+00  0.000000e+00
   endloop
 endfacet
 facet normal -4.270206e-01  5.637454e-01 -7.069969e-01
   outer loop
     vertex -3.327339e+00  4.628047e+00  3.000000e-01
     vertex -3.152216e+00  4.384465e+00  0.000000e+00
     vertex -3.366845e+00  4.221890e+00  0.000000e+00
   endloop
 endfacet
 facet normal -3.791347e-01  5.870154e-01 -7.153110e-01
   outer loop
     vertex -3.327339e+00  4.628047e+00  3.000000e-01
     vertex -3.255278e+00  5.040156e+00  6.000000e-01
     vertex -2.850000e+00  4.936345e+00  3.000000e-01
   endloop
 endfacet
 facet normal -4.356986e-01  5.463487e-01 -7.153110e-01
   outer loop
     vertex -3.771609e+00  4.273753e+00  3.000000e-01
     vertex -3.740939e+00  4.690989e+00  6.000000e-01
     vertex -3.327339e+00  4.628047e+00  3.000000e-01
   endloop
 endfacet
 facet normal -4.461106e-01  5.594050e-01 -6.986067e-01
   outer loop
     vertex -3.771609e+00  4.273753e+00  3.000000e-01
     vertex -3.327339e+00  4.628047e+00  3.000000e-01
     vertex -3.366845e+00  4.221890e+00  0.000000e+00
   endloop
 endfacet
 facet normal -4.545901e-01  5.417594e-01 -7.069969e-01
   outer loop
     vertex -3.771609e+00  4.273753e+00  3.000000e-01
     vertex -3.970115e+00  4.498687e+00  6.000000e-01
     vertex -3.740939e+00  4.690989e+00  6.000000e-01
   endloop
 endfacet
 facet normal -4.810295e-01  5.184265e-01 -7.069969e-01
   outer loop
     vertex -3.771609e+00  4.273753e+00  3.000000e-01
     vertex -4.189421e+00  4.295201e+00  6.000000e-01
     vertex -3.970115e+00  4.498687e+00  6.000000e-01
   endloop
 endfacet
 facet normal -4.545901e-01  5.417594e-01 -7.069969e-01
   outer loop
     vertex -3.771609e+00  4.273753e+00  3.000000e-01
     vertex -3.366845e+00  4.221890e+00  0.000000e+00
     vertex -3.573104e+00  4.048818e+00  0.000000e+00
   endloop
 endfacet
 facet normal -4.810295e-01  5.184265e-01 -7.069969e-01
   outer loop
     vertex -3.771609e+00  4.273753e+00  3.000000e-01
     vertex -3.573104e+00  4.048818e+00  0.000000e+00
     vertex -3.770479e+00  3.865681e+00  0.000000e+00
   endloop
 endfacet
 facet normal -5.062730e-01  4.938047e-01 -7.069969e-01
   outer loop
     vertex -4.178396e+00  3.876985e+00  3.000000e-01
     vertex -4.398311e+00  4.081036e+00  6.000000e-01
     vertex -4.189421e+00  4.295201e+00  6.000000e-01
   endloop
 endfacet
 facet normal -5.302578e-01  4.679553e-01 -7.069969e-01
   outer loop
     vertex -4.178396e+00  3.876985e+00  3.000000e-01
     vertex -4.596267e+00  3.856726e+00  6.000000e-01
     vertex -4.398311e+00  4.081036e+00  6.000000e-01
   endloop
 endfacet
 facet normal -4.879323e-01  5.002522e-01 -7.153110e-01
   outer loop
     vertex -4.178396e+00  3.876985e+00  3.000000e-01
     vertex -4.189421e+00  4.295201e+00  6.000000e-01
     vertex -3.771609e+00  4.273753e+00  3.000000e-01
   endloop
 endfacet
 facet normal -5.062730e-01  4.938047e-01 -7.069969e-01
   outer loop
     vertex -4.178396e+00  3.876985e+00  3.000000e-01
     vertex -3.770479e+00  3.865681e+00  0.000000e+00
     vertex -3.958480e+00  3.672933e+00  0.000000e+00
   endloop
 endfacet
 facet normal -5.302578e-01  4.679553e-01 -7.069969e-01
   outer loop
     vertex -4.178396e+00  3.876985e+00  3.000000e-01
     vertex -3.958480e+00  3.672933e+00  0.000000e+00
     vertex -4.136640e+00  3.471053e+00  0.000000e+00
   endloop
 endfacet
 facet normal -4.995926e-01  5.122069e-01 -6.986067e-01
   outer loop
     vertex -4.178396e+00  3.876985e+00  3.000000e-01
     vertex -3.771609e+00  4.273753e+00  3.000000e-01
     vertex -3.770479e+00  3.865681e+00  0.000000e+00
   endloop
 endfacet
 facet normal -5.481093e-01  4.599183e-01 -6.986067e-01
   outer loop
     vertex -4.543655e+00  3.441685e+00  3.000000e-01
     vertex -4.178396e+00  3.876985e+00  3.000000e-01
     vertex -4.136640e+00  3.471053e+00  0.000000e+00
   endloop
 endfacet
 facet normal -5.529243e-01  4.409424e-01 -7.069969e-01
   outer loop
     vertex -4.543655e+00  3.441685e+00  3.000000e-01
     vertex -4.782795e+00  3.622826e+00  6.000000e-01
     vertex -4.596267e+00  3.856726e+00  6.000000e-01
   endloop
 endfacet
 facet normal -5.742161e-01  4.128333e-01 -7.069969e-01
   outer loop
     vertex -4.543655e+00  3.441685e+00  3.000000e-01
     vertex -4.957433e+00  3.379920e+00  6.000000e-01
     vertex -4.782795e+00  3.622826e+00  6.000000e-01
   endloop
 endfacet
 facet normal -5.529243e-01  4.409424e-01 -7.069969e-01
   outer loop
     vertex -4.543655e+00  3.441685e+00  3.000000e-01
     vertex -4.136640e+00  3.471053e+00  0.000000e+00
     vertex -4.304516e+00  3.260544e+00  0.000000e+00
   endloop
 endfacet
 facet normal -5.742161e-01  4.128333e-01 -7.069969e-01
   outer loop
     vertex -4.543655e+00  3.441685e+00  3.000000e-01
     vertex -4.304516e+00  3.260544e+00  0.000000e+00
     vertex -4.461689e+00  3.041928e+00  0.000000e+00
   endloop
 endfacet
 facet normal -5.353166e-01  4.491840e-01 -7.153110e-01
   outer loop
     vertex -4.543655e+00  3.441685e+00  3.000000e-01
     vertex -4.596267e+00  3.856726e+00  6.000000e-01
     vertex -4.178396e+00  3.876985e+00  3.000000e-01
   endloop
 endfacet
 facet normal -5.911787e-01  4.030588e-01 -6.986067e-01
   outer loop
     vertex -4.863758e+00  2.972181e+00  3.000000e-01
     vertex -4.543655e+00  3.441685e+00  3.000000e-01
     vertex -4.461689e+00  3.041928e+00  0.000000e+00
   endloop
 endfacet
 facet normal -5.773808e-01  3.936516e-01 -7.153110e-01
   outer loop
     vertex -4.863758e+00  2.972181e+00  3.000000e-01
     vertex -4.957433e+00  3.379920e+00  6.000000e-01
     vertex -4.543655e+00  3.441685e+00  3.000000e-01
   endloop
 endfacet
 facet normal -5.940803e-01  3.836978e-01 -7.069969e-01
   outer loop
     vertex -4.863758e+00  2.972181e+00  3.000000e-01
     vertex -5.119745e+00  3.128611e+00  6.000000e-01
     vertex -4.957433e+00  3.379920e+00  6.000000e-01
   endloop
 endfacet
 facet normal -6.124676e-01  3.536083e-01 -7.069969e-01
   outer loop
     vertex -4.863758e+00  2.972181e+00  3.000000e-01
     vertex -5.269329e+00  2.869524e+00  6.000000e-01
     vertex -5.119745e+00  3.128611e+00  6.000000e-01
   endloop
 endfacet
 facet normal -5.940803e-01  3.836978e-01 -7.069969e-01
   outer loop
     vertex -4.863758e+00  2.972181e+00  3.000000e-01
     vertex -4.461689e+00  3.041928e+00  0.000000e+00
     vertex -4.607771e+00  2.815750e+00  0.000000e+00
   endloop
 endfacet
 facet normal -6.124676e-01  3.536083e-01 -7.069969e-01
   outer loop
     vertex -4.863758e+00  2.972181e+00  3.000000e-01
     vertex -4.607771e+00  2.815750e+00  0.000000e+00
     vertex -4.742396e+00  2.582571e+00  0.000000e+00
   endloop
 endfacet
 facet normal -6.293322e-01  3.226398e-01 -7.069969e-01
   outer loop
     vertex -5.135523e+00  2.473137e+00  3.000000e-01
     vertex -5.405813e+00  2.603302e+00  6.000000e-01
     vertex -5.269329e+00  2.869524e+00  6.000000e-01
   endloop
 endfacet
 facet normal -6.446321e-01  2.908691e-01 -7.069969e-01
   outer loop
     vertex -5.135523e+00  2.473137e+00  3.000000e-01
     vertex -5.528857e+00  2.330609e+00  6.000000e-01
     vertex -5.405813e+00  2.603302e+00  6.000000e-01
   endloop
 endfacet
 facet normal -6.137067e-01  3.342069e-01 -7.153110e-01
   outer loop
     vertex -5.135523e+00  2.473137e+00  3.000000e-01
     vertex -5.269329e+00  2.869524e+00  6.000000e-01
     vertex -4.863758e+00  2.972181e+00  3.000000e-01
   endloop
 endfacet
 facet normal -6.293322e-01  3.226398e-01 -7.069969e-01
   outer loop
     vertex -5.135523e+00  2.473137e+00  3.000000e-01
     vertex -4.742396e+00  2.582571e+00  0.000000e+00
     vertex -4.865232e+00  2.342972e+00  0.000000e+00
   endloop
 endfacet
 facet normal -6.446321e-01  2.908691e-01 -7.069969e-01
   outer loop
     vertex -5.135523e+00  2.473137e+00  3.000000e-01
     vertex -4.865232e+00  2.342972e+00  0.000000e+00
     vertex -4.975972e+00  2.097548e+00  0.000000e+00
   endloop
 endfacet
 facet normal -6.283727e-01  3.421935e-01 -6.986067e-01
   outer loop
     vertex -5.135523e+00  2.473137e+00  3.000000e-01
     vertex -4.863758e+00  2.972181e+00  3.000000e-01
     vertex -4.742396e+00  2.582571e+00  0.000000e+00
   endloop
 endfacet
 facet normal -6.593216e-01  2.779274e-01 -6.986067e-01
   outer loop
     vertex -5.356248e+00  1.949515e+00  3.000000e-01
     vertex -5.135523e+00  2.473137e+00  3.000000e-01
     vertex -4.975972e+00  2.097548e+00  0.000000e+00
   endloop
 endfacet
 facet normal -6.583294e-01  2.583753e-01 -7.069969e-01
   outer loop
     vertex -5.356248e+00  1.949515e+00  3.000000e-01
     vertex -5.638156e+00  2.052121e+00  6.000000e-01
     vertex -5.528857e+00  2.330609e+00  6.000000e-01
   endloop
 endfacet
 facet normal -6.703900e-01  2.252391e-01 -7.069969e-01
   outer loop
     vertex -5.356248e+00  1.949515e+00  3.000000e-01
     vertex -5.733437e+00  1.768531e+00  6.000000e-01
     vertex -5.638156e+00  2.052121e+00  6.000000e-01
   endloop
 endfacet
 facet normal -6.583294e-01  2.583753e-01 -7.069969e-01
   outer loop
     vertex -5.356248e+00  1.949515e+00  3.000000e-01
     vertex -4.975972e+00  2.097548e+00  0.000000e+00
     vertex -5.074340e+00  1.846909e+00  0.000000e+00
   endloop
 endfacet
 facet normal -6.703900e-01  2.252391e-01 -7.069969e-01
   outer loop
     vertex -5.356248e+00  1.949515e+00  3.000000e-01
     vertex -5.074340e+00  1.846909e+00  0.000000e+00
     vertex -5.160093e+00  1.591678e+00  0.000000e+00
   endloop
 endfacet
 facet normal -6.439333e-01  2.714407e-01 -7.153110e-01
   outer loop
     vertex -5.356248e+00  1.949515e+00  3.000000e-01
     vertex -5.528857e+00  2.330609e+00  6.000000e-01
     vertex -5.135523e+00  2.473137e+00  3.000000e-01
   endloop
 endfacet
 facet normal -6.677602e-01  2.059768e-01 -7.153110e-01
   outer loop
     vertex -5.523741e+00  1.406517e+00  3.000000e-01
     vertex -5.733437e+00  1.768531e+00  6.000000e-01
     vertex -5.356248e+00  1.949515e+00  3.000000e-01
   endloop
 endfacet
 facet normal -6.837180e-01  2.108991e-01 -6.986067e-01
   outer loop
     vertex -5.523741e+00  1.406517e+00  3.000000e-01
     vertex -5.356248e+00  1.949515e+00  3.000000e-01
     vertex -5.160093e+00  1.591678e+00  0.000000e+00
   endloop
 endfacet
 facet normal -6.807839e-01  1.915429e-01 -7.069969e-01
   outer loop
     vertex -5.523741e+00  1.406517e+00  3.000000e-01
     vertex -5.814464e+00  1.480544e+00  6.000000e-01
     vertex -5.733437e+00  1.768531e+00  6.000000e-01
   endloop
 endfacet
 facet normal -6.894853e-01  1.573705e-01 -7.069969e-01
   outer loop
     vertex -5.523741e+00  1.406517e+00  3.000000e-01
     vertex -5.881035e+00  1.188877e+00  6.000000e-01
     vertex -5.814464e+00  1.480544e+00  6.000000e-01
   endloop
 endfacet
 facet normal -6.807839e-01  1.915429e-01 -7.069969e-01
   outer loop
     vertex -5.523741e+00  1.406517e+00  3.000000e-01
     vertex -5.160093e+00  1.591678e+00  0.000000e+00
     vertex -5.233017e+00  1.332490e+00  0.000000e+00
   endloop
 endfacet
 facet normal -6.894853e-01  1.573705e-01 -7.069969e-01
   outer loop
     vertex -5.523741e+00  1.406517e+00  3.000000e-01
     vertex -5.233017e+00  1.332490e+00  0.000000e+00
     vertex -5.292931e+00  1.069989e+00  0.000000e+00
   endloop
 endfacet
 facet normal -6.849507e-01  1.384658e-01 -7.153110e-01
   outer loop
     vertex -5.636336e+00  8.495409e-01  3.000000e-01
     vertex -5.881035e+00  1.188877e+00  6.000000e-01
     vertex -5.523741e+00  1.406517e+00  3.000000e-01
   endloop
 endfacet
 facet normal -6.964725e-01  1.228069e-01 -7.069969e-01
   outer loop
     vertex -5.636336e+00  8.495409e-01  3.000000e-01
     vertex -5.932985e+00  8.942536e-01  6.000000e-01
     vertex -5.881035e+00  1.188877e+00  6.000000e-01
   endloop
 endfacet
 facet normal -7.017281e-01  8.793794e-02 -7.069969e-01
   outer loop
     vertex -5.636336e+00  8.495409e-01  3.000000e-01
     vertex -5.970185e+00  5.974071e-01  6.000000e-01
     vertex -5.932985e+00  8.942536e-01  6.000000e-01
   endloop
 endfacet
 facet normal -7.013192e-01  1.417747e-01 -6.986067e-01
   outer loop
     vertex -5.636336e+00  8.495409e-01  3.000000e-01
     vertex -5.523741e+00  1.406517e+00  3.000000e-01
     vertex -5.292931e+00  1.069989e+00  0.000000e+00
   endloop
 endfacet
 facet normal -6.964725e-01  1.228069e-01 -7.069969e-01
   outer loop
     vertex -5.636336e+00  8.495409e-01  3.000000e-01
     vertex -5.292931e+00  1.069989e+00  0.000000e+00
     vertex -5.339686e+00  8.048282e-01  0.000000e+00
   endloop
 endfacet
 facet normal -7.017281e-01  8.793794e-02 -7.069969e-01
   outer loop
     vertex -5.636336e+00  8.495409e-01  3.000000e-01
     vertex -5.339686e+00  8.048282e-01  0.000000e+00
     vertex -5.373166e+00  5.376664e-01  0.000000e+00
   endloop
 endfacet
 facet normal -7.119504e-01  7.124138e-02 -6.986067e-01
   outer loop
     vertex -5.692914e+00  2.841215e-01  3.000000e-01
     vertex -5.636336e+00  8.495409e-01  3.000000e-01
     vertex -5.373166e+00  5.376664e-01  0.000000e+00
   endloop
 endfacet
 facet normal -7.052392e-01  5.285037e-02 -7.069969e-01
   outer loop
     vertex -5.692914e+00  2.841215e-01  3.000000e-01
     vertex -5.992542e+00  2.990753e-01  6.000000e-01
     vertex -5.970185e+00  5.974071e-01  6.000000e-01
   endloop
 endfacet
 facet normal -7.069969e-01  1.763140e-02 -7.069969e-01
   outer loop
     vertex -5.692914e+00  2.841215e-01  3.000000e-01
     vertex -6.000000e+00 -2.058149e-14  6.000000e-01
     vertex -5.992542e+00  2.990753e-01  6.000000e-01
   endloop
 endfacet
 facet normal -6.953337e-01  6.957863e-02 -7.153110e-01
   outer loop
     vertex -5.692914e+00  2.841215e-01  3.000000e-01
     vertex -5.970185e+00  5.974071e-01  6.000000e-01
     vertex -5.636336e+00  8.495409e-01  3.000000e-01
   endloop
 endfacet
 facet normal -7.052392e-01  5.285037e-02 -7.069969e-01
   outer loop
     vertex -5.692914e+00  2.841215e-01  3.000000e-01
     vertex -5.373166e+00  5.376664e-01  0.000000e+00
     vertex -5.393287e+00  2.691678e-01  0.000000e+00
   endloop
 endfacet
 facet normal -7.069969e-01  1.763140e-02 -7.069969e-01
   outer loop
     vertex -5.692914e+00  2.841215e-01  3.000000e-01
     vertex -5.393287e+00  2.691678e-01  0.000000e+00
     vertex -5.400000e+00 -1.852334e-14  0.000000e+00
   endloop
 endfacet
 facet normal -7.069969e-01 -1.763140e-02 -7.069969e-01
   outer loop
     vertex -5.692914e+00 -2.841215e-01  3.000000e-01
     vertex -5.992542e+00 -2.990753e-01  6.000000e-01
     vertex -6.000000e+00 -2.058149e-14  6.000000e-01
   endloop
 endfacet
 facet normal -7.052392e-01 -5.285037e-02 -7.069969e-01
   outer loop
     vertex -5.692914e+00 -2.841215e-01  3.000000e-01
     vertex -5.970185e+00 -5.974071e-01  6.000000e-01
     vertex -5.992542e+00 -2.990753e-01  6.000000e-01
   endloop
 endfacet
 facet normal -6.988062e-01  0.000000e+00 -7.153110e-01
   outer loop
     vertex -5.692914e+00 -2.841215e-01  3.000000e-01
     vertex -6.000000e+00 -2.058149e-14  6.000000e-01
     vertex -5.692914e+00  2.841215e-01  3.000000e-01
   endloop
 endfacet
 facet normal -7.155059e-01  0.000000e+00 -6.986067e-01
   outer loop
     vertex -5.692914e+00 -2.841215e-01  3.000000e-01
     vertex -5.692914e+00  2.841215e-01  3.000000e-01
     vertex -5.400000e+00 -1.852334e-14  0.000000e+00
   endloop
 endfacet
 facet normal -7.069969e-01 -1.763140e-02 -7.069969e-01
   outer loop
     vertex -5.692914e+00 -2.841215e-01  3.000000e-01
     vertex -5.400000e+00 -1.852334e-14  0.000000e+00
     vertex -5.393287e+00 -2.691678e-01  0.000000e+00
   endloop
 endfacet
 facet normal -7.052392e-01 -5.285037e-02 -7.069969e-01
   outer loop
     vertex -5.692914e+00 -2.841215e-01  3.000000e-01
     vertex -5.393287e+00 -2.691678e-01  0.000000e+00
     vertex -5.373166e+00 -5.376664e-01  0.000000e+00
   endloop
 endfacet
 facet normal -7.119504e-01 -7.124138e-02 -6.986067e-01
   outer loop
     vertex -5.636336e+00 -8.495409e-01  3.000000e-01
     vertex -5.692914e+00 -2.841215e-01  3.000000e-01
     vertex -5.373166e+00 -5.376664e-01  0.000000e+00
   endloop
 endfacet
 facet normal -7.017281e-01 -8.793794e-02 -7.069969e-01
   outer loop
     vertex -5.636336e+00 -8.495409e-01  3.000000e-01
     vertex -5.932985e+00 -8.942536e-01  6.000000e-01
     vertex -5.970185e+00 -5.974071e-01  6.000000e-01
   endloop
 endfacet
 facet normal -6.964725e-01 -1.228069e-01 -7.069969e-01
   outer loop
     vertex -5.636336e+00 -8.495409e-01  3.000000e-01
     vertex -5.881035e+00 -1.188877e+00  6.000000e-01
     vertex -5.932985e+00 -8.942536e-01  6.000000e-01
   endloop
 endfacet
 facet normal -6.953337e-01 -6.957863e-02 -7.153110e-01
   outer loop
     vertex -5.636336e+00 -8.495409e-01  3.000000e-01
     vertex -5.970185e+00 -5.974071e-01  6.000000e-01
     vertex -5.692914e+00 -2.841215e-01  3.000000e-01
   endloop
 endfacet
 facet normal -7.017281e-01 -8.793794e-02 -7.069969e-01
   outer loop
     vertex -5.636336e+00 -8.495409e-01  3.000000e-01
     vertex -5.373166e+00 -5.376664e-01  0.000000e+00
     vertex -5.339686e+00 -8.048282e-01  0.000000e+00
   endloop
 endfacet
 facet normal -6.964725e-01 -1.228069e-01 -7.069969e-01
   outer loop
     vertex -5.636336e+00 -8.495409e-01  3.000000e-01
     vertex -5.339686e+00 -8.048282e-01  0.000000e+00
     vertex -5.292931e+00 -1.069989e+00  0.000000e+00
   endloop
 endfacet
 facet normal -7.013192e-01 -1.417747e-01 -6.986067e-01
   outer loop
     vertex -5.523741e+00 -1.406517e+00  3.000000e-01
     vertex -5.636336e+00 -8.495409e-01  3.000000e-01
     vertex -5.292931e+00 -1.069989e+00  0.000000e+00
   endloop
 endfacet
 facet normal -6.849507e-01 -1.384658e-01 -7.153110e-01
   outer loop
     vertex -5.523741e+00 -1.406517e+00  3.000000e-01
     vertex -5.881035e+00 -1.188877e+00  6.000000e-01
     vertex -5.636336e+00 -8.495409e-01  3.000000e-01
   endloop
 endfacet
 facet normal -6.894853e-01 -1.573705e-01 -7.069969e-01
   outer loop
     vertex -5.523741e+00 -1.406517e+00  3.000000e-01
     vertex -5.814464e+00 -1.480544e+00  6.000000e-01
     vertex -5.881035e+00 -1.188877e+00  6.000000e-01
   endloop
 endfacet
 facet normal -6.807839e-01 -1.915429e-01 -7.069969e-01
   outer loop
     vertex -5.523741e+00 -1.406517e+00  3.000000e-01
     vertex -5.733437e+00 -1.768531e+00  6.000000e-01
     vertex -5.814464e+00 -1.480544e+00  6.000000e-01
   endloop
 endfacet
 facet normal -6.894853e-01 -1.573705e-01 -7.069969e-01
   outer loop
     vertex -5.523741e+00 -1.406517e+00  3.000000e-01
     vertex -5.292931e+00 -1.069989e+00  0.000000e+00
     vertex -5.233017e+00 -1.332490e+00  0.000000e+00
   endloop
 endfacet
 facet normal -6.807839e-01 -1.915429e-01 -7.069969e-01
   outer loop
     vertex -5.523741e+00 -1.406517e+00  3.000000e-01
     vertex -5.233017e+00 -1.332490e+00  0.000000e+00
     vertex -5.160093e+00 -1.591678e+00  0.000000e+00
   endloop
 endfacet
 facet normal -6.677602e-01 -2.059768e-01 -7.153110e-01
   outer loop
     vertex -5.356248e+00 -1.949515e+00  3.000000e-01
     vertex -5.733437e+00 -1.768531e+00  6.000000e-01
     vertex -5.523741e+00 -1.406517e+00  3.000000e-01
   endloop
 endfacet
 facet normal -6.703900e-01 -2.252391e-01 -7.069969e-01
   outer loop
     vertex -5.356248e+00 -1.949515e+00  3.000000e-01
     vertex -5.638156e+00 -2.052121e+00  6.000000e-01
     vertex -5.733437e+00 -1.768531e+00  6.000000e-01
   endloop
 endfacet
 facet normal -6.583294e-01 -2.583753e-01 -7.069969e-01
   outer loop
     vertex -5.356248e+00 -1.949515e+00  3.000000e-01
     vertex -5.528857e+00 -2.330609e+00  6.000000e-01
     vertex -5.638156e+00 -2.052121e+00  6.000000e-01
   endloop
 endfacet
 facet normal -6.837180e-01 -2.108991e-01 -6.986067e-01
   outer loop
     vertex -5.356248e+00 -1.949515e+00  3.000000e-01
     vertex -5.523741e+00 -1.406517e+00  3.000000e-01
     vertex -5.160093e+00 -1.591678e+00  0.000000e+00
   endloop
 endfacet
 facet normal -6.703900e-01 -2.252391e-01 -7.069969e-01
   outer loop
     vertex -5.356248e+00 -1.949515e+00  3.000000e-01
     vertex -5.160093e+00 -1.591678e+00  0.000000e+00
     vertex -5.074340e+00 -1.846909e+00  0.000000e+00
   endloop
 endfacet
 facet normal -6.583294e-01 -2.583753e-01 -7.069969e-01
   outer loop
     vertex -5.356248e+00 -1.949515e+00  3.000000e-01
     vertex -5.074340e+00 -1.846909e+00  0.000000e+00
     vertex -4.975972e+00 -2.097548e+00  0.000000e+00
   endloop
 endfacet
 facet normal -6.446321e-01 -2.908691e-01 -7.069969e-01
   outer loop
     vertex -5.135523e+00 -2.473137e+00  3.000000e-01
     vertex -4.975972e+00 -2.097548e+00  0.000000e+00
     vertex -4.865232e+00 -2.342972e+00  0.000000e+00
   endloop
 endfacet
 facet normal -6.293322e-01 -3.226398e-01 -7.069969e-01
   outer loop
     vertex -5.135523e+00 -2.473137e+00  3.000000e-01
     vertex -4.865232e+00 -2.342972e+00  0.000000e+00
     vertex -4.742396e+00 -2.582571e+00  0.000000e+00
   endloop
 endfacet
 facet normal -6.439333e-01 -2.714407e-01 -7.153110e-01
   outer loop
     vertex -5.135523e+00 -2.473137e+00  3.000000e-01
     vertex -5.528857e+00 -2.330609e+00  6.000000e-01
     vertex -5.356248e+00 -1.949515e+00  3.000000e-01
   endloop
 endfacet
 facet normal -6.593216e-01 -2.779274e-01 -6.986067e-01
   outer loop
     vertex -5.135523e+00 -2.473137e+00  3.000000e-01
     vertex -5.356248e+00 -1.949515e+00  3.000000e-01
     vertex -4.975972e+00 -2.097548e+00  0.000000e+00
   endloop
 endfacet
 facet normal -6.446321e-01 -2.908691e-01 -7.069969e-01
   outer loop
     vertex -5.135523e+00 -2.473137e+00  3.000000e-01
     vertex -5.405813e+00 -2.603302e+00  6.000000e-01
     vertex -5.528857e+00 -2.330609e+00  6.000000e-01
   endloop
 endfacet
 facet normal -6.293322e-01 -3.226398e-01 -7.069969e-01
   outer loop
     vertex -5.135523e+00 -2.473137e+00  3.000000e-01
     vertex -5.269329e+00 -2.869524e+00  6.000000e-01
     vertex -5.405813e+00 -2.603302e+00  6.000000e-01
   endloop
 endfacet
 facet normal -6.137067e-01 -3.342069e-01 -7.153110e-01
   outer loop
     vertex -4.863758e+00 -2.972181e+00  3.000000e-01
     vertex -5.269329e+00 -2.869524e+00  6.000000e-01
     vertex -5.135523e+00 -2.473137e+00  3.000000e-01
   endloop
 endfacet
 facet normal -6.124676e-01 -3.536083e-01 -7.069969e-01
   outer loop
     vertex -4.863758e+00 -2.972181e+00  3.000000e-01
     vertex -4.742396e+00 -2.582571e+00  0.000000e+00
     vertex -4.607771e+00 -2.815750e+00  0.000000e+00
   endloop
 endfacet
 facet normal -5.940803e-01 -3.836978e-01 -7.069969e-01
   outer loop
     vertex -4.863758e+00 -2.972181e+00  3.000000e-01
     vertex -4.607771e+00 -2.815750e+00  0.000000e+00
     vertex -4.461689e+00 -3.041928e+00  0.000000e+00
   endloop
 endfacet
 facet normal -6.283727e-01 -3.421935e-01 -6.986067e-01
   outer loop
     vertex -4.863758e+00 -2.972181e+00  3.000000e-01
     vertex -5.135523e+00 -2.473137e+00  3.000000e-01
     vertex -4.742396e+00 -2.582571e+00  0.000000e+00
   endloop
 endfacet
 facet normal -6.124676e-01 -3.536083e-01 -7.069969e-01
   outer loop
     vertex -4.863758e+00 -2.972181e+00  3.000000e-01
     vertex -5.119745e+00 -3.128611e+00  6.000000e-01
     vertex -5.269329e+00 -2.869524e+00  6.000000e-01
   endloop
 endfacet
 facet normal -5.940803e-01 -3.836978e-01 -7.069969e-01
   outer loop
     vertex -4.863758e+00 -2.972181e+00  3.000000e-01
     vertex -4.957433e+00 -3.379920e+00  6.000000e-01
     vertex -5.119745e+00 -3.128611e+00  6.000000e-01
   endloop
 endfacet
 facet normal -5.742161e-01 -4.128333e-01 -7.069969e-01
   outer loop
     vertex -4.543655e+00 -3.441685e+00  3.000000e-01
     vertex -4.461689e+00 -3.041928e+00  0.000000e+00
     vertex -4.304516e+00 -3.260544e+00  0.000000e+00
   endloop
 endfacet
 facet normal -5.529243e-01 -4.409424e-01 -7.069969e-01
   outer loop
     vertex -4.543655e+00 -3.441685e+00  3.000000e-01
     vertex -4.304516e+00 -3.260544e+00  0.000000e+00
     vertex -4.136640e+00 -3.471053e+00  0.000000e+00
   endloop
 endfacet
 facet normal -5.911787e-01 -4.030588e-01 -6.986067e-01
   outer loop
     vertex -4.543655e+00 -3.441685e+00  3.000000e-01
     vertex -4.863758e+00 -2.972181e+00  3.000000e-01
     vertex -4.461689e+00 -3.041928e+00  0.000000e+00
   endloop
 endfacet
 facet normal -5.773808e-01 -3.936516e-01 -7.153110e-01
   outer loop
     vertex -4.543655e+00 -3.441685e+00  3.000000e-01
     vertex -4.957433e+00 -3.379920e+00  6.000000e-01
     vertex -4.863758e+00 -2.972181e+00  3.000000e-01
   endloop
 endfacet
 facet normal -5.742161e-01 -4.128333e-01 -7.069969e-01
   outer loop
     vertex -4.543655e+00 -3.441685e+00  3.000000e-01
     vertex -4.782795e+00 -3.622826e+00  6.000000e-01
     vertex -4.957433e+00 -3.379920e+00  6.000000e-01
   endloop
 endfacet
 facet normal -5.529243e-01 -4.409424e-01 -7.069969e-01
   outer loop
     vertex -4.543655e+00 -3.441685e+00  3.000000e-01
     vertex -4.596267e+00 -3.856726e+00  6.000000e-01
     vertex -4.782795e+00 -3.622826e+00  6.000000e-01
   endloop
 endfacet
 facet normal -5.302578e-01 -4.679553e-01 -7.069969e-01
   outer loop
     vertex -4.178396e+00 -3.876985e+00  3.000000e-01
     vertex -4.136640e+00 -3.471053e+00  0.000000e+00
     vertex -3.958480e+00 -3.672933e+00  0.000000e+00
   endloop
 endfacet
 facet normal -5.062730e-01 -4.938047e-01 -7.069969e-01
   outer loop
     vertex -4.178396e+00 -3.876985e+00  3.000000e-01
     vertex -3.958480e+00 -3.672933e+00  0.000000e+00
     vertex -3.770479e+00 -3.865681e+00  0.000000e+00
   endloop
 endfacet
 facet normal -5.353166e-01 -4.491840e-01 -7.153110e-01
   outer loop
     vertex -4.178396e+00 -3.876985e+00  3.000000e-01
     vertex -4.596267e+00 -3.856726e+00  6.000000e-01
     vertex -4.543655e+00 -3.441685e+00  3.000000e-01
   endloop
 endfacet
 facet normal -5.302578e-01 -4.679553e-01 -7.069969e-01
   outer loop
     vertex -4.178396e+00 -3.876985e+00  3.000000e-01
     vertex -4.398311e+00 -4.081036e+00  6.000000e-01
     vertex -4.596267e+00 -3.856726e+00  6.000000e-01
   endloop
 endfacet
 facet normal -5.062730e-01 -4.938047e-01 -7.069969e-01
   outer loop
     vertex -4.178396e+00 -3.876985e+00  3.000000e-01
     vertex -4.189421e+00 -4.295201e+00  6.000000e-01
     vertex -4.398311e+00 -4.081036e+00  6.000000e-01
   endloop
 endfacet
 facet normal -5.481093e-01 -4.599183e-01 -6.986067e-01
   outer loop
     vertex -4.178396e+00 -3.876985e+00  3.000000e-01
     vertex -4.543655e+00 -3.441685e+00  3.000000e-01
     vertex -4.136640e+00 -3.471053e+00  0.000000e+00
   endloop
 endfacet
 facet normal -4.810295e-01 -5.184265e-01 -7.069969e-01
   outer loop
     vertex -3.771609e+00 -4.273753e+00  3.000000e-01
     vertex -3.770479e+00 -3.865681e+00  0.000000e+00
     vertex -3.573104e+00 -4.048818e+00  0.000000e+00
   endloop
 endfacet
 facet normal -4.545901e-01 -5.417594e-01 -7.069969e-01
   outer loop
     vertex -3.771609e+00 -4.273753e+00  3.000000e-01
     vertex -3.573104e+00 -4.048818e+00  0.000000e+00
     vertex -3.366845e+00 -4.221890e+00  0.000000e+00
   endloop
 endfacet
 facet normal -4.995926e-01 -5.122069e-01 -6.986067e-01
   outer loop
     vertex -3.771609e+00 -4.273753e+00  3.000000e-01
     vertex -4.178396e+00 -3.876985e+00  3.000000e-01
     vertex -3.770479e+00 -3.865681e+00  0.000000e+00
   endloop
 endfacet
 facet normal -4.810295e-01 -5.184265e-01 -7.069969e-01
   outer loop
     vertex -3.771609e+00 -4.273753e+00  3.000000e-01
     vertex -3.970115e+00 -4.498687e+00  6.000000e-01
     vertex -4.189421e+00 -4.295201e+00  6.000000e-01
   endloop
 endfacet
 facet normal -4.545901e-01 -5.417594e-01 -7.069969e-01
   outer loop
     vertex -3.771609e+00 -4.273753e+00  3.000000e-01
     vertex -3.740939e+00 -4.690989e+00  6.000000e-01
     vertex -3.970115e+00 -4.498687e+00  6.000000e-01
   endloop
 endfacet
 facet normal -4.879323e-01 -5.002522e-01 -7.153110e-01
   outer loop
     vertex -3.771609e+00 -4.273753e+00  3.000000e-01
     vertex -4.189421e+00 -4.295201e+00  6.000000e-01
     vertex -4.178396e+00 -3.876985e+00  3.000000e-01
   endloop
 endfacet
 facet normal -4.270206e-01 -5.637454e-01 -7.069969e-01
   outer loop
     vertex -3.327339e+00 -4.628047e+00  3.000000e-01
     vertex -3.366845e+00 -4.221890e+00  0.000000e+00
     vertex -3.152216e+00 -4.384465e+00  0.000000e+00
   endloop
 endfacet
 facet normal -3.983893e-01 -5.843298e-01 -7.069969e-01
   outer loop
     vertex -3.327339e+00 -4.628047e+00  3.000000e-01
     vertex -3.152216e+00 -4.384465e+00  0.000000e+00
     vertex -2.929750e+00 -4.536140e+00  0.000000e+00
   endloop
 endfacet
 facet normal -4.270206e-01 -5.637454e-01 -7.069969e-01
   outer loop
     vertex -3.327339e+00 -4.628047e+00  3.000000e-01
     vertex -3.502462e+00 -4.871628e+00  6.000000e-01
     vertex -3.740939e+00 -4.690989e+00  6.000000e-01
   endloop
 endfacet
 facet normal -3.983893e-01 -5.843298e-01 -7.069969e-01
   outer loop
     vertex -3.327339e+00 -4.628047e+00  3.000000e-01
     vertex -3.255278e+00 -5.040156e+00  6.000000e-01
     vertex -3.502462e+00 -4.871628e+00  6.000000e-01
   endloop
 endfacet
 facet normal -4.461106e-01 -5.594050e-01 -6.986067e-01
   outer loop
     vertex -3.327339e+00 -4.628047e+00  3.000000e-01
     vertex -3.771609e+00 -4.273753e+00  3.000000e-01
     vertex -3.366845e+00 -4.221890e+00  0.000000e+00
   endloop
 endfacet
 facet normal -4.356986e-01 -5.463487e-01 -7.153110e-01
   outer loop
     vertex -3.327339e+00 -4.628047e+00  3.000000e-01
     vertex -3.740939e+00 -4.690989e+00  6.000000e-01
     vertex -3.771609e+00 -4.273753e+00  3.000000e-01
   endloop
 endfacet
 facet normal -3.881950e-01 -6.010435e-01 -6.986067e-01
   outer loop
     vertex -2.850000e+00 -4.936345e+00  3.000000e-01
     vertex -3.327339e+00 -4.628047e+00  3.000000e-01
     vertex -2.929750e+00 -4.536140e+00  0.000000e+00
   endloop
 endfacet
 facet normal -3.791347e-01 -5.870154e-01 -7.153110e-01
   outer loop
     vertex -2.850000e+00 -4.936345e+00  3.000000e-01
     vertex -3.255278e+00 -5.040156e+00  6.000000e-01
     vertex -3.327339e+00 -4.628047e+00  3.000000e-01
   endloop
 endfacet
 facet normal -3.687677e-01 -6.034615e-01 -7.069969e-01
   outer loop
     vertex -2.850000e+00 -4.936345e+00  3.000000e-01
     vertex -2.929750e+00 -4.536140e+00  0.000000e+00
     vertex -2.700000e+00 -4.676537e+00  0.000000e+00
   endloop
 endfacet
 facet normal -3.382292e-01 -6.210929e-01 -7.069969e-01
   outer loop
     vertex -2.850000e+00 -4.936345e+00  3.000000e-01
     vertex -2.700000e+00 -4.676537e+00  0.000000e+00
     vertex -2.463538e+00 -4.805308e+00  0.000000e+00
   endloop
 endfacet
 facet normal -3.687677e-01 -6.034615e-01 -7.069969e-01
   outer loop
     vertex -2.850000e+00 -4.936345e+00  3.000000e-01
     vertex -3.000000e+00 -5.196152e+00  6.000000e-01
     vertex -3.255278e+00 -5.040156e+00  6.000000e-01
   endloop
 endfacet
 facet normal -3.382292e-01 -6.210929e-01 -7.069969e-01
   outer loop
     vertex -2.850000e+00 -4.936345e+00  3.000000e-01
     vertex -2.737264e+00 -5.339231e+00  6.000000e-01
     vertex -3.000000e+00 -5.196152e+00  6.000000e-01
   endloop
 endfacet
 facet normal -3.188029e-01 -6.218480e-01 -7.153110e-01
   outer loop
     vertex -2.344336e+00 -5.195583e+00  3.000000e-01
     vertex -2.737264e+00 -5.339231e+00  6.000000e-01
     vertex -2.850000e+00 -4.936345e+00  3.000000e-01
   endloop
 endfacet
 facet normal -3.068498e-01 -6.371802e-01 -7.069969e-01
   outer loop
     vertex -2.344336e+00 -5.195583e+00  3.000000e-01
     vertex -2.463538e+00 -4.805308e+00  0.000000e+00
     vertex -2.220950e+00 -4.922132e+00  0.000000e+00
   endloop
 endfacet
 facet normal -2.747076e-01 -6.516833e-01 -7.069969e-01
   outer loop
     vertex -2.344336e+00 -5.195583e+00  3.000000e-01
     vertex -2.220950e+00 -4.922132e+00  0.000000e+00
     vertex -1.972842e+00 -5.026718e+00  0.000000e+00
   endloop
 endfacet
 facet normal -3.264214e-01 -6.367085e-01 -6.986067e-01
   outer loop
     vertex -2.344336e+00 -5.195583e+00  3.000000e-01
     vertex -2.850000e+00 -4.936345e+00  3.000000e-01
     vertex -2.463538e+00 -4.805308e+00  0.000000e+00
   endloop
 endfacet
 facet normal -3.068498e-01 -6.371802e-01 -7.069969e-01
   outer loop
     vertex -2.344336e+00 -5.195583e+00  3.000000e-01
     vertex -2.467723e+00 -5.469035e+00  6.000000e-01
     vertex -2.737264e+00 -5.339231e+00  6.000000e-01
   endloop
 endfacet
 facet normal -2.747076e-01 -6.516833e-01 -7.069969e-01
   outer loop
     vertex -2.344336e+00 -5.195583e+00  3.000000e-01
     vertex -2.192046e+00 -5.585242e+00  6.000000e-01
     vertex -2.467723e+00 -5.469035e+00  6.000000e-01
   endloop
 endfacet
 facet normal -2.418824e-01 -6.645663e-01 -7.069969e-01
   outer loop
     vertex -1.815374e+00 -5.403186e+00  3.000000e-01
     vertex -1.972842e+00 -5.026718e+00  0.000000e+00
     vertex -1.719828e+00 -5.118808e+00  0.000000e+00
   endloop
 endfacet
 facet normal -2.084558e-01 -6.757970e-01 -7.069969e-01
   outer loop
     vertex -1.815374e+00 -5.403186e+00  3.000000e-01
     vertex -1.719828e+00 -5.118808e+00  0.000000e+00
     vertex -1.462539e+00 -5.198171e+00  0.000000e+00
   endloop
 endfacet
 facet normal -2.614037e-01 -6.660456e-01 -6.986067e-01
   outer loop
     vertex -1.815374e+00 -5.403186e+00  3.000000e-01
     vertex -2.344336e+00 -5.195583e+00  3.000000e-01
     vertex -1.972842e+00 -5.026718e+00  0.000000e+00
   endloop
 endfacet
 facet normal -2.553026e-01 -6.505004e-01 -7.153110e-01
   outer loop
     vertex -1.815374e+00 -5.403186e+00  3.000000e-01
     vertex -2.192046e+00 -5.585242e+00  6.000000e-01
     vertex -2.344336e+00 -5.195583e+00  3.000000e-01
   endloop
 endfacet
 facet normal -2.418824e-01 -6.645663e-01 -7.069969e-01
   outer loop
     vertex -1.815374e+00 -5.403186e+00  3.000000e-01
     vertex -1.910920e+00 -5.687564e+00  6.000000e-01
     vertex -2.192046e+00 -5.585242e+00  6.000000e-01
   endloop
 endfacet
 facet normal -2.084558e-01 -6.757970e-01 -7.069969e-01
   outer loop
     vertex -1.815374e+00 -5.403186e+00  3.000000e-01
     vertex -1.625043e+00 -5.775745e+00  6.000000e-01
     vertex -1.910920e+00 -5.687564e+00  6.000000e-01
   endloop
 endfacet
 facet normal -1.745109e-01 -6.853476e-01 -7.069969e-01
   outer loop
     vertex -1.268369e+00 -5.557089e+00  3.000000e-01
     vertex -1.462539e+00 -5.198171e+00  0.000000e+00
     vertex -1.201613e+00 -5.264611e+00  0.000000e+00
   endloop
 endfacet
 facet normal -1.401323e-01 -6.931943e-01 -7.069969e-01
   outer loop
     vertex -1.268369e+00 -5.557089e+00  3.000000e-01
     vertex -1.201613e+00 -5.264611e+00  0.000000e+00
     vertex -9.377002e-01 -5.317962e+00  0.000000e+00
   endloop
 endfacet
 facet normal -1.892650e-01 -6.726878e-01 -7.153110e-01
   outer loop
     vertex -1.268369e+00 -5.557089e+00  3.000000e-01
     vertex -1.625043e+00 -5.775745e+00  6.000000e-01
     vertex -1.815374e+00 -5.403186e+00  3.000000e-01
   endloop
 endfacet
 facet normal -1.937879e-01 -6.887633e-01 -6.986067e-01
   outer loop
     vertex -1.268369e+00 -5.557089e+00  3.000000e-01
     vertex -1.815374e+00 -5.403186e+00  3.000000e-01
     vertex -1.462539e+00 -5.198171e+00  0.000000e+00
   endloop
 endfacet
 facet normal -1.745109e-01 -6.853476e-01 -7.069969e-01
   outer loop
     vertex -1.268369e+00 -5.557089e+00  3.000000e-01
     vertex -1.335126e+00 -5.849567e+00  6.000000e-01
     vertex -1.625043e+00 -5.775745e+00  6.000000e-01
   endloop
 endfacet
 facet normal -1.401323e-01 -6.931943e-01 -7.069969e-01
   outer loop
     vertex -1.268369e+00 -5.557089e+00  3.000000e-01
     vertex -1.041889e+00 -5.908847e+00  6.000000e-01
     vertex -1.335126e+00 -5.849567e+00  6.000000e-01
   endloop
 endfacet
 facet normal -1.054052e-01 -6.993177e-01 -7.069969e-01
   outer loop
     vertex -7.087591e-01 -5.655763e+00  3.000000e-01
     vertex -9.377002e-01 -5.317962e+00  0.000000e+00
     vertex -6.714560e-01 -5.358092e+00  0.000000e+00
   endloop
 endfacet
 facet normal -7.041604e-02 -7.037024e-01 -7.069969e-01
   outer loop
     vertex -7.087591e-01 -5.655763e+00  3.000000e-01
     vertex -6.714560e-01 -5.358092e+00  0.000000e+00
     vertex -4.035425e-01 -5.384901e+00  0.000000e+00
   endloop
 endfacet
 facet normal -1.242463e-01 -7.046357e-01 -6.986067e-01
   outer loop
     vertex -7.087591e-01 -5.655763e+00  3.000000e-01
     vertex -1.268369e+00 -5.557089e+00  3.000000e-01
     vertex -9.377002e-01 -5.317962e+00  0.000000e+00
   endloop
 endfacet
 facet normal -1.213464e-01 -6.881898e-01 -7.153110e-01
   outer loop
     vertex -7.087591e-01 -5.655763e+00  3.000000e-01
     vertex -1.041889e+00 -5.908847e+00  6.000000e-01
     vertex -1.268369e+00 -5.557089e+00  3.000000e-01
   endloop
 endfacet
 facet normal -1.054052e-01 -6.993177e-01 -7.069969e-01
   outer loop
     vertex -7.087591e-01 -5.655763e+00  3.000000e-01
     vertex -7.460622e-01 -5.953435e+00  6.000000e-01
     vertex -1.041889e+00 -5.908847e+00  6.000000e-01
   endloop
 endfacet
 facet normal -7.041604e-02 -7.037024e-01 -7.069969e-01
   outer loop
     vertex -7.087591e-01 -5.655763e+00  3.000000e-01
     vertex -4.483806e-01 -5.983223e+00  6.000000e-01
     vertex -7.460622e-01 -5.953435e+00  6.000000e-01
   endloop
 endfacet
 facet normal -3.525184e-02 -7.063376e-01 -7.069969e-01
   outer loop
     vertex -1.421049e-01 -5.698228e+00  3.000000e-01
     vertex -4.035425e-01 -5.384901e+00  0.000000e+00
     vertex -1.346257e-01 -5.398322e+00  0.000000e+00
   endloop
 endfacet
 facet normal  7.003527e-15 -7.072167e-01 -7.069969e-01
   outer loop
     vertex -1.421049e-01 -5.698228e+00  3.000000e-01
     vertex -1.346257e-01 -5.398322e+00  0.000000e+00
     vertex  1.346257e-01 -5.398322e+00  0.000000e+00
   endloop
 endfacet
 facet normal -5.222186e-02 -6.968522e-01 -7.153110e-01
   outer loop
     vertex -1.421049e-01 -5.698228e+00  3.000000e-01
     vertex -4.483806e-01 -5.983223e+00  6.000000e-01
     vertex -7.087591e-01 -5.655763e+00  3.000000e-01
   endloop
 endfacet
 facet normal -5.346982e-02 -7.135052e-01 -6.986067e-01
   outer loop
     vertex -1.421049e-01 -5.698228e+00  3.000000e-01
     vertex -7.087591e-01 -5.655763e+00  3.000000e-01
     vertex -4.035425e-01 -5.384901e+00  0.000000e+00
   endloop
 endfacet
 facet normal -3.525184e-02 -7.063376e-01 -7.069969e-01
   outer loop
     vertex -1.421049e-01 -5.698228e+00  3.000000e-01
     vertex -1.495842e-01 -5.998135e+00  6.000000e-01
     vertex -4.483806e-01 -5.983223e+00  6.000000e-01
   endloop
 endfacet
 facet normal  8.402777e-15 -7.072167e-01 -7.069969e-01
   outer loop
     vertex -1.421049e-01 -5.698228e+00  3.000000e-01
     vertex  1.495842e-01 -5.998135e+00  6.000000e-01
     vertex -1.495842e-01 -5.998135e+00  6.000000e-01
   endloop
 endfacet
 facet normal  3.525184e-02 -7.063376e-01 -7.069969e-01
   outer loop
     vertex  4.259615e-01 -5.684062e+00  3.000000e-01
     vertex  1.346257e-01 -5.398322e+00  0.000000e+00
     vertex  4.035425e-01 -5.384901e+00  0.000000e+00
   endloop
 endfacet
 facet normal  7.041604e-02 -7.037024e-01 -7.069969e-01
   outer loop
     vertex  4.259615e-01 -5.684062e+00  3.000000e-01
     vertex  4.035425e-01 -5.384901e+00  0.000000e+00
     vertex  6.714560e-01 -5.358092e+00  0.000000e+00
   endloop
 endfacet
 facet normal  1.783806e-02 -7.152835e-01 -6.986067e-01
   outer loop
     vertex  4.259615e-01 -5.684062e+00  3.000000e-01
     vertex -1.421049e-01 -5.698228e+00  3.000000e-01
     vertex  1.346257e-01 -5.398322e+00  0.000000e+00
   endloop
 endfacet
 facet normal  1.742172e-02 -6.985890e-01 -7.153110e-01
   outer loop
     vertex  4.259615e-01 -5.684062e+00  3.000000e-01
     vertex  1.495842e-01 -5.998135e+00  6.000000e-01
     vertex -1.421049e-01 -5.698228e+00  3.000000e-01
   endloop
 endfacet
 facet normal  3.525184e-02 -7.063376e-01 -7.069969e-01
   outer loop
     vertex  4.259615e-01 -5.684062e+00  3.000000e-01
     vertex  4.483806e-01 -5.983223e+00  6.000000e-01
     vertex  1.495842e-01 -5.998135e+00  6.000000e-01
   endloop
 endfacet
 facet normal  7.041604e-02 -7.037024e-01 -7.069969e-01
   outer loop
     vertex  4.259615e-01 -5.684062e+00  3.000000e-01
     vertex  7.460622e-01 -5.953435e+00  6.000000e-01
     vertex  4.483806e-01 -5.983223e+00  6.000000e-01
   endloop
 endfacet
 facet normal  1.401323e-01 -6.931943e-01 -7.069969e-01
   outer loop
     vertex  9.897946e-01 -5.613404e+00  3.000000e-01
     vertex  1.335126e+00 -5.849567e+00  6.000000e-01
     vertex  1.041889e+00 -5.908847e+00  6.000000e-01
   endloop
 endfacet
 facet normal  8.896865e-02 -7.099530e-01 -6.986067e-01
   outer loop
     vertex  9.897946e-01 -5.613404e+00  3.000000e-01
     vertex  4.259615e-01 -5.684062e+00  3.000000e-01
     vertex  6.714560e-01 -5.358092e+00  0.000000e+00
   endloop
 endfacet
 facet normal  1.054052e-01 -6.993177e-01 -7.069969e-01
   outer loop
     vertex  9.897946e-01 -5.613404e+00  3.000000e-01
     vertex  6.714560e-01 -5.358092e+00  0.000000e+00
     vertex  9.377002e-01 -5.317962e+00  0.000000e+00
   endloop
 endfacet
 facet normal  1.401323e-01 -6.931943e-01 -7.069969e-01
   outer loop
     vertex  9.897946e-01 -5.613404e+00  3.000000e-01
     vertex  9.377002e-01 -5.317962e+00  0.000000e+00
     vertex  1.201613e+00 -5.264611e+00  0.000000e+00
   endloop
 endfacet
 facet normal  8.689216e-02 -6.933830e-01 -7.153110e-01
   outer loop
     vertex  9.897946e-01 -5.613404e+00  3.000000e-01
     vertex  7.460622e-01 -5.953435e+00  6.000000e-01
     vertex  4.259615e-01 -5.684062e+00  3.000000e-01
   endloop
 endfacet
 facet normal  1.054052e-01 -6.993177e-01 -7.069969e-01
   outer loop
     vertex  9.897946e-01 -5.613404e+00  3.000000e-01
     vertex  1.041889e+00 -5.908847e+00  6.000000e-01
     vertex  7.460622e-01 -5.953435e+00  6.000000e-01
   endloop
 endfacet
 facet normal  1.745109e-01 -6.853476e-01 -7.069969e-01
   outer loop
     vertex  1.543791e+00 -5.486958e+00  3.000000e-01
     vertex  1.625043e+00 -5.775745e+00  6.000000e-01
     vertex  1.335126e+00 -5.849567e+00  6.000000e-01
   endloop
 endfacet
 facet normal  2.084558e-01 -6.757970e-01 -7.069969e-01
   outer loop
     vertex  1.543791e+00 -5.486958e+00  3.000000e-01
     vertex  1.910920e+00 -5.687564e+00  6.000000e-01
     vertex  1.625043e+00 -5.775745e+00  6.000000e-01
   endloop
 endfacet
 facet normal  1.592150e-01 -6.975667e-01 -6.986067e-01
   outer loop
     vertex  1.543791e+00 -5.486958e+00  3.000000e-01
     vertex  9.897946e-01 -5.613404e+00  3.000000e-01
     vertex  1.201613e+00 -5.264611e+00  0.000000e+00
   endloop
 endfacet
 facet normal  1.745109e-01 -6.853476e-01 -7.069969e-01
   outer loop
     vertex  1.543791e+00 -5.486958e+00  3.000000e-01
     vertex  1.201613e+00 -5.264611e+00  0.000000e+00
     vertex  1.462539e+00 -5.198171e+00  0.000000e+00
   endloop
 endfacet
 facet normal  2.084558e-01 -6.757970e-01 -7.069969e-01
   outer loop
     vertex  1.543791e+00 -5.486958e+00  3.000000e-01
     vertex  1.462539e+00 -5.198171e+00  0.000000e+00
     vertex  1.719828e+00 -5.118808e+00  0.000000e+00
   endloop
 endfacet
 facet normal  1.554990e-01 -6.812857e-01 -7.153110e-01
   outer loop
     vertex  1.543791e+00 -5.486958e+00  3.000000e-01
     vertex  1.335126e+00 -5.849567e+00  6.000000e-01
     vertex  9.897946e-01 -5.613404e+00  3.000000e-01
   endloop
 endfacet
 facet normal  2.418824e-01 -6.645663e-01 -7.069969e-01
   outer loop
     vertex  2.082444e+00 -5.305980e+00  3.000000e-01
     vertex  2.192046e+00 -5.585242e+00  6.000000e-01
     vertex  1.910920e+00 -5.687564e+00  6.000000e-01
   endloop
 endfacet
 facet normal  2.747076e-01 -6.516833e-01 -7.069969e-01
   outer loop
     vertex  2.082444e+00 -5.305980e+00  3.000000e-01
     vertex  2.467723e+00 -5.469035e+00  6.000000e-01
     vertex  2.192046e+00 -5.585242e+00  6.000000e-01
   endloop
 endfacet
 facet normal  2.418824e-01 -6.645663e-01 -7.069969e-01
   outer loop
     vertex  2.082444e+00 -5.305980e+00  3.000000e-01
     vertex  1.719828e+00 -5.118808e+00  0.000000e+00
     vertex  1.972842e+00 -5.026718e+00  0.000000e+00
   endloop
 endfacet
 facet normal  2.747076e-01 -6.516833e-01 -7.069969e-01
   outer loop
     vertex  2.082444e+00 -5.305980e+00  3.000000e-01
     vertex  1.972842e+00 -5.026718e+00  0.000000e+00
     vertex  2.220950e+00 -4.922132e+00  0.000000e+00
   endloop
 endfacet
 facet normal  2.225605e-01 -6.624176e-01 -7.153110e-01
   outer loop
     vertex  2.082444e+00 -5.305980e+00  3.000000e-01
     vertex  1.910920e+00 -5.687564e+00  6.000000e-01
     vertex  1.543791e+00 -5.486958e+00  3.000000e-01
   endloop
 endfacet
 facet normal  2.278791e-01 -6.782476e-01 -6.986067e-01
   outer loop
     vertex  2.082444e+00 -5.305980e+00  3.000000e-01
     vertex  1.543791e+00 -5.486958e+00  3.000000e-01
     vertex  1.719828e+00 -5.118808e+00  0.000000e+00
   endloop
 endfacet
 facet normal  3.068498e-01 -6.371802e-01 -7.069969e-01
   outer loop
     vertex  2.600401e+00 -5.072269e+00  3.000000e-01
     vertex  2.737264e+00 -5.339231e+00  6.000000e-01
     vertex  2.467723e+00 -5.469035e+00  6.000000e-01
   endloop
 endfacet
 facet normal  3.382292e-01 -6.210929e-01 -7.069969e-01
   outer loop
     vertex  2.600401e+00 -5.072269e+00  3.000000e-01
     vertex  3.000000e+00 -5.196152e+00  6.000000e-01
     vertex  2.737264e+00 -5.339231e+00  6.000000e-01
   endloop
 endfacet
 facet normal  2.874100e-01 -6.369660e-01 -7.153110e-01
   outer loop
     vertex  2.600401e+00 -5.072269e+00  3.000000e-01
     vertex  2.467723e+00 -5.469035e+00  6.000000e-01
     vertex  2.082444e+00 -5.305980e+00  3.000000e-01
   endloop
 endfacet
 facet normal  2.942783e-01 -6.521878e-01 -6.986067e-01
   outer loop
     vertex  2.600401e+00 -5.072269e+00  3.000000e-01
     vertex  2.082444e+00 -5.305980e+00  3.000000e-01
     vertex  2.220950e+00 -4.922132e+00  0.000000e+00
   endloop
 endfacet
 facet normal  3.068498e-01 -6.371802e-01 -7.069969e-01
   outer loop
     vertex  2.600401e+00 -5.072269e+00  3.000000e-01
     vertex  2.220950e+00 -4.922132e+00  0.000000e+00
     vertex  2.463538e+00 -4.805308e+00  0.000000e+00
   endloop
 endfacet
 facet normal  3.382292e-01 -6.210929e-01 -7.069969e-01
   outer loop
     vertex  2.600401e+00 -5.072269e+00  3.000000e-01
     vertex  2.463538e+00 -4.805308e+00  0.000000e+00
     vertex  2.700000e+00 -4.676537e+00  0.000000e+00
   endloop
 endfacet
 facet normal  3.494031e-01 -6.051840e-01 -7.153110e-01
   outer loop
     vertex  3.092514e+00 -4.788148e+00  3.000000e-01
     vertex  3.000000e+00 -5.196152e+00  6.000000e-01
     vertex  2.600401e+00 -5.072269e+00  3.000000e-01
   endloop
 endfacet
 facet normal  3.687677e-01 -6.034615e-01 -7.069969e-01
   outer loop
     vertex  3.092514e+00 -4.788148e+00  3.000000e-01
     vertex  3.255278e+00 -5.040156e+00  6.000000e-01
     vertex  3.000000e+00 -5.196152e+00  6.000000e-01
   endloop
 endfacet
 facet normal  3.983893e-01 -5.843298e-01 -7.069969e-01
   outer loop
     vertex  3.092514e+00 -4.788148e+00  3.000000e-01
     vertex  3.502462e+00 -4.871628e+00  6.000000e-01
     vertex  3.255278e+00 -5.040156e+00  6.000000e-01
   endloop
 endfacet
 facet normal  3.687677e-01 -6.034615e-01 -7.069969e-01
   outer loop
     vertex  3.092514e+00 -4.788148e+00  3.000000e-01
     vertex  2.700000e+00 -4.676537e+00  0.000000e+00
     vertex  2.929750e+00 -4.536140e+00  0.000000e+00
   endloop
 endfacet
 facet normal  3.983893e-01 -5.843298e-01 -7.069969e-01
   outer loop
     vertex  3.092514e+00 -4.788148e+00  3.000000e-01
     vertex  2.929750e+00 -4.536140e+00  0.000000e+00
     vertex  3.152216e+00 -4.384465e+00  0.000000e+00
   endloop
 endfacet
 facet normal  3.577529e-01 -6.196463e-01 -6.986067e-01
   outer loop
     vertex  3.092514e+00 -4.788148e+00  3.000000e-01
     vertex  2.600401e+00 -5.072269e+00  3.000000e-01
     vertex  2.700000e+00 -4.676537e+00  0.000000e+00
   endloop
 endfacet
 facet normal  4.270206e-01 -5.637454e-01 -7.069969e-01
   outer loop
     vertex  3.553892e+00 -4.456439e+00  3.000000e-01
     vertex  3.740939e+00 -4.690989e+00  6.000000e-01
     vertex  3.502462e+00 -4.871628e+00  6.000000e-01
   endloop
 endfacet
 facet normal  4.545901e-01 -5.417594e-01 -7.069969e-01
   outer loop
     vertex  3.553892e+00 -4.456439e+00  3.000000e-01
     vertex  3.970115e+00 -4.498687e+00  6.000000e-01
     vertex  3.740939e+00 -4.690989e+00  6.000000e-01
   endloop
 endfacet
 facet normal  4.270206e-01 -5.637454e-01 -7.069969e-01
   outer loop
     vertex  3.553892e+00 -4.456439e+00  3.000000e-01
     vertex  3.152216e+00 -4.384465e+00  0.000000e+00
     vertex  3.366845e+00 -4.221890e+00  0.000000e+00
   endloop
 endfacet
 facet normal  4.545901e-01 -5.417594e-01 -7.069969e-01
   outer loop
     vertex  3.553892e+00 -4.456439e+00  3.000000e-01
     vertex  3.366845e+00 -4.221890e+00  0.000000e+00
     vertex  3.573104e+00 -4.048818e+00  0.000000e+00
   endloop
 endfacet
 facet normal  4.079237e-01 -5.673874e-01 -7.153110e-01
   outer loop
     vertex  3.553892e+00 -4.456439e+00  3.000000e-01
     vertex  3.502462e+00 -4.871628e+00  6.000000e-01
     vertex  3.092514e+00 -4.788148e+00  3.000000e-01
   endloop
 endfacet
 facet normal  4.176720e-01 -5.809464e-01 -6.986067e-01
   outer loop
     vertex  3.553892e+00 -4.456439e+00  3.000000e-01
     vertex  3.092514e+00 -4.788148e+00  3.000000e-01
     vertex  3.152216e+00 -4.384465e+00  0.000000e+00
   endloop
 endfacet
 facet normal  4.810295e-01 -5.184265e-01 -7.069969e-01
   outer loop
     vertex  3.979950e+00 -4.080441e+00  3.000000e-01
     vertex  4.189421e+00 -4.295201e+00  6.000000e-01
     vertex  3.970115e+00 -4.498687e+00  6.000000e-01
   endloop
 endfacet
 facet normal  5.062730e-01 -4.938047e-01 -7.069969e-01
   outer loop
     vertex  3.979950e+00 -4.080441e+00  3.000000e-01
     vertex  4.398311e+00 -4.081036e+00  6.000000e-01
     vertex  4.189421e+00 -4.295201e+00  6.000000e-01
   endloop
 endfacet
 facet normal  4.810295e-01 -5.184265e-01 -7.069969e-01
   outer loop
     vertex  3.979950e+00 -4.080441e+00  3.000000e-01
     vertex  3.573104e+00 -4.048818e+00  0.000000e+00
     vertex  3.770479e+00 -3.865681e+00  0.000000e+00
   endloop
 endfacet
 facet normal  5.062730e-01 -4.938047e-01 -7.069969e-01
   outer loop
     vertex  3.979950e+00 -4.080441e+00  3.000000e-01
     vertex  3.770479e+00 -3.865681e+00  0.000000e+00
     vertex  3.958480e+00 -3.672933e+00  0.000000e+00
   endloop
 endfacet
 facet normal  4.623902e-01 -5.239518e-01 -7.153110e-01
   outer loop
     vertex  3.979950e+00 -4.080441e+00  3.000000e-01
     vertex  3.970115e+00 -4.498687e+00  6.000000e-01
     vertex  3.553892e+00 -4.456439e+00  3.000000e-01
   endloop
 endfacet
 facet normal  4.734401e-01 -5.364729e-01 -6.986067e-01
   outer loop
     vertex  3.979950e+00 -4.080441e+00  3.000000e-01
     vertex  3.553892e+00 -4.456439e+00  3.000000e-01
     vertex  3.573104e+00 -4.048818e+00  0.000000e+00
   endloop
 endfacet
 facet normal  5.302578e-01 -4.679553e-01 -7.069969e-01
   outer loop
     vertex  4.366453e+00 -3.663889e+00  3.000000e-01
     vertex  4.596267e+00 -3.856726e+00  6.000000e-01
     vertex  4.398311e+00 -4.081036e+00  6.000000e-01
   endloop
 endfacet
 facet normal  5.529243e-01 -4.409424e-01 -7.069969e-01
   outer loop
     vertex  4.366453e+00 -3.663889e+00  3.000000e-01
     vertex  4.782795e+00 -3.622826e+00  6.000000e-01
     vertex  4.596267e+00 -3.856726e+00  6.000000e-01
   endloop
 endfacet
 facet normal  5.302578e-01 -4.679553e-01 -7.069969e-01
   outer loop
     vertex  4.366453e+00 -3.663889e+00  3.000000e-01
     vertex  3.958480e+00 -3.672933e+00  0.000000e+00
     vertex  4.136640e+00 -3.471053e+00  0.000000e+00
   endloop
 endfacet
 facet normal  5.529243e-01 -4.409424e-01 -7.069969e-01
   outer loop
     vertex  4.366453e+00 -3.663889e+00  3.000000e-01
     vertex  4.136640e+00 -3.471053e+00  0.000000e+00
     vertex  4.304516e+00 -3.260544e+00  0.000000e+00
   endloop
 endfacet
 facet normal  5.122612e-01 -4.753090e-01 -7.153110e-01
   outer loop
     vertex  4.366453e+00 -3.663889e+00  3.000000e-01
     vertex  4.398311e+00 -4.081036e+00  6.000000e-01
     vertex  3.979950e+00 -4.080441e+00  3.000000e-01
   endloop
 endfacet
 facet normal  5.245029e-01 -4.866676e-01 -6.986067e-01
   outer loop
     vertex  4.366453e+00 -3.663889e+00  3.000000e-01
     vertex  3.979950e+00 -4.080441e+00  3.000000e-01
     vertex  3.958480e+00 -3.672933e+00  0.000000e+00
   endloop
 endfacet
 facet normal  5.742161e-01 -4.128333e-01 -7.069969e-01
   outer loop
     vertex  4.709561e+00 -3.210924e+00  3.000000e-01
     vertex  4.957433e+00 -3.379920e+00  6.000000e-01
     vertex  4.782795e+00 -3.622826e+00  6.000000e-01
   endloop
 endfacet
 facet normal  5.940803e-01 -3.836978e-01 -7.069969e-01
   outer loop
     vertex  4.709561e+00 -3.210924e+00  3.000000e-01
     vertex  5.119745e+00 -3.128611e+00  6.000000e-01
     vertex  4.957433e+00 -3.379920e+00  6.000000e-01
   endloop
 endfacet
 facet normal  5.703530e-01 -4.320256e-01 -6.986067e-01
   outer loop
     vertex  4.709561e+00 -3.210924e+00  3.000000e-01
     vertex  4.366453e+00 -3.663889e+00  3.000000e-01
     vertex  4.304516e+00 -3.260544e+00  0.000000e+00
   endloop
 endfacet
 facet normal  5.742161e-01 -4.128333e-01 -7.069969e-01
   outer loop
     vertex  4.709561e+00 -3.210924e+00  3.000000e-01
     vertex  4.304516e+00 -3.260544e+00  0.000000e+00
     vertex  4.461689e+00 -3.041928e+00  0.000000e+00
   endloop
 endfacet
 facet normal  5.940803e-01 -3.836978e-01 -7.069969e-01
   outer loop
     vertex  4.709561e+00 -3.210924e+00  3.000000e-01
     vertex  4.461689e+00 -3.041928e+00  0.000000e+00
     vertex  4.607771e+00 -2.815750e+00  0.000000e+00
   endloop
 endfacet
 facet normal  5.570412e-01 -4.219423e-01 -7.153110e-01
   outer loop
     vertex  4.709561e+00 -3.210924e+00  3.000000e-01
     vertex  4.782795e+00 -3.622826e+00  6.000000e-01
     vertex  4.366453e+00 -3.663889e+00  3.000000e-01
   endloop
 endfacet
 facet normal  6.105346e-01 -3.730900e-01 -6.986067e-01
   outer loop
     vertex  5.005863e+00 -2.726048e+00  3.000000e-01
     vertex  4.709561e+00 -3.210924e+00  3.000000e-01
     vertex  4.607771e+00 -2.815750e+00  0.000000e+00
   endloop
 endfacet
 facet normal  6.124676e-01 -3.536083e-01 -7.069969e-01
   outer loop
     vertex  5.005863e+00 -2.726048e+00  3.000000e-01
     vertex  5.269329e+00 -2.869524e+00  6.000000e-01
     vertex  5.119745e+00 -3.128611e+00  6.000000e-01
   endloop
 endfacet
 facet normal  6.293322e-01 -3.226398e-01 -7.069969e-01
   outer loop
     vertex  5.005863e+00 -2.726048e+00  3.000000e-01
     vertex  5.405813e+00 -2.603302e+00  6.000000e-01
     vertex  5.269329e+00 -2.869524e+00  6.000000e-01
   endloop
 endfacet
 facet normal  6.124676e-01 -3.536083e-01 -7.069969e-01
   outer loop
     vertex  5.005863e+00 -2.726048e+00  3.000000e-01
     vertex  4.607771e+00 -2.815750e+00  0.000000e+00
     vertex  4.742396e+00 -2.582571e+00  0.000000e+00
   endloop
 endfacet
 facet normal  6.293322e-01 -3.226398e-01 -7.069969e-01
   outer loop
     vertex  5.005863e+00 -2.726048e+00  3.000000e-01
     vertex  4.742396e+00 -2.582571e+00  0.000000e+00
     vertex  4.865232e+00 -2.342972e+00  0.000000e+00
   endloop
 endfacet
 facet normal  5.962850e-01 -3.643822e-01 -7.153110e-01
   outer loop
     vertex  5.005863e+00 -2.726048e+00  3.000000e-01
     vertex  5.119745e+00 -3.128611e+00  6.000000e-01
     vertex  4.709561e+00 -3.210924e+00  3.000000e-01
   endloop
 endfacet
 facet normal  6.296027e-01 -3.032007e-01 -7.153110e-01
   outer loop
     vertex  5.252414e+00 -2.214078e+00  3.000000e-01
     vertex  5.405813e+00 -2.603302e+00  6.000000e-01
     vertex  5.005863e+00 -2.726048e+00  3.000000e-01
   endloop
 endfacet
 facet normal  6.446321e-01 -2.908691e-01 -7.069969e-01
   outer loop
     vertex  5.252414e+00 -2.214078e+00  3.000000e-01
     vertex  5.528857e+00 -2.330609e+00  6.000000e-01
     vertex  5.405813e+00 -2.603302e+00  6.000000e-01
   endloop
 endfacet
 facet normal  6.583294e-01 -2.583753e-01 -7.069969e-01
   outer loop
     vertex  5.252414e+00 -2.214078e+00  3.000000e-01
     vertex  5.638156e+00 -2.052121e+00  6.000000e-01
     vertex  5.528857e+00 -2.330609e+00  6.000000e-01
   endloop
 endfacet
 facet normal  6.446485e-01 -3.104464e-01 -6.986067e-01
   outer loop
     vertex  5.252414e+00 -2.214078e+00  3.000000e-01
     vertex  5.005863e+00 -2.726048e+00  3.000000e-01
     vertex  4.865232e+00 -2.342972e+00  0.000000e+00
   endloop
 endfacet
 facet normal  6.446321e-01 -2.908691e-01 -7.069969e-01
   outer loop
     vertex  5.252414e+00 -2.214078e+00  3.000000e-01
     vertex  4.865232e+00 -2.342972e+00  0.000000e+00
     vertex  4.975972e+00 -2.097548e+00  0.000000e+00
   endloop
 endfacet
 facet normal  6.583294e-01 -2.583753e-01 -7.069969e-01
   outer loop
     vertex  5.252414e+00 -2.214078e+00  3.000000e-01
     vertex  4.975972e+00 -2.097548e+00  0.000000e+00
     vertex  5.074340e+00 -1.846909e+00  0.000000e+00
   endloop
 endfacet
 facet normal  6.566631e-01 -2.390058e-01 -7.153110e-01
   outer loop
     vertex  5.446765e+00 -1.680104e+00  3.000000e-01
     vertex  5.638156e+00 -2.052121e+00  6.000000e-01
     vertex  5.252414e+00 -2.214078e+00  3.000000e-01
   endloop
 endfacet
 facet normal  6.703900e-01 -2.252391e-01 -7.069969e-01
   outer loop
     vertex  5.446765e+00 -1.680104e+00  3.000000e-01
     vertex  5.733437e+00 -1.768531e+00  6.000000e-01
     vertex  5.638156e+00 -2.052121e+00  6.000000e-01
   endloop
 endfacet
 facet normal  6.807839e-01 -1.915429e-01 -7.069969e-01
   outer loop
     vertex  5.446765e+00 -1.680104e+00  3.000000e-01
     vertex  5.814464e+00 -1.480544e+00  6.000000e-01
     vertex  5.733437e+00 -1.768531e+00  6.000000e-01
   endloop
 endfacet
 facet normal  6.723556e-01 -2.447174e-01 -6.986067e-01
   outer loop
     vertex  5.446765e+00 -1.680104e+00  3.000000e-01
     vertex  5.252414e+00 -2.214078e+00  3.000000e-01
     vertex  5.074340e+00 -1.846909e+00  0.000000e+00
   endloop
 endfacet
 facet normal  6.703900e-01 -2.252391e-01 -7.069969e-01
   outer loop
     vertex  5.446765e+00 -1.680104e+00  3.000000e-01
     vertex  5.074340e+00 -1.846909e+00  0.000000e+00
     vertex  5.160093e+00 -1.591678e+00  0.000000e+00
   endloop
 endfacet
 facet normal  6.807839e-01 -1.915429e-01 -7.069969e-01
   outer loop
     vertex  5.446765e+00 -1.680104e+00  3.000000e-01
     vertex  5.160093e+00 -1.591678e+00  0.000000e+00
     vertex  5.233017e+00 -1.332490e+00  0.000000e+00
   endloop
 endfacet
 facet normal  6.894853e-01 -1.573705e-01 -7.069969e-01
   outer loop
     vertex  5.586983e+00 -1.129433e+00  3.000000e-01
     vertex  5.881035e+00 -1.188877e+00  6.000000e-01
     vertex  5.814464e+00 -1.480544e+00  6.000000e-01
   endloop
 endfacet
 facet normal  6.964725e-01 -1.228069e-01 -7.069969e-01
   outer loop
     vertex  5.586983e+00 -1.129433e+00  3.000000e-01
     vertex  5.932985e+00 -8.942536e-01  6.000000e-01
     vertex  5.881035e+00 -1.188877e+00  6.000000e-01
   endloop
 endfacet
 facet normal  6.771973e-01 -1.724356e-01 -7.153110e-01
   outer loop
     vertex  5.586983e+00 -1.129433e+00  3.000000e-01
     vertex  5.814464e+00 -1.480544e+00  6.000000e-01
     vertex  5.446765e+00 -1.680104e+00  3.000000e-01
   endloop
 endfacet
 facet normal  6.894853e-01 -1.573705e-01 -7.069969e-01
   outer loop
     vertex  5.586983e+00 -1.129433e+00  3.000000e-01
     vertex  5.233017e+00 -1.332490e+00  0.000000e+00
     vertex  5.292931e+00 -1.069989e+00  0.000000e+00
   endloop
 endfacet
 facet normal  6.964725e-01 -1.228069e-01 -7.069969e-01
   outer loop
     vertex  5.586983e+00 -1.129433e+00  3.000000e-01
     vertex  5.292931e+00 -1.069989e+00  0.000000e+00
     vertex  5.339686e+00 -8.048282e-01  0.000000e+00
   endloop
 endfacet
 facet normal  6.933805e-01 -1.765564e-01 -6.986067e-01
   outer loop
     vertex  5.586983e+00 -1.129433e+00  3.000000e-01
     vertex  5.446765e+00 -1.680104e+00  3.000000e-01
     vertex  5.233017e+00 -1.332490e+00  0.000000e+00
   endloop
 endfacet
 facet normal  7.017281e-01 -8.793794e-02 -7.069969e-01
   outer loop
     vertex  5.671675e+00 -5.675367e-01  3.000000e-01
     vertex  5.970185e+00 -5.974071e-01  6.000000e-01
     vertex  5.932985e+00 -8.942536e-01  6.000000e-01
   endloop
 endfacet
 facet normal  7.052392e-01 -5.285037e-02 -7.069969e-01
   outer loop
     vertex  5.671675e+00 -5.675367e-01  3.000000e-01
     vertex  5.992542e+00 -2.990753e-01  6.000000e-01
     vertex  5.970185e+00 -5.974071e-01  6.000000e-01
   endloop
 endfacet
 facet normal  6.910012e-01 -1.041517e-01 -7.153110e-01
   outer loop
     vertex  5.671675e+00 -5.675367e-01  3.000000e-01
     vertex  5.932985e+00 -8.942536e-01  6.000000e-01
     vertex  5.586983e+00 -1.129433e+00  3.000000e-01
   endloop
 endfacet
 facet normal  7.075143e-01 -1.066406e-01 -6.986067e-01
   outer loop
     vertex  5.671675e+00 -5.675367e-01  3.000000e-01
     vertex  5.586983e+00 -1.129433e+00  3.000000e-01
     vertex  5.339686e+00 -8.048282e-01  0.000000e+00
   endloop
 endfacet
 facet normal  7.017281e-01 -8.793794e-02 -7.069969e-01
   outer loop
     vertex  5.671675e+00 -5.675367e-01  3.000000e-01
     vertex  5.339686e+00 -8.048282e-01  0.000000e+00
     vertex  5.373166e+00 -5.376664e-01  0.000000e+00
   endloop
 endfacet
 facet normal  7.052392e-01 -5.285037e-02 -7.069969e-01
   outer loop
     vertex  5.671675e+00 -5.675367e-01  3.000000e-01
     vertex  5.373166e+00 -5.376664e-01  0.000000e+00
     vertex  5.393287e+00 -2.691678e-01  0.000000e+00
   endloop
 endfacet
 facet normal  6.979376e-01 -3.483262e-02 -7.153110e-01
   outer loop
     vertex  5.671675e+00 -5.675367e-01  3.000000e-01
     vertex  5.700000e+00  0.000000e+00  3.000000e-01
     vertex  5.992542e+00 -2.990753e-01  6.000000e-01
   endloop
 endfacet
 facet normal  7.146165e-01 -3.566502e-02 -6.986067e-01
   outer loop
     vertex  5.671675e+00 -5.675367e-01  3.000000e-01
     vertex  5.393287e+00 -2.691678e-01  0.000000e+00
     vertex  5.700000e+00  0.000000e+00  3.000000e-01
   endloop
 endfacet
 facet normal  7.069969e-01  1.763140e-02  7.069969e-01
   outer loop
     vertex  5.700000e+00  0.000000e+00  9.700000e+00
     vertex  6.000000e+00  0.000000e+00  9.400000e+00
     vertex  5.992542e+00  2.990753e-01  9.400000e+00
   endloop
 endfacet
 facet normal  7.069969e-01  1.763140e-02  7.069969e-01
   outer loop
     vertex  5.393287e+00  2.691678e-01  1.000000e+01
     vertex  5.400000e+00  0.000000e+00  1.000000e+01
     vertex  5.700000e+00  0.000000e+00  9.700000e+00
   endloop
 endfacet
 facet normal  7.069969e-01 -1.763140e-02  7.069969e-01
   outer loop
     vertex  5.700000e+00  0.000000e+00  9.700000e+00
     vertex  5.992542e+00 -2.990753e-01  9.400000e+00
     vertex  6.000000e+00  0.000000e+00  9.400000e+00
   endloop
 endfacet
 facet normal  7.069969e-01 -1.763140e-02  7.069969e-01
   outer loop
     vertex  5.400000e+00  0.000000e+00  1.000000e+01
     vertex  5.393287e+00 -2.691678e-01  1.000000e+01
     vertex  5.700000e+00  0.000000e+00  9.700000e+00
   endloop
 endfacet
 facet normal  7.052392e-01  5.285037e-02  7.069969e-01
   outer loop
     vertex  5.671675e+00  5.675367e-01  9.700000e+00
     vertex  5.992542e+00  2.990753e-01  9.400000e+00
     vertex  5.970185e+00  5.974071e-01  9.400000e+00
   endloop
 endfacet
 facet normal  7.017281e-01  8.793794e-02  7.069969e-01
   outer loop
     vertex  5.671675e+00  5.675367e-01  9.700000e+00
     vertex  5.970185e+00  5.974071e-01  9.400000e+00
     vertex  5.932985e+00  8.942536e-01  9.400000e+00
   endloop
 endfacet
 facet normal  7.052392e-01  5.285037e-02  7.069969e-01
   outer loop
     vertex  5.671675e+00  5.675367e-01  9.700000e+00
     vertex  5.373166e+00  5.376664e-01  1.000000e+01
     vertex  5.393287e+00  2.691678e-01  1.000000e+01
   endloop
 endfacet
 facet normal  7.017281e-01  8.793794e-02  7.069969e-01
   outer loop
     vertex  5.671675e+00  5.675367e-01  9.700000e+00
     vertex  5.339686e+00  8.048282e-01  1.000000e+01
     vertex  5.373166e+00  5.376664e-01  1.000000e+01
   endloop
 endfacet
 facet normal  6.979376e-01  3.483262e-02  7.153110e-01
   outer loop
     vertex  5.671675e+00  5.675367e-01  9.700000e+00
     vertex  5.700000e+00  0.000000e+00  9.700000e+00
     vertex  5.992542e+00  2.990753e-01  9.400000e+00
   endloop
 endfacet
 facet normal  7.146165e-01  3.566502e-02  6.986067e-01
   outer loop
     vertex  5.671675e+00  5.675367e-01  9.700000e+00
     vertex  5.393287e+00  2.691678e-01  1.000000e+01
     vertex  5.700000e+00  0.000000e+00  9.700000e+00
   endloop
 endfacet
 facet normal  6.964725e-01  1.228069e-01  7.069969e-01
   outer loop
     vertex  5.586983e+00  1.129433e+00  9.700000e+00
     vertex  5.932985e+00  8.942536e-01  9.400000e+00
     vertex  5.881035e+00  1.188877e+00  9.400000e+00
   endloop
 endfacet
 facet normal  6.894853e-01  1.573705e-01  7.069969e-01
   outer loop
     vertex  5.586983e+00  1.129433e+00  9.700000e+00
     vertex  5.881035e+00  1.188877e+00  9.400000e+00
     vertex  5.814464e+00  1.480544e+00  9.400000e+00
   endloop
 endfacet
 facet normal  6.964725e-01  1.228069e-01  7.069969e-01
   outer loop
     vertex  5.586983e+00  1.129433e+00  9.700000e+00
     vertex  5.292931e+00  1.069989e+00  1.000000e+01
     vertex  5.339686e+00  8.048282e-01  1.000000e+01
   endloop
 endfacet
 facet normal  6.894853e-01  1.573705e-01  7.069969e-01
   outer loop
     vertex  5.586983e+00  1.129433e+00  9.700000e+00
     vertex  5.233017e+00  1.332490e+00  1.000000e+01
     vertex  5.292931e+00  1.069989e+00  1.000000e+01
   endloop
 endfacet
 facet normal  6.910012e-01  1.041517e-01  7.153110e-01
   outer loop
     vertex  5.586983e+00  1.129433e+00  9.700000e+00
     vertex  5.671675e+00  5.675367e-01  9.700000e+00
     vertex  5.932985e+00  8.942536e-01  9.400000e+00
   endloop
 endfacet
 facet normal  7.075143e-01  1.066406e-01  6.986067e-01
   outer loop
     vertex  5.586983e+00  1.129433e+00  9.700000e+00
     vertex  5.339686e+00  8.048282e-01  1.000000e+01
     vertex  5.671675e+00  5.675367e-01  9.700000e+00
   endloop
 endfacet
 facet normal  6.807839e-01  1.915429e-01  7.069969e-01
   outer loop
     vertex  5.446765e+00  1.680104e+00  9.700000e+00
     vertex  5.814464e+00  1.480544e+00  9.400000e+00
     vertex  5.733437e+00  1.768531e+00  9.400000e+00
   endloop
 endfacet
 facet normal  6.703900e-01  2.252391e-01  7.069969e-01
   outer loop
     vertex  5.446765e+00  1.680104e+00  9.700000e+00
     vertex  5.733437e+00  1.768531e+00  9.400000e+00
     vertex  5.638156e+00  2.052121e+00  9.400000e+00
   endloop
 endfacet
 facet normal  6.933805e-01  1.765564e-01  6.986067e-01
   outer loop
     vertex  5.446765e+00  1.680104e+00  9.700000e+00
     vertex  5.233017e+00  1.332490e+00  1.000000e+01
     vertex  5.586983e+00  1.129433e+00  9.700000e+00
   endloop
 endfacet
 facet normal  6.807839e-01  1.915429e-01  7.069969e-01
   outer loop
     vertex  5.446765e+00  1.680104e+00  9.700000e+00
     vertex  5.160093e+00  1.591678e+00  1.000000e+01
     vertex  5.233017e+00  1.332490e+00  1.000000e+01
   endloop
 endfacet
 facet normal  6.703900e-01  2.252391e-01  7.069969e-01
   outer loop
     vertex  5.446765e+00  1.680104e+00  9.700000e+00
     vertex  5.074340e+00  1.846909e+00  1.000000e+01
     vertex  5.160093e+00  1.591678e+00  1.000000e+01
   endloop
 endfacet
 facet normal  6.771973e-01  1.724356e-01  7.153110e-01
   outer loop
     vertex  5.446765e+00  1.680104e+00  9.700000e+00
     vertex  5.586983e+00  1.129433e+00  9.700000e+00
     vertex  5.814464e+00  1.480544e+00  9.400000e+00
   endloop
 endfacet
 facet normal  6.583294e-01  2.583753e-01  7.069969e-01
   outer loop
     vertex  5.252414e+00  2.214078e+00  9.700000e+00
     vertex  5.638156e+00  2.052121e+00  9.400000e+00
     vertex  5.528857e+00  2.330609e+00  9.400000e+00
   endloop
 endfacet
 facet normal  6.446321e-01  2.908691e-01  7.069969e-01
   outer loop
     vertex  5.252414e+00  2.214078e+00  9.700000e+00
     vertex  5.528857e+00  2.330609e+00  9.400000e+00
     vertex  5.405813e+00  2.603302e+00  9.400000e+00
   endloop
 endfacet
 facet normal  6.566631e-01  2.390058e-01  7.153110e-01
   outer loop
     vertex  5.252414e+00  2.214078e+00  9.700000e+00
     vertex  5.446765e+00  1.680104e+00  9.700000e+00
     vertex  5.638156e+00  2.052121e+00  9.400000e+00
   endloop
 endfacet
 facet normal  6.583294e-01  2.583753e-01  7.069969e-01
   outer loop
     vertex  5.252414e+00  2.214078e+00  9.700000e+00
     vertex  4.975972e+00  2.097548e+00  1.000000e+01
     vertex  5.074340e+00  1.846909e+00  1.000000e+01
   endloop
 endfacet
 facet normal  6.446321e-01  2.908691e-01  7.069969e-01
   outer loop
     vertex  5.252414e+00  2.214078e+00  9.700000e+00
     vertex  4.865232e+00  2.342972e+00  1.000000e+01
     vertex  4.975972e+00  2.097548e+00  1.000000e+01
   endloop
 endfacet
 facet normal  6.723556e-01  2.447174e-01  6.986067e-01
   outer loop
     vertex  5.252414e+00  2.214078e+00  9.700000e+00
     vertex  5.074340e+00  1.846909e+00  1.000000e+01
     vertex  5.446765e+00  1.680104e+00  9.700000e+00
   endloop
 endfacet
 facet normal  6.293322e-01  3.226398e-01  7.069969e-01
   outer loop
     vertex  5.005863e+00  2.726048e+00  9.700000e+00
     vertex  5.405813e+00  2.603302e+00  9.400000e+00
     vertex  5.269329e+00  2.869524e+00  9.400000e+00
   endloop
 endfacet
 facet normal  6.124676e-01  3.536083e-01  7.069969e-01
   outer loop
     vertex  5.005863e+00  2.726048e+00  9.700000e+00
     vertex  5.269329e+00  2.869524e+00  9.400000e+00
     vertex  5.119745e+00  3.128611e+00  9.400000e+00
   endloop
 endfacet
 facet normal  6.293322e-01  3.226398e-01  7.069969e-01
   outer loop
     vertex  5.005863e+00  2.726048e+00  9.700000e+00
     vertex  4.742396e+00  2.582571e+00  1.000000e+01
     vertex  4.865232e+00  2.342972e+00  1.000000e+01
   endloop
 endfacet
 facet normal  6.124676e-01  3.536083e-01  7.069969e-01
   outer loop
     vertex  5.005863e+00  2.726048e+00  9.700000e+00
     vertex  4.607771e+00  2.815750e+00  1.000000e+01
     vertex  4.742396e+00  2.582571e+00  1.000000e+01
   endloop
 endfacet
 facet normal  6.296027e-01  3.032007e-01  7.153110e-01
   outer loop
     vertex  5.005863e+00  2.726048e+00  9.700000e+00
     vertex  5.252414e+00  2.214078e+00  9.700000e+00
     vertex  5.405813e+00  2.603302e+00  9.400000e+00
   endloop
 endfacet
 facet normal  6.446485e-01  3.104464e-01  6.986067e-01
   outer loop
     vertex  5.005863e+00  2.726048e+00  9.700000e+00
     vertex  4.865232e+00  2.342972e+00  1.000000e+01
     vertex  5.252414e+00  2.214078e+00  9.700000e+00
   endloop
 endfacet
 facet normal  5.962850e-01  3.643822e-01  7.153110e-01
   outer loop
     vertex  4.709561e+00  3.210924e+00  9.700000e+00
     vertex  5.005863e+00  2.726048e+00  9.700000e+00
     vertex  5.119745e+00  3.128611e+00  9.400000e+00
   endloop
 endfacet
 facet normal  5.940803e-01  3.836978e-01  7.069969e-01
   outer loop
     vertex  4.709561e+00  3.210924e+00  9.700000e+00
     vertex  5.119745e+00  3.128611e+00  9.400000e+00
     vertex  4.957433e+00  3.379920e+00  9.400000e+00
   endloop
 endfacet
 facet normal  5.742161e-01  4.128333e-01  7.069969e-01
   outer loop
     vertex  4.709561e+00  3.210924e+00  9.700000e+00
     vertex  4.957433e+00  3.379920e+00  9.400000e+00
     vertex  4.782795e+00  3.622826e+00  9.400000e+00
   endloop
 endfacet
 facet normal  6.105346e-01  3.730900e-01  6.986067e-01
   outer loop
     vertex  4.709561e+00  3.210924e+00  9.700000e+00
     vertex  4.607771e+00  2.815750e+00  1.000000e+01
     vertex  5.005863e+00  2.726048e+00  9.700000e+00
   endloop
 endfacet
 facet normal  5.940803e-01  3.836978e-01  7.069969e-01
   outer loop
     vertex  4.709561e+00  3.210924e+00  9.700000e+00
     vertex  4.461689e+00  3.041928e+00  1.000000e+01
     vertex  4.607771e+00  2.815750e+00  1.000000e+01
   endloop
 endfacet
 facet normal  5.742161e-01  4.128333e-01  7.069969e-01
   outer loop
     vertex  4.709561e+00  3.210924e+00  9.700000e+00
     vertex  4.304516e+00  3.260544e+00  1.000000e+01
     vertex  4.461689e+00  3.041928e+00  1.000000e+01
   endloop
 endfacet
 facet normal  5.529243e-01  4.409424e-01  7.069969e-01
   outer loop
     vertex  4.366453e+00  3.663889e+00  9.700000e+00
     vertex  4.782795e+00  3.622826e+00  9.400000e+00
     vertex  4.596267e+00  3.856726e+00  9.400000e+00
   endloop
 endfacet
 facet normal  5.302578e-01  4.679553e-01  7.069969e-01
   outer loop
     vertex  4.366453e+00  3.663889e+00  9.700000e+00
     vertex  4.596267e+00  3.856726e+00  9.400000e+00
     vertex  4.398311e+00  4.081036e+00  9.400000e+00
   endloop
 endfacet
 facet normal  5.570412e-01  4.219423e-01  7.153110e-01
   outer loop
     vertex  4.366453e+00  3.663889e+00  9.700000e+00
     vertex  4.709561e+00  3.210924e+00  9.700000e+00
     vertex  4.782795e+00  3.622826e+00  9.400000e+00
   endloop
 endfacet
 facet normal  5.529243e-01  4.409424e-01  7.069969e-01
   outer loop
     vertex  4.366453e+00  3.663889e+00  9.700000e+00
     vertex  4.136640e+00  3.471053e+00  1.000000e+01
     vertex  4.304516e+00  3.260544e+00  1.000000e+01
   endloop
 endfacet
 facet normal  5.302578e-01  4.679553e-01  7.069969e-01
   outer loop
     vertex  4.366453e+00  3.663889e+00  9.700000e+00
     vertex  3.958480e+00  3.672933e+00  1.000000e+01
     vertex  4.136640e+00  3.471053e+00  1.000000e+01
   endloop
 endfacet
 facet normal  5.703530e-01  4.320256e-01  6.986067e-01
   outer loop
     vertex  4.366453e+00  3.663889e+00  9.700000e+00
     vertex  4.304516e+00  3.260544e+00  1.000000e+01
     vertex  4.709561e+00  3.210924e+00  9.700000e+00
   endloop
 endfacet
 facet normal  5.062730e-01  4.938047e-01  7.069969e-01
   outer loop
     vertex  3.979950e+00  4.080441e+00  9.700000e+00
     vertex  4.398311e+00  4.081036e+00  9.400000e+00
     vertex  4.189421e+00  4.295201e+00  9.400000e+00
   endloop
 endfacet
 facet normal  4.810295e-01  5.184265e-01  7.069969e-01
   outer loop
     vertex  3.979950e+00  4.080441e+00  9.700000e+00
     vertex  4.189421e+00  4.295201e+00  9.400000e+00
     vertex  3.970115e+00  4.498687e+00  9.400000e+00
   endloop
 endfacet
 facet normal  5.062730e-01  4.938047e-01  7.069969e-01
   outer loop
     vertex  3.979950e+00  4.080441e+00  9.700000e+00
     vertex  3.770479e+00  3.865681e+00  1.000000e+01
     vertex  3.958480e+00  3.672933e+00  1.000000e+01
   endloop
 endfacet
 facet normal  4.810295e-01  5.184265e-01  7.069969e-01
   outer loop
     vertex  3.979950e+00  4.080441e+00  9.700000e+00
     vertex  3.573104e+00  4.048818e+00  1.000000e+01
     vertex  3.770479e+00  3.865681e+00  1.000000e+01
   endloop
 endfacet
 facet normal  5.122612e-01  4.753090e-01  7.153110e-01
   outer loop
     vertex  3.979950e+00  4.080441e+00  9.700000e+00
     vertex  4.366453e+00  3.663889e+00  9.700000e+00
     vertex  4.398311e+00  4.081036e+00  9.400000e+00
   endloop
 endfacet
 facet normal  5.245029e-01  4.866676e-01  6.986067e-01
   outer loop
     vertex  3.979950e+00  4.080441e+00  9.700000e+00
     vertex  3.958480e+00  3.672933e+00  1.000000e+01
     vertex  4.366453e+00  3.663889e+00  9.700000e+00
   endloop
 endfacet
 facet normal  4.623902e-01  5.239518e-01  7.153110e-01
   outer loop
     vertex  3.553892e+00  4.456439e+00  9.700000e+00
     vertex  3.979950e+00  4.080441e+00  9.700000e+00
     vertex  3.970115e+00  4.498687e+00  9.400000e+00
   endloop
 endfacet
 facet normal  4.545901e-01  5.417594e-01  7.069969e-01
   outer loop
     vertex  3.553892e+00  4.456439e+00  9.700000e+00
     vertex  3.970115e+00  4.498687e+00  9.400000e+00
     vertex  3.740939e+00  4.690989e+00  9.400000e+00
   endloop
 endfacet
 facet normal  4.270206e-01  5.637454e-01  7.069969e-01
   outer loop
     vertex  3.553892e+00  4.456439e+00  9.700000e+00
     vertex  3.740939e+00  4.690989e+00  9.400000e+00
     vertex  3.502462e+00  4.871628e+00  9.400000e+00
   endloop
 endfacet
 facet normal  4.734401e-01  5.364729e-01  6.986067e-01
   outer loop
     vertex  3.553892e+00  4.456439e+00  9.700000e+00
     vertex  3.573104e+00  4.048818e+00  1.000000e+01
     vertex  3.979950e+00  4.080441e+00  9.700000e+00
   endloop
 endfacet
 facet normal  4.545901e-01  5.417594e-01  7.069969e-01
   outer loop
     vertex  3.553892e+00  4.456439e+00  9.700000e+00
     vertex  3.366845e+00  4.221890e+00  1.000000e+01
     vertex  3.573104e+00  4.048818e+00  1.000000e+01
   endloop
 endfacet
 facet normal  4.270206e-01  5.637454e-01  7.069969e-01
   outer loop
     vertex  3.553892e+00  4.456439e+00  9.700000e+00
     vertex  3.152216e+00  4.384465e+00  1.000000e+01
     vertex  3.366845e+00  4.221890e+00  1.000000e+01
   endloop
 endfacet
 facet normal  3.983893e-01  5.843298e-01  7.069969e-01
   outer loop
     vertex  3.092514e+00  4.788148e+00  9.700000e+00
     vertex  3.502462e+00  4.871628e+00  9.400000e+00
     vertex  3.255278e+00  5.040156e+00  9.400000e+00
   endloop
 endfacet
 facet normal  3.687677e-01  6.034615e-01  7.069969e-01
   outer loop
     vertex  3.092514e+00  4.788148e+00  9.700000e+00
     vertex  3.255278e+00  5.040156e+00  9.400000e+00
     vertex  3.000000e+00  5.196152e+00  9.400000e+00
   endloop
 endfacet
 facet normal  3.983893e-01  5.843298e-01  7.069969e-01
   outer loop
     vertex  3.092514e+00  4.788148e+00  9.700000e+00
     vertex  2.929750e+00  4.536140e+00  1.000000e+01
     vertex  3.152216e+00  4.384465e+00  1.000000e+01
   endloop
 endfacet
 facet normal  3.687677e-01  6.034615e-01  7.069969e-01
   outer loop
     vertex  3.092514e+00  4.788148e+00  9.700000e+00
     vertex  2.700000e+00  4.676537e+00  1.000000e+01
     vertex  2.929750e+00  4.536140e+00  1.000000e+01
   endloop
 endfacet
 facet normal  4.079237e-01  5.673874e-01  7.153110e-01
   outer loop
     vertex  3.092514e+00  4.788148e+00  9.700000e+00
     vertex  3.553892e+00  4.456439e+00  9.700000e+00
     vertex  3.502462e+00  4.871628e+00  9.400000e+00
   endloop
 endfacet
 facet normal  4.176720e-01  5.809464e-01  6.986067e-01
   outer loop
     vertex  3.092514e+00  4.788148e+00  9.700000e+00
     vertex  3.152216e+00  4.384465e+00  1.000000e+01
     vertex  3.553892e+00  4.456439e+00  9.700000e+00
   endloop
 endfacet
 facet normal  3.577529e-01  6.196463e-01  6.986067e-01
   outer loop
     vertex  2.600401e+00  5.072269e+00  9.700000e+00
     vertex  2.700000e+00  4.676537e+00  1.000000e+01
     vertex  3.092514e+00  4.788148e+00  9.700000e+00
   endloop
 endfacet
 facet normal  3.382292e-01  6.210929e-01  7.069969e-01
   outer loop
     vertex  2.600401e+00  5.072269e+00  9.700000e+00
     vertex  3.000000e+00  5.196152e+00  9.400000e+00
     vertex  2.737264e+00  5.339231e+00  9.400000e+00
   endloop
 endfacet
 facet normal  3.068498e-01  6.371802e-01  7.069969e-01
   outer loop
     vertex  2.600401e+00  5.072269e+00  9.700000e+00
     vertex  2.737264e+00  5.339231e+00  9.400000e+00
     vertex  2.467723e+00  5.469035e+00  9.400000e+00
   endloop
 endfacet
 facet normal  3.382292e-01  6.210929e-01  7.069969e-01
   outer loop
     vertex  2.600401e+00  5.072269e+00  9.700000e+00
     vertex  2.463538e+00  4.805308e+00  1.000000e+01
     vertex  2.700000e+00  4.676537e+00  1.000000e+01
   endloop
 endfacet
 facet normal  3.068498e-01  6.371802e-01  7.069969e-01
   outer loop
     vertex  2.600401e+00  5.072269e+00  9.700000e+00
     vertex  2.220950e+00  4.922132e+00  1.000000e+01
     vertex  2.463538e+00  4.805308e+00  1.000000e+01
   endloop
 endfacet
 facet normal  3.494031e-01  6.051840e-01  7.153110e-01
   outer loop
     vertex  2.600401e+00  5.072269e+00  9.700000e+00
     vertex  3.092514e+00  4.788148e+00  9.700000e+00
     vertex  3.000000e+00  5.196152e+00  9.400000e+00
   endloop
 endfacet
 facet normal  2.747076e-01  6.516833e-01  7.069969e-01
   outer loop
     vertex  2.082444e+00  5.305980e+00  9.700000e+00
     vertex  2.467723e+00  5.469035e+00  9.400000e+00
     vertex  2.192046e+00  5.585242e+00  9.400000e+00
   endloop
 endfacet
 facet normal  2.418824e-01  6.645663e-01  7.069969e-01
   outer loop
     vertex  2.082444e+00  5.305980e+00  9.700000e+00
     vertex  2.192046e+00  5.585242e+00  9.400000e+00
     vertex  1.910920e+00  5.687564e+00  9.400000e+00
   endloop
 endfacet
 facet normal  2.874100e-01  6.369660e-01  7.153110e-01
   outer loop
     vertex  2.082444e+00  5.305980e+00  9.700000e+00
     vertex  2.600401e+00  5.072269e+00  9.700000e+00
     vertex  2.467723e+00  5.469035e+00  9.400000e+00
   endloop
 endfacet
 facet normal  2.942783e-01  6.521878e-01  6.986067e-01
   outer loop
     vertex  2.082444e+00  5.305980e+00  9.700000e+00
     vertex  2.220950e+00  4.922132e+00  1.000000e+01
     vertex  2.600401e+00  5.072269e+00  9.700000e+00
   endloop
 endfacet
 facet normal  2.747076e-01  6.516833e-01  7.069969e-01
   outer loop
     vertex  2.082444e+00  5.305980e+00  9.700000e+00
     vertex  1.972842e+00  5.026718e+00  1.000000e+01
     vertex  2.220950e+00  4.922132e+00  1.000000e+01
   endloop
 endfacet
 facet normal  2.418824e-01  6.645663e-01  7.069969e-01
   outer loop
     vertex  2.082444e+00  5.305980e+00  9.700000e+00
     vertex  1.719828e+00  5.118808e+00  1.000000e+01
     vertex  1.972842e+00  5.026718e+00  1.000000e+01
   endloop
 endfacet
 facet normal  2.084558e-01  6.757970e-01  7.069969e-01
   outer loop
     vertex  1.543791e+00  5.486958e+00  9.700000e+00
     vertex  1.910920e+00  5.687564e+00  9.400000e+00
     vertex  1.625043e+00  5.775745e+00  9.400000e+00
   endloop
 endfacet
 facet normal  1.745109e-01  6.853476e-01  7.069969e-01
   outer loop
     vertex  1.543791e+00  5.486958e+00  9.700000e+00
     vertex  1.625043e+00  5.775745e+00  9.400000e+00
     vertex  1.335126e+00  5.849567e+00  9.400000e+00
   endloop
 endfacet
 facet normal  2.084558e-01  6.757970e-01  7.069969e-01
   outer loop
     vertex  1.543791e+00  5.486958e+00  9.700000e+00
     vertex  1.462539e+00  5.198171e+00  1.000000e+01
     vertex  1.719828e+00  5.118808e+00  1.000000e+01
   endloop
 endfacet
 facet normal  1.745109e-01  6.853476e-01  7.069969e-01
   outer loop
     vertex  1.543791e+00  5.486958e+00  9.700000e+00
     vertex  1.201613e+00  5.264611e+00  1.000000e+01
     vertex  1.462539e+00  5.198171e+00  1.000000e+01
   endloop
 endfacet
 facet normal  2.225605e-01  6.624176e-01  7.153110e-01
   outer loop
     vertex  1.543791e+00  5.486958e+00  9.700000e+00
     vertex  2.082444e+00  5.305980e+00  9.700000e+00
     vertex  1.910920e+00  5.687564e+00  9.400000e+00
   endloop
 endfacet
 facet normal  2.278791e-01  6.782476e-01  6.986067e-01
   outer loop
     vertex  1.543791e+00  5.486958e+00  9.700000e+00
     vertex  1.719828e+00  5.118808e+00  1.000000e+01
     vertex  2.082444e+00  5.305980e+00  9.700000e+00
   endloop
 endfacet
 facet normal  1.592150e-01  6.975667e-01  6.986067e-01
   outer loop
     vertex  9.897946e-01  5.613404e+00  9.700000e+00
     vertex  1.201613e+00  5.264611e+00  1.000000e+01
     vertex  1.543791e+00  5.486958e+00  9.700000e+00
   endloop
 endfacet
 facet normal  1.401323e-01  6.931943e-01  7.069969e-01
   outer loop
     vertex  9.897946e-01  5.613404e+00  9.700000e+00
     vertex  1.335126e+00  5.849567e+00  9.400000e+00
     vertex  1.041889e+00  5.908847e+00  9.400000e+00
   endloop
 endfacet
 facet normal  1.054052e-01  6.993177e-01  7.069969e-01
   outer loop
     vertex  9.897946e-01  5.613404e+00  9.700000e+00
     vertex  1.041889e+00  5.908847e+00  9.400000e+00
     vertex  7.460622e-01  5.953435e+00  9.400000e+00
   endloop
 endfacet
 facet normal  1.401323e-01  6.931943e-01  7.069969e-01
   outer loop
     vertex  9.897946e-01  5.613404e+00  9.700000e+00
     vertex  9.377002e-01  5.317962e+00  1.000000e+01
     vertex  1.201613e+00  5.264611e+00  1.000000e+01
   endloop
 endfacet
 facet normal  1.054052e-01  6.993177e-01  7.069969e-01
   outer loop
     vertex  9.897946e-01  5.613404e+00  9.700000e+00
     vertex  6.714560e-01  5.358092e+00  1.000000e+01
     vertex  9.377002e-01  5.317962e+00  1.000000e+01
   endloop
 endfacet
 facet normal  1.554990e-01  6.812857e-01  7.153110e-01
   outer loop
     vertex  9.897946e-01  5.613404e+00  9.700000e+00
     vertex  1.543791e+00  5.486958e+00  9.700000e+00
     vertex  1.335126e+00  5.849567e+00  9.400000e+00
   endloop
 endfacet
 facet normal  7.041604e-02  7.037024e-01  7.069969e-01
   outer loop
     vertex  4.259615e-01  5.684062e+00  9.700000e+00
     vertex  7.460622e-01  5.953435e+00  9.400000e+00
     vertex  4.483806e-01  5.983223e+00  9.400000e+00
   endloop
 endfacet
 facet normal  3.525184e-02  7.063376e-01  7.069969e-01
   outer loop
     vertex  4.259615e-01  5.684062e+00  9.700000e+00
     vertex  4.483806e-01  5.983223e+00  9.400000e+00
     vertex  1.495842e-01  5.998135e+00  9.400000e+00
   endloop
 endfacet
 facet normal  8.689216e-02  6.933830e-01  7.153110e-01
   outer loop
     vertex  4.259615e-01  5.684062e+00  9.700000e+00
     vertex  9.897946e-01  5.613404e+00  9.700000e+00
     vertex  7.460622e-01  5.953435e+00  9.400000e+00
   endloop
 endfacet
 facet normal  8.896865e-02  7.099530e-01  6.986067e-01
   outer loop
     vertex  4.259615e-01  5.684062e+00  9.700000e+00
     vertex  6.714560e-01  5.358092e+00  1.000000e+01
     vertex  9.897946e-01  5.613404e+00  9.700000e+00
   endloop
 endfacet
 facet normal  7.041604e-02  7.037024e-01  7.069969e-01
   outer loop
     vertex  4.259615e-01  5.684062e+00  9.700000e+00
     vertex  4.035425e-01  5.384901e+00  1.000000e+01
     vertex  6.714560e-01  5.358092e+00  1.000000e+01
   endloop
 endfacet
 facet normal  3.525184e-02  7.063376e-01  7.069969e-01
   outer loop
     vertex  4.259615e-01  5.684062e+00  9.700000e+00
     vertex  1.346257e-01  5.398322e+00  1.000000e+01
     vertex  4.035425e-01  5.384901e+00  1.000000e+01
   endloop
 endfacet
 facet normal -1.697461e-17  7.072167e-01  7.069969e-01
   outer loop
     vertex -1.421049e-01  5.698228e+00  9.700000e+00
     vertex  1.495842e-01  5.998135e+00  9.400000e+00
     vertex -1.495842e-01  5.998135e+00  9.400000e+00
   endloop
 endfacet
 facet normal -3.525184e-02  7.063376e-01  7.069969e-01
   outer loop
     vertex -1.421049e-01  5.698228e+00  9.700000e+00
     vertex -1.495842e-01  5.998135e+00  9.400000e+00
     vertex -4.483806e-01  5.983223e+00  9.400000e+00
   endloop
 endfacet
 facet normal  2.829102e-17  7.072167e-01  7.069969e-01
   outer loop
     vertex -1.421049e-01  5.698228e+00  9.700000e+00
     vertex -1.346257e-01  5.398322e+00  1.000000e+01
     vertex  1.346257e-01  5.398322e+00  1.000000e+01
   endloop
 endfacet
 facet normal -3.525184e-02  7.063376e-01  7.069969e-01
   outer loop
     vertex -1.421049e-01  5.698228e+00  9.700000e+00
     vertex -4.035425e-01  5.384901e+00  1.000000e+01
     vertex -1.346257e-01  5.398322e+00  1.000000e+01
   endloop
 endfacet
 facet normal  1.742172e-02  6.985890e-01  7.153110e-01
   outer loop
     vertex -1.421049e-01  5.698228e+00  9.700000e+00
     vertex  4.259615e-01  5.684062e+00  9.700000e+00
     vertex  1.495842e-01  5.998135e+00  9.400000e+00
   endloop
 endfacet
 facet normal  1.783806e-02  7.152835e-01  6.986067e-01
   outer loop
     vertex -1.421049e-01  5.698228e+00  9.700000e+00
     vertex  1.346257e-01  5.398322e+00  1.000000e+01
     vertex  4.259615e-01  5.684062e+00  9.700000e+00
   endloop
 endfacet
 facet normal -5.222186e-02  6.968522e-01  7.153110e-01
   outer loop
     vertex -7.087591e-01  5.655763e+00  9.700000e+00
     vertex -1.421049e-01  5.698228e+00  9.700000e+00
     vertex -4.483806e-01  5.983223e+00  9.400000e+00
   endloop
 endfacet
 facet normal -5.346982e-02  7.135052e-01  6.986067e-01
   outer loop
     vertex -7.087591e-01  5.655763e+00  9.700000e+00
     vertex -4.035425e-01  5.384901e+00  1.000000e+01
     vertex -1.421049e-01  5.698228e+00  9.700000e+00
   endloop
 endfacet
 facet normal -7.041604e-02  7.037024e-01  7.069969e-01
   outer loop
     vertex -7.087591e-01  5.655763e+00  9.700000e+00
     vertex -4.483806e-01  5.983223e+00  9.400000e+00
     vertex -7.460622e-01  5.953435e+00  9.400000e+00
   endloop
 endfacet
 facet normal -1.054052e-01  6.993177e-01  7.069969e-01
   outer loop
     vertex -7.087591e-01  5.655763e+00  9.700000e+00
     vertex -7.460622e-01  5.953435e+00  9.400000e+00
     vertex -1.041889e+00  5.908847e+00  9.400000e+00
   endloop
 endfacet
 facet normal -7.041604e-02  7.037024e-01  7.069969e-01
   outer loop
     vertex -7.087591e-01  5.655763e+00  9.700000e+00
     vertex -6.714560e-01  5.358092e+00  1.000000e+01
     vertex -4.035425e-01  5.384901e+00  1.000000e+01
   endloop
 endfacet
 facet normal -1.054052e-01  6.993177e-01  7.069969e-01
   outer loop
     vertex -7.087591e-01  5.655763e+00  9.700000e+00
     vertex -9.377002e-01  5.317962e+00  1.000000e+01
     vertex -6.714560e-01  5.358092e+00  1.000000e+01
   endloop
 endfacet
 facet normal -1.401323e-01  6.931943e-01  7.069969e-01
   outer loop
     vertex -1.268369e+00  5.557089e+00  9.700000e+00
     vertex -1.041889e+00  5.908847e+00  9.400000e+00
     vertex -1.335126e+00  5.849567e+00  9.400000e+00
   endloop
 endfacet
 facet normal -1.745109e-01  6.853476e-01  7.069969e-01
   outer loop
     vertex -1.268369e+00  5.557089e+00  9.700000e+00
     vertex -1.335126e+00  5.849567e+00  9.400000e+00
     vertex -1.625043e+00  5.775745e+00  9.400000e+00
   endloop
 endfacet
 facet normal -1.213464e-01  6.881898e-01  7.153110e-01
   outer loop
     vertex -1.268369e+00  5.557089e+00  9.700000e+00
     vertex -7.087591e-01  5.655763e+00  9.700000e+00
     vertex -1.041889e+00  5.908847e+00  9.400000e+00
   endloop
 endfacet
 facet normal -1.401323e-01  6.931943e-01  7.069969e-01
   outer loop
     vertex -1.268369e+00  5.557089e+00  9.700000e+00
     vertex -1.201613e+00  5.264611e+00  1.000000e+01
     vertex -9.377002e-01  5.317962e+00  1.000000e+01
   endloop
 endfacet
 facet normal -1.745109e-01  6.853476e-01  7.069969e-01
   outer loop
     vertex -1.268369e+00  5.557089e+00  9.700000e+00
     vertex -1.462539e+00  5.198171e+00  1.000000e+01
     vertex -1.201613e+00  5.264611e+00  1.000000e+01
   endloop
 endfacet
 facet normal -1.242463e-01  7.046357e-01  6.986067e-01
   outer loop
     vertex -1.268369e+00  5.557089e+00  9.700000e+00
     vertex -9.377002e-01  5.317962e+00  1.000000e+01
     vertex -7.087591e-01  5.655763e+00  9.700000e+00
   endloop
 endfacet
 facet normal -1.937879e-01  6.887633e-01  6.986067e-01
   outer loop
     vertex -1.815374e+00  5.403186e+00  9.700000e+00
     vertex -1.462539e+00  5.198171e+00  1.000000e+01
     vertex -1.268369e+00  5.557089e+00  9.700000e+00
   endloop
 endfacet
 facet normal -2.084558e-01  6.757970e-01  7.069969e-01
   outer loop
     vertex -1.815374e+00  5.403186e+00  9.700000e+00
     vertex -1.625043e+00  5.775745e+00  9.400000e+00
     vertex -1.910920e+00  5.687564e+00  9.400000e+00
   endloop
 endfacet
 facet normal -2.418824e-01  6.645663e-01  7.069969e-01
   outer loop
     vertex -1.815374e+00  5.403186e+00  9.700000e+00
     vertex -1.910920e+00  5.687564e+00  9.400000e+00
     vertex -2.192046e+00  5.585242e+00  9.400000e+00
   endloop
 endfacet
 facet normal -2.084558e-01  6.757970e-01  7.069969e-01
   outer loop
     vertex -1.815374e+00  5.403186e+00  9.700000e+00
     vertex -1.719828e+00  5.118808e+00  1.000000e+01
     vertex -1.462539e+00  5.198171e+00  1.000000e+01
   endloop
 endfacet
 facet normal -2.418824e-01  6.645663e-01  7.069969e-01
   outer loop
     vertex -1.815374e+00  5.403186e+00  9.700000e+00
     vertex -1.972842e+00  5.026718e+00  1.000000e+01
     vertex -1.719828e+00  5.118808e+00  1.000000e+01
   endloop
 endfacet
 facet normal -1.892650e-01  6.726878e-01  7.153110e-01
   outer loop
     vertex -1.815374e+00  5.403186e+00  9.700000e+00
     vertex -1.268369e+00  5.557089e+00  9.700000e+00
     vertex -1.625043e+00  5.775745e+00  9.400000e+00
   endloop
 endfacet
 facet normal -2.553026e-01  6.505004e-01  7.153110e-01
   outer loop
     vertex -2.344336e+00  5.195583e+00  9.700000e+00
     vertex -1.815374e+00  5.403186e+00  9.700000e+00
     vertex -2.192046e+00  5.585242e+00  9.400000e+00
   endloop
 endfacet
 facet normal -2.614037e-01  6.660456e-01  6.986067e-01
   outer loop
     vertex -2.344336e+00  5.195583e+00  9.700000e+00
     vertex -1.972842e+00  5.026718e+00  1.000000e+01
     vertex -1.815374e+00  5.403186e+00  9.700000e+00
   endloop
 endfacet
 facet normal -2.747076e-01  6.516833e-01  7.069969e-01
   outer loop
     vertex -2.344336e+00  5.195583e+00  9.700000e+00
     vertex -2.192046e+00  5.585242e+00  9.400000e+00
     vertex -2.467723e+00  5.469035e+00  9.400000e+00
   endloop
 endfacet
 facet normal -3.068498e-01  6.371802e-01  7.069969e-01
   outer loop
     vertex -2.344336e+00  5.195583e+00  9.700000e+00
     vertex -2.467723e+00  5.469035e+00  9.400000e+00
     vertex -2.737264e+00  5.339231e+00  9.400000e+00
   endloop
 endfacet
 facet normal -2.747076e-01  6.516833e-01  7.069969e-01
   outer loop
     vertex -2.344336e+00  5.195583e+00  9.700000e+00
     vertex -2.220950e+00  4.922132e+00  1.000000e+01
     vertex -1.972842e+00  5.026718e+00  1.000000e+01
   endloop
 endfacet
 facet normal -3.068498e-01  6.371802e-01  7.069969e-01
   outer loop
     vertex -2.344336e+00  5.195583e+00  9.700000e+00
     vertex -2.463538e+00  4.805308e+00  1.000000e+01
     vertex -2.220950e+00  4.922132e+00  1.000000e+01
   endloop
 endfacet
 facet normal -3.382292e-01  6.210929e-01  7.069969e-01
   outer loop
     vertex -2.850000e+00  4.936345e+00  9.700000e+00
     vertex -2.737264e+00  5.339231e+00  9.400000e+00
     vertex -3.000000e+00  5.196152e+00  9.400000e+00
   endloop
 endfacet
 facet normal -3.687677e-01  6.034615e-01  7.069969e-01
   outer loop
     vertex -2.850000e+00  4.936345e+00  9.700000e+00
     vertex -3.000000e+00  5.196152e+00  9.400000e+00
     vertex -3.255278e+00  5.040156e+00  9.400000e+00
   endloop
 endfacet
 facet normal -3.188029e-01  6.218480e-01  7.153110e-01
   outer loop
     vertex -2.850000e+00  4.936345e+00  9.700000e+00
     vertex -2.344336e+00  5.195583e+00  9.700000e+00
     vertex -2.737264e+00  5.339231e+00  9.400000e+00
   endloop
 endfacet
 facet normal -3.382292e-01  6.210929e-01  7.069969e-01
   outer loop
     vertex -2.850000e+00  4.936345e+00  9.700000e+00
     vertex -2.700000e+00  4.676537e+00  1.000000e+01
     vertex -2.463538e+00  4.805308e+00  1.000000e+01
   endloop
 endfacet
 facet normal -3.687677e-01  6.034615e-01  7.069969e-01
   outer loop
     vertex -2.850000e+00  4.936345e+00  9.700000e+00
     vertex -2.929750e+00  4.536140e+00  1.000000e+01
     vertex -2.700000e+00  4.676537e+00  1.000000e+01
   endloop
 endfacet
 facet normal -3.264214e-01  6.367085e-01  6.986067e-01
   outer loop
     vertex -2.850000e+00  4.936345e+00  9.700000e+00
     vertex -2.463538e+00  4.805308e+00  1.000000e+01
     vertex -2.344336e+00  5.195583e+00  9.700000e+00
   endloop
 endfacet
 facet normal -3.881950e-01  6.010435e-01  6.986067e-01
   outer loop
     vertex -3.327339e+00  4.628047e+00  9.700000e+00
     vertex -2.929750e+00  4.536140e+00  1.000000e+01
     vertex -2.850000e+00  4.936345e+00  9.700000e+00
   endloop
 endfacet
 facet normal -3.983893e-01  5.843298e-01  7.069969e-01
   outer loop
     vertex -3.327339e+00  4.628047e+00  9.700000e+00
     vertex -3.255278e+00  5.040156e+00  9.400000e+00
     vertex -3.502462e+00  4.871628e+00  9.400000e+00
   endloop
 endfacet
 facet normal -4.270206e-01  5.637454e-01  7.069969e-01
   outer loop
     vertex -3.327339e+00  4.628047e+00  9.700000e+00
     vertex -3.502462e+00  4.871628e+00  9.400000e+00
     vertex -3.740939e+00  4.690989e+00  9.400000e+00
   endloop
 endfacet
 facet normal -3.983893e-01  5.843298e-01  7.069969e-01
   outer loop
     vertex -3.327339e+00  4.628047e+00  9.700000e+00
     vertex -3.152216e+00  4.384465e+00  1.000000e+01
     vertex -2.929750e+00  4.536140e+00  1.000000e+01
   endloop
 endfacet
 facet normal -4.270206e-01  5.637454e-01  7.069969e-01
   outer loop
     vertex -3.327339e+00  4.628047e+00  9.700000e+00
     vertex -3.366845e+00  4.221890e+00  1.000000e+01
     vertex -3.152216e+00  4.384465e+00  1.000000e+01
   endloop
 endfacet
 facet normal -3.791347e-01  5.870154e-01  7.153110e-01
   outer loop
     vertex -3.327339e+00  4.628047e+00  9.700000e+00
     vertex -2.850000e+00  4.936345e+00  9.700000e+00
     vertex -3.255278e+00  5.040156e+00  9.400000e+00
   endloop
 endfacet
 facet normal -4.356986e-01  5.463487e-01  7.153110e-01
   outer loop
     vertex -3.771609e+00  4.273753e+00  9.700000e+00
     vertex -3.327339e+00  4.628047e+00  9.700000e+00
     vertex -3.740939e+00  4.690989e+00  9.400000e+00
   endloop
 endfacet
 facet normal -4.461106e-01  5.594050e-01  6.986067e-01
   outer loop
     vertex -3.771609e+00  4.273753e+00  9.700000e+00
     vertex -3.366845e+00  4.221890e+00  1.000000e+01
     vertex -3.327339e+00  4.628047e+00  9.700000e+00
   endloop
 endfacet
 facet normal -4.545901e-01  5.417594e-01  7.069969e-01
   outer loop
     vertex -3.771609e+00  4.273753e+00  9.700000e+00
     vertex -3.740939e+00  4.690989e+00  9.400000e+00
     vertex -3.970115e+00  4.498687e+00  9.400000e+00
   endloop
 endfacet
 facet normal -4.810295e-01  5.184265e-01  7.069969e-01
   outer loop
     vertex -3.771609e+00  4.273753e+00  9.700000e+00
     vertex -3.970115e+00  4.498687e+00  9.400000e+00
     vertex -4.189421e+00  4.295201e+00  9.400000e+00
   endloop
 endfacet
 facet normal -4.545901e-01  5.417594e-01  7.069969e-01
   outer loop
     vertex -3.771609e+00  4.273753e+00  9.700000e+00
     vertex -3.573104e+00  4.048818e+00  1.000000e+01
     vertex -3.366845e+00  4.221890e+00  1.000000e+01
   endloop
 endfacet
 facet normal -4.810295e-01  5.184265e-01  7.069969e-01
   outer loop
     vertex -3.771609e+00  4.273753e+00  9.700000e+00
     vertex -3.770479e+00  3.865681e+00  1.000000e+01
     vertex -3.573104e+00  4.048818e+00  1.000000e+01
   endloop
 endfacet
 facet normal -5.062730e-01  4.938047e-01  7.069969e-01
   outer loop
     vertex -4.178396e+00  3.876985e+00  9.700000e+00
     vertex -4.189421e+00  4.295201e+00  9.400000e+00
     vertex -4.398311e+00  4.081036e+00  9.400000e+00
   endloop
 endfacet
 facet normal -5.302578e-01  4.679553e-01  7.069969e-01
   outer loop
     vertex -4.178396e+00  3.876985e+00  9.700000e+00
     vertex -4.398311e+00  4.081036e+00  9.400000e+00
     vertex -4.596267e+00  3.856726e+00  9.400000e+00
   endloop
 endfacet
 facet normal -4.879323e-01  5.002522e-01  7.153110e-01
   outer loop
     vertex -4.178396e+00  3.876985e+00  9.700000e+00
     vertex -3.771609e+00  4.273753e+00  9.700000e+00
     vertex -4.189421e+00  4.295201e+00  9.400000e+00
   endloop
 endfacet
 facet normal -5.062730e-01  4.938047e-01  7.069969e-01
   outer loop
     vertex -4.178396e+00  3.876985e+00  9.700000e+00
     vertex -3.958480e+00  3.672933e+00  1.000000e+01
     vertex -3.770479e+00  3.865681e+00  1.000000e+01
   endloop
 endfacet
 facet normal -5.302578e-01  4.679553e-01  7.069969e-01
   outer loop
     vertex -4.178396e+00  3.876985e+00  9.700000e+00
     vertex -4.136640e+00  3.471053e+00  1.000000e+01
     vertex -3.958480e+00  3.672933e+00  1.000000e+01
   endloop
 endfacet
 facet normal -4.995926e-01  5.122069e-01  6.986067e-01
   outer loop
     vertex -4.178396e+00  3.876985e+00  9.700000e+00
     vertex -3.770479e+00  3.865681e+00  1.000000e+01
     vertex -3.771609e+00  4.273753e+00  9.700000e+00
   endloop
 endfacet
 facet normal -5.481093e-01  4.599183e-01  6.986067e-01
   outer loop
     vertex -4.543655e+00  3.441685e+00  9.700000e+00
     vertex -4.136640e+00  3.471053e+00  1.000000e+01
     vertex -4.178396e+00  3.876985e+00  9.700000e+00
   endloop
 endfacet
 facet normal -5.529243e-01  4.409424e-01  7.069969e-01
   outer loop
     vertex -4.543655e+00  3.441685e+00  9.700000e+00
     vertex -4.596267e+00  3.856726e+00  9.400000e+00
     vertex -4.782795e+00  3.622826e+00  9.400000e+00
   endloop
 endfacet
 facet normal -5.742161e-01  4.128333e-01  7.069969e-01
   outer loop
     vertex -4.543655e+00  3.441685e+00  9.700000e+00
     vertex -4.782795e+00  3.622826e+00  9.400000e+00
     vertex -4.957433e+00  3.379920e+00  9.400000e+00
   endloop
 endfacet
 facet normal -5.529243e-01  4.409424e-01  7.069969e-01
   outer loop
     vertex -4.543655e+00  3.441685e+00  9.700000e+00
     vertex -4.304516e+00  3.260544e+00  1.000000e+01
     vertex -4.136640e+00  3.471053e+00  1.000000e+01
   endloop
 endfacet
 facet normal -5.742161e-01  4.128333e-01  7.069969e-01
   outer loop
     vertex -4.543655e+00  3.441685e+00  9.700000e+00
     vertex -4.461689e+00  3.041928e+00  1.000000e+01
     vertex -4.304516e+00  3.260544e+00  1.000000e+01
   endloop
 endfacet
 facet normal -5.353166e-01  4.491840e-01  7.153110e-01
   outer loop
     vertex -4.543655e+00  3.441685e+00  9.700000e+00
     vertex -4.178396e+00  3.876985e+00  9.700000e+00
     vertex -4.596267e+00  3.856726e+00  9.400000e+00
   endloop
 endfacet
 facet normal -5.911787e-01  4.030588e-01  6.986067e-01
   outer loop
     vertex -4.863758e+00  2.972181e+00  9.700000e+00
     vertex -4.461689e+00  3.041928e+00  1.000000e+01
     vertex -4.543655e+00  3.441685e+00  9.700000e+00
   endloop
 endfacet
 facet normal -5.773808e-01  3.936516e-01  7.153110e-01
   outer loop
     vertex -4.863758e+00  2.972181e+00  9.700000e+00
     vertex -4.543655e+00  3.441685e+00  9.700000e+00
     vertex -4.957433e+00  3.379920e+00  9.400000e+00
   endloop
 endfacet
 facet normal -5.940803e-01  3.836978e-01  7.069969e-01
   outer loop
     vertex -4.863758e+00  2.972181e+00  9.700000e+00
     vertex -4.957433e+00  3.379920e+00  9.400000e+00
     vertex -5.119745e+00  3.128611e+00  9.400000e+00
   endloop
 endfacet
 facet normal -6.124676e-01  3.536083e-01  7.069969e-01
   outer loop
     vertex -4.863758e+00  2.972181e+00  9.700000e+00
     vertex -5.119745e+00  3.128611e+00  9.400000e+00
     vertex -5.269329e+00  2.869524e+00  9.400000e+00
   endloop
 endfacet
 facet normal -5.940803e-01  3.836978e-01  7.069969e-01
   outer loop
     vertex -4.863758e+00  2.972181e+00  9.700000e+00
     vertex -4.607771e+00  2.815750e+00  1.000000e+01
     vertex -4.461689e+00  3.041928e+00  1.000000e+01
   endloop
 endfacet
 facet normal -6.124676e-01  3.536083e-01  7.069969e-01
   outer loop
     vertex -4.863758e+00  2.972181e+00  9.700000e+00
     vertex -4.742396e+00  2.582571e+00  1.000000e+01
     vertex -4.607771e+00  2.815750e+00  1.000000e+01
   endloop
 endfacet
 facet normal -6.293322e-01  3.226398e-01  7.069969e-01
   outer loop
     vertex -5.135523e+00  2.473137e+00  9.700000e+00
     vertex -5.269329e+00  2.869524e+00  9.400000e+00
     vertex -5.405813e+00  2.603302e+00  9.400000e+00
   endloop
 endfacet
 facet normal -6.446321e-01  2.908691e-01  7.069969e-01
   outer loop
     vertex -5.135523e+00  2.473137e+00  9.700000e+00
     vertex -5.405813e+00  2.603302e+00  9.400000e+00
     vertex -5.528857e+00  2.330609e+00  9.400000e+00
   endloop
 endfacet
 facet normal -6.137067e-01  3.342069e-01  7.153110e-01
   outer loop
     vertex -5.135523e+00  2.473137e+00  9.700000e+00
     vertex -4.863758e+00  2.972181e+00  9.700000e+00
     vertex -5.269329e+00  2.869524e+00  9.400000e+00
   endloop
 endfacet
 facet normal -6.293322e-01  3.226398e-01  7.069969e-01
   outer loop
     vertex -5.135523e+00  2.473137e+00  9.700000e+00
     vertex -4.865232e+00  2.342972e+00  1.000000e+01
     vertex -4.742396e+00  2.582571e+00  1.000000e+01
   endloop
 endfacet
 facet normal -6.446321e-01  2.908691e-01  7.069969e-01
   outer loop
     vertex -5.135523e+00  2.473137e+00  9.700000e+00
     vertex -4.975972e+00  2.097548e+00  1.000000e+01
     vertex -4.865232e+00  2.342972e+00  1.000000e+01
   endloop
 endfacet
 facet normal -6.283727e-01  3.421935e-01  6.986067e-01
   outer loop
     vertex -5.135523e+00  2.473137e+00  9.700000e+00
     vertex -4.742396e+00  2.582571e+00  1.000000e+01
     vertex -4.863758e+00  2.972181e+00  9.700000e+00
   endloop
 endfacet
 facet normal -6.593216e-01  2.779274e-01  6.986067e-01
   outer loop
     vertex -5.356248e+00  1.949515e+00  9.700000e+00
     vertex -4.975972e+00  2.097548e+00  1.000000e+01
     vertex -5.135523e+00  2.473137e+00  9.700000e+00
   endloop
 endfacet
 facet normal -6.583294e-01  2.583753e-01  7.069969e-01
   outer loop
     vertex -5.356248e+00  1.949515e+00  9.700000e+00
     vertex -5.528857e+00  2.330609e+00  9.400000e+00
     vertex -5.638156e+00  2.052121e+00  9.400000e+00
   endloop
 endfacet
 facet normal -6.703900e-01  2.252391e-01  7.069969e-01
   outer loop
     vertex -5.356248e+00  1.949515e+00  9.700000e+00
     vertex -5.638156e+00  2.052121e+00  9.400000e+00
     vertex -5.733437e+00  1.768531e+00  9.400000e+00
   endloop
 endfacet
 facet normal -6.583294e-01  2.583753e-01  7.069969e-01
   outer loop
     vertex -5.356248e+00  1.949515e+00  9.700000e+00
     vertex -5.074340e+00  1.846909e+00  1.000000e+01
     vertex -4.975972e+00  2.097548e+00  1.000000e+01
   endloop
 endfacet
 facet normal -6.703900e-01  2.252391e-01  7.069969e-01
   outer loop
     vertex -5.356248e+00  1.949515e+00  9.700000e+00
     vertex -5.160093e+00  1.591678e+00  1.000000e+01
     vertex -5.074340e+00  1.846909e+00  1.000000e+01
   endloop
 endfacet
 facet normal -6.439333e-01  2.714407e-01  7.153110e-01
   outer loop
     vertex -5.356248e+00  1.949515e+00  9.700000e+00
     vertex -5.135523e+00  2.473137e+00  9.700000e+00
     vertex -5.528857e+00  2.330609e+00  9.400000e+00
   endloop
 endfacet
 facet normal -6.677602e-01  2.059768e-01  7.153110e-01
   outer loop
     vertex -5.523741e+00  1.406517e+00  9.700000e+00
     vertex -5.356248e+00  1.949515e+00  9.700000e+00
     vertex -5.733437e+00  1.768531e+00  9.400000e+00
   endloop
 endfacet
 facet normal -6.837180e-01  2.108991e-01  6.986067e-01
   outer loop
     vertex -5.523741e+00  1.406517e+00  9.700000e+00
     vertex -5.160093e+00  1.591678e+00  1.000000e+01
     vertex -5.356248e+00  1.949515e+00  9.700000e+00
   endloop
 endfacet
 facet normal -6.807839e-01  1.915429e-01  7.069969e-01
   outer loop
     vertex -5.523741e+00  1.406517e+00  9.700000e+00
     vertex -5.733437e+00  1.768531e+00  9.400000e+00
     vertex -5.814464e+00  1.480544e+00  9.400000e+00
   endloop
 endfacet
 facet normal -6.894853e-01  1.573705e-01  7.069969e-01
   outer loop
     vertex -5.523741e+00  1.406517e+00  9.700000e+00
     vertex -5.814464e+00  1.480544e+00  9.400000e+00
     vertex -5.881035e+00  1.188877e+00  9.400000e+00
   endloop
 endfacet
 facet normal -6.807839e-01  1.915429e-01  7.069969e-01
   outer loop
     vertex -5.523741e+00  1.406517e+00  9.700000e+00
     vertex -5.233017e+00  1.332490e+00  1.000000e+01
     vertex -5.160093e+00  1.591678e+00  1.000000e+01
   endloop
 endfacet
 facet normal -6.894853e-01  1.573705e-01  7.069969e-01
   outer loop
     vertex -5.523741e+00  1.406517e+00  9.700000e+00
     vertex -5.292931e+00  1.069989e+00  1.000000e+01
     vertex -5.233017e+00  1.332490e+00  1.000000e+01
   endloop
 endfacet
 facet normal -6.849507e-01  1.384658e-01  7.153110e-01
   outer loop
     vertex -5.636336e+00  8.495409e-01  9.700000e+00
     vertex -5.523741e+00  1.406517e+00  9.700000e+00
     vertex -5.881035e+00  1.188877e+00  9.400000e+00
   endloop
 endfacet
 facet normal -6.964725e-01  1.228069e-01  7.069969e-01
   outer loop
     vertex -5.636336e+00  8.495409e-01  9.700000e+00
     vertex -5.881035e+00  1.188877e+00  9.400000e+00
     vertex -5.932985e+00  8.942536e-01  9.400000e+00
   endloop
 endfacet
 facet normal -7.017281e-01  8.793794e-02  7.069969e-01
   outer loop
     vertex -5.636336e+00  8.495409e-01  9.700000e+00
     vertex -5.932985e+00  8.942536e-01  9.400000e+00
     vertex -5.970185e+00  5.974071e-01  9.400000e+00
   endloop
 endfacet
 facet normal -7.013192e-01  1.417747e-01  6.986067e-01
   outer loop
     vertex -5.636336e+00  8.495409e-01  9.700000e+00
     vertex -5.292931e+00  1.069989e+00  1.000000e+01
     vertex -5.523741e+00  1.406517e+00  9.700000e+00
   endloop
 endfacet
 facet normal -6.964725e-01  1.228069e-01  7.069969e-01
   outer loop
     vertex -5.636336e+00  8.495409e-01  9.700000e+00
     vertex -5.339686e+00  8.048282e-01  1.000000e+01
     vertex -5.292931e+00  1.069989e+00  1.000000e+01
   endloop
 endfacet
 facet normal -7.017281e-01  8.793794e-02  7.069969e-01
   outer loop
     vertex -5.636336e+00  8.495409e-01  9.700000e+00
     vertex -5.373166e+00  5.376664e-01  1.000000e+01
     vertex -5.339686e+00  8.048282e-01  1.000000e+01
   endloop
 endfacet
 facet normal -7.119504e-01  7.124138e-02  6.986067e-01
   outer loop
     vertex -5.692914e+00  2.841215e-01  9.700000e+00
     vertex -5.373166e+00  5.376664e-01  1.000000e+01
     vertex -5.636336e+00  8.495409e-01  9.700000e+00
   endloop
 endfacet
 facet normal -7.052392e-01  5.285037e-02  7.069969e-01
   outer loop
     vertex -5.692914e+00  2.841215e-01  9.700000e+00
     vertex -5.970185e+00  5.974071e-01  9.400000e+00
     vertex -5.992542e+00  2.990753e-01  9.400000e+00
   endloop
 endfacet
 facet normal -7.069969e-01  1.763140e-02  7.069969e-01
   outer loop
     vertex -5.692914e+00  2.841215e-01  9.700000e+00
     vertex -5.992542e+00  2.990753e-01  9.400000e+00
     vertex -6.000000e+00 -2.058149e-14  9.400000e+00
   endloop
 endfacet
 facet normal -6.953337e-01  6.957863e-02  7.153110e-01
   outer loop
     vertex -5.692914e+00  2.841215e-01  9.700000e+00
     vertex -5.636336e+00  8.495409e-01  9.700000e+00
     vertex -5.970185e+00  5.974071e-01  9.400000e+00
   endloop
 endfacet
 facet normal -7.052392e-01  5.285037e-02  7.069969e-01
   outer loop
     vertex -5.692914e+00  2.841215e-01  9.700000e+00
     vertex -5.393287e+00  2.691678e-01  1.000000e+01
     vertex -5.373166e+00  5.376664e-01  1.000000e+01
   endloop
 endfacet
 facet normal -7.069969e-01  1.763140e-02  7.069969e-01
   outer loop
     vertex -5.692914e+00  2.841215e-01  9.700000e+00
     vertex -5.400000e+00 -1.852334e-14  1.000000e+01
     vertex -5.393287e+00  2.691678e-01  1.000000e+01
   endloop
 endfacet
 facet normal -7.069969e-01 -1.763140e-02  7.069969e-01
   outer loop
     vertex -5.692914e+00 -2.841215e-01  9.700000e+00
     vertex -6.000000e+00 -2.058149e-14  9.400000e+00
     vertex -5.992542e+00 -2.990753e-01  9.400000e+00
   endloop
 endfacet
 facet normal -7.052392e-01 -5.285037e-02  7.069969e-01
   outer loop
     vertex -5.692914e+00 -2.841215e-01  9.700000e+00
     vertex -5.992542e+00 -2.990753e-01  9.400000e+00
     vertex -5.970185e+00 -5.974071e-01  9.400000e+00
   endloop
 endfacet
 facet normal -6.988062e-01  0.000000e+00  7.153110e-01
   outer loop
     vertex -5.692914e+00 -2.841215e-01  9.700000e+00
     vertex -5.692914e+00  2.841215e-01  9.700000e+00
     vertex -6.000000e+00 -2.058149e-14  9.400000e+00
   endloop
 endfacet
 facet normal -7.155059e-01  0.000000e+00  6.986067e-01
   outer loop
     vertex -5.692914e+00 -2.841215e-01  9.700000e+00
     vertex -5.400000e+00 -1.852334e-14  1.000000e+01
     vertex -5.692914e+00  2.841215e-01  9.700000e+00
   endloop
 endfacet
 facet normal -7.069969e-01 -1.763140e-02  7.069969e-01
   outer loop
     vertex -5.692914e+00 -2.841215e-01  9.700000e+00
     vertex -5.393287e+00 -2.691678e-01  1.000000e+01
     vertex -5.400000e+00 -1.852334e-14  1.000000e+01
   endloop
 endfacet
 facet normal -7.052392e-01 -5.285037e-02  7.069969e-01
   outer loop
     vertex -5.692914e+00 -2.841215e-01  9.700000e+00
     vertex -5.373166e+00 -5.376664e-01  1.000000e+01
     vertex -5.393287e+00 -2.691678e-01  1.000000e+01
   endloop
 endfacet
 facet normal -7.119504e-01 -7.124138e-02  6.986067e-01
   outer loop
     vertex -5.636336e+00 -8.495409e-01  9.700000e+00
     vertex -5.373166e+00 -5.376664e-01  1.000000e+01
     vertex -5.692914e+00 -2.841215e-01  9.700000e+00
   endloop
 endfacet
 facet normal -7.017281e-01 -8.793794e-02  7.069969e-01
   outer loop
     vertex -5.636336e+00 -8.495409e-01  9.700000e+00
     vertex -5.970185e+00 -5.974071e-01  9.400000e+00
     vertex -5.932985e+00 -8.942536e-01  9.400000e+00
   endloop
 endfacet
 facet normal -6.964725e-01 -1.228069e-01  7.069969e-01
   outer loop
     vertex -5.636336e+00 -8.495409e-01  9.700000e+00
     vertex -5.932985e+00 -8.942536e-01  9.400000e+00
     vertex -5.881035e+00 -1.188877e+00  9.400000e+00
   endloop
 endfacet
 facet normal -6.953337e-01 -6.957863e-02  7.153110e-01
   outer loop
     vertex -5.636336e+00 -8.495409e-01  9.700000e+00
     vertex -5.692914e+00 -2.841215e-01  9.700000e+00
     vertex -5.970185e+00 -5.974071e-01  9.400000e+00
   endloop
 endfacet
 facet normal -7.017281e-01 -8.793794e-02  7.069969e-01
   outer loop
     vertex -5.636336e+00 -8.495409e-01  9.700000e+00
     vertex -5.339686e+00 -8.048282e-01  1.000000e+01
     vertex -5.373166e+00 -5.376664e-01  1.000000e+01
   endloop
 endfacet
 facet normal -6.964725e-01 -1.228069e-01  7.069969e-01
   outer loop
     vertex -5.636336e+00 -8.495409e-01  9.700000e+00
     vertex -5.292931e+00 -1.069989e+00  1.000000e+01
     vertex -5.339686e+00 -8.048282e-01  1.000000e+01
   endloop
 endfacet
 facet normal -7.013192e-01 -1.417747e-01  6.986067e-01
   outer loop
     vertex -5.523741e+00 -1.406517e+00  9.700000e+00
     vertex -5.292931e+00 -1.069989e+00  1.000000e+01
     vertex -5.636336e+00 -8.495409e-01  9.700000e+00
   endloop
 endfacet
 facet normal -6.849507e-01 -1.384658e-01  7.153110e-01
   outer loop
     vertex -5.523741e+00 -1.406517e+00  9.700000e+00
     vertex -5.636336e+00 -8.495409e-01  9.700000e+00
     vertex -5.881035e+00 -1.188877e+00  9.400000e+00
   endloop
 endfacet
 facet normal -6.894853e-01 -1.573705e-01  7.069969e-01
   outer loop
     vertex -5.523741e+00 -1.406517e+00  9.700000e+00
     vertex -5.881035e+00 -1.188877e+00  9.400000e+00
     vertex -5.814464e+00 -1.480544e+00  9.400000e+00
   endloop
 endfacet
 facet normal -6.807839e-01 -1.915429e-01  7.069969e-01
   outer loop
     vertex -5.523741e+00 -1.406517e+00  9.700000e+00
     vertex -5.814464e+00 -1.480544e+00  9.400000e+00
     vertex -5.733437e+00 -1.768531e+00  9.400000e+00
   endloop
 endfacet
 facet normal -6.894853e-01 -1.573705e-01  7.069969e-01
   outer loop
     vertex -5.523741e+00 -1.406517e+00  9.700000e+00
     vertex -5.233017e+00 -1.332490e+00  1.000000e+01
     vertex -5.292931e+00 -1.069989e+00  1.000000e+01
   endloop
 endfacet
 facet normal -6.807839e-01 -1.915429e-01  7.069969e-01
   outer loop
     vertex -5.523741e+00 -1.406517e+00  9.700000e+00
     vertex -5.160093e+00 -1.591678e+00  1.000000e+01
     vertex -5.233017e+00 -1.332490e+00  1.000000e+01
   endloop
 endfacet
 facet normal -6.677602e-01 -2.059768e-01  7.153110e-01
   outer loop
     vertex -5.356248e+00 -1.949515e+00  9.700000e+00
     vertex -5.523741e+00 -1.406517e+00  9.700000e+00
     vertex -5.733437e+00 -1.768531e+00  9.400000e+00
   endloop
 endfacet
 facet normal -6.703900e-01 -2.252391e-01  7.069969e-01
   outer loop
     vertex -5.356248e+00 -1.949515e+00  9.700000e+00
     vertex -5.733437e+00 -1.768531e+00  9.400000e+00
     vertex -5.638156e+00 -2.052121e+00  9.400000e+00
   endloop
 endfacet
 facet normal -6.583294e-01 -2.583753e-01  7.069969e-01
   outer loop
     vertex -5.356248e+00 -1.949515e+00  9.700000e+00
     vertex -5.638156e+00 -2.052121e+00  9.400000e+00
     vertex -5.528857e+00 -2.330609e+00  9.400000e+00
   endloop
 endfacet
 facet normal -6.837180e-01 -2.108991e-01  6.986067e-01
   outer loop
     vertex -5.356248e+00 -1.949515e+00  9.700000e+00
     vertex -5.160093e+00 -1.591678e+00  1.000000e+01
     vertex -5.523741e+00 -1.406517e+00  9.700000e+00
   endloop
 endfacet
 facet normal -6.703900e-01 -2.252391e-01  7.069969e-01
   outer loop
     vertex -5.356248e+00 -1.949515e+00  9.700000e+00
     vertex -5.074340e+00 -1.846909e+00  1.000000e+01
     vertex -5.160093e+00 -1.591678e+00  1.000000e+01
   endloop
 endfacet
 facet normal -6.583294e-01 -2.583753e-01  7.069969e-01
   outer loop
     vertex -5.356248e+00 -1.949515e+00  9.700000e+00
     vertex -4.975972e+00 -2.097548e+00  1.000000e+01
     vertex -5.074340e+00 -1.846909e+00  1.000000e+01
   endloop
 endfacet
 facet normal -6.446321e-01 -2.908691e-01  7.069969e-01
   outer loop
     vertex -5.135523e+00 -2.473137e+00  9.700000e+00
     vertex -4.865232e+00 -2.342972e+00  1.000000e+01
     vertex -4.975972e+00 -2.097548e+00  1.000000e+01
   endloop
 endfacet
 facet normal -6.293322e-01 -3.226398e-01  7.069969e-01
   outer loop
     vertex -5.135523e+00 -2.473137e+00  9.700000e+00
     vertex -4.742396e+00 -2.582571e+00  1.000000e+01
     vertex -4.865232e+00 -2.342972e+00  1.000000e+01
   endloop
 endfacet
 facet normal -6.593216e-01 -2.779274e-01  6.986067e-01
   outer loop
     vertex -5.135523e+00 -2.473137e+00  9.700000e+00
     vertex -4.975972e+00 -2.097548e+00  1.000000e+01
     vertex -5.356248e+00 -1.949515e+00  9.700000e+00
   endloop
 endfacet
 facet normal -6.439333e-01 -2.714407e-01  7.153110e-01
   outer loop
     vertex -5.135523e+00 -2.473137e+00  9.700000e+00
     vertex -5.356248e+00 -1.949515e+00  9.700000e+00
     vertex -5.528857e+00 -2.330609e+00  9.400000e+00
   endloop
 endfacet
 facet normal -6.446321e-01 -2.908691e-01  7.069969e-01
   outer loop
     vertex -5.135523e+00 -2.473137e+00  9.700000e+00
     vertex -5.528857e+00 -2.330609e+00  9.400000e+00
     vertex -5.405813e+00 -2.603302e+00  9.400000e+00
   endloop
 endfacet
 facet normal -6.293322e-01 -3.226398e-01  7.069969e-01
   outer loop
     vertex -5.135523e+00 -2.473137e+00  9.700000e+00
     vertex -5.405813e+00 -2.603302e+00  9.400000e+00
     vertex -5.269329e+00 -2.869524e+00  9.400000e+00
   endloop
 endfacet
 facet normal -6.137067e-01 -3.342069e-01  7.153110e-01
   outer loop
     vertex -4.863758e+00 -2.972181e+00  9.700000e+00
     vertex -5.135523e+00 -2.473137e+00  9.700000e+00
     vertex -5.269329e+00 -2.869524e+00  9.400000e+00
   endloop
 endfacet
 facet normal -6.124676e-01 -3.536083e-01  7.069969e-01
   outer loop
     vertex -4.863758e+00 -2.972181e+00  9.700000e+00
     vertex -4.607771e+00 -2.815750e+00  1.000000e+01
     vertex -4.742396e+00 -2.582571e+00  1.000000e+01
   endloop
 endfacet
 facet normal -5.940803e-01 -3.836978e-01  7.069969e-01
   outer loop
     vertex -4.863758e+00 -2.972181e+00  9.700000e+00
     vertex -4.461689e+00 -3.041928e+00  1.000000e+01
     vertex -4.607771e+00 -2.815750e+00  1.000000e+01
   endloop
 endfacet
 facet normal -6.283727e-01 -3.421935e-01  6.986067e-01
   outer loop
     vertex -4.863758e+00 -2.972181e+00  9.700000e+00
     vertex -4.742396e+00 -2.582571e+00  1.000000e+01
     vertex -5.135523e+00 -2.473137e+00  9.700000e+00
   endloop
 endfacet
 facet normal -6.124676e-01 -3.536083e-01  7.069969e-01
   outer loop
     vertex -4.863758e+00 -2.972181e+00  9.700000e+00
     vertex -5.269329e+00 -2.869524e+00  9.400000e+00
     vertex -5.119745e+00 -3.128611e+00  9.400000e+00
   endloop
 endfacet
 facet normal -5.940803e-01 -3.836978e-01  7.069969e-01
   outer loop
     vertex -4.863758e+00 -2.972181e+00  9.700000e+00
     vertex -5.119745e+00 -3.128611e+00  9.400000e+00
     vertex -4.957433e+00 -3.379920e+00  9.400000e+00
   endloop
 endfacet
 facet normal -5.742161e-01 -4.128333e-01  7.069969e-01
   outer loop
     vertex -4.543655e+00 -3.441685e+00  9.700000e+00
     vertex -4.304516e+00 -3.260544e+00  1.000000e+01
     vertex -4.461689e+00 -3.041928e+00  1.000000e+01
   endloop
 endfacet
 facet normal -5.529243e-01 -4.409424e-01  7.069969e-01
   outer loop
     vertex -4.543655e+00 -3.441685e+00  9.700000e+00
     vertex -4.136640e+00 -3.471053e+00  1.000000e+01
     vertex -4.304516e+00 -3.260544e+00  1.000000e+01
   endloop
 endfacet
 facet normal -5.911787e-01 -4.030588e-01  6.986067e-01
   outer loop
     vertex -4.543655e+00 -3.441685e+00  9.700000e+00
     vertex -4.461689e+00 -3.041928e+00  1.000000e+01
     vertex -4.863758e+00 -2.972181e+00  9.700000e+00
   endloop
 endfacet
 facet normal -5.773808e-01 -3.936516e-01  7.153110e-01
   outer loop
     vertex -4.543655e+00 -3.441685e+00  9.700000e+00
     vertex -4.863758e+00 -2.972181e+00  9.700000e+00
     vertex -4.957433e+00 -3.379920e+00  9.400000e+00
   endloop
 endfacet
 facet normal -5.742161e-01 -4.128333e-01  7.069969e-01
   outer loop
     vertex -4.543655e+00 -3.441685e+00  9.700000e+00
     vertex -4.957433e+00 -3.379920e+00  9.400000e+00
     vertex -4.782795e+00 -3.622826e+00  9.400000e+00
   endloop
 endfacet
 facet normal -5.529243e-01 -4.409424e-01  7.069969e-01
   outer loop
     vertex -4.543655e+00 -3.441685e+00  9.700000e+00
     vertex -4.782795e+00 -3.622826e+00  9.400000e+00
     vertex -4.596267e+00 -3.856726e+00  9.400000e+00
   endloop
 endfacet
 facet normal -5.302578e-01 -4.679553e-01  7.069969e-01
   outer loop
     vertex -4.178396e+00 -3.876985e+00  9.700000e+00
     vertex -3.958480e+00 -3.672933e+00  1.000000e+01
     vertex -4.136640e+00 -3.471053e+00  1.000000e+01
   endloop
 endfacet
 facet normal -5.062730e-01 -4.938047e-01  7.069969e-01
   outer loop
     vertex -4.178396e+00 -3.876985e+00  9.700000e+00
     vertex -3.770479e+00 -3.865681e+00  1.000000e+01
     vertex -3.958480e+00 -3.672933e+00  1.000000e+01
   endloop
 endfacet
 facet normal -5.353166e-01 -4.491840e-01  7.153110e-01
   outer loop
     vertex -4.178396e+00 -3.876985e+00  9.700000e+00
     vertex -4.543655e+00 -3.441685e+00  9.700000e+00
     vertex -4.596267e+00 -3.856726e+00  9.400000e+00
   endloop
 endfacet
 facet normal -5.302578e-01 -4.679553e-01  7.069969e-01
   outer loop
     vertex -4.178396e+00 -3.876985e+00  9.700000e+00
     vertex -4.596267e+00 -3.856726e+00  9.400000e+00
     vertex -4.398311e+00 -4.081036e+00  9.400000e+00
   endloop
 endfacet
 facet normal -5.062730e-01 -4.938047e-01  7.069969e-01
   outer loop
     vertex -4.178396e+00 -3.876985e+00  9.700000e+00
     vertex -4.398311e+00 -4.081036e+00  9.400000e+00
     vertex -4.189421e+00 -4.295201e+00  9.400000e+00
   endloop
 endfacet
 facet normal -5.481093e-01 -4.599183e-01  6.986067e-01
   outer loop
     vertex -4.178396e+00 -3.876985e+00  9.700000e+00
     vertex -4.136640e+00 -3.471053e+00  1.000000e+01
     vertex -4.543655e+00 -3.441685e+00  9.700000e+00
   endloop
 endfacet
 facet normal -4.810295e-01 -5.184265e-01  7.069969e-01
   outer loop
     vertex -3.771609e+00 -4.273753e+00  9.700000e+00
     vertex -3.573104e+00 -4.048818e+00  1.000000e+01
     vertex -3.770479e+00 -3.865681e+00  1.000000e+01
   endloop
 endfacet
 facet normal -4.545901e-01 -5.417594e-01  7.069969e-01
   outer loop
     vertex -3.771609e+00 -4.273753e+00  9.700000e+00
     vertex -3.366845e+00 -4.221890e+00  1.000000e+01
     vertex -3.573104e+00 -4.048818e+00  1.000000e+01
   endloop
 endfacet
 facet normal -4.995926e-01 -5.122069e-01  6.986067e-01
   outer loop
     vertex -3.771609e+00 -4.273753e+00  9.700000e+00
     vertex -3.770479e+00 -3.865681e+00  1.000000e+01
     vertex -4.178396e+00 -3.876985e+00  9.700000e+00
   endloop
 endfacet
 facet normal -4.810295e-01 -5.184265e-01  7.069969e-01
   outer loop
     vertex -3.771609e+00 -4.273753e+00  9.700000e+00
     vertex -4.189421e+00 -4.295201e+00  9.400000e+00
     vertex -3.970115e+00 -4.498687e+00  9.400000e+00
   endloop
 endfacet
 facet normal -4.545901e-01 -5.417594e-01  7.069969e-01
   outer loop
     vertex -3.771609e+00 -4.273753e+00  9.700000e+00
     vertex -3.970115e+00 -4.498687e+00  9.400000e+00
     vertex -3.740939e+00 -4.690989e+00  9.400000e+00
   endloop
 endfacet
 facet normal -4.879323e-01 -5.002522e-01  7.153110e-01
   outer loop
     vertex -3.771609e+00 -4.273753e+00  9.700000e+00
     vertex -4.178396e+00 -3.876985e+00  9.700000e+00
     vertex -4.189421e+00 -4.295201e+00  9.400000e+00
   endloop
 endfacet
 facet normal -4.270206e-01 -5.637454e-01  7.069969e-01
   outer loop
     vertex -3.327339e+00 -4.628047e+00  9.700000e+00
     vertex -3.152216e+00 -4.384465e+00  1.000000e+01
     vertex -3.366845e+00 -4.221890e+00  1.000000e+01
   endloop
 endfacet
 facet normal -3.983893e-01 -5.843298e-01  7.069969e-01
   outer loop
     vertex -3.327339e+00 -4.628047e+00  9.700000e+00
     vertex -2.929750e+00 -4.536140e+00  1.000000e+01
     vertex -3.152216e+00 -4.384465e+00  1.000000e+01
   endloop
 endfacet
 facet normal -4.270206e-01 -5.637454e-01  7.069969e-01
   outer loop
     vertex -3.327339e+00 -4.628047e+00  9.700000e+00
     vertex -3.740939e+00 -4.690989e+00  9.400000e+00
     vertex -3.502462e+00 -4.871628e+00  9.400000e+00
   endloop
 endfacet
 facet normal -3.983893e-01 -5.843298e-01  7.069969e-01
   outer loop
     vertex -3.327339e+00 -4.628047e+00  9.700000e+00
     vertex -3.502462e+00 -4.871628e+00  9.400000e+00
     vertex -3.255278e+00 -5.040156e+00  9.400000e+00
   endloop
 endfacet
 facet normal -4.461106e-01 -5.594050e-01  6.986067e-01
   outer loop
     vertex -3.327339e+00 -4.628047e+00  9.700000e+00
     vertex -3.366845e+00 -4.221890e+00  1.000000e+01
     vertex -3.771609e+00 -4.273753e+00  9.700000e+00
   endloop
 endfacet
 facet normal -4.356986e-01 -5.463487e-01  7.153110e-01
   outer loop
     vertex -3.327339e+00 -4.628047e+00  9.700000e+00
     vertex -3.771609e+00 -4.273753e+00  9.700000e+00
     vertex -3.740939e+00 -4.690989e+00  9.400000e+00
   endloop
 endfacet
 facet normal -3.791347e-01 -5.870154e-01  7.153110e-01
   outer loop
     vertex -2.850000e+00 -4.936345e+00  9.700000e+00
     vertex -3.327339e+00 -4.628047e+00  9.700000e+00
     vertex -3.255278e+00 -5.040156e+00  9.400000e+00
   endloop
 endfacet
 facet normal -3.687677e-01 -6.034615e-01  7.069969e-01
   outer loop
     vertex -2.850000e+00 -4.936345e+00  9.700000e+00
     vertex -2.700000e+00 -4.676537e+00  1.000000e+01
     vertex -2.929750e+00 -4.536140e+00  1.000000e+01
   endloop
 endfacet
 facet normal -3.382292e-01 -6.210929e-01  7.069969e-01
   outer loop
     vertex -2.850000e+00 -4.936345e+00  9.700000e+00
     vertex -2.463538e+00 -4.805308e+00  1.000000e+01
     vertex -2.700000e+00 -4.676537e+00  1.000000e+01
   endloop
 endfacet
 facet normal -3.687677e-01 -6.034615e-01  7.069969e-01
   outer loop
     vertex -2.850000e+00 -4.936345e+00  9.700000e+00
     vertex -3.255278e+00 -5.040156e+00  9.400000e+00
     vertex -3.000000e+00 -5.196152e+00  9.400000e+00
   endloop
 endfacet
 facet normal -3.382292e-01 -6.210929e-01  7.069969e-01
   outer loop
     vertex -2.850000e+00 -4.936345e+00  9.700000e+00
     vertex -3.000000e+00 -5.196152e+00  9.400000e+00
     vertex -2.737264e+00 -5.339231e+00  9.400000e+00
   endloop
 endfacet
 facet normal -3.881950e-01 -6.010435e-01  6.986067e-01
   outer loop
     vertex -2.850000e+00 -4.936345e+00  9.700000e+00
     vertex -2.929750e+00 -4.536140e+00  1.000000e+01
     vertex -3.327339e+00 -4.628047e+00  9.700000e+00
   endloop
 endfacet
 facet normal -3.188029e-01 -6.218480e-01  7.153110e-01
   outer loop
     vertex -2.344336e+00 -5.195583e+00  9.700000e+00
     vertex -2.850000e+00 -4.936345e+00  9.700000e+00
     vertex -2.737264e+00 -5.339231e+00  9.400000e+00
   endloop
 endfacet
 facet normal -3.068498e-01 -6.371802e-01  7.069969e-01
   outer loop
     vertex -2.344336e+00 -5.195583e+00  9.700000e+00
     vertex -2.220950e+00 -4.922132e+00  1.000000e+01
     vertex -2.463538e+00 -4.805308e+00  1.000000e+01
   endloop
 endfacet
 facet normal -2.747076e-01 -6.516833e-01  7.069969e-01
   outer loop
     vertex -2.344336e+00 -5.195583e+00  9.700000e+00
     vertex -1.972842e+00 -5.026718e+00  1.000000e+01
     vertex -2.220950e+00 -4.922132e+00  1.000000e+01
   endloop
 endfacet
 facet normal -3.264214e-01 -6.367085e-01  6.986067e-01
   outer loop
     vertex -2.344336e+00 -5.195583e+00  9.700000e+00
     vertex -2.463538e+00 -4.805308e+00  1.000000e+01
     vertex -2.850000e+00 -4.936345e+00  9.700000e+00
   endloop
 endfacet
 facet normal -3.068498e-01 -6.371802e-01  7.069969e-01
   outer loop
     vertex -2.344336e+00 -5.195583e+00  9.700000e+00
     vertex -2.737264e+00 -5.339231e+00  9.400000e+00
     vertex -2.467723e+00 -5.469035e+00  9.400000e+00
   endloop
 endfacet
 facet normal -2.747076e-01 -6.516833e-01  7.069969e-01
   outer loop
     vertex -2.344336e+00 -5.195583e+00  9.700000e+00
     vertex -2.467723e+00 -5.469035e+00  9.400000e+00
     vertex -2.192046e+00 -5.585242e+00  9.400000e+00
   endloop
 endfacet
 facet normal -2.418824e-01 -6.645663e-01  7.069969e-01
   outer loop
     vertex -1.815374e+00 -5.403186e+00  9.700000e+00
     vertex -1.719828e+00 -5.118808e+00  1.000000e+01
     vertex -1.972842e+00 -5.026718e+00  1.000000e+01
   endloop
 endfacet
 facet normal -2.084558e-01 -6.757970e-01  7.069969e-01
   outer loop
     vertex -1.815374e+00 -5.403186e+00  9.700000e+00
     vertex -1.462539e+00 -5.198171e+00  1.000000e+01
     vertex -1.719828e+00 -5.118808e+00  1.000000e+01
   endloop
 endfacet
 facet normal -2.614037e-01 -6.660456e-01  6.986067e-01
   outer loop
     vertex -1.815374e+00 -5.403186e+00  9.700000e+00
     vertex -1.972842e+00 -5.026718e+00  1.000000e+01
     vertex -2.344336e+00 -5.195583e+00  9.700000e+00
   endloop
 endfacet
 facet normal -2.553026e-01 -6.505004e-01  7.153110e-01
   outer loop
     vertex -1.815374e+00 -5.403186e+00  9.700000e+00
     vertex -2.344336e+00 -5.195583e+00  9.700000e+00
     vertex -2.192046e+00 -5.585242e+00  9.400000e+00
   endloop
 endfacet
 facet normal -2.418824e-01 -6.645663e-01  7.069969e-01
   outer loop
     vertex -1.815374e+00 -5.403186e+00  9.700000e+00
     vertex -2.192046e+00 -5.585242e+00  9.400000e+00
     vertex -1.910920e+00 -5.687564e+00  9.400000e+00
   endloop
 endfacet
 facet normal -2.084558e-01 -6.757970e-01  7.069969e-01
   outer loop
     vertex -1.815374e+00 -5.403186e+00  9.700000e+00
     vertex -1.910920e+00 -5.687564e+00  9.400000e+00
     vertex -1.625043e+00 -5.775745e+00  9.400000e+00
   endloop
 endfacet
 facet normal -1.745109e-01 -6.853476e-01  7.069969e-01
   outer loop
     vertex -1.268369e+00 -5.557089e+00  9.700000e+00
     vertex -1.201613e+00 -5.264611e+00  1.000000e+01
     vertex -1.462539e+00 -5.198171e+00  1.000000e+01
   endloop
 endfacet
 facet normal -1.401323e-01 -6.931943e-01  7.069969e-01
   outer loop
     vertex -1.268369e+00 -5.557089e+00  9.700000e+00
     vertex -9.377002e-01 -5.317962e+00  1.000000e+01
     vertex -1.201613e+00 -5.264611e+00  1.000000e+01
   endloop
 endfacet
 facet normal -1.892650e-01 -6.726878e-01  7.153110e-01
   outer loop
     vertex -1.268369e+00 -5.557089e+00  9.700000e+00
     vertex -1.815374e+00 -5.403186e+00  9.700000e+00
     vertex -1.625043e+00 -5.775745e+00  9.400000e+00
   endloop
 endfacet
 facet normal -1.937879e-01 -6.887633e-01  6.986067e-01
   outer loop
     vertex -1.268369e+00 -5.557089e+00  9.700000e+00
     vertex -1.462539e+00 -5.198171e+00  1.000000e+01
     vertex -1.815374e+00 -5.403186e+00  9.700000e+00
   endloop
 endfacet
 facet normal -1.745109e-01 -6.853476e-01  7.069969e-01
   outer loop
     vertex -1.268369e+00 -5.557089e+00  9.700000e+00
     vertex -1.625043e+00 -5.775745e+00  9.400000e+00
     vertex -1.335126e+00 -5.849567e+00  9.400000e+00
   endloop
 endfacet
 facet normal -1.401323e-01 -6.931943e-01  7.069969e-01
   outer loop
     vertex -1.268369e+00 -5.557089e+00  9.700000e+00
     vertex -1.335126e+00 -5.849567e+00  9.400000e+00
     vertex -1.041889e+00 -5.908847e+00  9.400000e+00
   endloop
 endfacet
 facet normal -1.054052e-01 -6.993177e-01  7.069969e-01
   outer loop
     vertex -7.087591e-01 -5.655763e+00  9.700000e+00
     vertex -6.714560e-01 -5.358092e+00  1.000000e+01
     vertex -9.377002e-01 -5.317962e+00  1.000000e+01
   endloop
 endfacet
 facet normal -7.041604e-02 -7.037024e-01  7.069969e-01
   outer loop
     vertex -7.087591e-01 -5.655763e+00  9.700000e+00
     vertex -4.035425e-01 -5.384901e+00  1.000000e+01
     vertex -6.714560e-01 -5.358092e+00  1.000000e+01
   endloop
 endfacet
 facet normal -1.242463e-01 -7.046357e-01  6.986067e-01
   outer loop
     vertex -7.087591e-01 -5.655763e+00  9.700000e+00
     vertex -9.377002e-01 -5.317962e+00  1.000000e+01
     vertex -1.268369e+00 -5.557089e+00  9.700000e+00
   endloop
 endfacet
 facet normal -1.213464e-01 -6.881898e-01  7.153110e-01
   outer loop
     vertex -7.087591e-01 -5.655763e+00  9.700000e+00
     vertex -1.268369e+00 -5.557089e+00  9.700000e+00
     vertex -1.041889e+00 -5.908847e+00  9.400000e+00
   endloop
 endfacet
 facet normal -1.054052e-01 -6.993177e-01  7.069969e-01
   outer loop
     vertex -7.087591e-01 -5.655763e+00  9.700000e+00
     vertex -1.041889e+00 -5.908847e+00  9.400000e+00
     vertex -7.460622e-01 -5.953435e+00  9.400000e+00
   endloop
 endfacet
 facet normal -7.041604e-02 -7.037024e-01  7.069969e-01
   outer loop
     vertex -7.087591e-01 -5.655763e+00  9.700000e+00
     vertex -7.460622e-01 -5.953435e+00  9.400000e+00
     vertex -4.483806e-01 -5.983223e+00  9.400000e+00
   endloop
 endfacet
 facet normal -3.525184e-02 -7.063376e-01  7.069969e-01
   outer loop
     vertex -1.421049e-01 -5.698228e+00  9.700000e+00
     vertex -1.346257e-01 -5.398322e+00  1.000000e+01
     vertex -4.035425e-01 -5.384901e+00  1.000000e+01
   endloop
 endfacet
 facet normal  6.946084e-15 -7.072167e-01  7.069969e-01
   outer loop
     vertex -1.421049e-01 -5.698228e+00  9.700000e+00
     vertex  1.346257e-01 -5.398322e+00  1.000000e+01
     vertex -1.346257e-01 -5.398322e+00  1.000000e+01
   endloop
 endfacet
 facet normal -5.222186e-02 -6.968522e-01  7.153110e-01
   outer loop
     vertex -1.421049e-01 -5.698228e+00  9.700000e+00
     vertex -7.087591e-01 -5.655763e+00  9.700000e+00
     vertex -4.483806e-01 -5.983223e+00  9.400000e+00
   endloop
 endfacet
 facet normal -5.346982e-02 -7.135052e-01  6.986067e-01
   outer loop
     vertex -1.421049e-01 -5.698228e+00  9.700000e+00
     vertex -4.035425e-01 -5.384901e+00  1.000000e+01
     vertex -7.087591e-01 -5.655763e+00  9.700000e+00
   endloop
 endfacet
 facet normal -3.525184e-02 -7.063376e-01  7.069969e-01
   outer loop
     vertex -1.421049e-01 -5.698228e+00  9.700000e+00
     vertex -4.483806e-01 -5.983223e+00  9.400000e+00
     vertex -1.495842e-01 -5.998135e+00  9.400000e+00
   endloop
 endfacet
 facet normal  8.371644e-15 -7.072167e-01  7.069969e-01
   outer loop
     vertex -1.421049e-01 -5.698228e+00  9.700000e+00
     vertex -1.495842e-01 -5.998135e+00  9.400000e+00
     vertex  1.495842e-01 -5.998135e+00  9.400000e+00
   endloop
 endfacet
 facet normal  3.525184e-02 -7.063376e-01  7.069969e-01
   outer loop
     vertex  4.259615e-01 -5.684062e+00  9.700000e+00
     vertex  4.035425e-01 -5.384901e+00  1.000000e+01
     vertex  1.346257e-01 -5.398322e+00  1.000000e+01
   endloop
 endfacet
 facet normal  7.041604e-02 -7.037024e-01  7.069969e-01
   outer loop
     vertex  4.259615e-01 -5.684062e+00  9.700000e+00
     vertex  6.714560e-01 -5.358092e+00  1.000000e+01
     vertex  4.035425e-01 -5.384901e+00  1.000000e+01
   endloop
 endfacet
 facet normal  1.783806e-02 -7.152835e-01  6.986067e-01
   outer loop
     vertex  4.259615e-01 -5.684062e+00  9.700000e+00
     vertex  1.346257e-01 -5.398322e+00  1.000000e+01
     vertex -1.421049e-01 -5.698228e+00  9.700000e+00
   endloop
 endfacet
 facet normal  1.742172e-02 -6.985890e-01  7.153110e-01
   outer loop
     vertex  4.259615e-01 -5.684062e+00  9.700000e+00
     vertex -1.421049e-01 -5.698228e+00  9.700000e+00
     vertex  1.495842e-01 -5.998135e+00  9.400000e+00
   endloop
 endfacet
 facet normal  3.525184e-02 -7.063376e-01  7.069969e-01
   outer loop
     vertex  4.259615e-01 -5.684062e+00  9.700000e+00
     vertex  1.495842e-01 -5.998135e+00  9.400000e+00
     vertex  4.483806e-01 -5.983223e+00  9.400000e+00
   endloop
 endfacet
 facet normal  7.041604e-02 -7.037024e-01  7.069969e-01
   outer loop
     vertex  4.259615e-01 -5.684062e+00  9.700000e+00
     vertex  4.483806e-01 -5.983223e+00  9.400000e+00
     vertex  7.460622e-01 -5.953435e+00  9.400000e+00
   endloop
 endfacet
 facet normal  1.401323e-01 -6.931943e-01  7.069969e-01
   outer loop
     vertex  9.897946e-01 -5.613404e+00  9.700000e+00
     vertex  1.041889e+00 -5.908847e+00  9.400000e+00
     vertex  1.335126e+00 -5.849567e+00  9.400000e+00
   endloop
 endfacet
 facet normal  8.896865e-02 -7.099530e-01  6.986067e-01
   outer loop
     vertex  9.897946e-01 -5.613404e+00  9.700000e+00
     vertex  6.714560e-01 -5.358092e+00  1.000000e+01
     vertex  4.259615e-01 -5.684062e+00  9.700000e+00
   endloop
 endfacet
 facet normal  1.054052e-01 -6.993177e-01  7.069969e-01
   outer loop
     vertex  9.897946e-01 -5.613404e+00  9.700000e+00
     vertex  9.377002e-01 -5.317962e+00  1.000000e+01
     vertex  6.714560e-01 -5.358092e+00  1.000000e+01
   endloop
 endfacet
 facet normal  1.401323e-01 -6.931943e-01  7.069969e-01
   outer loop
     vertex  9.897946e-01 -5.613404e+00  9.700000e+00
     vertex  1.201613e+00 -5.264611e+00  1.000000e+01
     vertex  9.377002e-01 -5.317962e+00  1.000000e+01
   endloop
 endfacet
 facet normal  8.689216e-02 -6.933830e-01  7.153110e-01
   outer loop
     vertex  9.897946e-01 -5.613404e+00  9.700000e+00
     vertex  4.259615e-01 -5.684062e+00  9.700000e+00
     vertex  7.460622e-01 -5.953435e+00  9.400000e+00
   endloop
 endfacet
 facet normal  1.054052e-01 -6.993177e-01  7.069969e-01
   outer loop
     vertex  9.897946e-01 -5.613404e+00  9.700000e+00
     vertex  7.460622e-01 -5.953435e+00  9.400000e+00
     vertex  1.041889e+00 -5.908847e+00  9.400000e+00
   endloop
 endfacet
 facet normal  1.745109e-01 -6.853476e-01  7.069969e-01
   outer loop
     vertex  1.543791e+00 -5.486958e+00  9.700000e+00
     vertex  1.335126e+00 -5.849567e+00  9.400000e+00
     vertex  1.625043e+00 -5.775745e+00  9.400000e+00
   endloop
 endfacet
 facet normal  2.084558e-01 -6.757970e-01  7.069969e-01
   outer loop
     vertex  1.543791e+00 -5.486958e+00  9.700000e+00
     vertex  1.625043e+00 -5.775745e+00  9.400000e+00
     vertex  1.910920e+00 -5.687564e+00  9.400000e+00
   endloop
 endfacet
 facet normal  1.592150e-01 -6.975667e-01  6.986067e-01
   outer loop
     vertex  1.543791e+00 -5.486958e+00  9.700000e+00
     vertex  1.201613e+00 -5.264611e+00  1.000000e+01
     vertex  9.897946e-01 -5.613404e+00  9.700000e+00
   endloop
 endfacet
 facet normal  1.745109e-01 -6.853476e-01  7.069969e-01
   outer loop
     vertex  1.543791e+00 -5.486958e+00  9.700000e+00
     vertex  1.462539e+00 -5.198171e+00  1.000000e+01
     vertex  1.201613e+00 -5.264611e+00  1.000000e+01
   endloop
 endfacet
 facet normal  2.084558e-01 -6.757970e-01  7.069969e-01
   outer loop
     vertex  1.543791e+00 -5.486958e+00  9.700000e+00
     vertex  1.719828e+00 -5.118808e+00  1.000000e+01
     vertex  1.462539e+00 -5.198171e+00  1.000000e+01
   endloop
 endfacet
 facet normal  1.554990e-01 -6.812857e-01  7.153110e-01
   outer loop
     vertex  1.543791e+00 -5.486958e+00  9.700000e+00
     vertex  9.897946e-01 -5.613404e+00  9.700000e+00
     vertex  1.335126e+00 -5.849567e+00  9.400000e+00
   endloop
 endfacet
 facet normal  2.418824e-01 -6.645663e-01  7.069969e-01
   outer loop
     vertex  2.082444e+00 -5.305980e+00  9.700000e+00
     vertex  1.910920e+00 -5.687564e+00  9.400000e+00
     vertex  2.192046e+00 -5.585242e+00  9.400000e+00
   endloop
 endfacet
 facet normal  2.747076e-01 -6.516833e-01  7.069969e-01
   outer loop
     vertex  2.082444e+00 -5.305980e+00  9.700000e+00
     vertex  2.192046e+00 -5.585242e+00  9.400000e+00
     vertex  2.467723e+00 -5.469035e+00  9.400000e+00
   endloop
 endfacet
 facet normal  2.418824e-01 -6.645663e-01  7.069969e-01
   outer loop
     vertex  2.082444e+00 -5.305980e+00  9.700000e+00
     vertex  1.972842e+00 -5.026718e+00  1.000000e+01
     vertex  1.719828e+00 -5.118808e+00  1.000000e+01
   endloop
 endfacet
 facet normal  2.747076e-01 -6.516833e-01  7.069969e-01
   outer loop
     vertex  2.082444e+00 -5.305980e+00  9.700000e+00
     vertex  2.220950e+00 -4.922132e+00  1.000000e+01
     vertex  1.972842e+00 -5.026718e+00  1.000000e+01
   endloop
 endfacet
 facet normal  2.225605e-01 -6.624176e-01  7.153110e-01
   outer loop
     vertex  2.082444e+00 -5.305980e+00  9.700000e+00
     vertex  1.543791e+00 -5.486958e+00  9.700000e+00
     vertex  1.910920e+00 -5.687564e+00  9.400000e+00
   endloop
 endfacet
 facet normal  2.278791e-01 -6.782476e-01  6.986067e-01
   outer loop
     vertex  2.082444e+00 -5.305980e+00  9.700000e+00
     vertex  1.719828e+00 -5.118808e+00  1.000000e+01
     vertex  1.543791e+00 -5.486958e+00  9.700000e+00
   endloop
 endfacet
 facet normal  3.068498e-01 -6.371802e-01  7.069969e-01
   outer loop
     vertex  2.600401e+00 -5.072269e+00  9.700000e+00
     vertex  2.467723e+00 -5.469035e+00  9.400000e+00
     vertex  2.737264e+00 -5.339231e+00  9.400000e+00
   endloop
 endfacet
 facet normal  3.382292e-01 -6.210929e-01  7.069969e-01
   outer loop
     vertex  2.600401e+00 -5.072269e+00  9.700000e+00
     vertex  2.737264e+00 -5.339231e+00  9.400000e+00
     vertex  3.000000e+00 -5.196152e+00  9.400000e+00
   endloop
 endfacet
 facet normal  2.942783e-01 -6.521878e-01  6.986067e-01
   outer loop
     vertex  2.600401e+00 -5.072269e+00  9.700000e+00
     vertex  2.220950e+00 -4.922132e+00  1.000000e+01
     vertex  2.082444e+00 -5.305980e+00  9.700000e+00
   endloop
 endfacet
 facet normal  2.874100e-01 -6.369660e-01  7.153110e-01
   outer loop
     vertex  2.600401e+00 -5.072269e+00  9.700000e+00
     vertex  2.082444e+00 -5.305980e+00  9.700000e+00
     vertex  2.467723e+00 -5.469035e+00  9.400000e+00
   endloop
 endfacet
 facet normal  3.068498e-01 -6.371802e-01  7.069969e-01
   outer loop
     vertex  2.600401e+00 -5.072269e+00  9.700000e+00
     vertex  2.463538e+00 -4.805308e+00  1.000000e+01
     vertex  2.220950e+00 -4.922132e+00  1.000000e+01
   endloop
 endfacet
 facet normal  3.382292e-01 -6.210929e-01  7.069969e-01
   outer loop
     vertex  2.600401e+00 -5.072269e+00  9.700000e+00
     vertex  2.700000e+00 -4.676537e+00  1.000000e+01
     vertex  2.463538e+00 -4.805308e+00  1.000000e+01
   endloop
 endfacet
 facet normal  3.494031e-01 -6.051840e-01  7.153110e-01
   outer loop
     vertex  3.092514e+00 -4.788148e+00  9.700000e+00
     vertex  2.600401e+00 -5.072269e+00  9.700000e+00
     vertex  3.000000e+00 -5.196152e+00  9.400000e+00
   endloop
 endfacet
 facet normal  3.687677e-01 -6.034615e-01  7.069969e-01
   outer loop
     vertex  3.092514e+00 -4.788148e+00  9.700000e+00
     vertex  3.000000e+00 -5.196152e+00  9.400000e+00
     vertex  3.255278e+00 -5.040156e+00  9.400000e+00
   endloop
 endfacet
 facet normal  3.983893e-01 -5.843298e-01  7.069969e-01
   outer loop
     vertex  3.092514e+00 -4.788148e+00  9.700000e+00
     vertex  3.255278e+00 -5.040156e+00  9.400000e+00
     vertex  3.502462e+00 -4.871628e+00  9.400000e+00
   endloop
 endfacet
 facet normal  3.687677e-01 -6.034615e-01  7.069969e-01
   outer loop
     vertex  3.092514e+00 -4.788148e+00  9.700000e+00
     vertex  2.929750e+00 -4.536140e+00  1.000000e+01
     vertex  2.700000e+00 -4.676537e+00  1.000000e+01
   endloop
 endfacet
 facet normal  3.983893e-01 -5.843298e-01  7.069969e-01
   outer loop
     vertex  3.092514e+00 -4.788148e+00  9.700000e+00
     vertex  3.152216e+00 -4.384465e+00  1.000000e+01
     vertex  2.929750e+00 -4.536140e+00  1.000000e+01
   endloop
 endfacet
 facet normal  3.577529e-01 -6.196463e-01  6.986067e-01
   outer loop
     vertex  3.092514e+00 -4.788148e+00  9.700000e+00
     vertex  2.700000e+00 -4.676537e+00  1.000000e+01
     vertex  2.600401e+00 -5.072269e+00  9.700000e+00
   endloop
 endfacet
 facet normal  4.270206e-01 -5.637454e-01  7.069969e-01
   outer loop
     vertex  3.553892e+00 -4.456439e+00  9.700000e+00
     vertex  3.502462e+00 -4.871628e+00  9.400000e+00
     vertex  3.740939e+00 -4.690989e+00  9.400000e+00
   endloop
 endfacet
 facet normal  4.545901e-01 -5.417594e-01  7.069969e-01
   outer loop
     vertex  3.553892e+00 -4.456439e+00  9.700000e+00
     vertex  3.740939e+00 -4.690989e+00  9.400000e+00
     vertex  3.970115e+00 -4.498687e+00  9.400000e+00
   endloop
 endfacet
 facet normal  4.270206e-01 -5.637454e-01  7.069969e-01
   outer loop
     vertex  3.553892e+00 -4.456439e+00  9.700000e+00
     vertex  3.366845e+00 -4.221890e+00  1.000000e+01
     vertex  3.152216e+00 -4.384465e+00  1.000000e+01
   endloop
 endfacet
 facet normal  4.545901e-01 -5.417594e-01  7.069969e-01
   outer loop
     vertex  3.553892e+00 -4.456439e+00  9.700000e+00
     vertex  3.573104e+00 -4.048818e+00  1.000000e+01
     vertex  3.366845e+00 -4.221890e+00  1.000000e+01
   endloop
 endfacet
 facet normal  4.079237e-01 -5.673874e-01  7.153110e-01
   outer loop
     vertex  3.553892e+00 -4.456439e+00  9.700000e+00
     vertex  3.092514e+00 -4.788148e+00  9.700000e+00
     vertex  3.502462e+00 -4.871628e+00  9.400000e+00
   endloop
 endfacet
 facet normal  4.176720e-01 -5.809464e-01  6.986067e-01
   outer loop
     vertex  3.553892e+00 -4.456439e+00  9.700000e+00
     vertex  3.152216e+00 -4.384465e+00  1.000000e+01
     vertex  3.092514e+00 -4.788148e+00  9.700000e+00
   endloop
 endfacet
 facet normal  4.810295e-01 -5.184265e-01  7.069969e-01
   outer loop
     vertex  3.979950e+00 -4.080441e+00  9.700000e+00
     vertex  3.970115e+00 -4.498687e+00  9.400000e+00
     vertex  4.189421e+00 -4.295201e+00  9.400000e+00
   endloop
 endfacet
 facet normal  5.062730e-01 -4.938047e-01  7.069969e-01
   outer loop
     vertex  3.979950e+00 -4.080441e+00  9.700000e+00
     vertex  4.189421e+00 -4.295201e+00  9.400000e+00
     vertex  4.398311e+00 -4.081036e+00  9.400000e+00
   endloop
 endfacet
 facet normal  4.810295e-01 -5.184265e-01  7.069969e-01
   outer loop
     vertex  3.979950e+00 -4.080441e+00  9.700000e+00
     vertex  3.770479e+00 -3.865681e+00  1.000000e+01
     vertex  3.573104e+00 -4.048818e+00  1.000000e+01
   endloop
 endfacet
 facet normal  5.062730e-01 -4.938047e-01  7.069969e-01
   outer loop
     vertex  3.979950e+00 -4.080441e+00  9.700000e+00
     vertex  3.958480e+00 -3.672933e+00  1.000000e+01
     vertex  3.770479e+00 -3.865681e+00  1.000000e+01
   endloop
 endfacet
 facet normal  4.623902e-01 -5.239518e-01  7.153110e-01
   outer loop
     vertex  3.979950e+00 -4.080441e+00  9.700000e+00
     vertex  3.553892e+00 -4.456439e+00  9.700000e+00
     vertex  3.970115e+00 -4.498687e+00  9.400000e+00
   endloop
 endfacet
 facet normal  4.734401e-01 -5.364729e-01  6.986067e-01
   outer loop
     vertex  3.979950e+00 -4.080441e+00  9.700000e+00
     vertex  3.573104e+00 -4.048818e+00  1.000000e+01
     vertex  3.553892e+00 -4.456439e+00  9.700000e+00
   endloop
 endfacet
 facet normal  5.302578e-01 -4.679553e-01  7.069969e-01
   outer loop
     vertex  4.366453e+00 -3.663889e+00  9.700000e+00
     vertex  4.398311e+00 -4.081036e+00  9.400000e+00
     vertex  4.596267e+00 -3.856726e+00  9.400000e+00
   endloop
 endfacet
 facet normal  5.529243e-01 -4.409424e-01  7.069969e-01
   outer loop
     vertex  4.366453e+00 -3.663889e+00  9.700000e+00
     vertex  4.596267e+00 -3.856726e+00  9.400000e+00
     vertex  4.782795e+00 -3.622826e+00  9.400000e+00
   endloop
 endfacet
 facet normal  5.302578e-01 -4.679553e-01  7.069969e-01
   outer loop
     vertex  4.366453e+00 -3.663889e+00  9.700000e+00
     vertex  4.136640e+00 -3.471053e+00  1.000000e+01
     vertex  3.958480e+00 -3.672933e+00  1.000000e+01
   endloop
 endfacet
 facet normal  5.529243e-01 -4.409424e-01  7.069969e-01
   outer loop
     vertex  4.366453e+00 -3.663889e+00  9.700000e+00
     vertex  4.304516e+00 -3.260544e+00  1.000000e+01
     vertex  4.136640e+00 -3.471053e+00  1.000000e+01
   endloop
 endfacet
 facet normal  5.122612e-01 -4.753090e-01  7.153110e-01
   outer loop
     vertex  4.366453e+00 -3.663889e+00  9.700000e+00
     vertex  3.979950e+00 -4.080441e+00  9.700000e+00
     vertex  4.398311e+00 -4.081036e+00  9.400000e+00
   endloop
 endfacet
 facet normal  5.245029e-01 -4.866676e-01  6.986067e-01
   outer loop
     vertex  4.366453e+00 -3.663889e+00  9.700000e+00
     vertex  3.958480e+00 -3.672933e+00  1.000000e+01
     vertex  3.979950e+00 -4.080441e+00  9.700000e+00
   endloop
 endfacet
 facet normal  5.742161e-01 -4.128333e-01  7.069969e-01
   outer loop
     vertex  4.709561e+00 -3.210924e+00  9.700000e+00
     vertex  4.782795e+00 -3.622826e+00  9.400000e+00
     vertex  4.957433e+00 -3.379920e+00  9.400000e+00
   endloop
 endfacet
 facet normal  5.940803e-01 -3.836978e-01  7.069969e-01
   outer loop
     vertex  4.709561e+00 -3.210924e+00  9.700000e+00
     vertex  4.957433e+00 -3.379920e+00  9.400000e+00
     vertex  5.119745e+00 -3.128611e+00  9.400000e+00
   endloop
 endfacet
 facet normal  5.703530e-01 -4.320256e-01  6.986067e-01
   outer loop
     vertex  4.709561e+00 -3.210924e+00  9.700000e+00
     vertex  4.304516e+00 -3.260544e+00  1.000000e+01
     vertex  4.366453e+00 -3.663889e+00  9.700000e+00
   endloop
 endfacet
 facet normal  5.742161e-01 -4.128333e-01  7.069969e-01
   outer loop
     vertex  4.709561e+00 -3.210924e+00  9.700000e+00
     vertex  4.461689e+00 -3.041928e+00  1.000000e+01
     vertex  4.304516e+00 -3.260544e+00  1.000000e+01
   endloop
 endfacet
 facet normal  5.940803e-01 -3.836978e-01  7.069969e-01
   outer loop
     vertex  4.709561e+00 -3.210924e+00  9.700000e+00
     vertex  4.607771e+00 -2.815750e+00  1.000000e+01
     vertex  4.461689e+00 -3.041928e+00  1.000000e+01
   endloop
 endfacet
 facet normal  5.570412e-01 -4.219423e-01  7.153110e-01
   outer loop
     vertex  4.709561e+00 -3.210924e+00  9.700000e+00
     vertex  4.366453e+00 -3.663889e+00  9.700000e+00
     vertex  4.782795e+00 -3.622826e+00  9.400000e+00
   endloop
 endfacet
 facet normal  6.105346e-01 -3.730900e-01  6.986067e-01
   outer loop
     vertex  5.005863e+00 -2.726048e+00  9.700000e+00
     vertex  4.607771e+00 -2.815750e+00  1.000000e+01
     vertex  4.709561e+00 -3.210924e+00  9.700000e+00
   endloop
 endfacet
 facet normal  6.124676e-01 -3.536083e-01  7.069969e-01
   outer loop
     vertex  5.005863e+00 -2.726048e+00  9.700000e+00
     vertex  5.119745e+00 -3.128611e+00  9.400000e+00
     vertex  5.269329e+00 -2.869524e+00  9.400000e+00
   endloop
 endfacet
 facet normal  6.293322e-01 -3.226398e-01  7.069969e-01
   outer loop
     vertex  5.005863e+00 -2.726048e+00  9.700000e+00
     vertex  5.269329e+00 -2.869524e+00  9.400000e+00
     vertex  5.405813e+00 -2.603302e+00  9.400000e+00
   endloop
 endfacet
 facet normal  6.124676e-01 -3.536083e-01  7.069969e-01
   outer loop
     vertex  5.005863e+00 -2.726048e+00  9.700000e+00
     vertex  4.742396e+00 -2.582571e+00  1.000000e+01
     vertex  4.607771e+00 -2.815750e+00  1.000000e+01
   endloop
 endfacet
 facet normal  6.293322e-01 -3.226398e-01  7.069969e-01
   outer loop
     vertex  5.005863e+00 -2.726048e+00  9.700000e+00
     vertex  4.865232e+00 -2.342972e+00  1.000000e+01
     vertex  4.742396e+00 -2.582571e+00  1.000000e+01
   endloop
 endfacet
 facet normal  5.962850e-01 -3.643822e-01  7.153110e-01
   outer loop
     vertex  5.005863e+00 -2.726048e+00  9.700000e+00
     vertex  4.709561e+00 -3.210924e+00  9.700000e+00
     vertex  5.119745e+00 -3.128611e+00  9.400000e+00
   endloop
 endfacet
 facet normal  6.296027e-01 -3.032007e-01  7.153110e-01
   outer loop
     vertex  5.252414e+00 -2.214078e+00  9.700000e+00
     vertex  5.005863e+00 -2.726048e+00  9.700000e+00
     vertex  5.405813e+00 -2.603302e+00  9.400000e+00
   endloop
 endfacet
 facet normal  6.446321e-01 -2.908691e-01  7.069969e-01
   outer loop
     vertex  5.252414e+00 -2.214078e+00  9.700000e+00
     vertex  5.405813e+00 -2.603302e+00  9.400000e+00
     vertex  5.528857e+00 -2.330609e+00  9.400000e+00
   endloop
 endfacet
 facet normal  6.583294e-01 -2.583753e-01  7.069969e-01
   outer loop
     vertex  5.252414e+00 -2.214078e+00  9.700000e+00
     vertex  5.528857e+00 -2.330609e+00  9.400000e+00
     vertex  5.638156e+00 -2.052121e+00  9.400000e+00
   endloop
 endfacet
 facet normal  6.446485e-01 -3.104464e-01  6.986067e-01
   outer loop
     vertex  5.252414e+00 -2.214078e+00  9.700000e+00
     vertex  4.865232e+00 -2.342972e+00  1.000000e+01
     vertex  5.005863e+00 -2.726048e+00  9.700000e+00
   endloop
 endfacet
 facet normal  6.446321e-01 -2.908691e-01  7.069969e-01
   outer loop
     vertex  5.252414e+00 -2.214078e+00  9.700000e+00
     vertex  4.975972e+00 -2.097548e+00  1.000000e+01
     vertex  4.865232e+00 -2.342972e+00  1.000000e+01
   endloop
 endfacet
 facet normal  6.583294e-01 -2.583753e-01  7.069969e-01
   outer loop
     vertex  5.252414e+00 -2.214078e+00  9.700000e+00
     vertex  5.074340e+00 -1.846909e+00  1.000000e+01
     vertex  4.975972e+00 -2.097548e+00  1.000000e+01
   endloop
 endfacet
 facet normal  6.566631e-01 -2.390058e-01  7.153110e-01
   outer loop
     vertex  5.446765e+00 -1.680104e+00  9.700000e+00
     vertex  5.252414e+00 -2.214078e+00  9.700000e+00
     vertex  5.638156e+00 -2.052121e+00  9.400000e+00
   endloop
 endfacet
 facet normal  6.703900e-01 -2.252391e-01  7.069969e-01
   outer loop
     vertex  5.446765e+00 -1.680104e+00  9.700000e+00
     vertex  5.638156e+00 -2.052121e+00  9.400000e+00
     vertex  5.733437e+00 -1.768531e+00  9.400000e+00
   endloop
 endfacet
 facet normal  6.807839e-01 -1.915429e-01  7.069969e-01
   outer loop
     vertex  5.446765e+00 -1.680104e+00  9.700000e+00
     vertex  5.733437e+00 -1.768531e+00  9.400000e+00
     vertex  5.814464e+00 -1.480544e+00  9.400000e+00
   endloop
 endfacet
 facet normal  6.723556e-01 -2.447174e-01  6.986067e-01
   outer loop
     vertex  5.446765e+00 -1.680104e+00  9.700000e+00
     vertex  5.074340e+00 -1.846909e+00  1.000000e+01
     vertex  5.252414e+00 -2.214078e+00  9.700000e+00
   endloop
 endfacet
 facet normal  6.703900e-01 -2.252391e-01  7.069969e-01
   outer loop
     vertex  5.446765e+00 -1.680104e+00  9.700000e+00
     vertex  5.160093e+00 -1.591678e+00  1.000000e+01
     vertex  5.074340e+00 -1.846909e+00  1.000000e+01
   endloop
 endfacet
 facet normal  6.807839e-01 -1.915429e-01  7.069969e-01
   outer loop
     vertex  5.446765e+00 -1.680104e+00  9.700000e+00
     vertex  5.233017e+00 -1.332490e+00  1.000000e+01
     vertex  5.160093e+00 -1.591678e+00  1.000000e+01
   endloop
 endfacet
 facet normal  6.894853e-01 -1.573705e-01  7.069969e-01
   outer loop
     vertex  5.586983e+00 -1.129433e+00  9.700000e+00
     vertex  5.814464e+00 -1.480544e+00  9.400000e+00
     vertex  5.881035e+00 -1.188877e+00  9.400000e+00
   endloop
 endfacet
 facet normal  6.964725e-01 -1.228069e-01  7.069969e-01
   outer loop
     vertex  5.586983e+00 -1.129433e+00  9.700000e+00
     vertex  5.881035e+00 -1.188877e+00  9.400000e+00
     vertex  5.932985e+00 -8.942536e-01  9.400000e+00
   endloop
 endfacet
 facet normal  6.771973e-01 -1.724356e-01  7.153110e-01
   outer loop
     vertex  5.586983e+00 -1.129433e+00  9.700000e+00
     vertex  5.446765e+00 -1.680104e+00  9.700000e+00
     vertex  5.814464e+00 -1.480544e+00  9.400000e+00
   endloop
 endfacet
 facet normal  6.894853e-01 -1.573705e-01  7.069969e-01
   outer loop
     vertex  5.586983e+00 -1.129433e+00  9.700000e+00
     vertex  5.292931e+00 -1.069989e+00  1.000000e+01
     vertex  5.233017e+00 -1.332490e+00  1.000000e+01
   endloop
 endfacet
 facet normal  6.964725e-01 -1.228069e-01  7.069969e-01
   outer loop
     vertex  5.586983e+00 -1.129433e+00  9.700000e+00
     vertex  5.339686e+00 -8.048282e-01  1.000000e+01
     vertex  5.292931e+00 -1.069989e+00  1.000000e+01
   endloop
 endfacet
 facet normal  6.933805e-01 -1.765564e-01  6.986067e-01
   outer loop
     vertex  5.586983e+00 -1.129433e+00  9.700000e+00
     vertex  5.233017e+00 -1.332490e+00  1.000000e+01
     vertex  5.446765e+00 -1.680104e+00  9.700000e+00
   endloop
 endfacet
 facet normal  7.017281e-01 -8.793794e-02  7.069969e-01
   outer loop
     vertex  5.671675e+00 -5.675367e-01  9.700000e+00
     vertex  5.932985e+00 -8.942536e-01  9.400000e+00
     vertex  5.970185e+00 -5.974071e-01  9.400000e+00
   endloop
 endfacet
 facet normal  7.052392e-01 -5.285037e-02  7.069969e-01
   outer loop
     vertex  5.671675e+00 -5.675367e-01  9.700000e+00
     vertex  5.970185e+00 -5.974071e-01  9.400000e+00
     vertex  5.992542e+00 -2.990753e-01  9.400000e+00
   endloop
 endfacet
 facet normal  6.910012e-01 -1.041517e-01  7.153110e-01
   outer loop
     vertex  5.671675e+00 -5.675367e-01  9.700000e+00
     vertex  5.586983e+00 -1.129433e+00  9.700000e+00
     vertex  5.932985e+00 -8.942536e-01  9.400000e+00
   endloop
 endfacet
 facet normal  7.075143e-01 -1.066406e-01  6.986067e-01
   outer loop
     vertex  5.671675e+00 -5.675367e-01  9.700000e+00
     vertex  5.339686e+00 -8.048282e-01  1.000000e+01
     vertex  5.586983e+00 -1.129433e+00  9.700000e+00
   endloop
 endfacet
 facet normal  7.017281e-01 -8.793794e-02  7.069969e-01
   outer loop
     vertex  5.671675e+00 -5.675367e-01  9.700000e+00
     vertex  5.373166e+00 -5.376664e-01  1.000000e+01
     vertex  5.339686e+00 -8.048282e-01  1.000000e+01
   endloop
 endfacet
 facet normal  7.052392e-01 -5.285037e-02  7.069969e-01
   outer loop
     vertex  5.671675e+00 -5.675367e-01  9.700000e+00
     vertex  5.393287e+00 -2.691678e-01  1.000000e+01
     vertex  5.373166e+00 -5.376664e-01  1.000000e+01
   endloop
 endfacet
 facet normal  6.979376e-01 -3.483262e-02  7.153110e-01
   outer loop
     vertex  5.671675e+00 -5.675367e-01  9.700000e+00
     vertex  5.992542e+00 -2.990753e-01  9.400000e+00
     vertex  5.700000e+00  0.000000e+00  9.700000e+00
   endloop
 endfacet
 facet normal  7.146165e-01 -3.566502e-02  6.986067e-01
   outer loop
     vertex  5.671675e+00 -5.675367e-01  9.700000e+00
     vertex  5.700000e+00  0.000000e+00  9.700000e+00
     vertex  5.393287e+00 -2.691678e-01  1.000000e+01
   endloop
 endfacet
 facet normal  0.000000e+00  0.000000e+00 -1.000000e+00
   outer loop
     vertex -2.272461e+00 -2.108535e+00  0.000000e+00
     vertex -3.770479e+00 -3.865681e+00  0.000000e+00
     vertex -3.958480e+00 -3.672933e+00  0.000000e+00
   endloop
 endfacet
 facet normal  0.000000e+00 -0.000000e+00 -1.000000e+00
   outer loop
     vertex -2.272461e+00 -2.108535e+00  0.000000e+00
     vertex -2.164534e+00 -2.219187e+00  0.000000e+00
     vertex -3.770479e+00 -3.865681e+00  0.000000e+00
   endloop
 endfacet
 facet normal  0.000000e+00  0.000000e+00 -1.000000e+00
   outer loop
     vertex -2.051226e+00 -2.324322e+00  0.000000e+00
     vertex -3.573104e+00 -4.048818e+00  0.000000e+00
     vertex -3.770479e+00 -3.865681e+00  0.000000e+00
   endloop
 endfacet
 facet normal  0.000000e+00  0.000000e+00 -1.000000e+00
   outer loop
     vertex -2.051226e+00 -2.324322e+00  0.000000e+00
     vertex -3.366845e+00 -4.221890e+00  0.000000e+00
     vertex -3.573104e+00 -4.048818e+00  0.000000e+00
   endloop
 endfacet
 facet normal -0.000000e+00  0.000000e+00 -1.000000e+00
   outer loop
     vertex -2.051226e+00 -2.324322e+00  0.000000e+00
     vertex -3.770479e+00 -3.865681e+00  0.000000e+00
     vertex -2.164534e+00 -2.219187e+00  0.000000e+00
   endloop
 endfacet
 facet normal  0.000000e+00 -0.000000e+00 -1.000000e+00
   outer loop
     vertex -2.374738e+00 -1.992642e+00  0.000000e+00
     vertex -2.272461e+00 -2.108535e+00  0.000000e+00
     vertex -3.958480e+00 -3.672933e+00  0.000000e+00
   endloop
 endfacet
 facet normal  0.000000e+00  0.000000e+00 -1.000000e+00
   outer loop
     vertex -2.374738e+00 -1.992642e+00  0.000000e+00
     vertex -3.958480e+00 -3.672933e+00  0.000000e+00
     vertex -4.136640e+00 -3.471053e+00  0.000000e+00
   endloop
 endfacet
 facet normal -0.000000e+00  0.000000e+00 -1.000000e+00
   outer loop
     vertex -1.932818e+00 -2.423678e+00  0.000000e+00
     vertex -3.366845e+00 -4.221890e+00  0.000000e+00
     vertex -2.051226e+00 -2.324322e+00  0.000000e+00
   endloop
 endfacet
 facet normal  0.000000e+00 -0.000000e+00 -1.000000e+00
   outer loop
     vertex -2.471111e+00 -1.871794e+00  0.000000e+00
     vertex -2.374738e+00 -1.992642e+00  0.000000e+00
     vertex -4.136640e+00 -3.471053e+00  0.000000e+00
   endloop
 endfacet
 facet normal  0.000000e+00  0.000000e+00 -1.000000e+00
   outer loop
     vertex -2.471111e+00 -1.871794e+00  0.000000e+00
     vertex -4.136640e+00 -3.471053e+00  0.000000e+00
     vertex -4.304516e+00 -3.260544e+00  0.000000e+00
   endloop
 endfacet
 facet normal -0.000000e+00  0.000000e+00 -1.000000e+00
   outer loop
     vertex -1.809605e+00 -2.517008e+00  0.000000e+00
     vertex -3.366845e+00 -4.221890e+00  0.000000e+00
     vertex -1.932818e+00 -2.423678e+00  0.000000e+00
   endloop
 endfacet
 facet normal  0.000000e+00  0.000000e+00 -1.000000e+00
   outer loop
     vertex -1.809605e+00 -2.517008e+00  0.000000e+00
     vertex -3.152216e+00 -4.384465e+00  0.000000e+00
     vertex -3.366845e+00 -4.221890e+00  0.000000e+00
   endloop
 endfacet
 facet normal  0.000000e+00 -0.000000e+00 -1.000000e+00
   outer loop
     vertex -2.561340e+00 -1.746292e+00  0.000000e+00
     vertex -2.471111e+00 -1.871794e+00  0.000000e+00
     vertex -4.304516e+00 -3.260544e+00  0.000000e+00
   endloop
 endfacet
 facet normal  0.000000e+00  0.000000e+00 -1.000000e+00
   outer loop
     vertex -2.561340e+00 -1.746292e+00  0.000000e+00
     vertex -4.461689e+00 -3.041928e+00  0.000000e+00
     vertex -4.607771e+00 -2.815750e+00  0.000000e+00
   endloop
 endfacet
 facet normal  0.000000e+00  0.000000e+00 -1.000000e+00
   outer loop
     vertex -2.561340e+00 -1.746292e+00  0.000000e+00
     vertex -4.304516e+00 -3.260544e+00  0.000000e+00
     vertex -4.461689e+00 -3.041928e+00  0.000000e+00
   endloop
 endfacet
 facet normal -0.000000e+00  0.000000e+00 -1.000000e+00
   outer loop
     vertex -1.681893e+00 -2.604080e+00  0.000000e+00
     vertex -3.152216e+00 -4.384465e+00  0.000000e+00
     vertex -1.809605e+00 -2.517008e+00  0.000000e+00
   endloop
 endfacet
 facet normal  0.000000e+00  0.000000e+00 -1.000000e+00
   outer loop
     vertex -1.681893e+00 -2.604080e+00  0.000000e+00
     vertex -2.929750e+00 -4.536140e+00  0.000000e+00
     vertex -3.152216e+00 -4.384465e+00  0.000000e+00
   endloop
 endfacet
 facet normal  0.000000e+00 -0.000000e+00 -1.000000e+00
   outer loop
     vertex -2.645202e+00 -1.616449e+00  0.000000e+00
     vertex -2.561340e+00 -1.746292e+00  0.000000e+00
     vertex -4.607771e+00 -2.815750e+00  0.000000e+00
   endloop
 endfacet
 facet normal  0.000000e+00  0.000000e+00 -1.000000e+00
   outer loop
     vertex -1.550000e+00 -2.684679e+00  0.000000e+00
     vertex -2.700000e+00 -4.676537e+00  0.000000e+00
     vertex -2.929750e+00 -4.536140e+00  0.000000e+00
   endloop
 endfacet
 facet normal -0.000000e+00  0.000000e+00 -1.000000e+00
   outer loop
     vertex -1.550000e+00 -2.684679e+00  0.000000e+00
     vertex -2.929750e+00 -4.536140e+00  0.000000e+00
     vertex -1.681893e+00 -2.604080e+00  0.000000e+00
   endloop
 endfacet
 facet normal  0.000000e+00 -0.000000e+00 -1.000000e+00
   outer loop
     vertex -2.722487e+00 -1.482587e+00  0.000000e+00
     vertex -2.645202e+00 -1.616449e+00  0.000000e+00
     vertex -4.607771e+00 -2.815750e+00  0.000000e+00
   endloop
 endfacet
 facet normal  0.000000e+00  0.000000e+00 -1.000000e+00
   outer loop
     vertex -2.722487e+00 -1.482587e+00  0.000000e+00
     vertex -4.742396e+00 -2.582571e+00  0.000000e+00
     vertex -4.865232e+00 -2.342972e+00  0.000000e+00
   endloop
 endfacet
 facet normal  0.000000e+00  0.000000e+00 -1.000000e+00
   outer loop
     vertex -2.722487e+00 -1.482587e+00  0.000000e+00
     vertex -4.607771e+00 -2.815750e+00  0.000000e+00
     vertex -4.742396e+00 -2.582571e+00  0.000000e+00
   endloop
 endfacet
 facet normal -0.000000e+00  0.000000e+00 -1.000000e+00
   outer loop
     vertex -1.414253e+00 -2.758603e+00  0.000000e+00
     vertex -2.700000e+00 -4.676537e+00  0.000000e+00
     vertex -1.550000e+00 -2.684679e+00  0.000000e+00
   endloop
 endfacet
 facet normal  0.000000e+00  0.000000e+00 -1.000000e+00
   outer loop
     vertex -1.414253e+00 -2.758603e+00  0.000000e+00
     vertex -2.463538e+00 -4.805308e+00  0.000000e+00
     vertex -2.700000e+00 -4.676537e+00  0.000000e+00
   endloop
 endfacet
 facet normal  0.000000e+00 -0.000000e+00 -1.000000e+00
   outer loop
     vertex -2.793003e+00 -1.345040e+00  0.000000e+00
     vertex -2.722487e+00 -1.482587e+00  0.000000e+00
     vertex -4.865232e+00 -2.342972e+00  0.000000e+00
   endloop
 endfacet
 facet normal -0.000000e+00  0.000000e+00 -1.000000e+00
   outer loop
     vertex -1.274990e+00 -2.825668e+00  0.000000e+00
     vertex -2.463538e+00 -4.805308e+00  0.000000e+00
     vertex -1.414253e+00 -2.758603e+00  0.000000e+00
   endloop
 endfacet
 facet normal  0.000000e+00  0.000000e+00 -1.000000e+00
   outer loop
     vertex -1.274990e+00 -2.825668e+00  0.000000e+00
     vertex -2.220950e+00 -4.922132e+00  0.000000e+00
     vertex -2.463538e+00 -4.805308e+00  0.000000e+00
   endloop
 endfacet
 facet normal  0.000000e+00  0.000000e+00 -1.000000e+00
   outer loop
     vertex -2.856576e+00 -1.204148e+00  0.000000e+00
     vertex -4.865232e+00 -2.342972e+00  0.000000e+00
     vertex -4.975972e+00 -2.097548e+00  0.000000e+00
   endloop
 endfacet
 facet normal  0.000000e+00 -0.000000e+00 -1.000000e+00
   outer loop
     vertex -2.856576e+00 -1.204148e+00  0.000000e+00
     vertex -2.793003e+00 -1.345040e+00  0.000000e+00
     vertex -4.865232e+00 -2.342972e+00  0.000000e+00
   endloop
 endfacet
 facet normal -0.000000e+00  0.000000e+00 -1.000000e+00
   outer loop
     vertex -1.132557e+00 -2.885709e+00  0.000000e+00
     vertex -2.220950e+00 -4.922132e+00  0.000000e+00
     vertex -1.274990e+00 -2.825668e+00  0.000000e+00
   endloop
 endfacet
 facet normal  0.000000e+00  0.000000e+00 -1.000000e+00
   outer loop
     vertex -1.132557e+00 -2.885709e+00  0.000000e+00
     vertex -1.972842e+00 -5.026718e+00  0.000000e+00
     vertex -2.220950e+00 -4.922132e+00  0.000000e+00
   endloop
 endfacet
 facet normal  0.000000e+00 -0.000000e+00 -1.000000e+00
   outer loop
     vertex -2.913047e+00 -1.060262e+00  0.000000e+00
     vertex -2.856576e+00 -1.204148e+00  0.000000e+00
     vertex -4.975972e+00 -2.097548e+00  0.000000e+00
   endloop
 endfacet
 facet normal  0.000000e+00  0.000000e+00 -1.000000e+00
   outer loop
     vertex -2.913047e+00 -1.060262e+00  0.000000e+00
     vertex -4.975972e+00 -2.097548e+00  0.000000e+00
     vertex -5.074340e+00 -1.846909e+00  0.000000e+00
   endloop
 endfacet
 facet normal -0.000000e+00  0.000000e+00 -1.000000e+00
   outer loop
     vertex -9.873086e-01 -2.938575e+00  0.000000e+00
     vertex -1.972842e+00 -5.026718e+00  0.000000e+00
     vertex -1.132557e+00 -2.885709e+00  0.000000e+00
   endloop
 endfacet
 facet normal  0.000000e+00  0.000000e+00 -1.000000e+00
   outer loop
     vertex -9.873086e-01 -2.938575e+00  0.000000e+00
     vertex -1.719828e+00 -5.118808e+00  0.000000e+00
     vertex -1.972842e+00 -5.026718e+00  0.000000e+00
   endloop
 endfacet
 facet normal  0.000000e+00  0.000000e+00 -1.000000e+00
   outer loop
     vertex -2.962276e+00 -9.137410e-01  0.000000e+00
     vertex -5.160093e+00 -1.591678e+00  0.000000e+00
     vertex -5.233017e+00 -1.332490e+00  0.000000e+00
   endloop
 endfacet
 facet normal  0.000000e+00  0.000000e+00 -1.000000e+00
   outer loop
     vertex -2.962276e+00 -9.137410e-01  0.000000e+00
     vertex -5.074340e+00 -1.846909e+00  0.000000e+00
     vertex -5.160093e+00 -1.591678e+00  0.000000e+00
   endloop
 endfacet
 facet normal  0.000000e+00 -0.000000e+00 -1.000000e+00
   outer loop
     vertex -2.962276e+00 -9.137410e-01  0.000000e+00
     vertex -2.913047e+00 -1.060262e+00  0.000000e+00
     vertex -5.074340e+00 -1.846909e+00  0.000000e+00
   endloop
 endfacet
 facet normal -0.000000e+00  0.000000e+00 -1.000000e+00
   outer loop
     vertex -8.396055e-01 -2.984135e+00  0.000000e+00
     vertex -1.719828e+00 -5.118808e+00  0.000000e+00
     vertex -9.873086e-01 -2.938575e+00  0.000000e+00
   endloop
 endfacet
 facet normal  0.000000e+00  0.000000e+00 -1.000000e+00
   outer loop
     vertex -8.396055e-01 -2.984135e+00  0.000000e+00
     vertex -1.462539e+00 -5.198171e+00  0.000000e+00
     vertex -1.719828e+00 -5.118808e+00  0.000000e+00
   endloop
 endfacet
 facet normal  0.000000e+00 -0.000000e+00 -1.000000e+00
   outer loop
     vertex -3.004140e+00 -7.649479e-01  0.000000e+00
     vertex -2.962276e+00 -9.137410e-01  0.000000e+00
     vertex -5.233017e+00 -1.332490e+00  0.000000e+00
   endloop
 endfacet
 facet normal -0.000000e+00  0.000000e+00 -1.000000e+00
   outer loop
     vertex -6.898149e-01 -3.022277e+00  0.000000e+00
     vertex -1.462539e+00 -5.198171e+00  0.000000e+00
     vertex -8.396055e-01 -2.984135e+00  0.000000e+00
   endloop
 endfacet
 facet normal  0.000000e+00  0.000000e+00 -1.000000e+00
   outer loop
     vertex -6.898149e-01 -3.022277e+00  0.000000e+00
     vertex -1.201613e+00 -5.264611e+00  0.000000e+00
     vertex -1.462539e+00 -5.198171e+00  0.000000e+00
   endloop
 endfacet
 facet normal  0.000000e+00 -0.000000e+00 -1.000000e+00
   outer loop
     vertex -3.038535e+00 -6.142530e-01  0.000000e+00
     vertex -3.004140e+00 -7.649479e-01  0.000000e+00
     vertex -5.233017e+00 -1.332490e+00  0.000000e+00
   endloop
 endfacet
 facet normal  0.000000e+00  0.000000e+00 -1.000000e+00
   outer loop
     vertex -3.038535e+00 -6.142530e-01  0.000000e+00
     vertex -5.233017e+00 -1.332490e+00  0.000000e+00
     vertex -5.292931e+00 -1.069989e+00  0.000000e+00
   endloop
 endfacet
 facet normal -0.000000e+00  0.000000e+00 -1.000000e+00
   outer loop
     vertex -5.383094e-01 -3.052904e+00  0.000000e+00
     vertex -1.201613e+00 -5.264611e+00  0.000000e+00
     vertex -6.898149e-01 -3.022277e+00  0.000000e+00
   endloop
 endfacet
 facet normal  0.000000e+00  0.000000e+00 -1.000000e+00
   outer loop
     vertex -5.383094e-01 -3.052904e+00  0.000000e+00
     vertex -9.377002e-01 -5.317962e+00  0.000000e+00
     vertex -1.201613e+00 -5.264611e+00  0.000000e+00
   endloop
 endfacet
 facet normal  0.000000e+00 -0.000000e+00 -1.000000e+00
   outer loop
     vertex -3.065376e+00 -4.620310e-01  0.000000e+00
     vertex -3.038535e+00 -6.142530e-01  0.000000e+00
     vertex -5.292931e+00 -1.069989e+00  0.000000e+00
   endloop
 endfacet
 facet normal  0.000000e+00  0.000000e+00 -1.000000e+00
   outer loop
     vertex -3.065376e+00 -4.620310e-01  0.000000e+00
     vertex -5.292931e+00 -1.069989e+00  0.000000e+00
     vertex -5.339686e+00 -8.048282e-01  0.000000e+00
   endloop
 endfacet
 facet normal -0.000000e+00  0.000000e+00 -1.000000e+00
   outer loop
     vertex -3.854655e-01 -3.075942e+00  0.000000e+00
     vertex -9.377002e-01 -5.317962e+00  0.000000e+00
     vertex -5.383094e-01 -3.052904e+00  0.000000e+00
   endloop
 endfacet
 facet normal  0.000000e+00  0.000000e+00 -1.000000e+00
   outer loop
     vertex -3.854655e-01 -3.075942e+00  0.000000e+00
     vertex -6.714560e-01 -5.358092e+00  0.000000e+00
     vertex -9.377002e-01 -5.317962e+00  0.000000e+00
   endloop
 endfacet
 facet normal  0.000000e+00 -0.000000e+00 -1.000000e+00
   outer loop
     vertex -3.084595e+00 -3.086603e-01  0.000000e+00
     vertex -3.065376e+00 -4.620310e-01  0.000000e+00
     vertex -5.339686e+00 -8.048282e-01  0.000000e+00
   endloop
 endfacet
 facet normal  0.000000e+00  0.000000e+00 -1.000000e+00
   outer loop
     vertex -3.084595e+00 -3.086603e-01  0.000000e+00
     vertex -5.339686e+00 -8.048282e-01  0.000000e+00
     vertex -5.373166e+00 -5.376664e-01  0.000000e+00
   endloop
 endfacet
 facet normal -0.000000e+00  0.000000e+00 -1.000000e+00
   outer loop
     vertex -2.316633e-01 -3.091332e+00  0.000000e+00
     vertex -6.714560e-01 -5.358092e+00  0.000000e+00
     vertex -3.854655e-01 -3.075942e+00  0.000000e+00
   endloop
 endfacet
 facet normal  0.000000e+00  0.000000e+00 -1.000000e+00
   outer loop
     vertex -2.316633e-01 -3.091332e+00  0.000000e+00
     vertex -4.035425e-01 -5.384901e+00  0.000000e+00
     vertex -6.714560e-01 -5.358092e+00  0.000000e+00
   endloop
 endfacet
 facet normal  0.000000e+00  0.000000e+00 -1.000000e+00
   outer loop
     vertex -3.096146e+00 -1.545222e-01  0.000000e+00
     vertex -5.373166e+00 -5.376664e-01  0.000000e+00
     vertex -5.393287e+00 -2.691678e-01  0.000000e+00
   endloop
 endfacet
 facet normal  0.000000e+00 -0.000000e+00 -1.000000e+00
   outer loop
     vertex -3.096146e+00 -1.545222e-01  0.000000e+00
     vertex -3.084595e+00 -3.086603e-01  0.000000e+00
     vertex -5.373166e+00 -5.376664e-01  0.000000e+00
   endloop
 endfacet
 facet normal -0.000000e+00  0.000000e+00 -1.000000e+00
   outer loop
     vertex -7.728514e-02 -3.099036e+00  0.000000e+00
     vertex -4.035425e-01 -5.384901e+00  0.000000e+00
     vertex -2.316633e-01 -3.091332e+00  0.000000e+00
   endloop
 endfacet
 facet normal  0.000000e+00  0.000000e+00 -1.000000e+00
   outer loop
     vertex -7.728514e-02 -3.099036e+00  0.000000e+00
     vertex -1.346257e-01 -5.398322e+00  0.000000e+00
     vertex -4.035425e-01 -5.384901e+00  0.000000e+00
   endloop
 endfacet
 facet normal  0.000000e+00 -0.000000e+00 -1.000000e+00
   outer loop
     vertex -3.100000e+00 -1.063377e-14  0.000000e+00
     vertex -3.096146e+00 -1.545222e-01  0.000000e+00
     vertex -5.393287e+00 -2.691678e-01  0.000000e+00
   endloop
 endfacet
 facet normal  0.000000e+00  0.000000e+00 -1.000000e+00
   outer loop
     vertex -3.100000e+00 -1.063377e-14  0.000000e+00
     vertex -5.393287e+00 -2.691678e-01  0.000000e+00
     vertex -5.400000e+00 -1.852334e-14  0.000000e+00
   endloop
 endfacet
 facet normal  0.000000e+00  0.000000e+00 -1.000000e+00
   outer loop
     vertex  7.728514e-02 -3.099036e+00  0.000000e+00
     vertex -1.346257e-01 -5.398322e+00  0.000000e+00
     vertex -7.728514e-02 -3.099036e+00  0.000000e+00
   endloop
 endfacet
 facet normal  0.000000e+00 -0.000000e+00 -1.000000e+00
   outer loop
     vertex  7.728514e-02 -3.099036e+00  0.000000e+00
     vertex  1.346257e-01 -5.398322e+00  0.000000e+00
     vertex -1.346257e-01 -5.398322e+00  0.000000e+00
   endloop
 endfacet
 facet normal  0.000000e+00  0.000000e+00 -1.000000e+00
   outer loop
     vertex -3.096146e+00  1.545222e-01  0.000000e+00
     vertex -3.100000e+00 -1.063377e-14  0.000000e+00
     vertex -5.400000e+00 -1.852334e-14  0.000000e+00
   endloop
 endfacet
 facet normal -0.000000e+00  0.000000e+00 -1.000000e+00
   outer loop
     vertex -3.096146e+00  1.545222e-01  0.000000e+00
     vertex -5.400000e+00 -1.852334e-14  0.000000e+00
     vertex -5.393287e+00  2.691678e-01  0.000000e+00
   endloop
 endfacet
 facet normal  0.000000e+00  0.000000e+00 -1.000000e+00
   outer loop
     vertex  2.316633e-01 -3.091332e+00  0.000000e+00
     vertex  1.346257e-01 -5.398322e+00  0.000000e+00
     vertex  7.728514e-02 -3.099036e+00  0.000000e+00
   endloop
 endfacet
 facet normal  0.000000e+00 -0.000000e+00 -1.000000e+00
   outer loop
     vertex  2.316633e-01 -3.091332e+00  0.000000e+00
     vertex  4.035425e-01 -5.384901e+00  0.000000e+00
     vertex  1.346257e-01 -5.398322e+00  0.000000e+00
   endloop
 endfacet
 facet normal  0.000000e+00  0.000000e+00 -1.000000e+00
   outer loop
     vertex -3.084595e+00  3.086603e-01  0.000000e+00
     vertex -3.096146e+00  1.545222e-01  0.000000e+00
     vertex -5.393287e+00  2.691678e-01  0.000000e+00
   endloop
 endfacet
 facet normal -0.000000e+00  0.000000e+00 -1.000000e+00
   outer loop
     vertex -3.084595e+00  3.086603e-01  0.000000e+00
     vertex -5.393287e+00  2.691678e-01  0.000000e+00
     vertex -5.373166e+00  5.376664e-01  0.000000e+00
   endloop
 endfacet
 facet normal  0.000000e+00 -0.000000e+00 -1.000000e+00
   outer loop
     vertex  3.854655e-01 -3.075942e+00  0.000000e+00
     vertex  4.035425e-01 -5.384901e+00  0.000000e+00
     vertex  2.316633e-01 -3.091332e+00  0.000000e+00
   endloop
 endfacet
 facet normal  0.000000e+00  0.000000e+00 -1.000000e+00
   outer loop
     vertex  3.854655e-01 -3.075942e+00  0.000000e+00
     vertex  6.714560e-01 -5.358092e+00  0.000000e+00
     vertex  4.035425e-01 -5.384901e+00  0.000000e+00
   endloop
 endfacet
 facet normal  0.000000e+00  0.000000e+00 -1.000000e+00
   outer loop
     vertex -3.065376e+00  4.620310e-01  0.000000e+00
     vertex -5.373166e+00  5.376664e-01  0.000000e+00
     vertex -5.339686e+00  8.048282e-01  0.000000e+00
   endloop
 endfacet
 facet normal -0.000000e+00  0.000000e+00 -1.000000e+00
   outer loop
     vertex -3.065376e+00  4.620310e-01  0.000000e+00
     vertex -3.084595e+00  3.086603e-01  0.000000e+00
     vertex -5.373166e+00  5.376664e-01  0.000000e+00
   endloop
 endfacet
 facet normal  0.000000e+00  0.000000e+00 -1.000000e+00
   outer loop
     vertex  5.383094e-01 -3.052904e+00  0.000000e+00
     vertex  9.377002e-01 -5.317962e+00  0.000000e+00
     vertex  6.714560e-01 -5.358092e+00  0.000000e+00
   endloop
 endfacet
 facet normal  0.000000e+00 -0.000000e+00 -1.000000e+00
   outer loop
     vertex  5.383094e-01 -3.052904e+00  0.000000e+00
     vertex  6.714560e-01 -5.358092e+00  0.000000e+00
     vertex  3.854655e-01 -3.075942e+00  0.000000e+00
   endloop
 endfacet
 facet normal -0.000000e+00  0.000000e+00 -1.000000e+00
   outer loop
     vertex -3.038535e+00  6.142530e-01  0.000000e+00
     vertex -3.065376e+00  4.620310e-01  0.000000e+00
     vertex -5.339686e+00  8.048282e-01  0.000000e+00
   endloop
 endfacet
 facet normal  0.000000e+00  0.000000e+00 -1.000000e+00
   outer loop
     vertex -3.038535e+00  6.142530e-01  0.000000e+00
     vertex -5.339686e+00  8.048282e-01  0.000000e+00
     vertex -5.292931e+00  1.069989e+00  0.000000e+00
   endloop
 endfacet
 facet normal  0.000000e+00 -0.000000e+00 -1.000000e+00
   outer loop
     vertex  6.898149e-01 -3.022277e+00  0.000000e+00
     vertex  9.377002e-01 -5.317962e+00  0.000000e+00
     vertex  5.383094e-01 -3.052904e+00  0.000000e+00
   endloop
 endfacet
 facet normal  0.000000e+00  0.000000e+00 -1.000000e+00
   outer loop
     vertex  6.898149e-01 -3.022277e+00  0.000000e+00
     vertex  1.201613e+00 -5.264611e+00  0.000000e+00
     vertex  9.377002e-01 -5.317962e+00  0.000000e+00
   endloop
 endfacet
 facet normal -0.000000e+00  0.000000e+00 -1.000000e+00
   outer loop
     vertex -3.004140e+00  7.649479e-01  0.000000e+00
     vertex -3.038535e+00  6.142530e-01  0.000000e+00
     vertex -5.292931e+00  1.069989e+00  0.000000e+00
   endloop
 endfacet
 facet normal  0.000000e+00  0.000000e+00 -1.000000e+00
   outer loop
     vertex -3.004140e+00  7.649479e-01  0.000000e+00
     vertex -5.292931e+00  1.069989e+00  0.000000e+00
     vertex -5.233017e+00  1.332490e+00  0.000000e+00
   endloop
 endfacet
 facet normal  0.000000e+00 -0.000000e+00 -1.000000e+00
   outer loop
     vertex  8.396055e-01 -2.984135e+00  0.000000e+00
     vertex  1.201613e+00 -5.264611e+00  0.000000e+00
     vertex  6.898149e-01 -3.022277e+00  0.000000e+00
   endloop
 endfacet
 facet normal  0.000000e+00  0.000000e+00 -1.000000e+00
   outer loop
     vertex  8.396055e-01 -2.984135e+00  0.000000e+00
     vertex  1.462539e+00 -5.198171e+00  0.000000e+00
     vertex  1.201613e+00 -5.264611e+00  0.000000e+00
   endloop
 endfacet
 facet normal -0.000000e+00  0.000000e+00 -1.000000e+00
   outer loop
     vertex -2.962276e+00  9.137410e-01  0.000000e+00
     vertex -3.004140e+00  7.649479e-01  0.000000e+00
     vertex -5.233017e+00  1.332490e+00  0.000000e+00
   endloop
 endfacet
 facet normal  0.000000e+00  0.000000e+00 -1.000000e+00
   outer loop
     vertex -2.962276e+00  9.137410e-01  0.000000e+00
     vertex -5.233017e+00  1.332490e+00  0.000000e+00
     vertex -5.160093e+00  1.591678e+00  0.000000e+00
   endloop
 endfacet
 facet normal  0.000000e+00  0.000000e+00 -1.000000e+00
   outer loop
     vertex  9.873086e-01 -2.938575e+00  0.000000e+00
     vertex  1.719828e+00 -5.118808e+00  0.000000e+00
     vertex  1.462539e+00 -5.198171e+00  0.000000e+00
   endloop
 endfacet
 facet normal  0.000000e+00 -0.000000e+00 -1.000000e+00
   outer loop
     vertex  9.873086e-01 -2.938575e+00  0.000000e+00
     vertex  1.462539e+00 -5.198171e+00  0.000000e+00
     vertex  8.396055e-01 -2.984135e+00  0.000000e+00
   endloop
 endfacet
 facet normal -0.000000e+00  0.000000e+00 -1.000000e+00
   outer loop
     vertex -2.913047e+00  1.060262e+00  0.000000e+00
     vertex -2.962276e+00  9.137410e-01  0.000000e+00
     vertex -5.160093e+00  1.591678e+00  0.000000e+00
   endloop
 endfacet
 facet normal  0.000000e+00  0.000000e+00 -1.000000e+00
   outer loop
     vertex -2.913047e+00  1.060262e+00  0.000000e+00
     vertex -5.160093e+00  1.591678e+00  0.000000e+00
     vertex -5.074340e+00  1.846909e+00  0.000000e+00
   endloop
 endfacet
 facet normal  0.000000e+00  0.000000e+00 -1.000000e+00
   outer loop
     vertex  1.132557e+00 -2.885709e+00  0.000000e+00
     vertex  1.972842e+00 -5.026718e+00  0.000000e+00
     vertex  1.719828e+00 -5.118808e+00  0.000000e+00
   endloop
 endfacet
 facet normal  0.000000e+00 -0.000000e+00 -1.000000e+00
   outer loop
     vertex  1.132557e+00 -2.885709e+00  0.000000e+00
     vertex  1.719828e+00 -5.118808e+00  0.000000e+00
     vertex  9.873086e-01 -2.938575e+00  0.000000e+00
   endloop
 endfacet
 facet normal -0.000000e+00  0.000000e+00 -1.000000e+00
   outer loop
     vertex -2.856576e+00  1.204148e+00  0.000000e+00
     vertex -2.913047e+00  1.060262e+00  0.000000e+00
     vertex -5.074340e+00  1.846909e+00  0.000000e+00
   endloop
 endfacet
 facet normal  0.000000e+00  0.000000e+00 -1.000000e+00
   outer loop
     vertex -2.856576e+00  1.204148e+00  0.000000e+00
     vertex -5.074340e+00  1.846909e+00  0.000000e+00
     vertex -4.975972e+00  2.097548e+00  0.000000e+00
   endloop
 endfacet
 facet normal  0.000000e+00  0.000000e+00 -1.000000e+00
   outer loop
     vertex  1.274990e+00 -2.825668e+00  0.000000e+00
     vertex  2.220950e+00 -4.922132e+00  0.000000e+00
     vertex  1.972842e+00 -5.026718e+00  0.000000e+00
   endloop
 endfacet
 facet normal  0.000000e+00 -0.000000e+00 -1.000000e+00
   outer loop
     vertex  1.274990e+00 -2.825668e+00  0.000000e+00
     vertex  1.972842e+00 -5.026718e+00  0.000000e+00
     vertex  1.132557e+00 -2.885709e+00  0.000000e+00
   endloop
 endfacet
 facet normal  0.000000e+00  0.000000e+00 -1.000000e+00
   outer loop
     vertex -2.793003e+00  1.345040e+00  0.000000e+00
     vertex -4.975972e+00  2.097548e+00  0.000000e+00
     vertex -4.865232e+00  2.342972e+00  0.000000e+00
   endloop
 endfacet
 facet normal -0.000000e+00  0.000000e+00 -1.000000e+00
   outer loop
     vertex -2.793003e+00  1.345040e+00  0.000000e+00
     vertex -2.856576e+00  1.204148e+00  0.000000e+00
     vertex -4.975972e+00  2.097548e+00  0.000000e+00
   endloop
 endfacet
 facet normal  0.000000e+00  0.000000e+00 -1.000000e+00
   outer loop
     vertex  1.414253e+00 -2.758603e+00  0.000000e+00
     vertex  2.463538e+00 -4.805308e+00  0.000000e+00
     vertex  2.220950e+00 -4.922132e+00  0.000000e+00
   endloop
 endfacet
 facet normal  0.000000e+00 -0.000000e+00 -1.000000e+00
   outer loop
     vertex  1.414253e+00 -2.758603e+00  0.000000e+00
     vertex  2.220950e+00 -4.922132e+00  0.000000e+00
     vertex  1.274990e+00 -2.825668e+00  0.000000e+00
   endloop
 endfacet
 facet normal -0.000000e+00  0.000000e+00 -1.000000e+00
   outer loop
     vertex -2.722487e+00  1.482587e+00  0.000000e+00
     vertex -2.793003e+00  1.345040e+00  0.000000e+00
     vertex -4.865232e+00  2.342972e+00  0.000000e+00
   endloop
 endfacet
 facet normal  0.000000e+00  0.000000e+00 -1.000000e+00
   outer loop
     vertex -2.722487e+00  1.482587e+00  0.000000e+00
     vertex -4.865232e+00  2.342972e+00  0.000000e+00
     vertex -4.742396e+00  2.582571e+00  0.000000e+00
   endloop
 endfacet
 facet normal  0.000000e+00  0.000000e+00 -1.000000e+00
   outer loop
     vertex  1.550000e+00 -2.684679e+00  0.000000e+00
     vertex  2.700000e+00 -4.676537e+00  0.000000e+00
     vertex  2.463538e+00 -4.805308e+00  0.000000e+00
   endloop
 endfacet
 facet normal  0.000000e+00  0.000000e+00 -1.000000e+00
   outer loop
     vertex  1.550000e+00 -2.684679e+00  0.000000e+00
     vertex  2.929750e+00 -4.536140e+00  0.000000e+00
     vertex  2.700000e+00 -4.676537e+00  0.000000e+00
   endloop
 endfacet
 facet normal  0.000000e+00 -0.000000e+00 -1.000000e+00
   outer loop
     vertex  1.550000e+00 -2.684679e+00  0.000000e+00
     vertex  2.463538e+00 -4.805308e+00  0.000000e+00
     vertex  1.414253e+00 -2.758603e+00  0.000000e+00
   endloop
 endfacet
 facet normal -0.000000e+00  0.000000e+00 -1.000000e+00
   outer loop
     vertex -2.645202e+00  1.616449e+00  0.000000e+00
     vertex -2.722487e+00  1.482587e+00  0.000000e+00
     vertex -4.742396e+00  2.582571e+00  0.000000e+00
   endloop
 endfacet
 facet normal  0.000000e+00  0.000000e+00 -1.000000e+00
   outer loop
     vertex -2.645202e+00  1.616449e+00  0.000000e+00
     vertex -4.607771e+00  2.815750e+00  0.000000e+00
     vertex -4.461689e+00  3.041928e+00  0.000000e+00
   endloop
 endfacet
 facet normal  0.000000e+00  0.000000e+00 -1.000000e+00
   outer loop
     vertex -2.645202e+00  1.616449e+00  0.000000e+00
     vertex -4.742396e+00  2.582571e+00  0.000000e+00
     vertex -4.607771e+00  2.815750e+00  0.000000e+00
   endloop
 endfacet
 facet normal  0.000000e+00 -0.000000e+00 -1.000000e+00
   outer loop
     vertex  1.681893e+00 -2.604080e+00  0.000000e+00
     vertex  2.929750e+00 -4.536140e+00  0.000000e+00
     vertex  1.550000e+00 -2.684679e+00  0.000000e+00
   endloop
 endfacet
 facet normal -0.000000e+00  0.000000e+00 -1.000000e+00
   outer loop
     vertex -2.561340e+00  1.746292e+00  0.000000e+00
     vertex -2.645202e+00  1.616449e+00  0.000000e+00
     vertex -4.461689e+00  3.041928e+00  0.000000e+00
   endloop
 endfacet
 facet normal  0.000000e+00  0.000000e+00 -1.000000e+00
   outer loop
     vertex  1.809605e+00 -2.517008e+00  0.000000e+00
     vertex  3.152216e+00 -4.384465e+00  0.000000e+00
     vertex  2.929750e+00 -4.536140e+00  0.000000e+00
   endloop
 endfacet
 facet normal  0.000000e+00  0.000000e+00 -1.000000e+00
   outer loop
     vertex  1.809605e+00 -2.517008e+00  0.000000e+00
     vertex  3.366845e+00 -4.221890e+00  0.000000e+00
     vertex  3.152216e+00 -4.384465e+00  0.000000e+00
   endloop
 endfacet
 facet normal  0.000000e+00 -0.000000e+00 -1.000000e+00
   outer loop
     vertex  1.809605e+00 -2.517008e+00  0.000000e+00
     vertex  2.929750e+00 -4.536140e+00  0.000000e+00
     vertex  1.681893e+00 -2.604080e+00  0.000000e+00
   endloop
 endfacet
 facet normal  0.000000e+00  0.000000e+00 -1.000000e+00
   outer loop
     vertex -2.471111e+00  1.871794e+00  0.000000e+00
     vertex -4.304516e+00  3.260544e+00  0.000000e+00
     vertex -4.136640e+00  3.471053e+00  0.000000e+00
   endloop
 endfacet
 facet normal  0.000000e+00  0.000000e+00 -1.000000e+00
   outer loop
     vertex -2.471111e+00  1.871794e+00  0.000000e+00
     vertex -4.461689e+00  3.041928e+00  0.000000e+00
     vertex -4.304516e+00  3.260544e+00  0.000000e+00
   endloop
 endfacet
 facet normal -0.000000e+00  0.000000e+00 -1.000000e+00
   outer loop
     vertex -2.471111e+00  1.871794e+00  0.000000e+00
     vertex -2.561340e+00  1.746292e+00  0.000000e+00
     vertex -4.461689e+00  3.041928e+00  0.000000e+00
   endloop
 endfacet
 facet normal  0.000000e+00 -0.000000e+00 -1.000000e+00
   outer loop
     vertex  1.932818e+00 -2.423678e+00  0.000000e+00
     vertex  3.366845e+00 -4.221890e+00  0.000000e+00
     vertex  1.809605e+00 -2.517008e+00  0.000000e+00
   endloop
 endfacet
 facet normal -0.000000e+00  0.000000e+00 -1.000000e+00
   outer loop
     vertex -2.374738e+00  1.992642e+00  0.000000e+00
     vertex -2.471111e+00  1.871794e+00  0.000000e+00
     vertex -4.136640e+00  3.471053e+00  0.000000e+00
   endloop
 endfacet
 facet normal  0.000000e+00  0.000000e+00 -1.000000e+00
   outer loop
     vertex  2.051226e+00 -2.324322e+00  0.000000e+00
     vertex  3.573104e+00 -4.048818e+00  0.000000e+00
     vertex  3.366845e+00 -4.221890e+00  0.000000e+00
   endloop
 endfacet
 facet normal  0.000000e+00 -0.000000e+00 -1.000000e+00
   outer loop
     vertex  2.051226e+00 -2.324322e+00  0.000000e+00
     vertex  3.366845e+00 -4.221890e+00  0.000000e+00
     vertex  1.932818e+00 -2.423678e+00  0.000000e+00
   endloop
 endfacet
 facet normal  0.000000e+00  0.000000e+00 -1.000000e+00
   outer loop
     vertex -2.272461e+00  2.108535e+00  0.000000e+00
     vertex -4.136640e+00  3.471053e+00  0.000000e+00
     vertex -3.958480e+00  3.672933e+00  0.000000e+00
   endloop
 endfacet
 facet normal -0.000000e+00  0.000000e+00 -1.000000e+00
   outer loop
     vertex -2.272461e+00  2.108535e+00  0.000000e+00
     vertex -2.374738e+00  1.992642e+00  0.000000e+00
     vertex -4.136640e+00  3.471053e+00  0.000000e+00
   endloop
 endfacet
 facet normal  0.000000e+00  0.000000e+00 -1.000000e+00
   outer loop
     vertex  2.164534e+00 -2.219187e+00  0.000000e+00
     vertex  3.770479e+00 -3.865681e+00  0.000000e+00
     vertex  3.573104e+00 -4.048818e+00  0.000000e+00
   endloop
 endfacet
 facet normal  0.000000e+00 -0.000000e+00 -1.000000e+00
   outer loop
     vertex  2.164534e+00 -2.219187e+00  0.000000e+00
     vertex  3.573104e+00 -4.048818e+00  0.000000e+00
     vertex  2.051226e+00 -2.324322e+00  0.000000e+00
   endloop
 endfacet
 facet normal -0.000000e+00  0.000000e+00 -1.000000e+00
   outer loop
     vertex -2.164534e+00  2.219187e+00  0.000000e+00
     vertex -2.272461e+00  2.108535e+00  0.000000e+00
     vertex -3.958480e+00  3.672933e+00  0.000000e+00
   endloop
 endfacet
 facet normal  0.000000e+00 -0.000000e+00 -1.000000e+00
   outer loop
     vertex -3.770479e+00  3.865681e+00  0.000000e+00
     vertex -2.164534e+00  2.219187e+00  0.000000e+00
     vertex -3.958480e+00  3.672933e+00  0.000000e+00
   endloop
 endfacet
 facet normal  0.000000e+00  0.000000e+00 -1.000000e+00
   outer loop
     vertex  3.958480e+00 -3.672933e+00  0.000000e+00
     vertex  2.164534e+00 -2.219187e+00  0.000000e+00
     vertex  2.272461e+00 -2.108535e+00  0.000000e+00
   endloop
 endfacet
 facet normal -0.000000e+00  0.000000e+00 -1.000000e+00
   outer loop
     vertex  3.958480e+00 -3.672933e+00  0.000000e+00
     vertex  3.770479e+00 -3.865681e+00  0.000000e+00
     vertex  2.164534e+00 -2.219187e+00  0.000000e+00
   endloop
 endfacet
 facet normal  0.000000e+00 -0.000000e+00 -1.000000e+00
   outer loop
     vertex -3.573104e+00  4.048818e+00  0.000000e+00
     vertex -2.164534e+00  2.219187e+00  0.000000e+00
     vertex -3.770479e+00  3.865681e+00  0.000000e+00
   endloop
 endfacet
 facet normal  0.000000e+00  0.000000e+00 -1.000000e+00
   outer loop
     vertex -3.573104e+00  4.048818e+00  0.000000e+00
     vertex -2.051226e+00  2.324322e+00  0.000000e+00
     vertex -2.164534e+00  2.219187e+00  0.000000e+00
   endloop
 endfacet
 facet normal -0.000000e+00  0.000000e+00 -1.000000e+00
   outer loop
     vertex  4.136640e+00 -3.471053e+00  0.000000e+00
     vertex  3.958480e+00 -3.672933e+00  0.000000e+00
     vertex  2.272461e+00 -2.108535e+00  0.000000e+00
   endloop
 endfacet
 facet normal  0.000000e+00  0.000000e+00 -1.000000e+00
   outer loop
     vertex  4.136640e+00 -3.471053e+00  0.000000e+00
     vertex  2.272461e+00 -2.108535e+00  0.000000e+00
     vertex  2.374738e+00 -1.992642e+00  0.000000e+00
   endloop
 endfacet
 facet normal  0.000000e+00 -0.000000e+00 -1.000000e+00
   outer loop
     vertex -3.366845e+00  4.221890e+00  0.000000e+00
     vertex -2.051226e+00  2.324322e+00  0.000000e+00
     vertex -3.573104e+00  4.048818e+00  0.000000e+00
   endloop
 endfacet
 facet normal  0.000000e+00  0.000000e+00 -1.000000e+00
   outer loop
     vertex -3.366845e+00  4.221890e+00  0.000000e+00
     vertex -1.809605e+00  2.517008e+00  0.000000e+00
     vertex -1.932818e+00  2.423678e+00  0.000000e+00
   endloop
 endfacet
 facet normal  0.000000e+00  0.000000e+00 -1.000000e+00
   outer loop
     vertex -3.366845e+00  4.221890e+00  0.000000e+00
     vertex -1.932818e+00  2.423678e+00  0.000000e+00
     vertex -2.051226e+00  2.324322e+00  0.000000e+00
   endloop
 endfacet
 facet normal -0.000000e+00  0.000000e+00 -1.000000e+00
   outer loop
     vertex  4.304516e+00 -3.260544e+00  0.000000e+00
     vertex  4.136640e+00 -3.471053e+00  0.000000e+00
     vertex  2.374738e+00 -1.992642e+00  0.000000e+00
   endloop
 endfacet
 facet normal  0.000000e+00  0.000000e+00 -1.000000e+00
   outer loop
     vertex  4.304516e+00 -3.260544e+00  0.000000e+00
     vertex  2.374738e+00 -1.992642e+00  0.000000e+00
     vertex  2.471111e+00 -1.871794e+00  0.000000e+00
   endloop
 endfacet
 facet normal  0.000000e+00 -0.000000e+00 -1.000000e+00
   outer loop
     vertex -3.152216e+00  4.384465e+00  0.000000e+00
     vertex -1.809605e+00  2.517008e+00  0.000000e+00
     vertex -3.366845e+00  4.221890e+00  0.000000e+00
   endloop
 endfacet
 facet normal -0.000000e+00  0.000000e+00 -1.000000e+00
   outer loop
     vertex  4.461689e+00 -3.041928e+00  0.000000e+00
     vertex  4.304516e+00 -3.260544e+00  0.000000e+00
     vertex  2.471111e+00 -1.871794e+00  0.000000e+00
   endloop
 endfacet
 facet normal  0.000000e+00  0.000000e+00 -1.000000e+00
   outer loop
     vertex  4.461689e+00 -3.041928e+00  0.000000e+00
     vertex  2.471111e+00 -1.871794e+00  0.000000e+00
     vertex  2.561340e+00 -1.746292e+00  0.000000e+00
   endloop
 endfacet
 facet normal  0.000000e+00 -0.000000e+00 -1.000000e+00
   outer loop
     vertex -2.929750e+00  4.536140e+00  0.000000e+00
     vertex -1.809605e+00  2.517008e+00  0.000000e+00
     vertex -3.152216e+00  4.384465e+00  0.000000e+00
   endloop
 endfacet
 facet normal  0.000000e+00  0.000000e+00 -1.000000e+00
   outer loop
     vertex -2.929750e+00  4.536140e+00  0.000000e+00
     vertex -1.550000e+00  2.684679e+00  0.000000e+00
     vertex -1.681893e+00  2.604080e+00  0.000000e+00
   endloop
 endfacet
 facet normal  0.000000e+00  0.000000e+00 -1.000000e+00
   outer loop
     vertex -2.929750e+00  4.536140e+00  0.000000e+00
     vertex -1.681893e+00  2.604080e+00  0.000000e+00
     vertex -1.809605e+00  2.517008e+00  0.000000e+00
   endloop
 endfacet
 facet normal -0.000000e+00  0.000000e+00 -1.000000e+00
   outer loop
     vertex  4.607771e+00 -2.815750e+00  0.000000e+00
     vertex  4.461689e+00 -3.041928e+00  0.000000e+00
     vertex  2.561340e+00 -1.746292e+00  0.000000e+00
   endloop
 endfacet
 facet normal  0.000000e+00  0.000000e+00 -1.000000e+00
   outer loop
     vertex  4.607771e+00 -2.815750e+00  0.000000e+00
     vertex  2.561340e+00 -1.746292e+00  0.000000e+00
     vertex  2.645202e+00 -1.616449e+00  0.000000e+00
   endloop
 endfacet
 facet normal  0.000000e+00 -0.000000e+00 -1.000000e+00
   outer loop
     vertex -2.700000e+00  4.676537e+00  0.000000e+00
     vertex -1.550000e+00  2.684679e+00  0.000000e+00
     vertex -2.929750e+00  4.536140e+00  0.000000e+00
   endloop
 endfacet
 facet normal  0.000000e+00  0.000000e+00 -1.000000e+00
   outer loop
     vertex -2.700000e+00  4.676537e+00  0.000000e+00
     vertex -1.414253e+00  2.758603e+00  0.000000e+00
     vertex -1.550000e+00  2.684679e+00  0.000000e+00
   endloop
 endfacet
 facet normal -0.000000e+00  0.000000e+00 -1.000000e+00
   outer loop
     vertex  4.742396e+00 -2.582571e+00  0.000000e+00
     vertex  4.607771e+00 -2.815750e+00  0.000000e+00
     vertex  2.645202e+00 -1.616449e+00  0.000000e+00
   endloop
 endfacet
 facet normal  0.000000e+00  0.000000e+00 -1.000000e+00
   outer loop
     vertex  4.742396e+00 -2.582571e+00  0.000000e+00
     vertex  2.645202e+00 -1.616449e+00  0.000000e+00
     vertex  2.722487e+00 -1.482587e+00  0.000000e+00
   endloop
 endfacet
 facet normal  0.000000e+00  0.000000e+00 -1.000000e+00
   outer loop
     vertex  4.742396e+00 -2.582571e+00  0.000000e+00
     vertex  2.722487e+00 -1.482587e+00  0.000000e+00
     vertex  2.793003e+00 -1.345040e+00  0.000000e+00
   endloop
 endfacet
 facet normal  0.000000e+00 -0.000000e+00 -1.000000e+00
   outer loop
     vertex -2.463538e+00  4.805308e+00  0.000000e+00
     vertex -1.414253e+00  2.758603e+00  0.000000e+00
     vertex -2.700000e+00  4.676537e+00  0.000000e+00
   endloop
 endfacet
 facet normal -0.000000e+00  0.000000e+00 -1.000000e+00
   outer loop
     vertex  4.865232e+00 -2.342972e+00  0.000000e+00
     vertex  4.742396e+00 -2.582571e+00  0.000000e+00
     vertex  2.793003e+00 -1.345040e+00  0.000000e+00
   endloop
 endfacet
 facet normal  0.000000e+00 -0.000000e+00 -1.000000e+00
   outer loop
     vertex -2.220950e+00  4.922132e+00  0.000000e+00
     vertex -1.414253e+00  2.758603e+00  0.000000e+00
     vertex -2.463538e+00  4.805308e+00  0.000000e+00
   endloop
 endfacet
 facet normal  0.000000e+00  0.000000e+00 -1.000000e+00
   outer loop
     vertex -2.220950e+00  4.922132e+00  0.000000e+00
     vertex -1.274990e+00  2.825668e+00  0.000000e+00
     vertex -1.414253e+00  2.758603e+00  0.000000e+00
   endloop
 endfacet
 facet normal  0.000000e+00  0.000000e+00 -1.000000e+00
   outer loop
     vertex  4.975972e+00 -2.097548e+00  0.000000e+00
     vertex  2.793003e+00 -1.345040e+00  0.000000e+00
     vertex  2.856576e+00 -1.204148e+00  0.000000e+00
   endloop
 endfacet
 facet normal -0.000000e+00  0.000000e+00 -1.000000e+00
   outer loop
     vertex  4.975972e+00 -2.097548e+00  0.000000e+00
     vertex  4.865232e+00 -2.342972e+00  0.000000e+00
     vertex  2.793003e+00 -1.345040e+00  0.000000e+00
   endloop
 endfacet
 facet normal  0.000000e+00  0.000000e+00 -1.000000e+00
   outer loop
     vertex -1.972842e+00  5.026718e+00  0.000000e+00
     vertex -1.132557e+00  2.885709e+00  0.000000e+00
     vertex -1.274990e+00  2.825668e+00  0.000000e+00
   endloop
 endfacet
 facet normal  0.000000e+00 -0.000000e+00 -1.000000e+00
   outer loop
     vertex -1.972842e+00  5.026718e+00  0.000000e+00
     vertex -1.274990e+00  2.825668e+00  0.000000e+00
     vertex -2.220950e+00  4.922132e+00  0.000000e+00
   endloop
 endfacet
 facet normal  0.000000e+00  0.000000e+00 -1.000000e+00
   outer loop
     vertex  5.074340e+00 -1.846909e+00  0.000000e+00
     vertex  2.856576e+00 -1.204148e+00  0.000000e+00
     vertex  2.913047e+00 -1.060262e+00  0.000000e+00
   endloop
 endfacet
 facet normal  0.000000e+00  0.000000e+00 -1.000000e+00
   outer loop
     vertex  5.074340e+00 -1.846909e+00  0.000000e+00
     vertex  2.913047e+00 -1.060262e+00  0.000000e+00
     vertex  2.962276e+00 -9.137410e-01  0.000000e+00
   endloop
 endfacet
 facet normal -0.000000e+00  0.000000e+00 -1.000000e+00
   outer loop
     vertex  5.074340e+00 -1.846909e+00  0.000000e+00
     vertex  4.975972e+00 -2.097548e+00  0.000000e+00
     vertex  2.856576e+00 -1.204148e+00  0.000000e+00
   endloop
 endfacet
 facet normal  0.000000e+00  0.000000e+00 -1.000000e+00
   outer loop
     vertex -1.719828e+00  5.118808e+00  0.000000e+00
     vertex -9.873086e-01  2.938575e+00  0.000000e+00
     vertex -1.132557e+00  2.885709e+00  0.000000e+00
   endloop
 endfacet
 facet normal  0.000000e+00 -0.000000e+00 -1.000000e+00
   outer loop
     vertex -1.719828e+00  5.118808e+00  0.000000e+00
     vertex -1.132557e+00  2.885709e+00  0.000000e+00
     vertex -1.972842e+00  5.026718e+00  0.000000e+00
   endloop
 endfacet
 facet normal -0.000000e+00  0.000000e+00 -1.000000e+00
   outer loop
     vertex  5.160093e+00 -1.591678e+00  0.000000e+00
     vertex  5.074340e+00 -1.846909e+00  0.000000e+00
     vertex  2.962276e+00 -9.137410e-01  0.000000e+00
   endloop
 endfacet
 facet normal  0.000000e+00 -0.000000e+00 -1.000000e+00
   outer loop
     vertex -1.462539e+00  5.198171e+00  0.000000e+00
     vertex -9.873086e-01  2.938575e+00  0.000000e+00
     vertex -1.719828e+00  5.118808e+00  0.000000e+00
   endloop
 endfacet
 facet normal  0.000000e+00  0.000000e+00 -1.000000e+00
   outer loop
     vertex -1.462539e+00  5.198171e+00  0.000000e+00
     vertex -8.396055e-01  2.984135e+00  0.000000e+00
     vertex -9.873086e-01  2.938575e+00  0.000000e+00
   endloop
 endfacet
 facet normal  0.000000e+00  0.000000e+00 -1.000000e+00
   outer loop
     vertex  5.233017e+00 -1.332490e+00  0.000000e+00
     vertex  2.962276e+00 -9.137410e-01  0.000000e+00
     vertex  3.004140e+00 -7.649479e-01  0.000000e+00
   endloop
 endfacet
 facet normal -0.000000e+00  0.000000e+00 -1.000000e+00
   outer loop
     vertex  5.233017e+00 -1.332490e+00  0.000000e+00
     vertex  5.160093e+00 -1.591678e+00  0.000000e+00
     vertex  2.962276e+00 -9.137410e-01  0.000000e+00
   endloop
 endfacet
 facet normal  0.000000e+00 -0.000000e+00 -1.000000e+00
   outer loop
     vertex -1.201613e+00  5.264611e+00  0.000000e+00
     vertex -8.396055e-01  2.984135e+00  0.000000e+00
     vertex -1.462539e+00  5.198171e+00  0.000000e+00
   endloop
 endfacet
 facet normal  0.000000e+00  0.000000e+00 -1.000000e+00
   outer loop
     vertex -1.201613e+00  5.264611e+00  0.000000e+00
     vertex -6.898149e-01  3.022277e+00  0.000000e+00
     vertex -8.396055e-01  2.984135e+00  0.000000e+00
   endloop
 endfacet
 facet normal -0.000000e+00  0.000000e+00 -1.000000e+00
   outer loop
     vertex  5.292931e+00 -1.069989e+00  0.000000e+00
     vertex  5.233017e+00 -1.332490e+00  0.000000e+00
     vertex  3.004140e+00 -7.649479e-01  0.000000e+00
   endloop
 endfacet
 facet normal  0.000000e+00  0.000000e+00 -1.000000e+00
   outer loop
     vertex  5.292931e+00 -1.069989e+00  0.000000e+00
     vertex  3.004140e+00 -7.649479e-01  0.000000e+00
     vertex  3.038535e+00 -6.142530e-01  0.000000e+00
   endloop
 endfacet
 facet normal  0.000000e+00 -0.000000e+00 -1.000000e+00
   outer loop
     vertex -9.377002e-01  5.317962e+00  0.000000e+00
     vertex -6.898149e-01  3.022277e+00  0.000000e+00
     vertex -1.201613e+00  5.264611e+00  0.000000e+00
   endloop
 endfacet
 facet normal  0.000000e+00  0.000000e+00 -1.000000e+00
   outer loop
     vertex -9.377002e-01  5.317962e+00  0.000000e+00
     vertex -3.854655e-01  3.075942e+00  0.000000e+00
     vertex -5.383094e-01  3.052904e+00  0.000000e+00
   endloop
 endfacet
 facet normal  0.000000e+00  0.000000e+00 -1.000000e+00
   outer loop
     vertex -9.377002e-01  5.317962e+00  0.000000e+00
     vertex -5.383094e-01  3.052904e+00  0.000000e+00
     vertex -6.898149e-01  3.022277e+00  0.000000e+00
   endloop
 endfacet
 facet normal  0.000000e+00  0.000000e+00 -1.000000e+00
   outer loop
     vertex  5.339686e+00 -8.048282e-01  0.000000e+00
     vertex  3.038535e+00 -6.142530e-01  0.000000e+00
     vertex  3.065376e+00 -4.620310e-01  0.000000e+00
   endloop
 endfacet
 facet normal -0.000000e+00  0.000000e+00 -1.000000e+00
   outer loop
     vertex  5.339686e+00 -8.048282e-01  0.000000e+00
     vertex  5.292931e+00 -1.069989e+00  0.000000e+00
     vertex  3.038535e+00 -6.142530e-01  0.000000e+00
   endloop
 endfacet
 facet normal  0.000000e+00 -0.000000e+00 -1.000000e+00
   outer loop
     vertex -6.714560e-01  5.358092e+00  0.000000e+00
     vertex -3.854655e-01  3.075942e+00  0.000000e+00
     vertex -9.377002e-01  5.317962e+00  0.000000e+00
   endloop
 endfacet
 facet normal  0.000000e+00  0.000000e+00 -1.000000e+00
   outer loop
     vertex  5.373166e+00 -5.376664e-01  0.000000e+00
     vertex  3.065376e+00 -4.620310e-01  0.000000e+00
     vertex  3.084595e+00 -3.086603e-01  0.000000e+00
   endloop
 endfacet
 facet normal  0.000000e+00  0.000000e+00 -1.000000e+00
   outer loop
     vertex  5.373166e+00 -5.376664e-01  0.000000e+00
     vertex  3.084595e+00 -3.086603e-01  0.000000e+00
     vertex  3.096146e+00 -1.545222e-01  0.000000e+00
   endloop
 endfacet
 facet normal -0.000000e+00  0.000000e+00 -1.000000e+00
   outer loop
     vertex  5.373166e+00 -5.376664e-01  0.000000e+00
     vertex  5.339686e+00 -8.048282e-01  0.000000e+00
     vertex  3.065376e+00 -4.620310e-01  0.000000e+00
   endloop
 endfacet
 facet normal  0.000000e+00  0.000000e+00 -1.000000e+00
   outer loop
     vertex -4.035425e-01  5.384901e+00  0.000000e+00
     vertex -7.728514e-02  3.099036e+00  0.000000e+00
     vertex -2.316633e-01  3.091332e+00  0.000000e+00
   endloop
 endfacet
 facet normal  0.000000e+00  0.000000e+00 -1.000000e+00
   outer loop
     vertex -4.035425e-01  5.384901e+00  0.000000e+00
     vertex -2.316633e-01  3.091332e+00  0.000000e+00
     vertex -3.854655e-01  3.075942e+00  0.000000e+00
   endloop
 endfacet
 facet normal  0.000000e+00 -0.000000e+00 -1.000000e+00
   outer loop
     vertex -4.035425e-01  5.384901e+00  0.000000e+00
     vertex -3.854655e-01  3.075942e+00  0.000000e+00
     vertex -6.714560e-01  5.358092e+00  0.000000e+00
   endloop
 endfacet
 facet normal -0.000000e+00  0.000000e+00 -1.000000e+00
   outer loop
     vertex  5.393287e+00 -2.691678e-01  0.000000e+00
     vertex  5.373166e+00 -5.376664e-01  0.000000e+00
     vertex  3.096146e+00 -1.545222e-01  0.000000e+00
   endloop
 endfacet
 facet normal  0.000000e+00  0.000000e+00 -1.000000e+00
   outer loop
     vertex -1.346257e-01  5.398322e+00  0.000000e+00
     vertex  7.728514e-02  3.099036e+00  0.000000e+00
     vertex -7.728514e-02  3.099036e+00  0.000000e+00
   endloop
 endfacet
 facet normal  0.000000e+00 -0.000000e+00 -1.000000e+00
   outer loop
     vertex -1.346257e-01  5.398322e+00  0.000000e+00
     vertex -7.728514e-02  3.099036e+00  0.000000e+00
     vertex -4.035425e-01  5.384901e+00  0.000000e+00
   endloop
 endfacet
 facet normal -0.000000e+00  0.000000e+00 -1.000000e+00
   outer loop
     vertex  5.400000e+00  0.000000e+00  0.000000e+00
     vertex  3.096146e+00 -1.545222e-01  0.000000e+00
     vertex  3.100000e+00  0.000000e+00  0.000000e+00
   endloop
 endfacet
 facet normal  0.000000e+00  0.000000e+00 -1.000000e+00
   outer loop
     vertex  5.400000e+00  0.000000e+00  0.000000e+00
     vertex  5.393287e+00 -2.691678e-01  0.000000e+00
     vertex  3.096146e+00 -1.545222e-01  0.000000e+00
   endloop
 endfacet
 facet normal -0.000000e+00  0.000000e+00 -1.000000e+00
   outer loop
     vertex  1.346257e-01  5.398322e+00  0.000000e+00
     vertex  7.728514e-02  3.099036e+00  0.000000e+00
     vertex -1.346257e-01  5.398322e+00  0.000000e+00
   endloop
 endfacet
 facet normal  0.000000e+00  0.000000e+00 -1.000000e+00
   outer loop
     vertex  5.393287e+00  2.691678e-01  0.000000e+00
     vertex  3.100000e+00  0.000000e+00  0.000000e+00
     vertex  3.096146e+00  1.545222e-01  0.000000e+00
   endloop
 endfacet
 facet normal  0.000000e+00 -0.000000e+00 -1.000000e+00
   outer loop
     vertex  5.393287e+00  2.691678e-01  0.000000e+00
     vertex  5.400000e+00  0.000000e+00  0.000000e+00
     vertex  3.100000e+00  0.000000e+00  0.000000e+00
   endloop
 endfacet
 facet normal  0.000000e+00  0.000000e+00 -1.000000e+00
   outer loop
     vertex  4.035425e-01  5.384901e+00  0.000000e+00
     vertex  2.316633e-01  3.091332e+00  0.000000e+00
     vertex  7.728514e-02  3.099036e+00  0.000000e+00
   endloop
 endfacet
 facet normal -0.000000e+00  0.000000e+00 -1.000000e+00
   outer loop
     vertex  4.035425e-01  5.384901e+00  0.000000e+00
     vertex  7.728514e-02  3.099036e+00  0.000000e+00
     vertex  1.346257e-01  5.398322e+00  0.000000e+00
   endloop
 endfacet
 facet normal  0.000000e+00  0.000000e+00 -1.000000e+00
   outer loop
     vertex  5.373166e+00  5.376664e-01  0.000000e+00
     vertex  3.096146e+00  1.545222e-01  0.000000e+00
     vertex  3.084595e+00  3.086603e-01  0.000000e+00
   endloop
 endfacet
 facet normal  0.000000e+00 -0.000000e+00 -1.000000e+00
   outer loop
     vertex  5.373166e+00  5.376664e-01  0.000000e+00
     vertex  5.393287e+00  2.691678e-01  0.000000e+00
     vertex  3.096146e+00  1.545222e-01  0.000000e+00
   endloop
 endfacet
 facet normal  0.000000e+00  0.000000e+00 -1.000000e+00
   outer loop
     vertex  6.714560e-01  5.358092e+00  0.000000e+00
     vertex  3.854655e-01  3.075942e+00  0.000000e+00
     vertex  2.316633e-01  3.091332e+00  0.000000e+00
   endloop
 endfacet
 facet normal -0.000000e+00  0.000000e+00 -1.000000e+00
   outer loop
     vertex  6.714560e-01  5.358092e+00  0.000000e+00
     vertex  2.316633e-01  3.091332e+00  0.000000e+00
     vertex  4.035425e-01  5.384901e+00  0.000000e+00
   endloop
 endfacet
 facet normal  0.000000e+00  0.000000e+00 -1.000000e+00
   outer loop
     vertex  5.339686e+00  8.048282e-01  0.000000e+00
     vertex  3.084595e+00  3.086603e-01  0.000000e+00
     vertex  3.065376e+00  4.620310e-01  0.000000e+00
   endloop
 endfacet
 facet normal  0.000000e+00 -0.000000e+00 -1.000000e+00
   outer loop
     vertex  5.339686e+00  8.048282e-01  0.000000e+00
     vertex  5.373166e+00  5.376664e-01  0.000000e+00
     vertex  3.084595e+00  3.086603e-01  0.000000e+00
   endloop
 endfacet
 facet normal -0.000000e+00  0.000000e+00 -1.000000e+00
   outer loop
     vertex  9.377002e-01  5.317962e+00  0.000000e+00
     vertex  3.854655e-01  3.075942e+00  0.000000e+00
     vertex  6.714560e-01  5.358092e+00  0.000000e+00
   endloop
 endfacet
 facet normal  0.000000e+00  0.000000e+00 -1.000000e+00
   outer loop
     vertex  9.377002e-01  5.317962e+00  0.000000e+00
     vertex  5.383094e-01  3.052904e+00  0.000000e+00
     vertex  3.854655e-01  3.075942e+00  0.000000e+00
   endloop
 endfacet
 facet normal  0.000000e+00  0.000000e+00 -1.000000e+00
   outer loop
     vertex  5.292931e+00  1.069989e+00  0.000000e+00
     vertex  3.065376e+00  4.620310e-01  0.000000e+00
     vertex  3.038535e+00  6.142530e-01  0.000000e+00
   endloop
 endfacet
 facet normal  0.000000e+00  0.000000e+00 -1.000000e+00
   outer loop
     vertex  5.292931e+00  1.069989e+00  0.000000e+00
     vertex  3.038535e+00  6.142530e-01  0.000000e+00
     vertex  3.004140e+00  7.649479e-01  0.000000e+00
   endloop
 endfacet
 facet normal  0.000000e+00 -0.000000e+00 -1.000000e+00
   outer loop
     vertex  5.292931e+00  1.069989e+00  0.000000e+00
     vertex  5.339686e+00  8.048282e-01  0.000000e+00
     vertex  3.065376e+00  4.620310e-01  0.000000e+00
   endloop
 endfacet
 facet normal -0.000000e+00  0.000000e+00 -1.000000e+00
   outer loop
     vertex  1.201613e+00  5.264611e+00  0.000000e+00
     vertex  5.383094e-01  3.052904e+00  0.000000e+00
     vertex  9.377002e-01  5.317962e+00  0.000000e+00
   endloop
 endfacet
 facet normal  0.000000e+00  0.000000e+00 -1.000000e+00
   outer loop
     vertex  1.201613e+00  5.264611e+00  0.000000e+00
     vertex  6.898149e-01  3.022277e+00  0.000000e+00
     vertex  5.383094e-01  3.052904e+00  0.000000e+00
   endloop
 endfacet
 facet normal  0.000000e+00 -0.000000e+00 -1.000000e+00
   outer loop
     vertex  5.233017e+00  1.332490e+00  0.000000e+00
     vertex  5.292931e+00  1.069989e+00  0.000000e+00
     vertex  3.004140e+00  7.649479e-01  0.000000e+00
   endloop
 endfacet
 facet normal -0.000000e+00  0.000000e+00 -1.000000e+00
   outer loop
     vertex  1.462539e+00  5.198171e+00  0.000000e+00
     vertex  6.898149e-01  3.022277e+00  0.000000e+00
     vertex  1.201613e+00  5.264611e+00  0.000000e+00
   endloop
 endfacet
 facet normal  0.000000e+00  0.000000e+00 -1.000000e+00
   outer loop
     vertex  1.462539e+00  5.198171e+00  0.000000e+00
     vertex  8.396055e-01  2.984135e+00  0.000000e+00
     vertex  6.898149e-01  3.022277e+00  0.000000e+00
   endloop
 endfacet
 facet normal  0.000000e+00 -0.000000e+00 -1.000000e+00
   outer loop
     vertex  5.160093e+00  1.591678e+00  0.000000e+00
     vertex  5.233017e+00  1.332490e+00  0.000000e+00
     vertex  3.004140e+00  7.649479e-01  0.000000e+00
   endloop
 endfacet
 facet normal  0.000000e+00  0.000000e+00 -1.000000e+00
   outer loop
     vertex  5.160093e+00  1.591678e+00  0.000000e+00
     vertex  3.004140e+00  7.649479e-01  0.000000e+00
     vertex  2.962276e+00  9.137410e-01  0.000000e+00
   endloop
 endfacet
 facet normal -0.000000e+00  0.000000e+00 -1.000000e+00
   outer loop
     vertex  1.719828e+00  5.118808e+00  0.000000e+00
     vertex  8.396055e-01  2.984135e+00  0.000000e+00
     vertex  1.462539e+00  5.198171e+00  0.000000e+00
   endloop
 endfacet
 facet normal  0.000000e+00  0.000000e+00 -1.000000e+00
   outer loop
     vertex  1.719828e+00  5.118808e+00  0.000000e+00
     vertex  1.132557e+00  2.885709e+00  0.000000e+00
     vertex  9.873086e-01  2.938575e+00  0.000000e+00
   endloop
 endfacet
 facet normal  0.000000e+00  0.000000e+00 -1.000000e+00
   outer loop
     vertex  1.719828e+00  5.118808e+00  0.000000e+00
     vertex  9.873086e-01  2.938575e+00  0.000000e+00
     vertex  8.396055e-01  2.984135e+00  0.000000e+00
   endloop
 endfacet
 facet normal  0.000000e+00 -0.000000e+00 -1.000000e+00
   outer loop
     vertex  5.074340e+00  1.846909e+00  0.000000e+00
     vertex  5.160093e+00  1.591678e+00  0.000000e+00
     vertex  2.962276e+00  9.137410e-01  0.000000e+00
   endloop
 endfacet
 facet normal  0.000000e+00  0.000000e+00 -1.000000e+00
   outer loop
     vertex  5.074340e+00  1.846909e+00  0.000000e+00
     vertex  2.962276e+00  9.137410e-01  0.000000e+00
     vertex  2.913047e+00  1.060262e+00  0.000000e+00
   endloop
 endfacet
 facet normal  0.000000e+00  0.000000e+00 -1.000000e+00
   outer loop
     vertex  5.074340e+00  1.846909e+00  0.000000e+00
     vertex  2.913047e+00  1.060262e+00  0.000000e+00
     vertex  2.856576e+00  1.204148e+00  0.000000e+00
   endloop
 endfacet
 facet normal -0.000000e+00  0.000000e+00 -1.000000e+00
   outer loop
     vertex  1.972842e+00  5.026718e+00  0.000000e+00
     vertex  1.132557e+00  2.885709e+00  0.000000e+00
     vertex  1.719828e+00  5.118808e+00  0.000000e+00
   endloop
 endfacet
 facet normal  0.000000e+00 -0.000000e+00 -1.000000e+00
   outer loop
     vertex  4.975972e+00  2.097548e+00  0.000000e+00
     vertex  5.074340e+00  1.846909e+00  0.000000e+00
     vertex  2.856576e+00  1.204148e+00  0.000000e+00
   endloop
 endfacet
 facet normal -0.000000e+00  0.000000e+00 -1.000000e+00
   outer loop
     vertex  2.220950e+00  4.922132e+00  0.000000e+00
     vertex  1.132557e+00  2.885709e+00  0.000000e+00
     vertex  1.972842e+00  5.026718e+00  0.000000e+00
   endloop
 endfacet
 facet normal  0.000000e+00  0.000000e+00 -1.000000e+00
   outer loop
     vertex  2.220950e+00  4.922132e+00  0.000000e+00
     vertex  1.274990e+00  2.825668e+00  0.000000e+00
     vertex  1.132557e+00  2.885709e+00  0.000000e+00
   endloop
 endfacet
 facet normal  0.000000e+00 -0.000000e+00 -1.000000e+00
   outer loop
     vertex  4.865232e+00  2.342972e+00  0.000000e+00
     vertex  4.975972e+00  2.097548e+00  0.000000e+00
     vertex  2.856576e+00  1.204148e+00  0.000000e+00
   endloop
 endfacet
 facet normal  0.000000e+00  0.000000e+00 -1.000000e+00
   outer loop
     vertex  4.865232e+00  2.342972e+00  0.000000e+00
     vertex  2.856576e+00  1.204148e+00  0.000000e+00
     vertex  2.793003e+00  1.345040e+00  0.000000e+00
   endloop
 endfacet
 facet normal -0.000000e+00  0.000000e+00 -1.000000e+00
   outer loop
     vertex  2.463538e+00  4.805308e+00  0.000000e+00
     vertex  1.274990e+00  2.825668e+00  0.000000e+00
     vertex  2.220950e+00  4.922132e+00  0.000000e+00
   endloop
 endfacet
 facet normal  0.000000e+00  0.000000e+00 -1.000000e+00
   outer loop
     vertex  2.463538e+00  4.805308e+00  0.000000e+00
     vertex  1.414253e+00  2.758603e+00  0.000000e+00
     vertex  1.274990e+00  2.825668e+00  0.000000e+00
   endloop
 endfacet
 facet normal  0.000000e+00 -0.000000e+00 -1.000000e+00
   outer loop
     vertex  4.742396e+00  2.582571e+00  0.000000e+00
     vertex  4.865232e+00  2.342972e+00  0.000000e+00
     vertex  2.793003e+00  1.345040e+00  0.000000e+00
   endloop
 endfacet
 facet normal  0.000000e+00  0.000000e+00 -1.000000e+00
   outer loop
     vertex  4.742396e+00  2.582571e+00  0.000000e+00
     vertex  2.793003e+00  1.345040e+00  0.000000e+00
     vertex  2.722487e+00  1.482587e+00  0.000000e+00
   endloop
 endfacet
 facet normal -0.000000e+00  0.000000e+00 -1.000000e+00
   outer loop
     vertex  2.700000e+00  4.676537e+00  0.000000e+00
     vertex  1.414253e+00  2.758603e+00  0.000000e+00
     vertex  2.463538e+00  4.805308e+00  0.000000e+00
   endloop
 endfacet
 facet normal  0.000000e+00  0.000000e+00 -1.000000e+00
   outer loop
     vertex  2.700000e+00  4.676537e+00  0.000000e+00
     vertex  1.550000e+00  2.684679e+00  0.000000e+00
     vertex  1.414253e+00  2.758603e+00  0.000000e+00
   endloop
 endfacet
 facet normal  0.000000e+00 -0.000000e+00 -1.000000e+00
   outer loop
     vertex  4.607771e+00  2.815750e+00  0.000000e+00
     vertex  4.742396e+00  2.582571e+00  0.000000e+00
     vertex  2.722487e+00  1.482587e+00  0.000000e+00
   endloop
 endfacet
 facet normal  0.000000e+00  0.000000e+00 -1.000000e+00
   outer loop
     vertex  4.607771e+00  2.815750e+00  0.000000e+00
     vertex  2.722487e+00  1.482587e+00  0.000000e+00
     vertex  2.645202e+00  1.616449e+00  0.000000e+00
   endloop
 endfacet
 facet normal -0.000000e+00  0.000000e+00 -1.000000e+00
   outer loop
     vertex  2.929750e+00  4.536140e+00  0.000000e+00
     vertex  1.550000e+00  2.684679e+00  0.000000e+00
     vertex  2.700000e+00  4.676537e+00  0.000000e+00
   endloop
 endfacet
 facet normal  0.000000e+00  0.000000e+00 -1.000000e+00
   outer loop
     vertex  2.929750e+00  4.536140e+00  0.000000e+00
     vertex  1.809605e+00  2.517008e+00  0.000000e+00
     vertex  1.681893e+00  2.604080e+00  0.000000e+00
   endloop
 endfacet
 facet normal  0.000000e+00  0.000000e+00 -1.000000e+00
   outer loop
     vertex  2.929750e+00  4.536140e+00  0.000000e+00
     vertex  1.681893e+00  2.604080e+00  0.000000e+00
     vertex  1.550000e+00  2.684679e+00  0.000000e+00
   endloop
 endfacet
 facet normal  0.000000e+00  0.000000e+00 -1.000000e+00
   outer loop
     vertex  4.461689e+00  3.041928e+00  0.000000e+00
     vertex  2.645202e+00  1.616449e+00  0.000000e+00
     vertex  2.561340e+00  1.746292e+00  0.000000e+00
   endloop
 endfacet
 facet normal  0.000000e+00 -0.000000e+00 -1.000000e+00
   outer loop
     vertex  4.461689e+00  3.041928e+00  0.000000e+00
     vertex  4.607771e+00  2.815750e+00  0.000000e+00
     vertex  2.645202e+00  1.616449e+00  0.000000e+00
   endloop
 endfacet
 facet normal -0.000000e+00  0.000000e+00 -1.000000e+00
   outer loop
     vertex  3.152216e+00  4.384465e+00  0.000000e+00
     vertex  1.809605e+00  2.517008e+00  0.000000e+00
     vertex  2.929750e+00  4.536140e+00  0.000000e+00
   endloop
 endfacet
 facet normal  0.000000e+00 -0.000000e+00 -1.000000e+00
   outer loop
     vertex  4.304516e+00  3.260544e+00  0.000000e+00
     vertex  4.461689e+00  3.041928e+00  0.000000e+00
     vertex  2.561340e+00  1.746292e+00  0.000000e+00
   endloop
 endfacet
 facet normal  0.000000e+00  0.000000e+00 -1.000000e+00
   outer loop
     vertex  4.304516e+00  3.260544e+00  0.000000e+00
     vertex  2.561340e+00  1.746292e+00  0.000000e+00
     vertex  2.471111e+00  1.871794e+00  0.000000e+00
   endloop
 endfacet
 facet normal -0.000000e+00  0.000000e+00 -1.000000e+00
   outer loop
     vertex  3.366845e+00  4.221890e+00  0.000000e+00
     vertex  1.809605e+00  2.517008e+00  0.000000e+00
     vertex  3.152216e+00  4.384465e+00  0.000000e+00
   endloop
 endfacet
 facet normal  0.000000e+00  0.000000e+00 -1.000000e+00
   outer loop
     vertex  3.366845e+00  4.221890e+00  0.000000e+00
     vertex  2.051226e+00  2.324322e+00  0.000000e+00
     vertex  1.932818e+00  2.423678e+00  0.000000e+00
   endloop
 endfacet
 facet normal  0.000000e+00  0.000000e+00 -1.000000e+00
   outer loop
     vertex  3.366845e+00  4.221890e+00  0.000000e+00
     vertex  1.932818e+00  2.423678e+00  0.000000e+00
     vertex  1.809605e+00  2.517008e+00  0.000000e+00
   endloop
 endfacet
 facet normal  0.000000e+00 -0.000000e+00 -1.000000e+00
   outer loop
     vertex  4.136640e+00  3.471053e+00  0.000000e+00
     vertex  4.304516e+00  3.260544e+00  0.000000e+00
     vertex  2.471111e+00  1.871794e+00  0.000000e+00
   endloop
 endfacet
 facet normal  0.000000e+00  0.000000e+00 -1.000000e+00
   outer loop
     vertex  4.136640e+00  3.471053e+00  0.000000e+00
     vertex  2.471111e+00  1.871794e+00  0.000000e+00
     vertex  2.374738e+00  1.992642e+00  0.000000e+00
   endloop
 endfacet
 facet normal  0.000000e+00  0.000000e+00 -1.000000e+00
   outer loop
     vertex  3.573104e+00  4.048818e+00  0.000000e+00
     vertex  2.164534e+00  2.219187e+00  0.000000e+00
     vertex  2.051226e+00  2.324322e+00  0.000000e+00
   endloop
 endfacet
 facet normal -0.000000e+00  0.000000e+00 -1.000000e+00
   outer loop
     vertex  3.573104e+00  4.048818e+00  0.000000e+00
     vertex  2.051226e+00  2.324322e+00  0.000000e+00
     vertex  3.366845e+00  4.221890e+00  0.000000e+00
   endloop
 endfacet
 facet normal  0.000000e+00  0.000000e+00 -1.000000e+00
   outer loop
     vertex  3.958480e+00  3.672933e+00  0.000000e+00
     vertex  2.374738e+00  1.992642e+00  0.000000e+00
     vertex  2.272461e+00  2.108535e+00  0.000000e+00
   endloop
 endfacet
 facet normal  0.000000e+00 -0.000000e+00 -1.000000e+00
   outer loop
     vertex  3.958480e+00  3.672933e+00  0.000000e+00
     vertex  4.136640e+00  3.471053e+00  0.000000e+00
     vertex  2.374738e+00  1.992642e+00  0.000000e+00
   endloop
 endfacet
 facet normal  0.000000e+00 -0.000000e+00 -1.000000e+00
   outer loop
     vertex  3.770479e+00  3.865681e+00  0.000000e+00
     vertex  3.958480e+00  3.672933e+00  0.000000e+00
     vertex  2.272461e+00  2.108535e+00  0.000000e+00
   endloop
 endfacet
 facet normal  0.000000e+00  0.000000e+00 -1.000000e+00
   outer loop
     vertex  3.770479e+00  3.865681e+00  0.000000e+00
     vertex  2.272461e+00  2.108535e+00  0.000000e+00
     vertex  2.164534e+00  2.219187e+00  0.000000e+00
   endloop
 endfacet
 facet normal -0.000000e+00  0.000000e+00 -1.000000e+00
   outer loop
     vertex  3.770479e+00  3.865681e+00  0.000000e+00
     vertex  2.164534e+00  2.219187e+00  0.000000e+00
     vertex  3.573104e+00  4.048818e+00  0.000000e+00
   endloop
 endfacet
 facet normal  0.000000e+00  0.000000e+00  1.000000e+00
   outer loop
     vertex -2.272461e+00 -2.108535e+00  1.000000e+01
     vertex -3.958480e+00 -3.672933e+00  1.000000e+01
     vertex -3.770479e+00 -3.865681e+00  1.000000e+01
   endloop
 endfacet
 facet normal  0.000000e+00  0.000000e+00  1.000000e+00
   outer loop
     vertex -2.272461e+00 -2.108535e+00  1.000000e+01
     vertex -3.770479e+00 -3.865681e+00  1.000000e+01
     vertex -2.164534e+00 -2.219187e+00  1.000000e+01
   endloop
 endfacet
 facet normal  0.000000e+00  0.000000e+00  1.000000e+00
   outer loop
     vertex -2.051226e+00 -2.324322e+00  1.000000e+01
     vertex -3.770479e+00 -3.865681e+00  1.000000e+01
     vertex -3.573104e+00 -4.048818e+00  1.000000e+01
   endloop
 endfacet
 facet normal  0.000000e+00  0.000000e+00  1.000000e+00
   outer loop
     vertex -2.051226e+00 -2.324322e+00  1.000000e+01
     vertex -3.573104e+00 -4.048818e+00  1.000000e+01
     vertex -3.366845e+00 -4.221890e+00  1.000000e+01
   endloop
 endfacet
 facet normal  0.000000e+00  0.000000e+00  1.000000e+00
   outer loop
     vertex -2.051226e+00 -2.324322e+00  1.000000e+01
     vertex -2.164534e+00 -2.219187e+00  1.000000e+01
     vertex -3.770479e+00 -3.865681e+00  1.000000e+01
   endloop
 endfacet
 facet normal  0.000000e+00  0.000000e+00  1.000000e+00
   outer loop
     vertex -2.374738e+00 -1.992642e+00  1.000000e+01
     vertex -3.958480e+00 -3.672933e+00  1.000000e+01
     vertex -2.272461e+00 -2.108535e+00  1.000000e+01
   endloop
 endfacet
 facet normal  0.000000e+00  0.000000e+00  1.000000e+00
   outer loop
     vertex -2.374738e+00 -1.992642e+00  1.000000e+01
     vertex -4.136640e+00 -3.471053e+00  1.000000e+01
     vertex -3.958480e+00 -3.672933e+00  1.000000e+01
   endloop
 endfacet
 facet normal  0.000000e+00  0.000000e+00  1.000000e+00
   outer loop
     vertex -1.932818e+00 -2.423678e+00  1.000000e+01
     vertex -2.051226e+00 -2.324322e+00  1.000000e+01
     vertex -3.366845e+00 -4.221890e+00  1.000000e+01
   endloop
 endfacet
 facet normal  0.000000e+00  0.000000e+00  1.000000e+00
   outer loop
     vertex -2.471111e+00 -1.871794e+00  1.000000e+01
     vertex -4.136640e+00 -3.471053e+00  1.000000e+01
     vertex -2.374738e+00 -1.992642e+00  1.000000e+01
   endloop
 endfacet
 facet normal  0.000000e+00  0.000000e+00  1.000000e+00
   outer loop
     vertex -2.471111e+00 -1.871794e+00  1.000000e+01
     vertex -4.304516e+00 -3.260544e+00  1.000000e+01
     vertex -4.136640e+00 -3.471053e+00  1.000000e+01
   endloop
 endfacet
 facet normal  0.000000e+00  0.000000e+00  1.000000e+00
   outer loop
     vertex -1.809605e+00 -2.517008e+00  1.000000e+01
     vertex -1.932818e+00 -2.423678e+00  1.000000e+01
     vertex -3.366845e+00 -4.221890e+00  1.000000e+01
   endloop
 endfacet
 facet normal  0.000000e+00  0.000000e+00  1.000000e+00
   outer loop
     vertex -1.809605e+00 -2.517008e+00  1.000000e+01
     vertex -3.366845e+00 -4.221890e+00  1.000000e+01
     vertex -3.152216e+00 -4.384465e+00  1.000000e+01
   endloop
 endfacet
 facet normal  0.000000e+00  0.000000e+00  1.000000e+00
   outer loop
     vertex -2.561340e+00 -1.746292e+00  1.000000e+01
     vertex -4.304516e+00 -3.260544e+00  1.000000e+01
     vertex -2.471111e+00 -1.871794e+00  1.000000e+01
   endloop
 endfacet
 facet normal  0.000000e+00  0.000000e+00  1.000000e+00
   outer loop
     vertex -2.561340e+00 -1.746292e+00  1.000000e+01
     vertex -4.607771e+00 -2.815750e+00  1.000000e+01
     vertex -4.461689e+00 -3.041928e+00  1.000000e+01
   endloop
 endfacet
 facet normal  0.000000e+00  0.000000e+00  1.000000e+00
   outer loop
     vertex -2.561340e+00 -1.746292e+00  1.000000e+01
     vertex -4.461689e+00 -3.041928e+00  1.000000e+01
     vertex -4.304516e+00 -3.260544e+00  1.000000e+01
   endloop
 endfacet
 facet normal  0.000000e+00  0.000000e+00  1.000000e+00
   outer loop
     vertex -1.681893e+00 -2.604080e+00  1.000000e+01
     vertex -1.809605e+00 -2.517008e+00  1.000000e+01
     vertex -3.152216e+00 -4.384465e+00  1.000000e+01
   endloop
 endfacet
 facet normal  0.000000e+00  0.000000e+00  1.000000e+00
   outer loop
     vertex -1.681893e+00 -2.604080e+00  1.000000e+01
     vertex -3.152216e+00 -4.384465e+00  1.000000e+01
     vertex -2.929750e+00 -4.536140e+00  1.000000e+01
   endloop
 endfacet
 facet normal  0.000000e+00  0.000000e+00  1.000000e+00
   outer loop
     vertex -2.645202e+00 -1.616449e+00  1.000000e+01
     vertex -4.607771e+00 -2.815750e+00  1.000000e+01
     vertex -2.561340e+00 -1.746292e+00  1.000000e+01
   endloop
 endfacet
 facet normal  0.000000e+00  0.000000e+00  1.000000e+00
   outer loop
     vertex -1.550000e+00 -2.684679e+00  1.000000e+01
     vertex -2.929750e+00 -4.536140e+00  1.000000e+01
     vertex -2.700000e+00 -4.676537e+00  1.000000e+01
   endloop
 endfacet
 facet normal  0.000000e+00  0.000000e+00  1.000000e+00
   outer loop
     vertex -1.550000e+00 -2.684679e+00  1.000000e+01
     vertex -1.681893e+00 -2.604080e+00  1.000000e+01
     vertex -2.929750e+00 -4.536140e+00  1.000000e+01
   endloop
 endfacet
 facet normal  0.000000e+00  0.000000e+00  1.000000e+00
   outer loop
     vertex -2.722487e+00 -1.482587e+00  1.000000e+01
     vertex -4.607771e+00 -2.815750e+00  1.000000e+01
     vertex -2.645202e+00 -1.616449e+00  1.000000e+01
   endloop
 endfacet
 facet normal  0.000000e+00  0.000000e+00  1.000000e+00
   outer loop
     vertex -2.722487e+00 -1.482587e+00  1.000000e+01
     vertex -4.865232e+00 -2.342972e+00  1.000000e+01
     vertex -4.742396e+00 -2.582571e+00  1.000000e+01
   endloop
 endfacet
 facet normal  0.000000e+00  0.000000e+00  1.000000e+00
   outer loop
     vertex -2.722487e+00 -1.482587e+00  1.000000e+01
     vertex -4.742396e+00 -2.582571e+00  1.000000e+01
     vertex -4.607771e+00 -2.815750e+00  1.000000e+01
   endloop
 endfacet
 facet normal  0.000000e+00  0.000000e+00  1.000000e+00
   outer loop
     vertex -1.414253e+00 -2.758603e+00  1.000000e+01
     vertex -1.550000e+00 -2.684679e+00  1.000000e+01
     vertex -2.700000e+00 -4.676537e+00  1.000000e+01
   endloop
 endfacet
 facet normal  0.000000e+00  0.000000e+00  1.000000e+00
   outer loop
     vertex -1.414253e+00 -2.758603e+00  1.000000e+01
     vertex -2.700000e+00 -4.676537e+00  1.000000e+01
     vertex -2.463538e+00 -4.805308e+00  1.000000e+01
   endloop
 endfacet
 facet normal  0.000000e+00  0.000000e+00  1.000000e+00
   outer loop
     vertex -2.793003e+00 -1.345040e+00  1.000000e+01
     vertex -4.865232e+00 -2.342972e+00  1.000000e+01
     vertex -2.722487e+00 -1.482587e+00  1.000000e+01
   endloop
 endfacet
 facet normal  0.000000e+00  0.000000e+00  1.000000e+00
   outer loop
     vertex -1.274990e+00 -2.825668e+00  1.000000e+01
     vertex -1.414253e+00 -2.758603e+00  1.000000e+01
     vertex -2.463538e+00 -4.805308e+00  1.000000e+01
   endloop
 endfacet
 facet normal  0.000000e+00  0.000000e+00  1.000000e+00
   outer loop
     vertex -1.274990e+00 -2.825668e+00  1.000000e+01
     vertex -2.463538e+00 -4.805308e+00  1.000000e+01
     vertex -2.220950e+00 -4.922132e+00  1.000000e+01
   endloop
 endfacet
 facet normal  0.000000e+00  0.000000e+00  1.000000e+00
   outer loop
     vertex -2.856576e+00 -1.204148e+00  1.000000e+01
     vertex -4.975972e+00 -2.097548e+00  1.000000e+01
     vertex -4.865232e+00 -2.342972e+00  1.000000e+01
   endloop
 endfacet
 facet normal  0.000000e+00  0.000000e+00  1.000000e+00
   outer loop
     vertex -2.856576e+00 -1.204148e+00  1.000000e+01
     vertex -4.865232e+00 -2.342972e+00  1.000000e+01
     vertex -2.793003e+00 -1.345040e+00  1.000000e+01
   endloop
 endfacet
 facet normal  0.000000e+00  0.000000e+00  1.000000e+00
   outer loop
     vertex -1.132557e+00 -2.885709e+00  1.000000e+01
     vertex -1.274990e+00 -2.825668e+00  1.000000e+01
     vertex -2.220950e+00 -4.922132e+00  1.000000e+01
   endloop
 endfacet
 facet normal  0.000000e+00  0.000000e+00  1.000000e+00
   outer loop
     vertex -1.132557e+00 -2.885709e+00  1.000000e+01
     vertex -2.220950e+00 -4.922132e+00  1.000000e+01
     vertex -1.972842e+00 -5.026718e+00  1.000000e+01
   endloop
 endfacet
 facet normal  0.000000e+00  0.000000e+00  1.000000e+00
   outer loop
     vertex -2.913047e+00 -1.060262e+00  1.000000e+01
     vertex -4.975972e+00 -2.097548e+00  1.000000e+01
     vertex -2.856576e+00 -1.204148e+00  1.000000e+01
   endloop
 endfacet
 facet normal  0.000000e+00  0.000000e+00  1.000000e+00
   outer loop
     vertex -2.913047e+00 -1.060262e+00  1.000000e+01
     vertex -5.074340e+00 -1.846909e+00  1.000000e+01
     vertex -4.975972e+00 -2.097548e+00  1.000000e+01
   endloop
 endfacet
 facet normal  0.000000e+00  0.000000e+00  1.000000e+00
   outer loop
     vertex -9.873086e-01 -2.938575e+00  1.000000e+01
     vertex -1.132557e+00 -2.885709e+00  1.000000e+01
     vertex -1.972842e+00 -5.026718e+00  1.000000e+01
   endloop
 endfacet
 facet normal  0.000000e+00  0.000000e+00  1.000000e+00
   outer loop
     vertex -9.873086e-01 -2.938575e+00  1.000000e+01
     vertex -1.972842e+00 -5.026718e+00  1.000000e+01
     vertex -1.719828e+00 -5.118808e+00  1.000000e+01
   endloop
 endfacet
 facet normal  0.000000e+00  0.000000e+00  1.000000e+00
   outer loop
     vertex -2.962276e+00 -9.137410e-01  1.000000e+01
     vertex -5.233017e+00 -1.332490e+00  1.000000e+01
     vertex -5.160093e+00 -1.591678e+00  1.000000e+01
   endloop
 endfacet
 facet normal  0.000000e+00  0.000000e+00  1.000000e+00
   outer loop
     vertex -2.962276e+00 -9.137410e-01  1.000000e+01
     vertex -5.160093e+00 -1.591678e+00  1.000000e+01
     vertex -5.074340e+00 -1.846909e+00  1.000000e+01
   endloop
 endfacet
 facet normal  0.000000e+00  0.000000e+00  1.000000e+00
   outer loop
     vertex -2.962276e+00 -9.137410e-01  1.000000e+01
     vertex -5.074340e+00 -1.846909e+00  1.000000e+01
     vertex -2.913047e+00 -1.060262e+00  1.000000e+01
   endloop
 endfacet
 facet normal  0.000000e+00  0.000000e+00  1.000000e+00
   outer loop
     vertex -8.396055e-01 -2.984135e+00  1.000000e+01
     vertex -9.873086e-01 -2.938575e+00  1.000000e+01
     vertex -1.719828e+00 -5.118808e+00  1.000000e+01
   endloop
 endfacet
 facet normal  0.000000e+00  0.000000e+00  1.000000e+00
   outer loop
     vertex -8.396055e-01 -2.984135e+00  1.000000e+01
     vertex -1.719828e+00 -5.118808e+00  1.000000e+01
     vertex -1.462539e+00 -5.198171e+00  1.000000e+01
   endloop
 endfacet
 facet normal  0.000000e+00  0.000000e+00  1.000000e+00
   outer loop
     vertex -3.004140e+00 -7.649479e-01  1.000000e+01
     vertex -5.233017e+00 -1.332490e+00  1.000000e+01
     vertex -2.962276e+00 -9.137410e-01  1.000000e+01
   endloop
 endfacet
 facet normal  0.000000e+00  0.000000e+00  1.000000e+00
   outer loop
     vertex -6.898149e-01 -3.022277e+00  1.000000e+01
     vertex -8.396055e-01 -2.984135e+00  1.000000e+01
     vertex -1.462539e+00 -5.198171e+00  1.000000e+01
   endloop
 endfacet
 facet normal  0.000000e+00  0.000000e+00  1.000000e+00
   outer loop
     vertex -6.898149e-01 -3.022277e+00  1.000000e+01
     vertex -1.462539e+00 -5.198171e+00  1.000000e+01
     vertex -1.201613e+00 -5.264611e+00  1.000000e+01
   endloop
 endfacet
 facet normal  0.000000e+00  0.000000e+00  1.000000e+00
   outer loop
     vertex -3.038535e+00 -6.142530e-01  1.000000e+01
     vertex -5.233017e+00 -1.332490e+00  1.000000e+01
     vertex -3.004140e+00 -7.649479e-01  1.000000e+01
   endloop
 endfacet
 facet normal  0.000000e+00  0.000000e+00  1.000000e+00
   outer loop
     vertex -3.038535e+00 -6.142530e-01  1.000000e+01
     vertex -5.292931e+00 -1.069989e+00  1.000000e+01
     vertex -5.233017e+00 -1.332490e+00  1.000000e+01
   endloop
 endfacet
 facet normal  0.000000e+00  0.000000e+00  1.000000e+00
   outer loop
     vertex -5.383094e-01 -3.052904e+00  1.000000e+01
     vertex -6.898149e-01 -3.022277e+00  1.000000e+01
     vertex -1.201613e+00 -5.264611e+00  1.000000e+01
   endloop
 endfacet
 facet normal  0.000000e+00  0.000000e+00  1.000000e+00
   outer loop
     vertex -5.383094e-01 -3.052904e+00  1.000000e+01
     vertex -1.201613e+00 -5.264611e+00  1.000000e+01
     vertex -9.377002e-01 -5.317962e+00  1.000000e+01
   endloop
 endfacet
 facet normal  0.000000e+00  0.000000e+00  1.000000e+00
   outer loop
     vertex -3.065376e+00 -4.620310e-01  1.000000e+01
     vertex -5.292931e+00 -1.069989e+00  1.000000e+01
     vertex -3.038535e+00 -6.142530e-01  1.000000e+01
   endloop
 endfacet
 facet normal  0.000000e+00  0.000000e+00  1.000000e+00
   outer loop
     vertex -3.065376e+00 -4.620310e-01  1.000000e+01
     vertex -5.339686e+00 -8.048282e-01  1.000000e+01
     vertex -5.292931e+00 -1.069989e+00  1.000000e+01
   endloop
 endfacet
 facet normal  0.000000e+00  0.000000e+00  1.000000e+00
   outer loop
     vertex -3.854655e-01 -3.075942e+00  1.000000e+01
     vertex -5.383094e-01 -3.052904e+00  1.000000e+01
     vertex -9.377002e-01 -5.317962e+00  1.000000e+01
   endloop
 endfacet
 facet normal  0.000000e+00  0.000000e+00  1.000000e+00
   outer loop
     vertex -3.854655e-01 -3.075942e+00  1.000000e+01
     vertex -9.377002e-01 -5.317962e+00  1.000000e+01
     vertex -6.714560e-01 -5.358092e+00  1.000000e+01
   endloop
 endfacet
 facet normal  0.000000e+00  0.000000e+00  1.000000e+00
   outer loop
     vertex -3.084595e+00 -3.086603e-01  1.000000e+01
     vertex -5.339686e+00 -8.048282e-01  1.000000e+01
     vertex -3.065376e+00 -4.620310e-01  1.000000e+01
   endloop
 endfacet
 facet normal  0.000000e+00  0.000000e+00  1.000000e+00
   outer loop
     vertex -3.084595e+00 -3.086603e-01  1.000000e+01
     vertex -5.373166e+00 -5.376664e-01  1.000000e+01
     vertex -5.339686e+00 -8.048282e-01  1.000000e+01
   endloop
 endfacet
 facet normal  0.000000e+00  0.000000e+00  1.000000e+00
   outer loop
     vertex -2.316633e-01 -3.091332e+00  1.000000e+01
     vertex -3.854655e-01 -3.075942e+00  1.000000e+01
     vertex -6.714560e-01 -5.358092e+00  1.000000e+01
   endloop
 endfacet
 facet normal  0.000000e+00  0.000000e+00  1.000000e+00
   outer loop
     vertex -2.316633e-01 -3.091332e+00  1.000000e+01
     vertex -6.714560e-01 -5.358092e+00  1.000000e+01
     vertex -4.035425e-01 -5.384901e+00  1.000000e+01
   endloop
 endfacet
 facet normal  0.000000e+00  0.000000e+00  1.000000e+00
   outer loop
     vertex -3.096146e+00 -1.545222e-01  1.000000e+01
     vertex -5.393287e+00 -2.691678e-01  1.000000e+01
     vertex -5.373166e+00 -5.376664e-01  1.000000e+01
   endloop
 endfacet
 facet normal  0.000000e+00  0.000000e+00  1.000000e+00
   outer loop
     vertex -3.096146e+00 -1.545222e-01  1.000000e+01
     vertex -5.373166e+00 -5.376664e-01  1.000000e+01
     vertex -3.084595e+00 -3.086603e-01  1.000000e+01
   endloop
 endfacet
 facet normal  0.000000e+00  0.000000e+00  1.000000e+00
   outer loop
     vertex -7.728514e-02 -3.099036e+00  1.000000e+01
     vertex -2.316633e-01 -3.091332e+00  1.000000e+01
     vertex -4.035425e-01 -5.384901e+00  1.000000e+01
   endloop
 endfacet
 facet normal  0.000000e+00  0.000000e+00  1.000000e+00
   outer loop
     vertex -7.728514e-02 -3.099036e+00  1.000000e+01
     vertex -4.035425e-01 -5.384901e+00  1.000000e+01
     vertex -1.346257e-01 -5.398322e+00  1.000000e+01
   endloop
 endfacet
 facet normal  0.000000e+00  0.000000e+00  1.000000e+00
   outer loop
     vertex -3.100000e+00 -1.063377e-14  1.000000e+01
     vertex -5.393287e+00 -2.691678e-01  1.000000e+01
     vertex -3.096146e+00 -1.545222e-01  1.000000e+01
   endloop
 endfacet
 facet normal  0.000000e+00  0.000000e+00  1.000000e+00
   outer loop
     vertex -3.100000e+00 -1.063377e-14  1.000000e+01
     vertex -5.400000e+00 -1.852334e-14  1.000000e+01
     vertex -5.393287e+00 -2.691678e-01  1.000000e+01
   endloop
 endfacet
 facet normal  0.000000e+00  0.000000e+00  1.000000e+00
   outer loop
     vertex  7.728514e-02 -3.099036e+00  1.000000e+01
     vertex -7.728514e-02 -3.099036e+00  1.000000e+01
     vertex -1.346257e-01 -5.398322e+00  1.000000e+01
   endloop
 endfacet
 facet normal  0.000000e+00  0.000000e+00  1.000000e+00
   outer loop
     vertex  7.728514e-02 -3.099036e+00  1.000000e+01
     vertex -1.346257e-01 -5.398322e+00  1.000000e+01
     vertex  1.346257e-01 -5.398322e+00  1.000000e+01
   endloop
 endfacet
 facet normal  0.000000e+00  0.000000e+00  1.000000e+00
   outer loop
     vertex -3.096146e+00  1.545222e-01  1.000000e+01
     vertex -5.400000e+00 -1.852334e-14  1.000000e+01
     vertex -3.100000e+00 -1.063377e-14  1.000000e+01
   endloop
 endfacet
 facet normal  0.000000e+00  0.000000e+00  1.000000e+00
   outer loop
     vertex -3.096146e+00  1.545222e-01  1.000000e+01
     vertex -5.393287e+00  2.691678e-01  1.000000e+01
     vertex -5.400000e+00 -1.852334e-14  1.000000e+01
   endloop
 endfacet
 facet normal  0.000000e+00  0.000000e+00  1.000000e+00
   outer loop
     vertex  2.316633e-01 -3.091332e+00  1.000000e+01
     vertex  7.728514e-02 -3.099036e+00  1.000000e+01
     vertex  1.346257e-01 -5.398322e+00  1.000000e+01
   endloop
 endfacet
 facet normal  0.000000e+00  0.000000e+00  1.000000e+00
   outer loop
     vertex  2.316633e-01 -3.091332e+00  1.000000e+01
     vertex  1.346257e-01 -5.398322e+00  1.000000e+01
     vertex  4.035425e-01 -5.384901e+00  1.000000e+01
   endloop
 endfacet
 facet normal  0.000000e+00  0.000000e+00  1.000000e+00
   outer loop
     vertex -3.084595e+00  3.086603e-01  1.000000e+01
     vertex -5.393287e+00  2.691678e-01  1.000000e+01
     vertex -3.096146e+00  1.545222e-01  1.000000e+01
   endloop
 endfacet
 facet normal  0.000000e+00  0.000000e+00  1.000000e+00
   outer loop
     vertex -3.084595e+00  3.086603e-01  1.000000e+01
     vertex -5.373166e+00  5.376664e-01  1.000000e+01
     vertex -5.393287e+00  2.691678e-01  1.000000e+01
   endloop
 endfacet
 facet normal  0.000000e+00  0.000000e+00  1.000000e+00
   outer loop
     vertex  3.854655e-01 -3.075942e+00  1.000000e+01
     vertex  2.316633e-01 -3.091332e+00  1.000000e+01
     vertex  4.035425e-01 -5.384901e+00  1.000000e+01
   endloop
 endfacet
 facet normal  0.000000e+00  0.000000e+00  1.000000e+00
   outer loop
     vertex  3.854655e-01 -3.075942e+00  1.000000e+01
     vertex  4.035425e-01 -5.384901e+00  1.000000e+01
     vertex  6.714560e-01 -5.358092e+00  1.000000e+01
   endloop
 endfacet
 facet normal  0.000000e+00  0.000000e+00  1.000000e+00
   outer loop
     vertex -3.065376e+00  4.620310e-01  1.000000e+01
     vertex -5.339686e+00  8.048282e-01  1.000000e+01
     vertex -5.373166e+00  5.376664e-01  1.000000e+01
   endloop
 endfacet
 facet normal  0.000000e+00  0.000000e+00  1.000000e+00
   outer loop
     vertex -3.065376e+00  4.620310e-01  1.000000e+01
     vertex -5.373166e+00  5.376664e-01  1.000000e+01
     vertex -3.084595e+00  3.086603e-01  1.000000e+01
   endloop
 endfacet
 facet normal  0.000000e+00  0.000000e+00  1.000000e+00
   outer loop
     vertex  5.383094e-01 -3.052904e+00  1.000000e+01
     vertex  6.714560e-01 -5.358092e+00  1.000000e+01
     vertex  9.377002e-01 -5.317962e+00  1.000000e+01
   endloop
 endfacet
 facet normal  0.000000e+00  0.000000e+00  1.000000e+00
   outer loop
     vertex  5.383094e-01 -3.052904e+00  1.000000e+01
     vertex  3.854655e-01 -3.075942e+00  1.000000e+01
     vertex  6.714560e-01 -5.358092e+00  1.000000e+01
   endloop
 endfacet
 facet normal  0.000000e+00  0.000000e+00  1.000000e+00
   outer loop
     vertex -3.038535e+00  6.142530e-01  1.000000e+01
     vertex -5.339686e+00  8.048282e-01  1.000000e+01
     vertex -3.065376e+00  4.620310e-01  1.000000e+01
   endloop
 endfacet
 facet normal  0.000000e+00  0.000000e+00  1.000000e+00
   outer loop
     vertex -3.038535e+00  6.142530e-01  1.000000e+01
     vertex -5.292931e+00  1.069989e+00  1.000000e+01
     vertex -5.339686e+00  8.048282e-01  1.000000e+01
   endloop
 endfacet
 facet normal  0.000000e+00  0.000000e+00  1.000000e+00
   outer loop
     vertex  6.898149e-01 -3.022277e+00  1.000000e+01
     vertex  5.383094e-01 -3.052904e+00  1.000000e+01
     vertex  9.377002e-01 -5.317962e+00  1.000000e+01
   endloop
 endfacet
 facet normal  0.000000e+00  0.000000e+00  1.000000e+00
   outer loop
     vertex  6.898149e-01 -3.022277e+00  1.000000e+01
     vertex  9.377002e-01 -5.317962e+00  1.000000e+01
     vertex  1.201613e+00 -5.264611e+00  1.000000e+01
   endloop
 endfacet
 facet normal  0.000000e+00  0.000000e+00  1.000000e+00
   outer loop
     vertex -3.004140e+00  7.649479e-01  1.000000e+01
     vertex -5.292931e+00  1.069989e+00  1.000000e+01
     vertex -3.038535e+00  6.142530e-01  1.000000e+01
   endloop
 endfacet
 facet normal  0.000000e+00  0.000000e+00  1.000000e+00
   outer loop
     vertex -3.004140e+00  7.649479e-01  1.000000e+01
     vertex -5.233017e+00  1.332490e+00  1.000000e+01
     vertex -5.292931e+00  1.069989e+00  1.000000e+01
   endloop
 endfacet
 facet normal  0.000000e+00  0.000000e+00  1.000000e+00
   outer loop
     vertex  8.396055e-01 -2.984135e+00  1.000000e+01
     vertex  6.898149e-01 -3.022277e+00  1.000000e+01
     vertex  1.201613e+00 -5.264611e+00  1.000000e+01
   endloop
 endfacet
 facet normal  0.000000e+00  0.000000e+00  1.000000e+00
   outer loop
     vertex  8.396055e-01 -2.984135e+00  1.000000e+01
     vertex  1.201613e+00 -5.264611e+00  1.000000e+01
     vertex  1.462539e+00 -5.198171e+00  1.000000e+01
   endloop
 endfacet
 facet normal  0.000000e+00  0.000000e+00  1.000000e+00
   outer loop
     vertex -2.962276e+00  9.137410e-01  1.000000e+01
     vertex -5.233017e+00  1.332490e+00  1.000000e+01
     vertex -3.004140e+00  7.649479e-01  1.000000e+01
   endloop
 endfacet
 facet normal  0.000000e+00  0.000000e+00  1.000000e+00
   outer loop
     vertex -2.962276e+00  9.137410e-01  1.000000e+01
     vertex -5.160093e+00  1.591678e+00  1.000000e+01
     vertex -5.233017e+00  1.332490e+00  1.000000e+01
   endloop
 endfacet
 facet normal  0.000000e+00  0.000000e+00  1.000000e+00
   outer loop
     vertex  9.873086e-01 -2.938575e+00  1.000000e+01
     vertex  1.462539e+00 -5.198171e+00  1.000000e+01
     vertex  1.719828e+00 -5.118808e+00  1.000000e+01
   endloop
 endfacet
 facet normal  0.000000e+00  0.000000e+00  1.000000e+00
   outer loop
     vertex  9.873086e-01 -2.938575e+00  1.000000e+01
     vertex  8.396055e-01 -2.984135e+00  1.000000e+01
     vertex  1.462539e+00 -5.198171e+00  1.000000e+01
   endloop
 endfacet
 facet normal  0.000000e+00  0.000000e+00  1.000000e+00
   outer loop
     vertex -2.913047e+00  1.060262e+00  1.000000e+01
     vertex -5.160093e+00  1.591678e+00  1.000000e+01
     vertex -2.962276e+00  9.137410e-01  1.000000e+01
   endloop
 endfacet
 facet normal  0.000000e+00  0.000000e+00  1.000000e+00
   outer loop
     vertex -2.913047e+00  1.060262e+00  1.000000e+01
     vertex -5.074340e+00  1.846909e+00  1.000000e+01
     vertex -5.160093e+00  1.591678e+00  1.000000e+01
   endloop
 endfacet
 facet normal  0.000000e+00  0.000000e+00  1.000000e+00
   outer loop
     vertex  1.132557e+00 -2.885709e+00  1.000000e+01
     vertex  1.719828e+00 -5.118808e+00  1.000000e+01
     vertex  1.972842e+00 -5.026718e+00  1.000000e+01
   endloop
 endfacet
 facet normal  0.000000e+00  0.000000e+00  1.000000e+00
   outer loop
     vertex  1.132557e+00 -2.885709e+00  1.000000e+01
     vertex  9.873086e-01 -2.938575e+00  1.000000e+01
     vertex  1.719828e+00 -5.118808e+00  1.000000e+01
   endloop
 endfacet
 facet normal  0.000000e+00  0.000000e+00  1.000000e+00
   outer loop
     vertex -2.856576e+00  1.204148e+00  1.000000e+01
     vertex -5.074340e+00  1.846909e+00  1.000000e+01
     vertex -2.913047e+00  1.060262e+00  1.000000e+01
   endloop
 endfacet
 facet normal  0.000000e+00  0.000000e+00  1.000000e+00
   outer loop
     vertex -2.856576e+00  1.204148e+00  1.000000e+01
     vertex -4.975972e+00  2.097548e+00  1.000000e+01
     vertex -5.074340e+00  1.846909e+00  1.000000e+01
   endloop
 endfacet
 facet normal  0.000000e+00  0.000000e+00  1.000000e+00
   outer loop
     vertex  1.274990e+00 -2.825668e+00  1.000000e+01
     vertex  1.972842e+00 -5.026718e+00  1.000000e+01
     vertex  2.220950e+00 -4.922132e+00  1.000000e+01
   endloop
 endfacet
 facet normal  0.000000e+00  0.000000e+00  1.000000e+00
   outer loop
     vertex  1.274990e+00 -2.825668e+00  1.000000e+01
     vertex  1.132557e+00 -2.885709e+00  1.000000e+01
     vertex  1.972842e+00 -5.026718e+00  1.000000e+01
   endloop
 endfacet
 facet normal  0.000000e+00  0.000000e+00  1.000000e+00
   outer loop
     vertex -2.793003e+00  1.345040e+00  1.000000e+01
     vertex -4.865232e+00  2.342972e+00  1.000000e+01
     vertex -4.975972e+00  2.097548e+00  1.000000e+01
   endloop
 endfacet
 facet normal  0.000000e+00  0.000000e+00  1.000000e+00
   outer loop
     vertex -2.793003e+00  1.345040e+00  1.000000e+01
     vertex -4.975972e+00  2.097548e+00  1.000000e+01
     vertex -2.856576e+00  1.204148e+00  1.000000e+01
   endloop
 endfacet
 facet normal  0.000000e+00  0.000000e+00  1.000000e+00
   outer loop
     vertex  1.414253e+00 -2.758603e+00  1.000000e+01
     vertex  2.220950e+00 -4.922132e+00  1.000000e+01
     vertex  2.463538e+00 -4.805308e+00  1.000000e+01
   endloop
 endfacet
 facet normal  0.000000e+00  0.000000e+00  1.000000e+00
   outer loop
     vertex  1.414253e+00 -2.758603e+00  1.000000e+01
     vertex  1.274990e+00 -2.825668e+00  1.000000e+01
     vertex  2.220950e+00 -4.922132e+00  1.000000e+01
   endloop
 endfacet
 facet normal  0.000000e+00  0.000000e+00  1.000000e+00
   outer loop
     vertex -2.722487e+00  1.482587e+00  1.000000e+01
     vertex -4.865232e+00  2.342972e+00  1.000000e+01
     vertex -2.793003e+00  1.345040e+00  1.000000e+01
   endloop
 endfacet
 facet normal  0.000000e+00  0.000000e+00  1.000000e+00
   outer loop
     vertex -2.722487e+00  1.482587e+00  1.000000e+01
     vertex -4.742396e+00  2.582571e+00  1.000000e+01
     vertex -4.865232e+00  2.342972e+00  1.000000e+01
   endloop
 endfacet
 facet normal  0.000000e+00  0.000000e+00  1.000000e+00
   outer loop
     vertex  1.550000e+00 -2.684679e+00  1.000000e+01
     vertex  2.463538e+00 -4.805308e+00  1.000000e+01
     vertex  2.700000e+00 -4.676537e+00  1.000000e+01
   endloop
 endfacet
 facet normal  0.000000e+00  0.000000e+00  1.000000e+00
   outer loop
     vertex  1.550000e+00 -2.684679e+00  1.000000e+01
     vertex  2.700000e+00 -4.676537e+00  1.000000e+01
     vertex  2.929750e+00 -4.536140e+00  1.000000e+01
   endloop
 endfacet
 facet normal  0.000000e+00  0.000000e+00  1.000000e+00
   outer loop
     vertex  1.550000e+00 -2.684679e+00  1.000000e+01
     vertex  1.414253e+00 -2.758603e+00  1.000000e+01
     vertex  2.463538e+00 -4.805308e+00  1.000000e+01
   endloop
 endfacet
 facet normal  0.000000e+00  0.000000e+00  1.000000e+00
   outer loop
     vertex -2.645202e+00  1.616449e+00  1.000000e+01
     vertex -4.742396e+00  2.582571e+00  1.000000e+01
     vertex -2.722487e+00  1.482587e+00  1.000000e+01
   endloop
 endfacet
 facet normal  0.000000e+00  0.000000e+00  1.000000e+00
   outer loop
     vertex -2.645202e+00  1.616449e+00  1.000000e+01
     vertex -4.461689e+00  3.041928e+00  1.000000e+01
     vertex -4.607771e+00  2.815750e+00  1.000000e+01
   endloop
 endfacet
 facet normal  0.000000e+00  0.000000e+00  1.000000e+00
   outer loop
     vertex -2.645202e+00  1.616449e+00  1.000000e+01
     vertex -4.607771e+00  2.815750e+00  1.000000e+01
     vertex -4.742396e+00  2.582571e+00  1.000000e+01
   endloop
 endfacet
 facet normal  0.000000e+00  0.000000e+00  1.000000e+00
   outer loop
     vertex  1.681893e+00 -2.604080e+00  1.000000e+01
     vertex  1.550000e+00 -2.684679e+00  1.000000e+01
     vertex  2.929750e+00 -4.536140e+00  1.000000e+01
   endloop
 endfacet
 facet normal  0.000000e+00  0.000000e+00  1.000000e+00
   outer loop
     vertex -2.561340e+00  1.746292e+00  1.000000e+01
     vertex -4.461689e+00  3.041928e+00  1.000000e+01
     vertex -2.645202e+00  1.616449e+00  1.000000e+01
   endloop
 endfacet
 facet normal  0.000000e+00  0.000000e+00  1.000000e+00
   outer loop
     vertex  1.809605e+00 -2.517008e+00  1.000000e+01
     vertex  2.929750e+00 -4.536140e+00  1.000000e+01
     vertex  3.152216e+00 -4.384465e+00  1.000000e+01
   endloop
 endfacet
 facet normal  0.000000e+00  0.000000e+00  1.000000e+00
   outer loop
     vertex  1.809605e+00 -2.517008e+00  1.000000e+01
     vertex  3.152216e+00 -4.384465e+00  1.000000e+01
     vertex  3.366845e+00 -4.221890e+00  1.000000e+01
   endloop
 endfacet
 facet normal  0.000000e+00  0.000000e+00  1.000000e+00
   outer loop
     vertex  1.809605e+00 -2.517008e+00  1.000000e+01
     vertex  1.681893e+00 -2.604080e+00  1.000000e+01
     vertex  2.929750e+00 -4.536140e+00  1.000000e+01
   endloop
 endfacet
 facet normal  0.000000e+00  0.000000e+00  1.000000e+00
   outer loop
     vertex -2.471111e+00  1.871794e+00  1.000000e+01
     vertex -4.136640e+00  3.471053e+00  1.000000e+01
     vertex -4.304516e+00  3.260544e+00  1.000000e+01
   endloop
 endfacet
 facet normal  0.000000e+00  0.000000e+00  1.000000e+00
   outer loop
     vertex -2.471111e+00  1.871794e+00  1.000000e+01
     vertex -4.304516e+00  3.260544e+00  1.000000e+01
     vertex -4.461689e+00  3.041928e+00  1.000000e+01
   endloop
 endfacet
 facet normal  0.000000e+00  0.000000e+00  1.000000e+00
   outer loop
     vertex -2.471111e+00  1.871794e+00  1.000000e+01
     vertex -4.461689e+00  3.041928e+00  1.000000e+01
     vertex -2.561340e+00  1.746292e+00  1.000000e+01
   endloop
 endfacet
 facet normal  0.000000e+00  0.000000e+00  1.000000e+00
   outer loop
     vertex  1.932818e+00 -2.423678e+00  1.000000e+01
     vertex  1.809605e+00 -2.517008e+00  1.000000e+01
     vertex  3.366845e+00 -4.221890e+00  1.000000e+01
   endloop
 endfacet
 facet normal  0.000000e+00  0.000000e+00  1.000000e+00
   outer loop
     vertex -2.374738e+00  1.992642e+00  1.000000e+01
     vertex -4.136640e+00  3.471053e+00  1.000000e+01
     vertex -2.471111e+00  1.871794e+00  1.000000e+01
   endloop
 endfacet
 facet normal  0.000000e+00  0.000000e+00  1.000000e+00
   outer loop
     vertex  2.051226e+00 -2.324322e+00  1.000000e+01
     vertex  3.366845e+00 -4.221890e+00  1.000000e+01
     vertex  3.573104e+00 -4.048818e+00  1.000000e+01
   endloop
 endfacet
 facet normal  0.000000e+00  0.000000e+00  1.000000e+00
   outer loop
     vertex  2.051226e+00 -2.324322e+00  1.000000e+01
     vertex  1.932818e+00 -2.423678e+00  1.000000e+01
     vertex  3.366845e+00 -4.221890e+00  1.000000e+01
   endloop
 endfacet
 facet normal  0.000000e+00  0.000000e+00  1.000000e+00
   outer loop
     vertex -2.272461e+00  2.108535e+00  1.000000e+01
     vertex -3.958480e+00  3.672933e+00  1.000000e+01
     vertex -4.136640e+00  3.471053e+00  1.000000e+01
   endloop
 endfacet
 facet normal  0.000000e+00  0.000000e+00  1.000000e+00
   outer loop
     vertex -2.272461e+00  2.108535e+00  1.000000e+01
     vertex -4.136640e+00  3.471053e+00  1.000000e+01
     vertex -2.374738e+00  1.992642e+00  1.000000e+01
   endloop
 endfacet
 facet normal  0.000000e+00  0.000000e+00  1.000000e+00
   outer loop
     vertex  2.164534e+00 -2.219187e+00  1.000000e+01
     vertex  3.573104e+00 -4.048818e+00  1.000000e+01
     vertex  3.770479e+00 -3.865681e+00  1.000000e+01
   endloop
 endfacet
 facet normal  0.000000e+00  0.000000e+00  1.000000e+00
   outer loop
     vertex  2.164534e+00 -2.219187e+00  1.000000e+01
     vertex  2.051226e+00 -2.324322e+00  1.000000e+01
     vertex  3.573104e+00 -4.048818e+00  1.000000e+01
   endloop
 endfacet
 facet normal  0.000000e+00  0.000000e+00  1.000000e+00
   outer loop
     vertex -2.164534e+00  2.219187e+00  1.000000e+01
     vertex -3.958480e+00  3.672933e+00  1.000000e+01
     vertex -2.272461e+00  2.108535e+00  1.000000e+01
   endloop
 endfacet
 facet normal  0.000000e+00  0.000000e+00  1.000000e+00
   outer loop
     vertex -3.770479e+00  3.865681e+00  1.000000e+01
     vertex -3.958480e+00  3.672933e+00  1.000000e+01
     vertex -2.164534e+00  2.219187e+00  1.000000e+01
   endloop
 endfacet
 facet normal  0.000000e+00  0.000000e+00  1.000000e+00
   outer loop
     vertex  3.958480e+00 -3.672933e+00  1.000000e+01
     vertex  2.272461e+00 -2.108535e+00  1.000000e+01
     vertex  2.164534e+00 -2.219187e+00  1.000000e+01
   endloop
 endfacet
 facet normal  0.000000e+00  0.000000e+00  1.000000e+00
   outer loop
     vertex  3.958480e+00 -3.672933e+00  1.000000e+01
     vertex  2.164534e+00 -2.219187e+00  1.000000e+01
     vertex  3.770479e+00 -3.865681e+00  1.000000e+01
   endloop
 endfacet
 facet normal  0.000000e+00  0.000000e+00  1.000000e+00
   outer loop
     vertex -3.573104e+00  4.048818e+00  1.000000e+01
     vertex -3.770479e+00  3.865681e+00  1.000000e+01
     vertex -2.164534e+00  2.219187e+00  1.000000e+01
   endloop
 endfacet
 facet normal  0.000000e+00  0.000000e+00  1.000000e+00
   outer loop
     vertex -3.573104e+00  4.048818e+00  1.000000e+01
     vertex -2.164534e+00  2.219187e+00  1.000000e+01
     vertex -2.051226e+00  2.324322e+00  1.000000e+01
   endloop
 endfacet
 facet normal  0.000000e+00  0.000000e+00  1.000000e+00
   outer loop
     vertex  4.136640e+00 -3.471053e+00  1.000000e+01
     vertex  2.272461e+00 -2.108535e+00  1.000000e+01
     vertex  3.958480e+00 -3.672933e+00  1.000000e+01
   endloop
 endfacet
 facet normal  0.000000e+00  0.000000e+00  1.000000e+00
   outer loop
     vertex  4.136640e+00 -3.471053e+00  1.000000e+01
     vertex  2.374738e+00 -1.992642e+00  1.000000e+01
     vertex  2.272461e+00 -2.108535e+00  1.000000e+01
   endloop
 endfacet
 facet normal  0.000000e+00  0.000000e+00  1.000000e+00
   outer loop
     vertex -3.366845e+00  4.221890e+00  1.000000e+01
     vertex -3.573104e+00  4.048818e+00  1.000000e+01
     vertex -2.051226e+00  2.324322e+00  1.000000e+01
   endloop
 endfacet
 facet normal  0.000000e+00  0.000000e+00  1.000000e+00
   outer loop
     vertex -3.366845e+00  4.221890e+00  1.000000e+01
     vertex -1.932818e+00  2.423678e+00  1.000000e+01
     vertex -1.809605e+00  2.517008e+00  1.000000e+01
   endloop
 endfacet
 facet normal  0.000000e+00  0.000000e+00  1.000000e+00
   outer loop
     vertex -3.366845e+00  4.221890e+00  1.000000e+01
     vertex -2.051226e+00  2.324322e+00  1.000000e+01
     vertex -1.932818e+00  2.423678e+00  1.000000e+01
   endloop
 endfacet
 facet normal  0.000000e+00  0.000000e+00  1.000000e+00
   outer loop
     vertex  4.304516e+00 -3.260544e+00  1.000000e+01
     vertex  2.374738e+00 -1.992642e+00  1.000000e+01
     vertex  4.136640e+00 -3.471053e+00  1.000000e+01
   endloop
 endfacet
 facet normal  0.000000e+00  0.000000e+00  1.000000e+00
   outer loop
     vertex  4.304516e+00 -3.260544e+00  1.000000e+01
     vertex  2.471111e+00 -1.871794e+00  1.000000e+01
     vertex  2.374738e+00 -1.992642e+00  1.000000e+01
   endloop
 endfacet
 facet normal  0.000000e+00  0.000000e+00  1.000000e+00
   outer loop
     vertex -3.152216e+00  4.384465e+00  1.000000e+01
     vertex -3.366845e+00  4.221890e+00  1.000000e+01
     vertex -1.809605e+00  2.517008e+00  1.000000e+01
   endloop
 endfacet
 facet normal  0.000000e+00  0.000000e+00  1.000000e+00
   outer loop
     vertex  4.461689e+00 -3.041928e+00  1.000000e+01
     vertex  2.471111e+00 -1.871794e+00  1.000000e+01
     vertex  4.304516e+00 -3.260544e+00  1.000000e+01
   endloop
 endfacet
 facet normal  0.000000e+00  0.000000e+00  1.000000e+00
   outer loop
     vertex  4.461689e+00 -3.041928e+00  1.000000e+01
     vertex  2.561340e+00 -1.746292e+00  1.000000e+01
     vertex  2.471111e+00 -1.871794e+00  1.000000e+01
   endloop
 endfacet
 facet normal  0.000000e+00  0.000000e+00  1.000000e+00
   outer loop
     vertex -2.929750e+00  4.536140e+00  1.000000e+01
     vertex -3.152216e+00  4.384465e+00  1.000000e+01
     vertex -1.809605e+00  2.517008e+00  1.000000e+01
   endloop
 endfacet
 facet normal  0.000000e+00  0.000000e+00  1.000000e+00
   outer loop
     vertex -2.929750e+00  4.536140e+00  1.000000e+01
     vertex -1.681893e+00  2.604080e+00  1.000000e+01
     vertex -1.550000e+00  2.684679e+00  1.000000e+01
   endloop
 endfacet
 facet normal  0.000000e+00  0.000000e+00  1.000000e+00
   outer loop
     vertex -2.929750e+00  4.536140e+00  1.000000e+01
     vertex -1.809605e+00  2.517008e+00  1.000000e+01
     vertex -1.681893e+00  2.604080e+00  1.000000e+01
   endloop
 endfacet
 facet normal  0.000000e+00  0.000000e+00  1.000000e+00
   outer loop
     vertex  4.607771e+00 -2.815750e+00  1.000000e+01
     vertex  2.561340e+00 -1.746292e+00  1.000000e+01
     vertex  4.461689e+00 -3.041928e+00  1.000000e+01
   endloop
 endfacet
 facet normal  0.000000e+00  0.000000e+00  1.000000e+00
   outer loop
     vertex  4.607771e+00 -2.815750e+00  1.000000e+01
     vertex  2.645202e+00 -1.616449e+00  1.000000e+01
     vertex  2.561340e+00 -1.746292e+00  1.000000e+01
   endloop
 endfacet
 facet normal  0.000000e+00  0.000000e+00  1.000000e+00
   outer loop
     vertex -2.700000e+00  4.676537e+00  1.000000e+01
     vertex -2.929750e+00  4.536140e+00  1.000000e+01
     vertex -1.550000e+00  2.684679e+00  1.000000e+01
   endloop
 endfacet
 facet normal  0.000000e+00  0.000000e+00  1.000000e+00
   outer loop
     vertex -2.700000e+00  4.676537e+00  1.000000e+01
     vertex -1.550000e+00  2.684679e+00  1.000000e+01
     vertex -1.414253e+00  2.758603e+00  1.000000e+01
   endloop
 endfacet
 facet normal  0.000000e+00  0.000000e+00  1.000000e+00
   outer loop
     vertex  4.742396e+00 -2.582571e+00  1.000000e+01
     vertex  2.645202e+00 -1.616449e+00  1.000000e+01
     vertex  4.607771e+00 -2.815750e+00  1.000000e+01
   endloop
 endfacet
 facet normal  0.000000e+00  0.000000e+00  1.000000e+00
   outer loop
     vertex  4.742396e+00 -2.582571e+00  1.000000e+01
     vertex  2.722487e+00 -1.482587e+00  1.000000e+01
     vertex  2.645202e+00 -1.616449e+00  1.000000e+01
   endloop
 endfacet
 facet normal  0.000000e+00  0.000000e+00  1.000000e+00
   outer loop
     vertex  4.742396e+00 -2.582571e+00  1.000000e+01
     vertex  2.793003e+00 -1.345040e+00  1.000000e+01
     vertex  2.722487e+00 -1.482587e+00  1.000000e+01
   endloop
 endfacet
 facet normal  0.000000e+00  0.000000e+00  1.000000e+00
   outer loop
     vertex -2.463538e+00  4.805308e+00  1.000000e+01
     vertex -2.700000e+00  4.676537e+00  1.000000e+01
     vertex -1.414253e+00  2.758603e+00  1.000000e+01
   endloop
 endfacet
 facet normal  0.000000e+00  0.000000e+00  1.000000e+00
   outer loop
     vertex  4.865232e+00 -2.342972e+00  1.000000e+01
     vertex  2.793003e+00 -1.345040e+00  1.000000e+01
     vertex  4.742396e+00 -2.582571e+00  1.000000e+01
   endloop
 endfacet
 facet normal  0.000000e+00  0.000000e+00  1.000000e+00
   outer loop
     vertex -2.220950e+00  4.922132e+00  1.000000e+01
     vertex -2.463538e+00  4.805308e+00  1.000000e+01
     vertex -1.414253e+00  2.758603e+00  1.000000e+01
   endloop
 endfacet
 facet normal  0.000000e+00  0.000000e+00  1.000000e+00
   outer loop
     vertex -2.220950e+00  4.922132e+00  1.000000e+01
     vertex -1.414253e+00  2.758603e+00  1.000000e+01
     vertex -1.274990e+00  2.825668e+00  1.000000e+01
   endloop
 endfacet
 facet normal  0.000000e+00  0.000000e+00  1.000000e+00
   outer loop
     vertex  4.975972e+00 -2.097548e+00  1.000000e+01
     vertex  2.856576e+00 -1.204148e+00  1.000000e+01
     vertex  2.793003e+00 -1.345040e+00  1.000000e+01
   endloop
 endfacet
 facet normal  0.000000e+00  0.000000e+00  1.000000e+00
   outer loop
     vertex  4.975972e+00 -2.097548e+00  1.000000e+01
     vertex  2.793003e+00 -1.345040e+00  1.000000e+01
     vertex  4.865232e+00 -2.342972e+00  1.000000e+01
   endloop
 endfacet
 facet normal  0.000000e+00  0.000000e+00  1.000000e+00
   outer loop
     vertex -1.972842e+00  5.026718e+00  1.000000e+01
     vertex -1.274990e+00  2.825668e+00  1.000000e+01
     vertex -1.132557e+00  2.885709e+00  1.000000e+01
   endloop
 endfacet
 facet normal  0.000000e+00  0.000000e+00  1.000000e+00
   outer loop
     vertex -1.972842e+00  5.026718e+00  1.000000e+01
     vertex -2.220950e+00  4.922132e+00  1.000000e+01
     vertex -1.274990e+00  2.825668e+00  1.000000e+01
   endloop
 endfacet
 facet normal  0.000000e+00  0.000000e+00  1.000000e+00
   outer loop
     vertex  5.074340e+00 -1.846909e+00  1.000000e+01
     vertex  2.913047e+00 -1.060262e+00  1.000000e+01
     vertex  2.856576e+00 -1.204148e+00  1.000000e+01
   endloop
 endfacet
 facet normal  0.000000e+00  0.000000e+00  1.000000e+00
   outer loop
     vertex  5.074340e+00 -1.846909e+00  1.000000e+01
     vertex  2.962276e+00 -9.137410e-01  1.000000e+01
     vertex  2.913047e+00 -1.060262e+00  1.000000e+01
   endloop
 endfacet
 facet normal  0.000000e+00  0.000000e+00  1.000000e+00
   outer loop
     vertex  5.074340e+00 -1.846909e+00  1.000000e+01
     vertex  2.856576e+00 -1.204148e+00  1.000000e+01
     vertex  4.975972e+00 -2.097548e+00  1.000000e+01
   endloop
 endfacet
 facet normal  0.000000e+00  0.000000e+00  1.000000e+00
   outer loop
     vertex -1.719828e+00  5.118808e+00  1.000000e+01
     vertex -1.132557e+00  2.885709e+00  1.000000e+01
     vertex -9.873086e-01  2.938575e+00  1.000000e+01
   endloop
 endfacet
 facet normal  0.000000e+00  0.000000e+00  1.000000e+00
   outer loop
     vertex -1.719828e+00  5.118808e+00  1.000000e+01
     vertex -1.972842e+00  5.026718e+00  1.000000e+01
     vertex -1.132557e+00  2.885709e+00  1.000000e+01
   endloop
 endfacet
 facet normal  0.000000e+00  0.000000e+00  1.000000e+00
   outer loop
     vertex  5.160093e+00 -1.591678e+00  1.000000e+01
     vertex  2.962276e+00 -9.137410e-01  1.000000e+01
     vertex  5.074340e+00 -1.846909e+00  1.000000e+01
   endloop
 endfacet
 facet normal  0.000000e+00  0.000000e+00  1.000000e+00
   outer loop
     vertex -1.462539e+00  5.198171e+00  1.000000e+01
     vertex -1.719828e+00  5.118808e+00  1.000000e+01
     vertex -9.873086e-01  2.938575e+00  1.000000e+01
   endloop
 endfacet
 facet normal  0.000000e+00  0.000000e+00  1.000000e+00
   outer loop
     vertex -1.462539e+00  5.198171e+00  1.000000e+01
     vertex -9.873086e-01  2.938575e+00  1.000000e+01
     vertex -8.396055e-01  2.984135e+00  1.000000e+01
   endloop
 endfacet
 facet normal  0.000000e+00  0.000000e+00  1.000000e+00
   outer loop
     vertex  5.233017e+00 -1.332490e+00  1.000000e+01
     vertex  3.004140e+00 -7.649479e-01  1.000000e+01
     vertex  2.962276e+00 -9.137410e-01  1.000000e+01
   endloop
 endfacet
 facet normal  0.000000e+00  0.000000e+00  1.000000e+00
   outer loop
     vertex  5.233017e+00 -1.332490e+00  1.000000e+01
     vertex  2.962276e+00 -9.137410e-01  1.000000e+01
     vertex  5.160093e+00 -1.591678e+00  1.000000e+01
   endloop
 endfacet
 facet normal  0.000000e+00  0.000000e+00  1.000000e+00
   outer loop
     vertex -1.201613e+00  5.264611e+00  1.000000e+01
     vertex -1.462539e+00  5.198171e+00  1.000000e+01
     vertex -8.396055e-01  2.984135e+00  1.000000e+01
   endloop
 endfacet
 facet normal  0.000000e+00  0.000000e+00  1.000000e+00
   outer loop
     vertex -1.201613e+00  5.264611e+00  1.000000e+01
     vertex -8.396055e-01  2.984135e+00  1.000000e+01
     vertex -6.898149e-01  3.022277e+00  1.000000e+01
   endloop
 endfacet
 facet normal  0.000000e+00  0.000000e+00  1.000000e+00
   outer loop
     vertex  5.292931e+00 -1.069989e+00  1.000000e+01
     vertex  3.004140e+00 -7.649479e-01  1.000000e+01
     vertex  5.233017e+00 -1.332490e+00  1.000000e+01
   endloop
 endfacet
 facet normal  0.000000e+00  0.000000e+00  1.000000e+00
   outer loop
     vertex  5.292931e+00 -1.069989e+00  1.000000e+01
     vertex  3.038535e+00 -6.142530e-01  1.000000e+01
     vertex  3.004140e+00 -7.649479e-01  1.000000e+01
   endloop
 endfacet
 facet normal  0.000000e+00  0.000000e+00  1.000000e+00
   outer loop
     vertex -9.377002e-01  5.317962e+00  1.000000e+01
     vertex -1.201613e+00  5.264611e+00  1.000000e+01
     vertex -6.898149e-01  3.022277e+00  1.000000e+01
   endloop
 endfacet
 facet normal  0.000000e+00  0.000000e+00  1.000000e+00
   outer loop
     vertex -9.377002e-01  5.317962e+00  1.000000e+01
     vertex -5.383094e-01  3.052904e+00  1.000000e+01
     vertex -3.854655e-01  3.075942e+00  1.000000e+01
   endloop
 endfacet
 facet normal  0.000000e+00  0.000000e+00  1.000000e+00
   outer loop
     vertex -9.377002e-01  5.317962e+00  1.000000e+01
     vertex -6.898149e-01  3.022277e+00  1.000000e+01
     vertex -5.383094e-01  3.052904e+00  1.000000e+01
   endloop
 endfacet
 facet normal  0.000000e+00  0.000000e+00  1.000000e+00
   outer loop
     vertex  5.339686e+00 -8.048282e-01  1.000000e+01
     vertex  3.065376e+00 -4.620310e-01  1.000000e+01
     vertex  3.038535e+00 -6.142530e-01  1.000000e+01
   endloop
 endfacet
 facet normal  0.000000e+00  0.000000e+00  1.000000e+00
   outer loop
     vertex  5.339686e+00 -8.048282e-01  1.000000e+01
     vertex  3.038535e+00 -6.142530e-01  1.000000e+01
     vertex  5.292931e+00 -1.069989e+00  1.000000e+01
   endloop
 endfacet
 facet normal  0.000000e+00  0.000000e+00  1.000000e+00
   outer loop
     vertex -6.714560e-01  5.358092e+00  1.000000e+01
     vertex -9.377002e-01  5.317962e+00  1.000000e+01
     vertex -3.854655e-01  3.075942e+00  1.000000e+01
   endloop
 endfacet
 facet normal  0.000000e+00  0.000000e+00  1.000000e+00
   outer loop
     vertex  5.373166e+00 -5.376664e-01  1.000000e+01
     vertex  3.084595e+00 -3.086603e-01  1.000000e+01
     vertex  3.065376e+00 -4.620310e-01  1.000000e+01
   endloop
 endfacet
 facet normal  0.000000e+00  0.000000e+00  1.000000e+00
   outer loop
     vertex  5.373166e+00 -5.376664e-01  1.000000e+01
     vertex  3.096146e+00 -1.545222e-01  1.000000e+01
     vertex  3.084595e+00 -3.086603e-01  1.000000e+01
   endloop
 endfacet
 facet normal  0.000000e+00  0.000000e+00  1.000000e+00
   outer loop
     vertex  5.373166e+00 -5.376664e-01  1.000000e+01
     vertex  3.065376e+00 -4.620310e-01  1.000000e+01
     vertex  5.339686e+00 -8.048282e-01  1.000000e+01
   endloop
 endfacet
 facet normal  0.000000e+00  0.000000e+00  1.000000e+00
   outer loop
     vertex -4.035425e-01  5.384901e+00  1.000000e+01
     vertex -2.316633e-01  3.091332e+00  1.000000e+01
     vertex -7.728514e-02  3.099036e+00  1.000000e+01
   endloop
 endfacet
 facet normal  0.000000e+00  0.000000e+00  1.000000e+00
   outer loop
     vertex -4.035425e-01  5.384901e+00  1.000000e+01
     vertex -3.854655e-01  3.075942e+00  1.000000e+01
     vertex -2.316633e-01  3.091332e+00  1.000000e+01
   endloop
 endfacet
 facet normal  0.000000e+00  0.000000e+00  1.000000e+00
   outer loop
     vertex -4.035425e-01  5.384901e+00  1.000000e+01
     vertex -6.714560e-01  5.358092e+00  1.000000e+01
     vertex -3.854655e-01  3.075942e+00  1.000000e+01
   endloop
 endfacet
 facet normal  0.000000e+00  0.000000e+00  1.000000e+00
   outer loop
     vertex  5.393287e+00 -2.691678e-01  1.000000e+01
     vertex  3.096146e+00 -1.545222e-01  1.000000e+01
     vertex  5.373166e+00 -5.376664e-01  1.000000e+01
   endloop
 endfacet
 facet normal  0.000000e+00  0.000000e+00  1.000000e+00
   outer loop
     vertex -1.346257e-01  5.398322e+00  1.000000e+01
     vertex -7.728514e-02  3.099036e+00  1.000000e+01
     vertex  7.728514e-02  3.099036e+00  1.000000e+01
   endloop
 endfacet
 facet normal  0.000000e+00  0.000000e+00  1.000000e+00
   outer loop
     vertex -1.346257e-01  5.398322e+00  1.000000e+01
     vertex -4.035425e-01  5.384901e+00  1.000000e+01
     vertex -7.728514e-02  3.099036e+00  1.000000e+01
   endloop
 endfacet
 facet normal  0.000000e+00  0.000000e+00  1.000000e+00
   outer loop
     vertex  5.400000e+00  0.000000e+00  1.000000e+01
     vertex  3.100000e+00  0.000000e+00  1.000000e+01
     vertex  3.096146e+00 -1.545222e-01  1.000000e+01
   endloop
 endfacet
 facet normal  0.000000e+00  0.000000e+00  1.000000e+00
   outer loop
     vertex  5.400000e+00  0.000000e+00  1.000000e+01
     vertex  3.096146e+00 -1.545222e-01  1.000000e+01
     vertex  5.393287e+00 -2.691678e-01  1.000000e+01
   endloop
 endfacet
 facet normal  0.000000e+00  0.000000e+00  1.000000e+00
   outer loop
     vertex  1.346257e-01  5.398322e+00  1.000000e+01
     vertex -1.346257e-01  5.398322e+00  1.000000e+01
     vertex  7.728514e-02  3.099036e+00  1.000000e+01
   endloop
 endfacet
 facet normal  0.000000e+00  0.000000e+00  1.000000e+00
   outer loop
     vertex  5.393287e+00  2.691678e-01  1.000000e+01
     vertex  3.096146e+00  1.545222e-01  1.000000e+01
     vertex  3.100000e+00  0.000000e+00  1.000000e+01
   endloop
 endfacet
 facet normal  0.000000e+00  0.000000e+00  1.000000e+00
   outer loop
     vertex  5.393287e+00  2.691678e-01  1.000000e+01
     vertex  3.100000e+00  0.000000e+00  1.000000e+01
     vertex  5.400000e+00  0.000000e+00  1.000000e+01
   endloop
 endfacet
 facet normal  0.000000e+00  0.000000e+00  1.000000e+00
   outer loop
     vertex  4.035425e-01  5.384901e+00  1.000000e+01
     vertex  7.728514e-02  3.099036e+00  1.000000e+01
     vertex  2.316633e-01  3.091332e+00  1.000000e+01
   endloop
 endfacet
 facet normal  0.000000e+00  0.000000e+00  1.000000e+00
   outer loop
     vertex  4.035425e-01  5.384901e+00  1.000000e+01
     vertex  1.346257e-01  5.398322e+00  1.000000e+01
     vertex  7.728514e-02  3.099036e+00  1.000000e+01
   endloop
 endfacet
 facet normal  0.000000e+00  0.000000e+00  1.000000e+00
   outer loop
     vertex  5.373166e+00  5.376664e-01  1.000000e+01
     vertex  3.084595e+00  3.086603e-01  1.000000e+01
     vertex  3.096146e+00  1.545222e-01  1.000000e+01
   endloop
 endfacet
 facet normal  0.000000e+00  0.000000e+00  1.000000e+00
   outer loop
     vertex  5.373166e+00  5.376664e-01  1.000000e+01
     vertex  3.096146e+00  1.545222e-01  1.000000e+01
     vertex  5.393287e+00  2.691678e-01  1.000000e+01
   endloop
 endfacet
 facet normal  0.000000e+00  0.000000e+00  1.000000e+00
   outer loop
     vertex  6.714560e-01  5.358092e+00  1.000000e+01
     vertex  2.316633e-01  3.091332e+00  1.000000e+01
     vertex  3.854655e-01  3.075942e+00  1.000000e+01
   endloop
 endfacet
 facet normal  0.000000e+00  0.000000e+00  1.000000e+00
   outer loop
     vertex  6.714560e-01  5.358092e+00  1.000000e+01
     vertex  4.035425e-01  5.384901e+00  1.000000e+01
     vertex  2.316633e-01  3.091332e+00  1.000000e+01
   endloop
 endfacet
 facet normal  0.000000e+00  0.000000e+00  1.000000e+00
   outer loop
     vertex  5.339686e+00  8.048282e-01  1.000000e+01
     vertex  3.065376e+00  4.620310e-01  1.000000e+01
     vertex  3.084595e+00  3.086603e-01  1.000000e+01
   endloop
 endfacet
 facet normal  0.000000e+00  0.000000e+00  1.000000e+00
   outer loop
     vertex  5.339686e+00  8.048282e-01  1.000000e+01
     vertex  3.084595e+00  3.086603e-01  1.000000e+01
     vertex  5.373166e+00  5.376664e-01  1.000000e+01
   endloop
 endfacet
 facet normal  0.000000e+00  0.000000e+00  1.000000e+00
   outer loop
     vertex  9.377002e-01  5.317962e+00  1.000000e+01
     vertex  6.714560e-01  5.358092e+00  1.000000e+01
     vertex  3.854655e-01  3.075942e+00  1.000000e+01
   endloop
 endfacet
 facet normal  0.000000e+00  0.000000e+00  1.000000e+00
   outer loop
     vertex  9.377002e-01  5.317962e+00  1.000000e+01
     vertex  3.854655e-01  3.075942e+00  1.000000e+01
     vertex  5.383094e-01  3.052904e+00  1.000000e+01
   endloop
 endfacet
 facet normal  0.000000e+00  0.000000e+00  1.000000e+00
   outer loop
     vertex  5.292931e+00  1.069989e+00  1.000000e+01
     vertex  3.038535e+00  6.142530e-01  1.000000e+01
     vertex  3.065376e+00  4.620310e-01  1.000000e+01
   endloop
 endfacet
 facet normal  0.000000e+00  0.000000e+00  1.000000e+00
   outer loop
     vertex  5.292931e+00  1.069989e+00  1.000000e+01
     vertex  3.004140e+00  7.649479e-01  1.000000e+01
     vertex  3.038535e+00  6.142530e-01  1.000000e+01
   endloop
 endfacet
 facet normal  0.000000e+00  0.000000e+00  1.000000e+00
   outer loop
     vertex  5.292931e+00  1.069989e+00  1.000000e+01
     vertex  3.065376e+00  4.620310e-01  1.000000e+01
     vertex  5.339686e+00  8.048282e-01  1.000000e+01
   endloop
 endfacet
 facet normal  0.000000e+00  0.000000e+00  1.000000e+00
   outer loop
     vertex  1.201613e+00  5.264611e+00  1.000000e+01
     vertex  9.377002e-01  5.317962e+00  1.000000e+01
     vertex  5.383094e-01  3.052904e+00  1.000000e+01
   endloop
 endfacet
 facet normal  0.000000e+00  0.000000e+00  1.000000e+00
   outer loop
     vertex  1.201613e+00  5.264611e+00  1.000000e+01
     vertex  5.383094e-01  3.052904e+00  1.000000e+01
     vertex  6.898149e-01  3.022277e+00  1.000000e+01
   endloop
 endfacet
 facet normal  0.000000e+00  0.000000e+00  1.000000e+00
   outer loop
     vertex  5.233017e+00  1.332490e+00  1.000000e+01
     vertex  3.004140e+00  7.649479e-01  1.000000e+01
     vertex  5.292931e+00  1.069989e+00  1.000000e+01
   endloop
 endfacet
 facet normal  0.000000e+00  0.000000e+00  1.000000e+00
   outer loop
     vertex  1.462539e+00  5.198171e+00  1.000000e+01
     vertex  1.201613e+00  5.264611e+00  1.000000e+01
     vertex  6.898149e-01  3.022277e+00  1.000000e+01
   endloop
 endfacet
 facet normal  0.000000e+00  0.000000e+00  1.000000e+00
   outer loop
     vertex  1.462539e+00  5.198171e+00  1.000000e+01
     vertex  6.898149e-01  3.022277e+00  1.000000e+01
     vertex  8.396055e-01  2.984135e+00  1.000000e+01
   endloop
 endfacet
 facet normal  0.000000e+00  0.000000e+00  1.000000e+00
   outer loop
     vertex  5.160093e+00  1.591678e+00  1.000000e+01
     vertex  3.004140e+00  7.649479e-01  1.000000e+01
     vertex  5.233017e+00  1.332490e+00  1.000000e+01
   endloop
 endfacet
 facet normal  0.000000e+00  0.000000e+00  1.000000e+00
   outer loop
     vertex  5.160093e+00  1.591678e+00  1.000000e+01
     vertex  2.962276e+00  9.137410e-01  1.000000e+01
     vertex  3.004140e+00  7.649479e-01  1.000000e+01
   endloop
 endfacet
 facet normal  0.000000e+00  0.000000e+00  1.000000e+00
   outer loop
     vertex  1.719828e+00  5.118808e+00  1.000000e+01
     vertex  1.462539e+00  5.198171e+00  1.000000e+01
     vertex  8.396055e-01  2.984135e+00  1.000000e+01
   endloop
 endfacet
 facet normal  0.000000e+00  0.000000e+00  1.000000e+00
   outer loop
     vertex  1.719828e+00  5.118808e+00  1.000000e+01
     vertex  9.873086e-01  2.938575e+00  1.000000e+01
     vertex  1.132557e+00  2.885709e+00  1.000000e+01
   endloop
 endfacet
 facet normal  0.000000e+00  0.000000e+00  1.000000e+00
   outer loop
     vertex  1.719828e+00  5.118808e+00  1.000000e+01
     vertex  8.396055e-01  2.984135e+00  1.000000e+01
     vertex  9.873086e-01  2.938575e+00  1.000000e+01
   endloop
 endfacet
 facet normal  0.000000e+00  0.000000e+00  1.000000e+00
   outer loop
     vertex  5.074340e+00  1.846909e+00  1.000000e+01
     vertex  2.962276e+00  9.137410e-01  1.000000e+01
     vertex  5.160093e+00  1.591678e+00  1.000000e+01
   endloop
 endfacet
 facet normal  0.000000e+00  0.000000e+00  1.000000e+00
   outer loop
     vertex  5.074340e+00  1.846909e+00  1.000000e+01
     vertex  2.913047e+00  1.060262e+00  1.000000e+01
     vertex  2.962276e+00  9.137410e-01  1.000000e+01
   endloop
 endfacet
 facet normal  0.000000e+00  0.000000e+00  1.000000e+00
   outer loop
     vertex  5.074340e+00  1.846909e+00  1.000000e+01
     vertex  2.856576e+00  1.204148e+00  1.000000e+01
     vertex  2.913047e+00  1.060262e+00  1.000000e+01
   endloop
 endfacet
 facet normal  0.000000e+00  0.000000e+00  1.000000e+00
   outer loop
     vertex  1.972842e+00  5.026718e+00  1.000000e+01
     vertex  1.719828e+00  5.118808e+00  1.000000e+01
     vertex  1.132557e+00  2.885709e+00  1.000000e+01
   endloop
 endfacet
 facet normal  0.000000e+00  0.000000e+00  1.000000e+00
   outer loop
     vertex  4.975972e+00  2.097548e+00  1.000000e+01
     vertex  2.856576e+00  1.204148e+00  1.000000e+01
     vertex  5.074340e+00  1.846909e+00  1.000000e+01
   endloop
 endfacet
 facet normal  0.000000e+00  0.000000e+00  1.000000e+00
   outer loop
     vertex  2.220950e+00  4.922132e+00  1.000000e+01
     vertex  1.972842e+00  5.026718e+00  1.000000e+01
     vertex  1.132557e+00  2.885709e+00  1.000000e+01
   endloop
 endfacet
 facet normal  0.000000e+00  0.000000e+00  1.000000e+00
   outer loop
     vertex  2.220950e+00  4.922132e+00  1.000000e+01
     vertex  1.132557e+00  2.885709e+00  1.000000e+01
     vertex  1.274990e+00  2.825668e+00  1.000000e+01
   endloop
 endfacet
 facet normal  0.000000e+00  0.000000e+00  1.000000e+00
   outer loop
     vertex  4.865232e+00  2.342972e+00  1.000000e+01
     vertex  2.856576e+00  1.204148e+00  1.000000e+01
     vertex  4.975972e+00  2.097548e+00  1.000000e+01
   endloop
 endfacet
 facet normal  0.000000e+00  0.000000e+00  1.000000e+00
   outer loop
     vertex  4.865232e+00  2.342972e+00  1.000000e+01
     vertex  2.793003e+00  1.345040e+00  1.000000e+01
     vertex  2.856576e+00  1.204148e+00  1.000000e+01
   endloop
 endfacet
 facet normal  0.000000e+00  0.000000e+00  1.000000e+00
   outer loop
     vertex  2.463538e+00  4.805308e+00  1.000000e+01
     vertex  2.220950e+00  4.922132e+00  1.000000e+01
     vertex  1.274990e+00  2.825668e+00  1.000000e+01
   endloop
 endfacet
 facet normal  0.000000e+00  0.000000e+00  1.000000e+00
   outer loop
     vertex  2.463538e+00  4.805308e+00  1.000000e+01
     vertex  1.274990e+00  2.825668e+00  1.000000e+01
     vertex  1.414253e+00  2.758603e+00  1.000000e+01
   endloop
 endfacet
 facet normal  0.000000e+00  0.000000e+00  1.000000e+00
   outer loop
     vertex  4.742396e+00  2.582571e+00  1.000000e+01
     vertex  2.793003e+00  1.345040e+00  1.000000e+01
     vertex  4.865232e+00  2.342972e+00  1.000000e+01
   endloop
 endfacet
 facet normal  0.000000e+00  0.000000e+00  1.000000e+00
   outer loop
     vertex  4.742396e+00  2.582571e+00  1.000000e+01
     vertex  2.722487e+00  1.482587e+00  1.000000e+01
     vertex  2.793003e+00  1.345040e+00  1.000000e+01
   endloop
 endfacet
 facet normal  0.000000e+00  0.000000e+00  1.000000e+00
   outer loop
     vertex  2.700000e+00  4.676537e+00  1.000000e+01
     vertex  2.463538e+00  4.805308e+00  1.000000e+01
     vertex  1.414253e+00  2.758603e+00  1.000000e+01
   endloop
 endfacet
 facet normal  0.000000e+00  0.000000e+00  1.000000e+00
   outer loop
     vertex  2.700000e+00  4.676537e+00  1.000000e+01
     vertex  1.414253e+00  2.758603e+00  1.000000e+01
     vertex  1.550000e+00  2.684679e+00  1.000000e+01
   endloop
 endfacet
 facet normal  0.000000e+00  0.000000e+00  1.000000e+00
   outer loop
     vertex  4.607771e+00  2.815750e+00  1.000000e+01
     vertex  2.722487e+00  1.482587e+00  1.000000e+01
     vertex  4.742396e+00  2.582571e+00  1.000000e+01
   endloop
 endfacet
 facet normal  0.000000e+00  0.000000e+00  1.000000e+00
   outer loop
     vertex  4.607771e+00  2.815750e+00  1.000000e+01
     vertex  2.645202e+00  1.616449e+00  1.000000e+01
     vertex  2.722487e+00  1.482587e+00  1.000000e+01
   endloop
 endfacet
 facet normal  0.000000e+00  0.000000e+00  1.000000e+00
   outer loop
     vertex  2.929750e+00  4.536140e+00  1.000000e+01
     vertex  2.700000e+00  4.676537e+00  1.000000e+01
     vertex  1.550000e+00  2.684679e+00  1.000000e+01
   endloop
 endfacet
 facet normal  0.000000e+00  0.000000e+00  1.000000e+00
   outer loop
     vertex  2.929750e+00  4.536140e+00  1.000000e+01
     vertex  1.681893e+00  2.604080e+00  1.000000e+01
     vertex  1.809605e+00  2.517008e+00  1.000000e+01
   endloop
 endfacet
 facet normal  0.000000e+00  0.000000e+00  1.000000e+00
   outer loop
     vertex  2.929750e+00  4.536140e+00  1.000000e+01
     vertex  1.550000e+00  2.684679e+00  1.000000e+01
     vertex  1.681893e+00  2.604080e+00  1.000000e+01
   endloop
 endfacet
 facet normal  0.000000e+00  0.000000e+00  1.000000e+00
   outer loop
     vertex  4.461689e+00  3.041928e+00  1.000000e+01
     vertex  2.561340e+00  1.746292e+00  1.000000e+01
     vertex  2.645202e+00  1.616449e+00  1.000000e+01
   endloop
 endfacet
 facet normal  0.000000e+00  0.000000e+00  1.000000e+00
   outer loop
     vertex  4.461689e+00  3.041928e+00  1.000000e+01
     vertex  2.645202e+00  1.616449e+00  1.000000e+01
     vertex  4.607771e+00  2.815750e+00  1.000000e+01
   endloop
 endfacet
 facet normal  0.000000e+00  0.000000e+00  1.000000e+00
   outer loop
     vertex  3.152216e+00  4.384465e+00  1.000000e+01
     vertex  2.929750e+00  4.536140e+00  1.000000e+01
     vertex  1.809605e+00  2.517008e+00  1.000000e+01
   endloop
 endfacet
 facet normal  0.000000e+00  0.000000e+00  1.000000e+00
   outer loop
     vertex  4.304516e+00  3.260544e+00  1.000000e+01
     vertex  2.561340e+00  1.746292e+00  1.000000e+01
     vertex  4.461689e+00  3.041928e+00  1.000000e+01
   endloop
 endfacet
 facet normal  0.000000e+00  0.000000e+00  1.000000e+00
   outer loop
     vertex  4.304516e+00  3.260544e+00  1.000000e+01
     vertex  2.471111e+00  1.871794e+00  1.000000e+01
     vertex  2.561340e+00  1.746292e+00  1.000000e+01
   endloop
 endfacet
 facet normal  0.000000e+00  0.000000e+00  1.000000e+00
   outer loop
     vertex  3.366845e+00  4.221890e+00  1.000000e+01
     vertex  3.152216e+00  4.384465e+00  1.000000e+01
     vertex  1.809605e+00  2.517008e+00  1.000000e+01
   endloop
 endfacet
 facet normal  0.000000e+00  0.000000e+00  1.000000e+00
   outer loop
     vertex  3.366845e+00  4.221890e+00  1.000000e+01
     vertex  1.932818e+00  2.423678e+00  1.000000e+01
     vertex  2.051226e+00  2.324322e+00  1.000000e+01
   endloop
 endfacet
 facet normal  0.000000e+00  0.000000e+00  1.000000e+00
   outer loop
     vertex  3.366845e+00  4.221890e+00  1.000000e+01
     vertex  1.809605e+00  2.517008e+00  1.000000e+01
     vertex  1.932818e+00  2.423678e+00  1.000000e+01
   endloop
 endfacet
 facet normal  0.000000e+00  0.000000e+00  1.000000e+00
   outer loop
     vertex  4.136640e+00  3.471053e+00  1.000000e+01
     vertex  2.471111e+00  1.871794e+00  1.000000e+01
     vertex  4.304516e+00  3.260544e+00  1.000000e+01
   endloop
 endfacet
 facet normal  0.000000e+00  0.000000e+00  1.000000e+00
   outer loop
     vertex  4.136640e+00  3.471053e+00  1.000000e+01
     vertex  2.374738e+00  1.992642e+00  1.000000e+01
     vertex  2.471111e+00  1.871794e+00  1.000000e+01
   endloop
 endfacet
 facet normal  0.000000e+00  0.000000e+00  1.000000e+00
   outer loop
     vertex  3.573104e+00  4.048818e+00  1.000000e+01
     vertex  2.051226e+00  2.324322e+00  1.000000e+01
     vertex  2.164534e+00  2.219187e+00  1.000000e+01
   endloop
 endfacet
 facet normal  0.000000e+00  0.000000e+00  1.000000e+00
   outer loop
     vertex  3.573104e+00  4.048818e+00  1.000000e+01
     vertex  3.366845e+00  4.221890e+00  1.000000e+01
     vertex  2.051226e+00  2.324322e+00  1.000000e+01
   endloop
 endfacet
 facet normal  0.000000e+00  0.000000e+00  1.000000e+00
   outer loop
     vertex  3.958480e+00  3.672933e+00  1.000000e+01
     vertex  2.272461e+00  2.108535e+00  1.000000e+01
     vertex  2.374738e+00  1.992642e+00  1.000000e+01
   endloop
 endfacet
 facet normal  0.000000e+00  0.000000e+00  1.000000e+00
   outer loop
     vertex  3.958480e+00  3.672933e+00  1.000000e+01
     vertex  2.374738e+00  1.992642e+00  1.000000e+01
     vertex  4.136640e+00  3.471053e+00  1.000000e+01
   endloop
 endfacet
 facet normal  0.000000e+00  0.000000e+00  1.000000e+00
   outer loop
     vertex  3.770479e+00  3.865681e+00  1.000000e+01
     vertex  2.272461e+00  2.108535e+00  1.000000e+01
     vertex  3.958480e+00  3.672933e+00  1.000000e+01
   endloop
 endfacet
 facet normal  0.000000e+00  0.000000e+00  1.000000e+00
   outer loop
     vertex  3.770479e+00  3.865681e+00  1.000000e+01
     vertex  2.164534e+00  2.219187e+00  1.000000e+01
     vertex  2.272461e+00  2.108535e+00  1.000000e+01
   endloop
 endfacet
 facet normal  0.000000e+00  0.000000e+00  1.000000e+00
   outer loop
     vertex  3.770479e+00  3.865681e+00  1.000000e+01
     vertex  3.573104e+00  4.048818e+00  1.000000e+01
     vertex  2.164534e+00  2.219187e+00  1.000000e+01
   endloop
 endfacet
 facet normal -7.069969e-01 -1.763140e-02 -7.069969e-01
   outer loop
     vertex  2.900000e+00  0.000000e+00  2.000000e-01
     vertex  3.096146e+00  1.545222e-01  0.000000e+00
     vertex  3.100000e+00  0.000000e+00  0.000000e+00
   endloop
 endfacet
 facet normal -7.069969e-01 -1.763140e-02 -7.069969e-01
   outer loop
     vertex  2.496892e+00  1.246147e-01  6.000000e-01
     vertex  2.700000e+00  0.000000e+00  4.000000e-01
     vertex  2.500000e+00  0.000000e+00  6.000000e-01
   endloop
 endfacet
 facet normal -7.069969e-01  1.763140e-02 -7.069969e-01
   outer loop
     vertex  2.900000e+00  0.000000e+00  2.000000e-01
     vertex  3.100000e+00  0.000000e+00  0.000000e+00
     vertex  3.096146e+00 -1.545222e-01  0.000000e+00
   endloop
 endfacet
 facet normal -7.069969e-01  1.763140e-02 -7.069969e-01
   outer loop
     vertex  2.500000e+00  0.000000e+00  6.000000e-01
     vertex  2.700000e+00  0.000000e+00  4.000000e-01
     vertex  2.496892e+00 -1.246147e-01  6.000000e-01
   endloop
 endfacet
 facet normal -7.052392e-01 -5.285037e-02 -7.069969e-01
   outer loop
     vertex  2.885589e+00  2.887468e-01  2.000000e-01
     vertex  3.084595e+00  3.086603e-01  0.000000e+00
     vertex  3.096146e+00  1.545222e-01  0.000000e+00
   endloop
 endfacet
 facet normal -7.017281e-01 -8.793794e-02 -7.069969e-01
   outer loop
     vertex  2.885589e+00  2.887468e-01  2.000000e-01
     vertex  3.065376e+00  4.620310e-01  0.000000e+00
     vertex  3.084595e+00  3.086603e-01  0.000000e+00
   endloop
 endfacet
 facet normal -6.998920e-01 -3.493016e-02 -7.133941e-01
   outer loop
     vertex  2.885589e+00  2.887468e-01  2.000000e-01
     vertex  3.096146e+00  1.545222e-01  0.000000e+00
     vertex  2.900000e+00  0.000000e+00  2.000000e-01
   endloop
 endfacet
 facet normal -6.964725e-01 -1.228069e-01 -7.069969e-01
   outer loop
     vertex  2.842500e+00  5.746238e-01  2.000000e-01
     vertex  3.038535e+00  6.142530e-01  0.000000e+00
     vertex  3.065376e+00  4.620310e-01  0.000000e+00
   endloop
 endfacet
 facet normal -6.894853e-01 -1.573705e-01 -7.069969e-01
   outer loop
     vertex  2.842500e+00  5.746238e-01  2.000000e-01
     vertex  3.004140e+00  7.649479e-01  0.000000e+00
     vertex  3.038535e+00  6.142530e-01  0.000000e+00
   endloop
 endfacet
 facet normal -6.929361e-01 -1.044433e-01 -7.133941e-01
   outer loop
     vertex  2.842500e+00  5.746238e-01  2.000000e-01
     vertex  3.065376e+00  4.620310e-01  0.000000e+00
     vertex  2.885589e+00  2.887468e-01  2.000000e-01
   endloop
 endfacet
 facet normal -7.066669e-01 -3.526828e-02 -7.066669e-01
   outer loop
     vertex  2.686583e+00  2.688332e-01  4.000000e-01
     vertex  2.900000e+00  0.000000e+00  2.000000e-01
     vertex  2.700000e+00  0.000000e+00  4.000000e-01
   endloop
 endfacet
 facet normal -7.052392e-01 -5.285037e-02 -7.069969e-01
   outer loop
     vertex  2.686583e+00  2.688332e-01  4.000000e-01
     vertex  2.496892e+00  1.246147e-01  6.000000e-01
     vertex  2.487577e+00  2.489196e-01  6.000000e-01
   endloop
 endfacet
 facet normal -7.017281e-01 -8.793794e-02 -7.069969e-01
   outer loop
     vertex  2.686583e+00  2.688332e-01  4.000000e-01
     vertex  2.487577e+00  2.489196e-01  6.000000e-01
     vertex  2.472077e+00  3.726057e-01  6.000000e-01
   endloop
 endfacet
 facet normal -7.066669e-01 -3.526828e-02 -7.066669e-01
   outer loop
     vertex  2.686583e+00  2.688332e-01  4.000000e-01
     vertex  2.885589e+00  2.887468e-01  2.000000e-01
     vertex  2.900000e+00  0.000000e+00  2.000000e-01
   endloop
 endfacet
 facet normal -7.121782e-01 -3.554334e-02 -7.010983e-01
   outer loop
     vertex  2.686583e+00  2.688332e-01  4.000000e-01
     vertex  2.700000e+00  0.000000e+00  4.000000e-01
     vertex  2.496892e+00  1.246147e-01  6.000000e-01
   endloop
 endfacet
 facet normal -6.807839e-01 -1.915429e-01 -7.069969e-01
   outer loop
     vertex  2.771161e+00  8.547900e-01  2.000000e-01
     vertex  2.962276e+00  9.137410e-01  0.000000e+00
     vertex  3.004140e+00  7.649479e-01  0.000000e+00
   endloop
 endfacet
 facet normal -6.703900e-01 -2.252391e-01 -7.069969e-01
   outer loop
     vertex  2.771161e+00  8.547900e-01  2.000000e-01
     vertex  2.913047e+00  1.060262e+00  0.000000e+00
     vertex  2.962276e+00  9.137410e-01  0.000000e+00
   endloop
 endfacet
 facet normal -6.790936e-01 -1.729185e-01 -7.133941e-01
   outer loop
     vertex  2.771161e+00  8.547900e-01  2.000000e-01
     vertex  3.004140e+00  7.649479e-01  0.000000e+00
     vertex  2.842500e+00  5.746238e-01  2.000000e-01
   endloop
 endfacet
 facet normal -6.996437e-01 -1.054543e-01 -7.066669e-01
   outer loop
     vertex  2.646466e+00  5.349946e-01  4.000000e-01
     vertex  2.842500e+00  5.746238e-01  2.000000e-01
     vertex  2.885589e+00  2.887468e-01  2.000000e-01
   endloop
 endfacet
 facet normal -6.964725e-01 -1.228069e-01 -7.069969e-01
   outer loop
     vertex  2.646466e+00  5.349946e-01  4.000000e-01
     vertex  2.472077e+00  3.726057e-01  6.000000e-01
     vertex  2.450431e+00  4.953654e-01  6.000000e-01
   endloop
 endfacet
 facet normal -6.894853e-01 -1.573705e-01 -7.069969e-01
   outer loop
     vertex  2.646466e+00  5.349946e-01  4.000000e-01
     vertex  2.450431e+00  4.953654e-01  6.000000e-01
     vertex  2.422693e+00  6.168935e-01  6.000000e-01
   endloop
 endfacet
 facet normal -6.996437e-01 -1.054543e-01 -7.066669e-01
   outer loop
     vertex  2.646466e+00  5.349946e-01  4.000000e-01
     vertex  2.885589e+00  2.887468e-01  2.000000e-01
     vertex  2.686583e+00  2.688332e-01  4.000000e-01
   endloop
 endfacet
 facet normal -7.051003e-01 -1.062768e-01 -7.010983e-01
   outer loop
     vertex  2.646466e+00  5.349946e-01  4.000000e-01
     vertex  2.686583e+00  2.688332e-01  4.000000e-01
     vertex  2.472077e+00  3.726057e-01  6.000000e-01
   endloop
 endfacet
 facet normal -6.583294e-01 -2.583753e-01 -7.069969e-01
   outer loop
     vertex  2.672281e+00  1.126461e+00  2.000000e-01
     vertex  2.856576e+00  1.204148e+00  0.000000e+00
     vertex  2.913047e+00  1.060262e+00  0.000000e+00
   endloop
 endfacet
 facet normal -6.446321e-01 -2.908691e-01 -7.069969e-01
   outer loop
     vertex  2.672281e+00  1.126461e+00  2.000000e-01
     vertex  2.793003e+00  1.345040e+00  0.000000e+00
     vertex  2.856576e+00  1.204148e+00  0.000000e+00
   endloop
 endfacet
 facet normal -6.585019e-01 -2.396751e-01 -7.133941e-01
   outer loop
     vertex  2.672281e+00  1.126461e+00  2.000000e-01
     vertex  2.913047e+00  1.060262e+00  0.000000e+00
     vertex  2.771161e+00  8.547900e-01  2.000000e-01
   endloop
 endfacet
 facet normal -6.856672e-01 -1.745923e-01 -7.066669e-01
   outer loop
     vertex  2.580047e+00  7.958390e-01  4.000000e-01
     vertex  2.842500e+00  5.746238e-01  2.000000e-01
     vertex  2.646466e+00  5.349946e-01  4.000000e-01
   endloop
 endfacet
 facet normal -6.910147e-01 -1.759540e-01 -7.010983e-01
   outer loop
     vertex  2.580047e+00  7.958390e-01  4.000000e-01
     vertex  2.646466e+00  5.349946e-01  4.000000e-01
     vertex  2.422693e+00  6.168935e-01  6.000000e-01
   endloop
 endfacet
 facet normal -6.807839e-01 -1.915429e-01 -7.069969e-01
   outer loop
     vertex  2.580047e+00  7.958390e-01  4.000000e-01
     vertex  2.422693e+00  6.168935e-01  6.000000e-01
     vertex  2.388932e+00  7.368879e-01  6.000000e-01
   endloop
 endfacet
 facet normal -6.703900e-01 -2.252391e-01 -7.069969e-01
   outer loop
     vertex  2.580047e+00  7.958390e-01  4.000000e-01
     vertex  2.388932e+00  7.368879e-01  6.000000e-01
     vertex  2.349232e+00  8.550504e-01  6.000000e-01
   endloop
 endfacet
 facet normal -6.856672e-01 -1.745923e-01 -7.066669e-01
   outer loop
     vertex  2.580047e+00  7.958390e-01  4.000000e-01
     vertex  2.771161e+00  8.547900e-01  2.000000e-01
     vertex  2.842500e+00  5.746238e-01  2.000000e-01
   endloop
 endfacet
 facet normal -6.293322e-01 -3.226398e-01 -7.069969e-01
   outer loop
     vertex  2.546843e+00  1.386937e+00  2.000000e-01
     vertex  2.722487e+00  1.482587e+00  0.000000e+00
     vertex  2.793003e+00  1.345040e+00  0.000000e+00
   endloop
 endfacet
 facet normal -6.124676e-01 -3.536083e-01 -7.069969e-01
   outer loop
     vertex  2.546843e+00  1.386937e+00  2.000000e-01
     vertex  2.645202e+00  1.616449e+00  0.000000e+00
     vertex  2.722487e+00  1.482587e+00  0.000000e+00
   endloop
 endfacet
 facet normal -6.313657e-01 -3.040497e-01 -7.133941e-01
   outer loop
     vertex  2.546843e+00  1.386937e+00  2.000000e-01
     vertex  2.793003e+00  1.345040e+00  0.000000e+00
     vertex  2.672281e+00  1.126461e+00  2.000000e-01
   endloop
 endfacet
 facet normal -6.648761e-01 -2.419951e-01 -7.066669e-01
   outer loop
     vertex  2.487986e+00  1.048774e+00  4.000000e-01
     vertex  2.771161e+00  8.547900e-01  2.000000e-01
     vertex  2.580047e+00  7.958390e-01  4.000000e-01
   endloop
 endfacet
 facet normal -6.583294e-01 -2.583753e-01 -7.069969e-01
   outer loop
     vertex  2.487986e+00  1.048774e+00  4.000000e-01
     vertex  2.349232e+00  8.550504e-01  6.000000e-01
     vertex  2.303691e+00  9.710870e-01  6.000000e-01
   endloop
 endfacet
 facet normal -6.446321e-01 -2.908691e-01 -7.069969e-01
   outer loop
     vertex  2.487986e+00  1.048774e+00  4.000000e-01
     vertex  2.303691e+00  9.710870e-01  6.000000e-01
     vertex  2.252422e+00  1.084709e+00  6.000000e-01
   endloop
 endfacet
 facet normal -6.648761e-01 -2.419951e-01 -7.066669e-01
   outer loop
     vertex  2.487986e+00  1.048774e+00  4.000000e-01
     vertex  2.672281e+00  1.126461e+00  2.000000e-01
     vertex  2.771161e+00  8.547900e-01  2.000000e-01
   endloop
 endfacet
 facet normal -6.700616e-01 -2.438825e-01 -7.010983e-01
   outer loop
     vertex  2.487986e+00  1.048774e+00  4.000000e-01
     vertex  2.580047e+00  7.958390e-01  4.000000e-01
     vertex  2.349232e+00  8.550504e-01  6.000000e-01
   endloop
 endfacet
 facet normal -5.940803e-01 -3.836978e-01 -7.069969e-01
   outer loop
     vertex  2.396092e+00  1.633628e+00  2.000000e-01
     vertex  2.561340e+00  1.746292e+00  0.000000e+00
     vertex  2.645202e+00  1.616449e+00  0.000000e+00
   endloop
 endfacet
 facet normal -5.742161e-01 -4.128333e-01 -7.069969e-01
   outer loop
     vertex  2.396092e+00  1.633628e+00  2.000000e-01
     vertex  2.471111e+00  1.871794e+00  0.000000e+00
     vertex  2.561340e+00  1.746292e+00  0.000000e+00
   endloop
 endfacet
 facet normal -5.979547e-01 -3.654025e-01 -7.133941e-01
   outer loop
     vertex  2.396092e+00  1.633628e+00  2.000000e-01
     vertex  2.645202e+00  1.616449e+00  0.000000e+00
     vertex  2.546843e+00  1.386937e+00  2.000000e-01
   endloop
 endfacet
 facet normal -6.293322e-01 -3.226398e-01 -7.069969e-01
   outer loop
     vertex  2.371198e+00  1.291286e+00  4.000000e-01
     vertex  2.252422e+00  1.084709e+00  6.000000e-01
     vertex  2.195554e+00  1.195635e+00  6.000000e-01
   endloop
 endfacet
 facet normal -6.124676e-01 -3.536083e-01 -7.069969e-01
   outer loop
     vertex  2.371198e+00  1.291286e+00  4.000000e-01
     vertex  2.195554e+00  1.195635e+00  6.000000e-01
     vertex  2.133227e+00  1.303588e+00  6.000000e-01
   endloop
 endfacet
 facet normal -6.374773e-01 -3.069929e-01 -7.066669e-01
   outer loop
     vertex  2.371198e+00  1.291286e+00  4.000000e-01
     vertex  2.546843e+00  1.386937e+00  2.000000e-01
     vertex  2.672281e+00  1.126461e+00  2.000000e-01
   endloop
 endfacet
 facet normal -6.424490e-01 -3.093872e-01 -7.010983e-01
   outer loop
     vertex  2.371198e+00  1.291286e+00  4.000000e-01
     vertex  2.487986e+00  1.048774e+00  4.000000e-01
     vertex  2.252422e+00  1.084709e+00  6.000000e-01
   endloop
 endfacet
 facet normal -6.374773e-01 -3.069929e-01 -7.066669e-01
   outer loop
     vertex  2.371198e+00  1.291286e+00  4.000000e-01
     vertex  2.672281e+00  1.126461e+00  2.000000e-01
     vertex  2.487986e+00  1.048774e+00  4.000000e-01
   endloop
 endfacet
 facet normal -5.586010e-01 -4.231238e-01 -7.133941e-01
   outer loop
     vertex  2.221529e+00  1.864084e+00  2.000000e-01
     vertex  2.471111e+00  1.871794e+00  0.000000e+00
     vertex  2.396092e+00  1.633628e+00  2.000000e-01
   endloop
 endfacet
 facet normal -5.529243e-01 -4.409424e-01 -7.069969e-01
   outer loop
     vertex  2.221529e+00  1.864084e+00  2.000000e-01
     vertex  2.374738e+00  1.992642e+00  0.000000e+00
     vertex  2.471111e+00  1.871794e+00  0.000000e+00
   endloop
 endfacet
 facet normal -5.302578e-01 -4.679553e-01 -7.069969e-01
   outer loop
     vertex  2.221529e+00  1.864084e+00  2.000000e-01
     vertex  2.272461e+00  2.108535e+00  0.000000e+00
     vertex  2.374738e+00  1.992642e+00  0.000000e+00
   endloop
 endfacet
 facet normal -6.037429e-01 -3.689396e-01 -7.066669e-01
   outer loop
     vertex  2.230845e+00  1.520964e+00  4.000000e-01
     vertex  2.396092e+00  1.633628e+00  2.000000e-01
     vertex  2.546843e+00  1.386937e+00  2.000000e-01
   endloop
 endfacet
 facet normal -6.037429e-01 -3.689396e-01 -7.066669e-01
   outer loop
     vertex  2.230845e+00  1.520964e+00  4.000000e-01
     vertex  2.546843e+00  1.386937e+00  2.000000e-01
     vertex  2.371198e+00  1.291286e+00  4.000000e-01
   endloop
 endfacet
 facet normal -5.940803e-01 -3.836978e-01 -7.069969e-01
   outer loop
     vertex  2.230845e+00  1.520964e+00  4.000000e-01
     vertex  2.133227e+00  1.303588e+00  6.000000e-01
     vertex  2.065597e+00  1.408300e+00  6.000000e-01
   endloop
 endfacet
 facet normal -5.742161e-01 -4.128333e-01 -7.069969e-01
   outer loop
     vertex  2.230845e+00  1.520964e+00  4.000000e-01
     vertex  2.065597e+00  1.408300e+00  6.000000e-01
     vertex  1.992831e+00  1.509511e+00  6.000000e-01
   endloop
 endfacet
 facet normal -6.084516e-01 -3.718170e-01 -7.010983e-01
   outer loop
     vertex  2.230845e+00  1.520964e+00  4.000000e-01
     vertex  2.371198e+00  1.291286e+00  4.000000e-01
     vertex  2.133227e+00  1.303588e+00  6.000000e-01
   endloop
 endfacet
 facet normal -5.062730e-01 -4.938047e-01 -7.069969e-01
   outer loop
     vertex  2.024887e+00  2.076014e+00  2.000000e-01
     vertex  2.164534e+00  2.219187e+00  0.000000e+00
     vertex  2.272461e+00  2.108535e+00  0.000000e+00
   endloop
 endfacet
 facet normal -4.810295e-01 -5.184265e-01 -7.069969e-01
   outer loop
     vertex  2.024887e+00  2.076014e+00  2.000000e-01
     vertex  2.051226e+00  2.324322e+00  0.000000e+00
     vertex  2.164534e+00  2.219187e+00  0.000000e+00
   endloop
 endfacet
 facet normal -5.136957e-01 -4.766399e-01 -7.133941e-01
   outer loop
     vertex  2.024887e+00  2.076014e+00  2.000000e-01
     vertex  2.272461e+00  2.108535e+00  0.000000e+00
     vertex  2.221529e+00  1.864084e+00  2.000000e-01
   endloop
 endfacet
 facet normal -5.640082e-01 -4.272196e-01 -7.066669e-01
   outer loop
     vertex  2.068320e+00  1.735527e+00  4.000000e-01
     vertex  2.396092e+00  1.633628e+00  2.000000e-01
     vertex  2.230845e+00  1.520964e+00  4.000000e-01
   endloop
 endfacet
 facet normal -5.684070e-01 -4.305516e-01 -7.010983e-01
   outer loop
     vertex  2.068320e+00  1.735527e+00  4.000000e-01
     vertex  2.230845e+00  1.520964e+00  4.000000e-01
     vertex  1.992831e+00  1.509511e+00  6.000000e-01
   endloop
 endfacet
 facet normal -5.529243e-01 -4.409424e-01 -7.069969e-01
   outer loop
     vertex  2.068320e+00  1.735527e+00  4.000000e-01
     vertex  1.992831e+00  1.509511e+00  6.000000e-01
     vertex  1.915111e+00  1.606969e+00  6.000000e-01
   endloop
 endfacet
 facet normal -5.302578e-01 -4.679553e-01 -7.069969e-01
   outer loop
     vertex  2.068320e+00  1.735527e+00  4.000000e-01
     vertex  1.915111e+00  1.606969e+00  6.000000e-01
     vertex  1.832630e+00  1.700432e+00  6.000000e-01
   endloop
 endfacet
 facet normal -5.640082e-01 -4.272196e-01 -7.066669e-01
   outer loop
     vertex  2.068320e+00  1.735527e+00  4.000000e-01
     vertex  2.221529e+00  1.864084e+00  2.000000e-01
     vertex  2.396092e+00  1.633628e+00  2.000000e-01
   endloop
 endfacet
 facet normal -4.545901e-01 -5.417594e-01 -7.069969e-01
   outer loop
     vertex  1.808120e+00  2.267311e+00  2.000000e-01
     vertex  1.932818e+00  2.423678e+00  0.000000e+00
     vertex  2.051226e+00  2.324322e+00  0.000000e+00
   endloop
 endfacet
 facet normal -4.270206e-01 -5.637454e-01 -7.069969e-01
   outer loop
     vertex  1.808120e+00  2.267311e+00  2.000000e-01
     vertex  1.809605e+00  2.517008e+00  0.000000e+00
     vertex  1.932818e+00  2.423678e+00  0.000000e+00
   endloop
 endfacet
 facet normal -4.636850e-01 -5.254190e-01 -7.133941e-01
   outer loop
     vertex  1.808120e+00  2.267311e+00  2.000000e-01
     vertex  2.051226e+00  2.324322e+00  0.000000e+00
     vertex  2.024887e+00  2.076014e+00  2.000000e-01
   endloop
 endfacet
 facet normal -5.227134e-01 -4.850071e-01 -7.010983e-01
   outer loop
     vertex  1.885239e+00  1.932840e+00  4.000000e-01
     vertex  2.068320e+00  1.735527e+00  4.000000e-01
     vertex  1.832630e+00  1.700432e+00  6.000000e-01
   endloop
 endfacet
 facet normal -5.186682e-01 -4.812538e-01 -7.066669e-01
   outer loop
     vertex  1.885239e+00  1.932840e+00  4.000000e-01
     vertex  2.221529e+00  1.864084e+00  2.000000e-01
     vertex  2.068320e+00  1.735527e+00  4.000000e-01
   endloop
 endfacet
 facet normal -5.062730e-01 -4.938047e-01 -7.069969e-01
   outer loop
     vertex  1.885239e+00  1.932840e+00  4.000000e-01
     vertex  1.832630e+00  1.700432e+00  6.000000e-01
     vertex  1.745592e+00  1.789667e+00  6.000000e-01
   endloop
 endfacet
 facet normal -4.810295e-01 -5.184265e-01 -7.069969e-01
   outer loop
     vertex  1.885239e+00  1.932840e+00  4.000000e-01
     vertex  1.745592e+00  1.789667e+00  6.000000e-01
     vertex  1.654215e+00  1.874453e+00  6.000000e-01
   endloop
 endfacet
 facet normal -5.186682e-01 -4.812538e-01 -7.066669e-01
   outer loop
     vertex  1.885239e+00  1.932840e+00  4.000000e-01
     vertex  2.024887e+00  2.076014e+00  2.000000e-01
     vertex  2.221529e+00  1.864084e+00  2.000000e-01
   endloop
 endfacet
 facet normal -3.983893e-01 -5.843298e-01 -7.069969e-01
   outer loop
     vertex  1.573384e+00  2.436075e+00  2.000000e-01
     vertex  1.681893e+00  2.604080e+00  0.000000e+00
     vertex  1.809605e+00  2.517008e+00  0.000000e+00
   endloop
 endfacet
 facet normal -3.687677e-01 -6.034615e-01 -7.069969e-01
   outer loop
     vertex  1.573384e+00  2.436075e+00  2.000000e-01
     vertex  1.550000e+00  2.684679e+00  0.000000e+00
     vertex  1.681893e+00  2.604080e+00  0.000000e+00
   endloop
 endfacet
 facet normal -4.090660e-01 -5.689762e-01 -7.133941e-01
   outer loop
     vertex  1.573384e+00  2.436075e+00  2.000000e-01
     vertex  1.809605e+00  2.517008e+00  0.000000e+00
     vertex  1.808120e+00  2.267311e+00  2.000000e-01
   endloop
 endfacet
 facet normal -4.681734e-01 -5.305050e-01 -7.066669e-01
   outer loop
     vertex  1.683422e+00  2.110945e+00  4.000000e-01
     vertex  2.024887e+00  2.076014e+00  2.000000e-01
     vertex  1.885239e+00  1.932840e+00  4.000000e-01
   endloop
 endfacet
 facet normal -4.130257e-01 -5.744838e-01 -7.066669e-01
   outer loop
     vertex  1.683422e+00  2.110945e+00  4.000000e-01
     vertex  1.573384e+00  2.436075e+00  2.000000e-01
     vertex  1.808120e+00  2.267311e+00  2.000000e-01
   endloop
 endfacet
 facet normal -4.545901e-01 -5.417594e-01 -7.069969e-01
   outer loop
     vertex  1.683422e+00  2.110945e+00  4.000000e-01
     vertex  1.654215e+00  1.874453e+00  6.000000e-01
     vertex  1.558725e+00  1.954579e+00  6.000000e-01
   endloop
 endfacet
 facet normal -4.270206e-01 -5.637454e-01 -7.069969e-01
   outer loop
     vertex  1.683422e+00  2.110945e+00  4.000000e-01
     vertex  1.558725e+00  1.954579e+00  6.000000e-01
     vertex  1.459359e+00  2.029845e+00  6.000000e-01
   endloop
 endfacet
 facet normal -4.681734e-01 -5.305050e-01 -7.066669e-01
   outer loop
     vertex  1.683422e+00  2.110945e+00  4.000000e-01
     vertex  1.808120e+00  2.267311e+00  2.000000e-01
     vertex  2.024887e+00  2.076014e+00  2.000000e-01
   endloop
 endfacet
 facet normal -4.718248e-01 -5.346425e-01 -7.010983e-01
   outer loop
     vertex  1.683422e+00  2.110945e+00  4.000000e-01
     vertex  1.885239e+00  1.932840e+00  4.000000e-01
     vertex  1.654215e+00  1.874453e+00  6.000000e-01
   endloop
 endfacet
 facet normal -3.503815e-01 -6.068786e-01 -7.133941e-01
   outer loop
     vertex  1.323011e+00  2.580628e+00  2.000000e-01
     vertex  1.550000e+00  2.684679e+00  0.000000e+00
     vertex  1.573384e+00  2.436075e+00  2.000000e-01
   endloop
 endfacet
 facet normal -3.382292e-01 -6.210929e-01 -7.069969e-01
   outer loop
     vertex  1.323011e+00  2.580628e+00  2.000000e-01
     vertex  1.414253e+00  2.758603e+00  0.000000e+00
     vertex  1.550000e+00  2.684679e+00  0.000000e+00
   endloop
 endfacet
 facet normal -3.068498e-01 -6.371802e-01 -7.069969e-01
   outer loop
     vertex  1.323011e+00  2.580628e+00  2.000000e-01
     vertex  1.274990e+00  2.825668e+00  0.000000e+00
     vertex  1.414253e+00  2.758603e+00  0.000000e+00
   endloop
 endfacet
 facet normal -3.983893e-01 -5.843298e-01 -7.069969e-01
   outer loop
     vertex  1.464875e+00  2.268070e+00  4.000000e-01
     vertex  1.459359e+00  2.029845e+00  6.000000e-01
     vertex  1.356366e+00  2.100065e+00  6.000000e-01
   endloop
 endfacet
 facet normal -3.687677e-01 -6.034615e-01 -7.069969e-01
   outer loop
     vertex  1.464875e+00  2.268070e+00  4.000000e-01
     vertex  1.356366e+00  2.100065e+00  6.000000e-01
     vertex  1.250000e+00  2.165064e+00  6.000000e-01
   endloop
 endfacet
 facet normal -4.130257e-01 -5.744838e-01 -7.066669e-01
   outer loop
     vertex  1.464875e+00  2.268070e+00  4.000000e-01
     vertex  1.573384e+00  2.436075e+00  2.000000e-01
     vertex  1.683422e+00  2.110945e+00  4.000000e-01
   endloop
 endfacet
 facet normal -4.162470e-01 -5.789643e-01 -7.010983e-01
   outer loop
     vertex  1.464875e+00  2.268070e+00  4.000000e-01
     vertex  1.683422e+00  2.110945e+00  4.000000e-01
     vertex  1.459359e+00  2.029845e+00  6.000000e-01
   endloop
 endfacet
 facet normal -2.882148e-01 -6.387496e-01 -7.133941e-01
   outer loop
     vertex  1.059489e+00  2.699534e+00  2.000000e-01
     vertex  1.274990e+00  2.825668e+00  0.000000e+00
     vertex  1.323011e+00  2.580628e+00  2.000000e-01
   endloop
 endfacet
 facet normal -2.747076e-01 -6.516833e-01 -7.069969e-01
   outer loop
     vertex  1.059489e+00  2.699534e+00  2.000000e-01
     vertex  1.132557e+00  2.885709e+00  0.000000e+00
     vertex  1.274990e+00  2.825668e+00  0.000000e+00
   endloop
 endfacet
 facet normal -2.418824e-01 -6.645663e-01 -7.069969e-01
   outer loop
     vertex  1.059489e+00  2.699534e+00  2.000000e-01
     vertex  9.873086e-01  2.938575e+00  0.000000e+00
     vertex  1.132557e+00  2.885709e+00  0.000000e+00
   endloop
 endfacet
 facet normal -3.565323e-01 -6.175321e-01 -7.010983e-01
   outer loop
     vertex  1.231769e+00  2.402654e+00  4.000000e-01
     vertex  1.464875e+00  2.268070e+00  4.000000e-01
     vertex  1.250000e+00  2.165064e+00  6.000000e-01
   endloop
 endfacet
 facet normal -2.910047e-01 -6.449327e-01 -7.066669e-01
   outer loop
     vertex  1.231769e+00  2.402654e+00  4.000000e-01
     vertex  1.059489e+00  2.699534e+00  2.000000e-01
     vertex  1.323011e+00  2.580628e+00  2.000000e-01
   endloop
 endfacet
 facet normal -3.382292e-01 -6.210929e-01 -7.069969e-01
   outer loop
     vertex  1.231769e+00  2.402654e+00  4.000000e-01
     vertex  1.250000e+00  2.165064e+00  6.000000e-01
     vertex  1.140527e+00  2.224680e+00  6.000000e-01
   endloop
 endfacet
 facet normal -3.537732e-01 -6.127532e-01 -7.066669e-01
   outer loop
     vertex  1.231769e+00  2.402654e+00  4.000000e-01
     vertex  1.573384e+00  2.436075e+00  2.000000e-01
     vertex  1.464875e+00  2.268070e+00  4.000000e-01
   endloop
 endfacet
 facet normal -3.068498e-01 -6.371802e-01 -7.069969e-01
   outer loop
     vertex  1.231769e+00  2.402654e+00  4.000000e-01
     vertex  1.140527e+00  2.224680e+00  6.000000e-01
     vertex  1.028218e+00  2.278765e+00  6.000000e-01
   endloop
 endfacet
 facet normal -3.537732e-01 -6.127532e-01 -7.066669e-01
   outer loop
     vertex  1.231769e+00  2.402654e+00  4.000000e-01
     vertex  1.323011e+00  2.580628e+00  2.000000e-01
     vertex  1.573384e+00  2.436075e+00  2.000000e-01
   endloop
 endfacet
 facet normal -2.084558e-01 -6.757970e-01 -7.069969e-01
   outer loop
     vertex  7.854374e-01  2.791610e+00  2.000000e-01
     vertex  8.396055e-01  2.984135e+00  0.000000e+00
     vertex  9.873086e-01  2.938575e+00  0.000000e+00
   endloop
 endfacet
 facet normal -1.745109e-01 -6.853476e-01 -7.069969e-01
   outer loop
     vertex  7.854374e-01  2.791610e+00  2.000000e-01
     vertex  6.898149e-01  3.022277e+00  0.000000e+00
     vertex  8.396055e-01  2.984135e+00  0.000000e+00
   endloop
 endfacet
 facet normal -2.231837e-01 -6.642725e-01 -7.133941e-01
   outer loop
     vertex  7.854374e-01  2.791610e+00  2.000000e-01
     vertex  9.873086e-01  2.938575e+00  0.000000e+00
     vertex  1.059489e+00  2.699534e+00  2.000000e-01
   endloop
 endfacet
 facet normal -2.910047e-01 -6.449327e-01 -7.066669e-01
   outer loop
     vertex  9.864208e-01  2.513359e+00  4.000000e-01
     vertex  1.059489e+00  2.699534e+00  2.000000e-01
     vertex  1.231769e+00  2.402654e+00  4.000000e-01
   endloop
 endfacet
 facet normal -2.932743e-01 -6.499626e-01 -7.010983e-01
   outer loop
     vertex  9.864208e-01  2.513359e+00  4.000000e-01
     vertex  1.231769e+00  2.402654e+00  4.000000e-01
     vertex  1.028218e+00  2.278765e+00  6.000000e-01
   endloop
 endfacet
 facet normal -2.747076e-01 -6.516833e-01 -7.069969e-01
   outer loop
     vertex  9.864208e-01  2.513359e+00  4.000000e-01
     vertex  1.028218e+00  2.278765e+00  6.000000e-01
     vertex  9.133526e-01  2.327184e+00  6.000000e-01
   endloop
 endfacet
 facet normal -2.418824e-01 -6.645663e-01 -7.069969e-01
   outer loop
     vertex  9.864208e-01  2.513359e+00  4.000000e-01
     vertex  9.133526e-01  2.327184e+00  6.000000e-01
     vertex  7.962166e-01  2.369818e+00  6.000000e-01
   endloop
 endfacet
 facet normal -1.559345e-01 -6.831935e-01 -7.133941e-01
   outer loop
     vertex  5.035797e-01  2.855942e+00  2.000000e-01
     vertex  6.898149e-01  3.022277e+00  0.000000e+00
     vertex  7.854374e-01  2.791610e+00  2.000000e-01
   endloop
 endfacet
 facet normal -1.401323e-01 -6.931943e-01 -7.069969e-01
   outer loop
     vertex  5.035797e-01  2.855942e+00  2.000000e-01
     vertex  5.383094e-01  3.052904e+00  0.000000e+00
     vertex  6.898149e-01  3.022277e+00  0.000000e+00
   endloop
 endfacet
 facet normal -1.054052e-01 -6.993177e-01 -7.069969e-01
   outer loop
     vertex  5.035797e-01  2.855942e+00  2.000000e-01
     vertex  3.854655e-01  3.075942e+00  0.000000e+00
     vertex  5.383094e-01  3.052904e+00  0.000000e+00
   endloop
 endfacet
 facet normal -2.271016e-01 -6.759335e-01 -7.010983e-01
   outer loop
     vertex  7.312693e-01  2.599085e+00  4.000000e-01
     vertex  9.864208e-01  2.513359e+00  4.000000e-01
     vertex  7.962166e-01  2.369818e+00  6.000000e-01
   endloop
 endfacet
 facet normal -2.084558e-01 -6.757970e-01 -7.069969e-01
   outer loop
     vertex  7.312693e-01  2.599085e+00  4.000000e-01
     vertex  7.962166e-01  2.369818e+00  6.000000e-01
     vertex  6.771012e-01  2.406561e+00  6.000000e-01
   endloop
 endfacet
 facet normal -1.745109e-01 -6.853476e-01 -7.069969e-01
   outer loop
     vertex  7.312693e-01  2.599085e+00  4.000000e-01
     vertex  6.771012e-01  2.406561e+00  6.000000e-01
     vertex  5.563023e-01  2.437320e+00  6.000000e-01
   endloop
 endfacet
 facet normal -2.253441e-01 -6.707026e-01 -7.066669e-01
   outer loop
     vertex  7.312693e-01  2.599085e+00  4.000000e-01
     vertex  7.854374e-01  2.791610e+00  2.000000e-01
     vertex  1.059489e+00  2.699534e+00  2.000000e-01
   endloop
 endfacet
 facet normal -2.253441e-01 -6.707026e-01 -7.066669e-01
   outer loop
     vertex  7.312693e-01  2.599085e+00  4.000000e-01
     vertex  1.059489e+00  2.699534e+00  2.000000e-01
     vertex  9.864208e-01  2.513359e+00  4.000000e-01
   endloop
 endfacet
 facet normal -8.713548e-02 -6.953246e-01 -7.133941e-01
   outer loop
     vertex  2.167173e-01  2.891891e+00  2.000000e-01
     vertex  3.854655e-01  3.075942e+00  0.000000e+00
     vertex  5.035797e-01  2.855942e+00  2.000000e-01
   endloop
 endfacet
 facet normal -7.041604e-02 -7.037024e-01 -7.069969e-01
   outer loop
     vertex  2.167173e-01  2.891891e+00  2.000000e-01
     vertex  2.316633e-01  3.091332e+00  0.000000e+00
     vertex  3.854655e-01  3.075942e+00  0.000000e+00
   endloop
 endfacet
 facet normal -3.525184e-02 -7.063376e-01 -7.069969e-01
   outer loop
     vertex  2.167173e-01  2.891891e+00  2.000000e-01
     vertex  7.728514e-02  3.099036e+00  0.000000e+00
     vertex  2.316633e-01  3.091332e+00  0.000000e+00
   endloop
 endfacet
 facet normal -1.574439e-01 -6.898067e-01 -7.066669e-01
   outer loop
     vertex  4.688501e-01  2.658981e+00  4.000000e-01
     vertex  5.035797e-01  2.855942e+00  2.000000e-01
     vertex  7.854374e-01  2.791610e+00  2.000000e-01
   endloop
 endfacet
 facet normal -1.574439e-01 -6.898067e-01 -7.066669e-01
   outer loop
     vertex  4.688501e-01  2.658981e+00  4.000000e-01
     vertex  7.854374e-01  2.791610e+00  2.000000e-01
     vertex  7.312693e-01  2.599085e+00  4.000000e-01
   endloop
 endfacet
 facet normal -1.401323e-01 -6.931943e-01 -7.069969e-01
   outer loop
     vertex  4.688501e-01  2.658981e+00  4.000000e-01
     vertex  5.563023e-01  2.437320e+00  6.000000e-01
     vertex  4.341204e-01  2.462019e+00  6.000000e-01
   endloop
 endfacet
 facet normal -1.054052e-01 -6.993177e-01 -7.069969e-01
   outer loop
     vertex  4.688501e-01  2.658981e+00  4.000000e-01
     vertex  4.341204e-01  2.462019e+00  6.000000e-01
     vertex  3.108593e-01  2.480598e+00  6.000000e-01
   endloop
 endfacet
 facet normal -1.586718e-01 -6.951866e-01 -7.010983e-01
   outer loop
     vertex  4.688501e-01  2.658981e+00  4.000000e-01
     vertex  7.312693e-01  2.599085e+00  4.000000e-01
     vertex  5.563023e-01  2.437320e+00  6.000000e-01
   endloop
 endfacet
 facet normal -5.078105e-17 -7.072167e-01 -7.069969e-01
   outer loop
     vertex -7.229901e-02  2.899099e+00  2.000000e-01
     vertex -7.728514e-02  3.099036e+00  0.000000e+00
     vertex  7.728514e-02  3.099036e+00  0.000000e+00
   endloop
 endfacet
 facet normal  3.525184e-02 -7.063376e-01 -7.069969e-01
   outer loop
     vertex -7.229901e-02  2.899099e+00  2.000000e-01
     vertex -2.316633e-01  3.091332e+00  0.000000e+00
     vertex -7.728514e-02  3.099036e+00  0.000000e+00
   endloop
 endfacet
 facet normal -1.747051e-02 -7.005453e-01 -7.133941e-01
   outer loop
     vertex -7.229901e-02  2.899099e+00  2.000000e-01
     vertex  7.728514e-02  3.099036e+00  0.000000e+00
     vertex  2.167173e-01  2.891891e+00  2.000000e-01
   endloop
 endfacet
 facet normal -8.797894e-02 -7.020553e-01 -7.066669e-01
   outer loop
     vertex  2.017713e-01  2.692450e+00  4.000000e-01
     vertex  2.167173e-01  2.891891e+00  2.000000e-01
     vertex  5.035797e-01  2.855942e+00  2.000000e-01
   endloop
 endfacet
 facet normal -7.041604e-02 -7.037024e-01 -7.069969e-01
   outer loop
     vertex  2.017713e-01  2.692450e+00  4.000000e-01
     vertex  3.108593e-01  2.480598e+00  6.000000e-01
     vertex  1.868252e-01  2.493009e+00  6.000000e-01
   endloop
 endfacet
 facet normal -3.525184e-02 -7.063376e-01 -7.069969e-01
   outer loop
     vertex  2.017713e-01  2.692450e+00  4.000000e-01
     vertex  1.868252e-01  2.493009e+00  6.000000e-01
     vertex  6.232673e-02  2.499223e+00  6.000000e-01
   endloop
 endfacet
 facet normal -8.797894e-02 -7.020553e-01 -7.066669e-01
   outer loop
     vertex  2.017713e-01  2.692450e+00  4.000000e-01
     vertex  5.035797e-01  2.855942e+00  2.000000e-01
     vertex  4.688501e-01  2.658981e+00  4.000000e-01
   endloop
 endfacet
 facet normal -8.866510e-02 -7.075307e-01 -7.010983e-01
   outer loop
     vertex  2.017713e-01  2.692450e+00  4.000000e-01
     vertex  4.688501e-01  2.658981e+00  4.000000e-01
     vertex  3.108593e-01  2.480598e+00  6.000000e-01
   endloop
 endfacet
 facet normal  5.236809e-02 -6.988036e-01 -7.133941e-01
   outer loop
     vertex -3.605967e-01  2.877494e+00  2.000000e-01
     vertex -2.316633e-01  3.091332e+00  0.000000e+00
     vertex -7.229901e-02  2.899099e+00  2.000000e-01
   endloop
 endfacet
 facet normal  7.041604e-02 -7.037024e-01 -7.069969e-01
   outer loop
     vertex -3.605967e-01  2.877494e+00  2.000000e-01
     vertex -3.854655e-01  3.075942e+00  0.000000e+00
     vertex -2.316633e-01  3.091332e+00  0.000000e+00
   endloop
 endfacet
 facet normal  1.054052e-01 -6.993177e-01 -7.069969e-01
   outer loop
     vertex -3.605967e-01  2.877494e+00  2.000000e-01
     vertex -5.383094e-01  3.052904e+00  0.000000e+00
     vertex -3.854655e-01  3.075942e+00  0.000000e+00
   endloop
 endfacet
 facet normal -1.777719e-02 -7.128430e-01 -7.010983e-01
   outer loop
     vertex -6.731287e-02  2.699161e+00  4.000000e-01
     vertex  2.017713e-01  2.692450e+00  4.000000e-01
     vertex  6.232673e-02  2.499223e+00  6.000000e-01
   endloop
 endfacet
 facet normal  5.503626e-17 -7.072167e-01 -7.069969e-01
   outer loop
     vertex -6.731287e-02  2.699161e+00  4.000000e-01
     vertex  6.232673e-02  2.499223e+00  6.000000e-01
     vertex -6.232673e-02  2.499223e+00  6.000000e-01
   endloop
 endfacet
 facet normal  3.525184e-02 -7.063376e-01 -7.069969e-01
   outer loop
     vertex -6.731287e-02  2.699161e+00  4.000000e-01
     vertex -6.232673e-02  2.499223e+00  6.000000e-01
     vertex -1.868252e-01  2.493009e+00  6.000000e-01
   endloop
 endfacet
 facet normal -1.763962e-02 -7.073265e-01 -7.066669e-01
   outer loop
     vertex -6.731287e-02  2.699161e+00  4.000000e-01
     vertex  2.167173e-01  2.891891e+00  2.000000e-01
     vertex  2.017713e-01  2.692450e+00  4.000000e-01
   endloop
 endfacet
 facet normal -1.763962e-02 -7.073265e-01 -7.066669e-01
   outer loop
     vertex -6.731287e-02  2.699161e+00  4.000000e-01
     vertex -7.229901e-02  2.899099e+00  2.000000e-01
     vertex  2.167173e-01  2.891891e+00  2.000000e-01
   endloop
 endfacet
 facet normal  1.216862e-01 -6.901169e-01 -7.133941e-01
   outer loop
     vertex -6.453107e-01  2.827291e+00  2.000000e-01
     vertex -5.383094e-01  3.052904e+00  0.000000e+00
     vertex -3.605967e-01  2.877494e+00  2.000000e-01
   endloop
 endfacet
 facet normal  1.401323e-01 -6.931943e-01 -7.069969e-01
   outer loop
     vertex -6.453107e-01  2.827291e+00  2.000000e-01
     vertex -6.898149e-01  3.022277e+00  0.000000e+00
     vertex -5.383094e-01  3.052904e+00  0.000000e+00
   endloop
 endfacet
 facet normal  1.745109e-01 -6.853476e-01 -7.069969e-01
   outer loop
     vertex -6.453107e-01  2.827291e+00  2.000000e-01
     vertex -8.396055e-01  2.984135e+00  0.000000e+00
     vertex -6.898149e-01  3.022277e+00  0.000000e+00
   endloop
 endfacet
 facet normal  5.287501e-02 -7.055680e-01 -7.066669e-01
   outer loop
     vertex -3.357280e-01  2.679046e+00  4.000000e-01
     vertex -7.229901e-02  2.899099e+00  2.000000e-01
     vertex -6.731287e-02  2.699161e+00  4.000000e-01
   endloop
 endfacet
 facet normal  5.287501e-02 -7.055680e-01 -7.066669e-01
   outer loop
     vertex -3.357280e-01  2.679046e+00  4.000000e-01
     vertex -3.605967e-01  2.877494e+00  2.000000e-01
     vertex -7.229901e-02  2.899099e+00  2.000000e-01
   endloop
 endfacet
 facet normal  7.041604e-02 -7.037024e-01 -7.069969e-01
   outer loop
     vertex -3.357280e-01  2.679046e+00  4.000000e-01
     vertex -1.868252e-01  2.493009e+00  6.000000e-01
     vertex -3.108593e-01  2.480598e+00  6.000000e-01
   endloop
 endfacet
 facet normal  1.054052e-01 -6.993177e-01 -7.069969e-01
   outer loop
     vertex -3.357280e-01  2.679046e+00  4.000000e-01
     vertex -3.108593e-01  2.480598e+00  6.000000e-01
     vertex -4.341204e-01  2.462019e+00  6.000000e-01
   endloop
 endfacet
 facet normal  5.328739e-02 -7.110708e-01 -7.010983e-01
   outer loop
     vertex -3.357280e-01  2.679046e+00  4.000000e-01
     vertex -6.731287e-02  2.699161e+00  4.000000e-01
     vertex -1.868252e-01  2.493009e+00  6.000000e-01
   endloop
 endfacet
 facet normal  1.897950e-01 -6.745715e-01 -7.133941e-01
   outer loop
     vertex -9.236113e-01  2.748989e+00  2.000000e-01
     vertex -8.396055e-01  2.984135e+00  0.000000e+00
     vertex -6.453107e-01  2.827291e+00  2.000000e-01
   endloop
 endfacet
 facet normal  2.084558e-01 -6.757970e-01 -7.069969e-01
   outer loop
     vertex -9.236113e-01  2.748989e+00  2.000000e-01
     vertex -9.873086e-01  2.938575e+00  0.000000e+00
     vertex -8.396055e-01  2.984135e+00  0.000000e+00
   endloop
 endfacet
 facet normal  2.418824e-01 -6.645663e-01 -7.069969e-01
   outer loop
     vertex -9.236113e-01  2.748989e+00  2.000000e-01
     vertex -1.132557e+00  2.885709e+00  0.000000e+00
     vertex -9.873086e-01  2.938575e+00  0.000000e+00
   endloop
 endfacet
 facet normal  1.228641e-01 -6.967972e-01 -7.066669e-01
   outer loop
     vertex -6.008065e-01  2.632305e+00  4.000000e-01
     vertex -3.605967e-01  2.877494e+00  2.000000e-01
     vertex -3.357280e-01  2.679046e+00  4.000000e-01
   endloop
 endfacet
 facet normal  1.238224e-01 -7.022316e-01 -7.010983e-01
   outer loop
     vertex -6.008065e-01  2.632305e+00  4.000000e-01
     vertex -3.357280e-01  2.679046e+00  4.000000e-01
     vertex -4.341204e-01  2.462019e+00  6.000000e-01
   endloop
 endfacet
 facet normal  1.916322e-01 -6.811013e-01 -7.066669e-01
   outer loop
     vertex -6.008065e-01  2.632305e+00  4.000000e-01
     vertex -9.236113e-01  2.748989e+00  2.000000e-01
     vertex -6.453107e-01  2.827291e+00  2.000000e-01
   endloop
 endfacet
 facet normal  1.228641e-01 -6.967972e-01 -7.066669e-01
   outer loop
     vertex -6.008065e-01  2.632305e+00  4.000000e-01
     vertex -6.453107e-01  2.827291e+00  2.000000e-01
     vertex -3.605967e-01  2.877494e+00  2.000000e-01
   endloop
 endfacet
 facet normal  1.401323e-01 -6.931943e-01 -7.069969e-01
   outer loop
     vertex -6.008065e-01  2.632305e+00  4.000000e-01
     vertex -4.341204e-01  2.462019e+00  6.000000e-01
     vertex -5.563023e-01  2.437320e+00  6.000000e-01
   endloop
 endfacet
 facet normal  1.745109e-01 -6.853476e-01 -7.069969e-01
   outer loop
     vertex -6.008065e-01  2.632305e+00  4.000000e-01
     vertex -5.563023e-01  2.437320e+00  6.000000e-01
     vertex -6.771012e-01  2.406561e+00  6.000000e-01
   endloop
 endfacet
 facet normal  2.560175e-01 -6.523220e-01 -7.133941e-01
   outer loop
     vertex -1.192733e+00  2.643367e+00  2.000000e-01
     vertex -1.132557e+00  2.885709e+00  0.000000e+00
     vertex -9.236113e-01  2.748989e+00  2.000000e-01
   endloop
 endfacet
 facet normal  2.747076e-01 -6.516833e-01 -7.069969e-01
   outer loop
     vertex -1.192733e+00  2.643367e+00  2.000000e-01
     vertex -1.274990e+00  2.825668e+00  0.000000e+00
     vertex -1.132557e+00  2.885709e+00  0.000000e+00
   endloop
 endfacet
 facet normal  3.068498e-01 -6.371802e-01 -7.069969e-01
   outer loop
     vertex -1.192733e+00  2.643367e+00  2.000000e-01
     vertex -1.414253e+00  2.758603e+00  0.000000e+00
     vertex -1.274990e+00  2.825668e+00  0.000000e+00
   endloop
 endfacet
 facet normal  1.916322e-01 -6.811013e-01 -7.066669e-01
   outer loop
     vertex -8.599140e-01  2.559404e+00  4.000000e-01
     vertex -9.236113e-01  2.748989e+00  2.000000e-01
     vertex -6.008065e-01  2.632305e+00  4.000000e-01
   endloop
 endfacet
 facet normal  2.084558e-01 -6.757970e-01 -7.069969e-01
   outer loop
     vertex -8.599140e-01  2.559404e+00  4.000000e-01
     vertex -6.771012e-01  2.406561e+00  6.000000e-01
     vertex -7.962166e-01  2.369818e+00  6.000000e-01
   endloop
 endfacet
 facet normal  2.418824e-01 -6.645663e-01 -7.069969e-01
   outer loop
     vertex -8.599140e-01  2.559404e+00  4.000000e-01
     vertex -7.962166e-01  2.369818e+00  6.000000e-01
     vertex -9.133526e-01  2.327184e+00  6.000000e-01
   endloop
 endfacet
 facet normal  1.931268e-01 -6.864133e-01 -7.010983e-01
   outer loop
     vertex -8.599140e-01  2.559404e+00  4.000000e-01
     vertex -6.008065e-01  2.632305e+00  4.000000e-01
     vertex -6.771012e-01  2.406561e+00  6.000000e-01
   endloop
 endfacet
 facet normal  3.382292e-01 -6.210929e-01 -7.069969e-01
   outer loop
     vertex -1.450000e+00  2.511474e+00  2.000000e-01
     vertex -1.550000e+00  2.684679e+00  0.000000e+00
     vertex -1.414253e+00  2.758603e+00  0.000000e+00
   endloop
 endfacet
 facet normal  3.687677e-01 -6.034615e-01 -7.069969e-01
   outer loop
     vertex -1.450000e+00  2.511474e+00  2.000000e-01
     vertex -1.681893e+00  2.604080e+00  0.000000e+00
     vertex -1.550000e+00  2.684679e+00  0.000000e+00
   endloop
 endfacet
 facet normal  3.196956e-01 -6.235893e-01 -7.133941e-01
   outer loop
     vertex -1.450000e+00  2.511474e+00  2.000000e-01
     vertex -1.414253e+00  2.758603e+00  0.000000e+00
     vertex -1.192733e+00  2.643367e+00  2.000000e-01
   endloop
 endfacet
 facet normal  2.584957e-01 -6.586364e-01 -7.066669e-01
   outer loop
     vertex -1.110475e+00  2.461066e+00  4.000000e-01
     vertex -1.192733e+00  2.643367e+00  2.000000e-01
     vertex -9.236113e-01  2.748989e+00  2.000000e-01
   endloop
 endfacet
 facet normal  2.584957e-01 -6.586364e-01 -7.066669e-01
   outer loop
     vertex -1.110475e+00  2.461066e+00  4.000000e-01
     vertex -9.236113e-01  2.748989e+00  2.000000e-01
     vertex -8.599140e-01  2.559404e+00  4.000000e-01
   endloop
 endfacet
 facet normal  2.605118e-01 -6.637732e-01 -7.010983e-01
   outer loop
     vertex -1.110475e+00  2.461066e+00  4.000000e-01
     vertex -8.599140e-01  2.559404e+00  4.000000e-01
     vertex -9.133526e-01  2.327184e+00  6.000000e-01
   endloop
 endfacet
 facet normal  2.747076e-01 -6.516833e-01 -7.069969e-01
   outer loop
     vertex -1.110475e+00  2.461066e+00  4.000000e-01
     vertex -9.133526e-01  2.327184e+00  6.000000e-01
     vertex -1.028218e+00  2.278765e+00  6.000000e-01
   endloop
 endfacet
 facet normal  3.068498e-01 -6.371802e-01 -7.069969e-01
   outer loop
     vertex -1.110475e+00  2.461066e+00  4.000000e-01
     vertex -1.028218e+00  2.278765e+00  6.000000e-01
     vertex -1.140527e+00  2.224680e+00  6.000000e-01
   endloop
 endfacet
 facet normal  3.983893e-01 -5.843298e-01 -7.069969e-01
   outer loop
     vertex -1.692857e+00  2.354620e+00  2.000000e-01
     vertex -1.809605e+00  2.517008e+00  0.000000e+00
     vertex -1.681893e+00  2.604080e+00  0.000000e+00
   endloop
 endfacet
 facet normal  4.270206e-01 -5.637454e-01 -7.069969e-01
   outer loop
     vertex -1.692857e+00  2.354620e+00  2.000000e-01
     vertex -1.932818e+00  2.423678e+00  0.000000e+00
     vertex -1.809605e+00  2.517008e+00  0.000000e+00
   endloop
 endfacet
 facet normal  3.801964e-01 -5.886591e-01 -7.133941e-01
   outer loop
     vertex -1.692857e+00  2.354620e+00  2.000000e-01
     vertex -1.681893e+00  2.604080e+00  0.000000e+00
     vertex -1.450000e+00  2.511474e+00  2.000000e-01
   endloop
 endfacet
 facet normal  3.253077e-01 -6.345361e-01 -7.010983e-01
   outer loop
     vertex -1.350000e+00  2.338269e+00  4.000000e-01
     vertex -1.110475e+00  2.461066e+00  4.000000e-01
     vertex -1.140527e+00  2.224680e+00  6.000000e-01
   endloop
 endfacet
 facet normal  3.838767e-01 -5.943573e-01 -7.066669e-01
   outer loop
     vertex -1.350000e+00  2.338269e+00  4.000000e-01
     vertex -1.692857e+00  2.354620e+00  2.000000e-01
     vertex -1.450000e+00  2.511474e+00  2.000000e-01
   endloop
 endfacet
 facet normal  3.227902e-01 -6.296256e-01 -7.066669e-01
   outer loop
     vertex -1.350000e+00  2.338269e+00  4.000000e-01
     vertex -1.192733e+00  2.643367e+00  2.000000e-01
     vertex -1.110475e+00  2.461066e+00  4.000000e-01
   endloop
 endfacet
 facet normal  3.382292e-01 -6.210929e-01 -7.069969e-01
   outer loop
     vertex -1.350000e+00  2.338269e+00  4.000000e-01
     vertex -1.140527e+00  2.224680e+00  6.000000e-01
     vertex -1.250000e+00  2.165064e+00  6.000000e-01
   endloop
 endfacet
 facet normal  3.227902e-01 -6.296256e-01 -7.066669e-01
   outer loop
     vertex -1.350000e+00  2.338269e+00  4.000000e-01
     vertex -1.450000e+00  2.511474e+00  2.000000e-01
     vertex -1.192733e+00  2.643367e+00  2.000000e-01
   endloop
 endfacet
 facet normal  3.687677e-01 -6.034615e-01 -7.069969e-01
   outer loop
     vertex -1.350000e+00  2.338269e+00  4.000000e-01
     vertex -1.250000e+00  2.165064e+00  6.000000e-01
     vertex -1.356366e+00  2.100065e+00  6.000000e-01
   endloop
 endfacet
 facet normal  4.369186e-01 -5.478786e-01 -7.133941e-01
   outer loop
     vertex -1.918889e+00  2.174365e+00  2.000000e-01
     vertex -1.932818e+00  2.423678e+00  0.000000e+00
     vertex -1.692857e+00  2.354620e+00  2.000000e-01
   endloop
 endfacet
 facet normal  4.545901e-01 -5.417594e-01 -7.069969e-01
   outer loop
     vertex -1.918889e+00  2.174365e+00  2.000000e-01
     vertex -2.051226e+00  2.324322e+00  0.000000e+00
     vertex -1.932818e+00  2.423678e+00  0.000000e+00
   endloop
 endfacet
 facet normal  4.810295e-01 -5.184265e-01 -7.069969e-01
   outer loop
     vertex -1.918889e+00  2.174365e+00  2.000000e-01
     vertex -2.164534e+00  2.219187e+00  0.000000e+00
     vertex -2.051226e+00  2.324322e+00  0.000000e+00
   endloop
 endfacet
 facet normal  3.838767e-01 -5.943573e-01 -7.066669e-01
   outer loop
     vertex -1.576108e+00  2.192233e+00  4.000000e-01
     vertex -1.692857e+00  2.354620e+00  2.000000e-01
     vertex -1.350000e+00  2.338269e+00  4.000000e-01
   endloop
 endfacet
 facet normal  3.868706e-01 -5.989928e-01 -7.010983e-01
   outer loop
     vertex -1.576108e+00  2.192233e+00  4.000000e-01
     vertex -1.350000e+00  2.338269e+00  4.000000e-01
     vertex -1.356366e+00  2.100065e+00  6.000000e-01
   endloop
 endfacet
 facet normal  3.983893e-01 -5.843298e-01 -7.069969e-01
   outer loop
     vertex -1.576108e+00  2.192233e+00  4.000000e-01
     vertex -1.356366e+00  2.100065e+00  6.000000e-01
     vertex -1.459359e+00  2.029845e+00  6.000000e-01
   endloop
 endfacet
 facet normal  4.270206e-01 -5.637454e-01 -7.069969e-01
   outer loop
     vertex -1.576108e+00  2.192233e+00  4.000000e-01
     vertex -1.459359e+00  2.029845e+00  6.000000e-01
     vertex -1.558725e+00  1.954579e+00  6.000000e-01
   endloop
 endfacet
 facet normal  4.892986e-01 -5.016531e-01 -7.133941e-01
   outer loop
     vertex -2.125850e+00  1.972501e+00  2.000000e-01
     vertex -2.164534e+00  2.219187e+00  0.000000e+00
     vertex -1.918889e+00  2.174365e+00  2.000000e-01
   endloop
 endfacet
 facet normal  5.062730e-01 -4.938047e-01 -7.069969e-01
   outer loop
     vertex -2.125850e+00  1.972501e+00  2.000000e-01
     vertex -2.272461e+00  2.108535e+00  0.000000e+00
     vertex -2.164534e+00  2.219187e+00  0.000000e+00
   endloop
 endfacet
 facet normal  5.302578e-01 -4.679553e-01 -7.069969e-01
   outer loop
     vertex -2.125850e+00  1.972501e+00  2.000000e-01
     vertex -2.374738e+00  1.992642e+00  0.000000e+00
     vertex -2.272461e+00  2.108535e+00  0.000000e+00
   endloop
 endfacet
 facet normal  4.545901e-01 -5.417594e-01 -7.069969e-01
   outer loop
     vertex -1.786552e+00  2.024409e+00  4.000000e-01
     vertex -1.558725e+00  1.954579e+00  6.000000e-01
     vertex -1.654215e+00  1.874453e+00  6.000000e-01
   endloop
 endfacet
 facet normal  4.810295e-01 -5.184265e-01 -7.069969e-01
   outer loop
     vertex -1.786552e+00  2.024409e+00  4.000000e-01
     vertex -1.654215e+00  1.874453e+00  6.000000e-01
     vertex -1.745592e+00  1.789667e+00  6.000000e-01
   endloop
 endfacet
 facet normal  4.411480e-01 -5.531821e-01 -7.066669e-01
   outer loop
     vertex -1.786552e+00  2.024409e+00  4.000000e-01
     vertex -1.918889e+00  2.174365e+00  2.000000e-01
     vertex -1.692857e+00  2.354620e+00  2.000000e-01
   endloop
 endfacet
 facet normal  4.411480e-01 -5.531821e-01 -7.066669e-01
   outer loop
     vertex -1.786552e+00  2.024409e+00  4.000000e-01
     vertex -1.692857e+00  2.354620e+00  2.000000e-01
     vertex -1.576108e+00  2.192233e+00  4.000000e-01
   endloop
 endfacet
 facet normal  4.445885e-01 -5.574964e-01 -7.010983e-01
   outer loop
     vertex -1.786552e+00  2.024409e+00  4.000000e-01
     vertex -1.576108e+00  2.192233e+00  4.000000e-01
     vertex -1.558725e+00  1.954579e+00  6.000000e-01
   endloop
 endfacet
 facet normal  5.368157e-01 -4.504418e-01 -7.133941e-01
   outer loop
     vertex -2.311684e+00  1.751033e+00  2.000000e-01
     vertex -2.374738e+00  1.992642e+00  0.000000e+00
     vertex -2.125850e+00  1.972501e+00  2.000000e-01
   endloop
 endfacet
 facet normal  5.529243e-01 -4.409424e-01 -7.069969e-01
   outer loop
     vertex -2.311684e+00  1.751033e+00  2.000000e-01
     vertex -2.471111e+00  1.871794e+00  0.000000e+00
     vertex -2.374738e+00  1.992642e+00  0.000000e+00
   endloop
 endfacet
 facet normal  5.742161e-01 -4.128333e-01 -7.069969e-01
   outer loop
     vertex -2.311684e+00  1.751033e+00  2.000000e-01
     vertex -2.561340e+00  1.746292e+00  0.000000e+00
     vertex -2.471111e+00  1.871794e+00  0.000000e+00
   endloop
 endfacet
 facet normal  4.940350e-01 -5.065090e-01 -7.066669e-01
   outer loop
     vertex -1.979240e+00  1.836466e+00  4.000000e-01
     vertex -2.125850e+00  1.972501e+00  2.000000e-01
     vertex -1.918889e+00  2.174365e+00  2.000000e-01
   endloop
 endfacet
 facet normal  4.978880e-01 -5.104593e-01 -7.010983e-01
   outer loop
     vertex -1.979240e+00  1.836466e+00  4.000000e-01
     vertex -1.786552e+00  2.024409e+00  4.000000e-01
     vertex -1.745592e+00  1.789667e+00  6.000000e-01
   endloop
 endfacet
 facet normal  4.940350e-01 -5.065090e-01 -7.066669e-01
   outer loop
     vertex -1.979240e+00  1.836466e+00  4.000000e-01
     vertex -1.918889e+00  2.174365e+00  2.000000e-01
     vertex -1.786552e+00  2.024409e+00  4.000000e-01
   endloop
 endfacet
 facet normal  5.062730e-01 -4.938047e-01 -7.069969e-01
   outer loop
     vertex -1.979240e+00  1.836466e+00  4.000000e-01
     vertex -1.745592e+00  1.789667e+00  6.000000e-01
     vertex -1.832630e+00  1.700432e+00  6.000000e-01
   endloop
 endfacet
 facet normal  5.302578e-01 -4.679553e-01 -7.069969e-01
   outer loop
     vertex -1.979240e+00  1.836466e+00  4.000000e-01
     vertex -1.832630e+00  1.700432e+00  6.000000e-01
     vertex -1.915111e+00  1.606969e+00  6.000000e-01
   endloop
 endfacet
 facet normal  5.789976e-01 -3.947539e-01 -7.133941e-01
   outer loop
     vertex -2.474544e+00  1.512162e+00  2.000000e-01
     vertex -2.561340e+00  1.746292e+00  0.000000e+00
     vertex -2.311684e+00  1.751033e+00  2.000000e-01
   endloop
 endfacet
 facet normal  5.940803e-01 -3.836978e-01 -7.069969e-01
   outer loop
     vertex -2.474544e+00  1.512162e+00  2.000000e-01
     vertex -2.645202e+00  1.616449e+00  0.000000e+00
     vertex -2.561340e+00  1.746292e+00  0.000000e+00
   endloop
 endfacet
 facet normal  6.124676e-01 -3.536083e-01 -7.069969e-01
   outer loop
     vertex -2.474544e+00  1.512162e+00  2.000000e-01
     vertex -2.722487e+00  1.482587e+00  0.000000e+00
     vertex -2.645202e+00  1.616449e+00  0.000000e+00
   endloop
 endfacet
 facet normal  5.420120e-01 -4.548021e-01 -7.066669e-01
   outer loop
     vertex -2.152258e+00  1.630272e+00  4.000000e-01
     vertex -2.125850e+00  1.972501e+00  2.000000e-01
     vertex -1.979240e+00  1.836466e+00  4.000000e-01
   endloop
 endfacet
 facet normal  5.846023e-01 -3.985751e-01 -7.066669e-01
   outer loop
     vertex -2.152258e+00  1.630272e+00  4.000000e-01
     vertex -2.474544e+00  1.512162e+00  2.000000e-01
     vertex -2.311684e+00  1.751033e+00  2.000000e-01
   endloop
 endfacet
 facet normal  5.462392e-01 -4.583491e-01 -7.010983e-01
   outer loop
     vertex -2.152258e+00  1.630272e+00  4.000000e-01
     vertex -1.979240e+00  1.836466e+00  4.000000e-01
     vertex -1.915111e+00  1.606969e+00  6.000000e-01
   endloop
 endfacet
 facet normal  5.529243e-01 -4.409424e-01 -7.069969e-01
   outer loop
     vertex -2.152258e+00  1.630272e+00  4.000000e-01
     vertex -1.915111e+00  1.606969e+00  6.000000e-01
     vertex -1.992831e+00  1.509511e+00  6.000000e-01
   endloop
 endfacet
 facet normal  5.742161e-01 -4.128333e-01 -7.069969e-01
   outer loop
     vertex -2.152258e+00  1.630272e+00  4.000000e-01
     vertex -1.992831e+00  1.509511e+00  6.000000e-01
     vertex -2.065597e+00  1.408300e+00  6.000000e-01
   endloop
 endfacet
 facet normal  5.420120e-01 -4.548021e-01 -7.066669e-01
   outer loop
     vertex -2.152258e+00  1.630272e+00  4.000000e-01
     vertex -2.311684e+00  1.751033e+00  2.000000e-01
     vertex -2.125850e+00  1.972501e+00  2.000000e-01
   endloop
 endfacet
 facet normal  6.293322e-01 -3.226398e-01 -7.069969e-01
   outer loop
     vertex -2.612810e+00  1.258263e+00  2.000000e-01
     vertex -2.793003e+00  1.345040e+00  0.000000e+00
     vertex -2.722487e+00  1.482587e+00  0.000000e+00
   endloop
 endfacet
 facet normal  6.446321e-01 -2.908691e-01 -7.069969e-01
   outer loop
     vertex -2.612810e+00  1.258263e+00  2.000000e-01
     vertex -2.856576e+00  1.204148e+00  0.000000e+00
     vertex -2.793003e+00  1.345040e+00  0.000000e+00
   endloop
 endfacet
 facet normal  6.154253e-01 -3.351427e-01 -7.133941e-01
   outer loop
     vertex -2.612810e+00  1.258263e+00  2.000000e-01
     vertex -2.722487e+00  1.482587e+00  0.000000e+00
     vertex -2.474544e+00  1.512162e+00  2.000000e-01
   endloop
 endfacet
 facet normal  5.891617e-01 -4.016836e-01 -7.010983e-01
   outer loop
     vertex -2.303885e+00  1.407875e+00  4.000000e-01
     vertex -2.152258e+00  1.630272e+00  4.000000e-01
     vertex -2.065597e+00  1.408300e+00  6.000000e-01
   endloop
 endfacet
 facet normal  5.846023e-01 -3.985751e-01 -7.066669e-01
   outer loop
     vertex -2.303885e+00  1.407875e+00  4.000000e-01
     vertex -2.474544e+00  1.512162e+00  2.000000e-01
     vertex -2.152258e+00  1.630272e+00  4.000000e-01
   endloop
 endfacet
 facet normal  5.940803e-01 -3.836978e-01 -7.069969e-01
   outer loop
     vertex -2.303885e+00  1.407875e+00  4.000000e-01
     vertex -2.065597e+00  1.408300e+00  6.000000e-01
     vertex -2.133227e+00  1.303588e+00  6.000000e-01
   endloop
 endfacet
 facet normal  6.124676e-01 -3.536083e-01 -7.069969e-01
   outer loop
     vertex -2.303885e+00  1.407875e+00  4.000000e-01
     vertex -2.133227e+00  1.303588e+00  6.000000e-01
     vertex -2.195554e+00  1.195635e+00  6.000000e-01
   endloop
 endfacet
 facet normal  6.583294e-01 -2.583753e-01 -7.069969e-01
   outer loop
     vertex -2.725109e+00  9.918584e-01  2.000000e-01
     vertex -2.913047e+00  1.060262e+00  0.000000e+00
     vertex -2.856576e+00  1.204148e+00  0.000000e+00
   endloop
 endfacet
 facet normal  6.703900e-01 -2.252391e-01 -7.069969e-01
   outer loop
     vertex -2.725109e+00  9.918584e-01  2.000000e-01
     vertex -2.962276e+00  9.137410e-01  0.000000e+00
     vertex -2.913047e+00  1.060262e+00  0.000000e+00
   endloop
 endfacet
 facet normal  6.457365e-01 -2.722008e-01 -7.133941e-01
   outer loop
     vertex -2.725109e+00  9.918584e-01  2.000000e-01
     vertex -2.856576e+00  1.204148e+00  0.000000e+00
     vertex -2.612810e+00  1.258263e+00  2.000000e-01
   endloop
 endfacet
 facet normal  6.213825e-01 -3.383869e-01 -7.066669e-01
   outer loop
     vertex -2.432616e+00  1.171486e+00  4.000000e-01
     vertex -2.612810e+00  1.258263e+00  2.000000e-01
     vertex -2.474544e+00  1.512162e+00  2.000000e-01
   endloop
 endfacet
 facet normal  6.213825e-01 -3.383869e-01 -7.066669e-01
   outer loop
     vertex -2.432616e+00  1.171486e+00  4.000000e-01
     vertex -2.474544e+00  1.512162e+00  2.000000e-01
     vertex -2.303885e+00  1.407875e+00  4.000000e-01
   endloop
 endfacet
 facet normal  6.519872e-01 -2.748356e-01 -7.066669e-01
   outer loop
     vertex -2.432616e+00  1.171486e+00  4.000000e-01
     vertex -2.725109e+00  9.918584e-01  2.000000e-01
     vertex -2.612810e+00  1.258263e+00  2.000000e-01
   endloop
 endfacet
 facet normal  6.262287e-01 -3.410260e-01 -7.010983e-01
   outer loop
     vertex -2.432616e+00  1.171486e+00  4.000000e-01
     vertex -2.303885e+00  1.407875e+00  4.000000e-01
     vertex -2.195554e+00  1.195635e+00  6.000000e-01
   endloop
 endfacet
 facet normal  6.293322e-01 -3.226398e-01 -7.069969e-01
   outer loop
     vertex -2.432616e+00  1.171486e+00  4.000000e-01
     vertex -2.195554e+00  1.195635e+00  6.000000e-01
     vertex -2.252422e+00  1.084709e+00  6.000000e-01
   endloop
 endfacet
 facet normal  6.446321e-01 -2.908691e-01 -7.069969e-01
   outer loop
     vertex -2.432616e+00  1.171486e+00  4.000000e-01
     vertex -2.252422e+00  1.084709e+00  6.000000e-01
     vertex -2.303691e+00  9.710870e-01  6.000000e-01
   endloop
 endfacet
 facet normal  6.696301e-01 -2.065535e-01 -7.133941e-01
   outer loop
     vertex -2.810324e+00  7.155965e-01  2.000000e-01
     vertex -2.962276e+00  9.137410e-01  0.000000e+00
     vertex -2.725109e+00  9.918584e-01  2.000000e-01
   endloop
 endfacet
 facet normal  6.807839e-01 -1.915429e-01 -7.069969e-01
   outer loop
     vertex -2.810324e+00  7.155965e-01  2.000000e-01
     vertex -3.004140e+00  7.649479e-01  0.000000e+00
     vertex -2.962276e+00  9.137410e-01  0.000000e+00
   endloop
 endfacet
 facet normal  6.894853e-01 -1.573705e-01 -7.069969e-01
   outer loop
     vertex -2.810324e+00  7.155965e-01  2.000000e-01
     vertex -3.038535e+00  6.142530e-01  0.000000e+00
     vertex -3.004140e+00  7.649479e-01  0.000000e+00
   endloop
 endfacet
 facet normal  6.519872e-01 -2.748356e-01 -7.066669e-01
   outer loop
     vertex -2.537170e+00  9.234544e-01  4.000000e-01
     vertex -2.725109e+00  9.918584e-01  2.000000e-01
     vertex -2.432616e+00  1.171486e+00  4.000000e-01
   endloop
 endfacet
 facet normal  6.570721e-01 -2.769791e-01 -7.010983e-01
   outer loop
     vertex -2.537170e+00  9.234544e-01  4.000000e-01
     vertex -2.432616e+00  1.171486e+00  4.000000e-01
     vertex -2.303691e+00  9.710870e-01  6.000000e-01
   endloop
 endfacet
 facet normal  6.761121e-01 -2.085530e-01 -7.066669e-01
   outer loop
     vertex -2.537170e+00  9.234544e-01  4.000000e-01
     vertex -2.810324e+00  7.155965e-01  2.000000e-01
     vertex -2.725109e+00  9.918584e-01  2.000000e-01
   endloop
 endfacet
 facet normal  6.583294e-01 -2.583753e-01 -7.069969e-01
   outer loop
     vertex -2.537170e+00  9.234544e-01  4.000000e-01
     vertex -2.303691e+00  9.710870e-01  6.000000e-01
     vertex -2.349232e+00  8.550504e-01  6.000000e-01
   endloop
 endfacet
 facet normal  6.703900e-01 -2.252391e-01 -7.069969e-01
   outer loop
     vertex -2.537170e+00  9.234544e-01  4.000000e-01
     vertex -2.349232e+00  8.550504e-01  6.000000e-01
     vertex -2.388932e+00  7.368879e-01  6.000000e-01
   endloop
 endfacet
 facet normal  6.868687e-01 -1.388535e-01 -7.133941e-01
   outer loop
     vertex -2.867609e+00  4.322226e-01  2.000000e-01
     vertex -3.038535e+00  6.142530e-01  0.000000e+00
     vertex -2.810324e+00  7.155965e-01  2.000000e-01
   endloop
 endfacet
 facet normal  6.964725e-01 -1.228069e-01 -7.069969e-01
   outer loop
     vertex -2.867609e+00  4.322226e-01  2.000000e-01
     vertex -3.065376e+00  4.620310e-01  0.000000e+00
     vertex -3.038535e+00  6.142530e-01  0.000000e+00
   endloop
 endfacet
 facet normal  7.017281e-01 -8.793794e-02 -7.069969e-01
   outer loop
     vertex -2.867609e+00  4.322226e-01  2.000000e-01
     vertex -3.084595e+00  3.086603e-01  0.000000e+00
     vertex -3.065376e+00  4.620310e-01  0.000000e+00
   endloop
 endfacet
 facet normal  6.761121e-01 -2.085530e-01 -7.066669e-01
   outer loop
     vertex -2.616509e+00  6.662450e-01  4.000000e-01
     vertex -2.810324e+00  7.155965e-01  2.000000e-01
     vertex -2.537170e+00  9.234544e-01  4.000000e-01
   endloop
 endfacet
 facet normal  6.813852e-01 -2.101795e-01 -7.010983e-01
   outer loop
     vertex -2.616509e+00  6.662450e-01  4.000000e-01
     vertex -2.537170e+00  9.234544e-01  4.000000e-01
     vertex -2.388932e+00  7.368879e-01  6.000000e-01
   endloop
 endfacet
 facet normal  6.935175e-01 -1.401976e-01 -7.066669e-01
   outer loop
     vertex -2.616509e+00  6.662450e-01  4.000000e-01
     vertex -2.867609e+00  4.322226e-01  2.000000e-01
     vertex -2.810324e+00  7.155965e-01  2.000000e-01
   endloop
 endfacet
 facet normal  6.807839e-01 -1.915429e-01 -7.069969e-01
   outer loop
     vertex -2.616509e+00  6.662450e-01  4.000000e-01
     vertex -2.388932e+00  7.368879e-01  6.000000e-01
     vertex -2.422693e+00  6.168935e-01  6.000000e-01
   endloop
 endfacet
 facet normal  6.894853e-01 -1.573705e-01 -7.069969e-01
   outer loop
     vertex -2.616509e+00  6.662450e-01  4.000000e-01
     vertex -2.422693e+00  6.168935e-01  6.000000e-01
     vertex -2.450431e+00  4.953654e-01  6.000000e-01
   endloop
 endfacet
 facet normal  7.052392e-01 -5.285037e-02 -7.069969e-01
   outer loop
     vertex -2.896395e+00  1.445531e-01  2.000000e-01
     vertex -3.096146e+00  1.545222e-01  0.000000e+00
     vertex -3.084595e+00  3.086603e-01  0.000000e+00
   endloop
 endfacet
 facet normal  6.972808e-01 -6.977347e-02 -7.133941e-01
   outer loop
     vertex -2.896395e+00  1.445531e-01  2.000000e-01
     vertex -3.084595e+00  3.086603e-01  0.000000e+00
     vertex -2.867609e+00  4.322226e-01  2.000000e-01
   endloop
 endfacet
 facet normal  7.069969e-01 -1.763140e-02 -7.069969e-01
   outer loop
     vertex -2.896395e+00  1.445531e-01  2.000000e-01
     vertex -3.100000e+00 -1.063377e-14  0.000000e+00
     vertex -3.096146e+00  1.545222e-01  0.000000e+00
   endloop
 endfacet
 facet normal  6.989263e-01 -1.412910e-01 -7.010983e-01
   outer loop
     vertex -2.669843e+00  4.024141e-01  4.000000e-01
     vertex -2.616509e+00  6.662450e-01  4.000000e-01
     vertex -2.450431e+00  4.953654e-01  6.000000e-01
   endloop
 endfacet
 facet normal  6.935175e-01 -1.401976e-01 -7.066669e-01
   outer loop
     vertex -2.669843e+00  4.024141e-01  4.000000e-01
     vertex -2.867609e+00  4.322226e-01  2.000000e-01
     vertex -2.616509e+00  6.662450e-01  4.000000e-01
   endloop
 endfacet
 facet normal  6.964725e-01 -1.228069e-01 -7.069969e-01
   outer loop
     vertex -2.669843e+00  4.024141e-01  4.000000e-01
     vertex -2.450431e+00  4.953654e-01  6.000000e-01
     vertex -2.472077e+00  3.726057e-01  6.000000e-01
   endloop
 endfacet
 facet normal  7.017281e-01 -8.793794e-02 -7.069969e-01
   outer loop
     vertex -2.669843e+00  4.024141e-01  4.000000e-01
     vertex -2.472077e+00  3.726057e-01  6.000000e-01
     vertex -2.487577e+00  2.489196e-01  6.000000e-01
   endloop
 endfacet
 facet normal  7.069969e-01  1.763140e-02 -7.069969e-01
   outer loop
     vertex -2.896395e+00 -1.445531e-01  2.000000e-01
     vertex -3.096146e+00 -1.545222e-01  0.000000e+00
     vertex -3.100000e+00 -1.063377e-14  0.000000e+00
   endloop
 endfacet
 facet normal  7.052392e-01  5.285037e-02 -7.069969e-01
   outer loop
     vertex -2.896395e+00 -1.445531e-01  2.000000e-01
     vertex -3.084595e+00 -3.086603e-01  0.000000e+00
     vertex -3.096146e+00 -1.545222e-01  0.000000e+00
   endloop
 endfacet
 facet normal  7.007631e-01 -1.076426e-15 -7.133941e-01
   outer loop
     vertex -2.896395e+00 -1.445531e-01  2.000000e-01
     vertex -3.100000e+00 -1.063377e-14  0.000000e+00
     vertex -2.896395e+00  1.445531e-01  2.000000e-01
   endloop
 endfacet
 facet normal  7.040305e-01 -7.044887e-02 -7.066669e-01
   outer loop
     vertex -2.696644e+00  1.345839e-01  4.000000e-01
     vertex -2.867609e+00  4.322226e-01  2.000000e-01
     vertex -2.669843e+00  4.024141e-01  4.000000e-01
   endloop
 endfacet
 facet normal  7.075464e-01 -1.127636e-15 -7.066669e-01
   outer loop
     vertex -2.696644e+00  1.345839e-01  4.000000e-01
     vertex -2.896395e+00 -1.445531e-01  2.000000e-01
     vertex -2.896395e+00  1.445531e-01  2.000000e-01
   endloop
 endfacet
 facet normal  7.040305e-01 -7.044887e-02 -7.066669e-01
   outer loop
     vertex -2.696644e+00  1.345839e-01  4.000000e-01
     vertex -2.896395e+00  1.445531e-01  2.000000e-01
     vertex -2.867609e+00  4.322226e-01  2.000000e-01
   endloop
 endfacet
 facet normal  7.095213e-01 -7.099831e-02 -7.010983e-01
   outer loop
     vertex -2.696644e+00  1.345839e-01  4.000000e-01
     vertex -2.669843e+00  4.024141e-01  4.000000e-01
     vertex -2.487577e+00  2.489196e-01  6.000000e-01
   endloop
 endfacet
 facet normal  7.052392e-01 -5.285037e-02 -7.069969e-01
   outer loop
     vertex -2.696644e+00  1.345839e-01  4.000000e-01
     vertex -2.487577e+00  2.489196e-01  6.000000e-01
     vertex -2.496892e+00  1.246147e-01  6.000000e-01
   endloop
 endfacet
 facet normal  7.069969e-01 -1.763140e-02 -7.069969e-01
   outer loop
     vertex -2.696644e+00  1.345839e-01  4.000000e-01
     vertex -2.496892e+00  1.246147e-01  6.000000e-01
     vertex -2.500000e+00 -8.575622e-15  6.000000e-01
   endloop
 endfacet
 facet normal  7.017281e-01  8.793794e-02 -7.069969e-01
   outer loop
     vertex -2.867609e+00 -4.322226e-01  2.000000e-01
     vertex -3.065376e+00 -4.620310e-01  0.000000e+00
     vertex -3.084595e+00 -3.086603e-01  0.000000e+00
   endloop
 endfacet
 facet normal  6.964725e-01  1.228069e-01 -7.069969e-01
   outer loop
     vertex -2.867609e+00 -4.322226e-01  2.000000e-01
     vertex -3.038535e+00 -6.142530e-01  0.000000e+00
     vertex -3.065376e+00 -4.620310e-01  0.000000e+00
   endloop
 endfacet
 facet normal  6.972808e-01  6.977347e-02 -7.133941e-01
   outer loop
     vertex -2.867609e+00 -4.322226e-01  2.000000e-01
     vertex -3.084595e+00 -3.086603e-01  0.000000e+00
     vertex -2.896395e+00 -1.445531e-01  2.000000e-01
   endloop
 endfacet
 facet normal  7.130646e-01  0.000000e+00 -7.010983e-01
   outer loop
     vertex -2.696644e+00 -1.345839e-01  4.000000e-01
     vertex -2.696644e+00  1.345839e-01  4.000000e-01
     vertex -2.500000e+00 -8.575622e-15  6.000000e-01
   endloop
 endfacet
 facet normal  7.075464e-01  0.000000e+00 -7.066669e-01
   outer loop
     vertex -2.696644e+00 -1.345839e-01  4.000000e-01
     vertex -2.896395e+00 -1.445531e-01  2.000000e-01
     vertex -2.696644e+00  1.345839e-01  4.000000e-01
   endloop
 endfacet
 facet normal  7.069969e-01  1.763140e-02 -7.069969e-01
   outer loop
     vertex -2.696644e+00 -1.345839e-01  4.000000e-01
     vertex -2.500000e+00 -8.575622e-15  6.000000e-01
     vertex -2.496892e+00 -1.246147e-01  6.000000e-01
   endloop
 endfacet
 facet normal  7.052392e-01  5.285037e-02 -7.069969e-01
   outer loop
     vertex -2.696644e+00 -1.345839e-01  4.000000e-01
     vertex -2.496892e+00 -1.246147e-01  6.000000e-01
     vertex -2.487577e+00 -2.489196e-01  6.000000e-01
   endloop
 endfacet
 facet normal  6.894853e-01  1.573705e-01 -7.069969e-01
   outer loop
     vertex -2.810324e+00 -7.155965e-01  2.000000e-01
     vertex -3.004140e+00 -7.649479e-01  0.000000e+00
     vertex -3.038535e+00 -6.142530e-01  0.000000e+00
   endloop
 endfacet
 facet normal  6.807839e-01  1.915429e-01 -7.069969e-01
   outer loop
     vertex -2.810324e+00 -7.155965e-01  2.000000e-01
     vertex -2.962276e+00 -9.137410e-01  0.000000e+00
     vertex -3.004140e+00 -7.649479e-01  0.000000e+00
   endloop
 endfacet
 facet normal  6.868687e-01  1.388535e-01 -7.133941e-01
   outer loop
     vertex -2.810324e+00 -7.155965e-01  2.000000e-01
     vertex -3.038535e+00 -6.142530e-01  0.000000e+00
     vertex -2.867609e+00 -4.322226e-01  2.000000e-01
   endloop
 endfacet
 facet normal  7.040305e-01  7.044887e-02 -7.066669e-01
   outer loop
     vertex -2.669843e+00 -4.024141e-01  4.000000e-01
     vertex -2.896395e+00 -1.445531e-01  2.000000e-01
     vertex -2.696644e+00 -1.345839e-01  4.000000e-01
   endloop
 endfacet
 facet normal  6.935175e-01  1.401976e-01 -7.066669e-01
   outer loop
     vertex -2.669843e+00 -4.024141e-01  4.000000e-01
     vertex -2.810324e+00 -7.155965e-01  2.000000e-01
     vertex -2.867609e+00 -4.322226e-01  2.000000e-01
   endloop
 endfacet
 facet normal  7.095213e-01  7.099831e-02 -7.010983e-01
   outer loop
     vertex -2.669843e+00 -4.024141e-01  4.000000e-01
     vertex -2.696644e+00 -1.345839e-01  4.000000e-01
     vertex -2.487577e+00 -2.489196e-01  6.000000e-01
   endloop
 endfacet
 facet normal  7.040305e-01  7.044887e-02 -7.066669e-01
   outer loop
     vertex -2.669843e+00 -4.024141e-01  4.000000e-01
     vertex -2.867609e+00 -4.322226e-01  2.000000e-01
     vertex -2.896395e+00 -1.445531e-01  2.000000e-01
   endloop
 endfacet
 facet normal  7.017281e-01  8.793794e-02 -7.069969e-01
   outer loop
     vertex -2.669843e+00 -4.024141e-01  4.000000e-01
     vertex -2.487577e+00 -2.489196e-01  6.000000e-01
     vertex -2.472077e+00 -3.726057e-01  6.000000e-01
   endloop
 endfacet
 facet normal  6.964725e-01  1.228069e-01 -7.069969e-01
   outer loop
     vertex -2.669843e+00 -4.024141e-01  4.000000e-01
     vertex -2.472077e+00 -3.726057e-01  6.000000e-01
     vertex -2.450431e+00 -4.953654e-01  6.000000e-01
   endloop
 endfacet
 facet normal  6.696301e-01  2.065535e-01 -7.133941e-01
   outer loop
     vertex -2.725109e+00 -9.918584e-01  2.000000e-01
     vertex -2.962276e+00 -9.137410e-01  0.000000e+00
     vertex -2.810324e+00 -7.155965e-01  2.000000e-01
   endloop
 endfacet
 facet normal  6.703900e-01  2.252391e-01 -7.069969e-01
   outer loop
     vertex -2.725109e+00 -9.918584e-01  2.000000e-01
     vertex -2.913047e+00 -1.060262e+00  0.000000e+00
     vertex -2.962276e+00 -9.137410e-01  0.000000e+00
   endloop
 endfacet
 facet normal  6.583294e-01  2.583753e-01 -7.069969e-01
   outer loop
     vertex -2.725109e+00 -9.918584e-01  2.000000e-01
     vertex -2.856576e+00 -1.204148e+00  0.000000e+00
     vertex -2.913047e+00 -1.060262e+00  0.000000e+00
   endloop
 endfacet
 facet normal  6.989263e-01  1.412910e-01 -7.010983e-01
   outer loop
     vertex -2.616509e+00 -6.662450e-01  4.000000e-01
     vertex -2.669843e+00 -4.024141e-01  4.000000e-01
     vertex -2.450431e+00 -4.953654e-01  6.000000e-01
   endloop
 endfacet
 facet normal  6.935175e-01  1.401976e-01 -7.066669e-01
   outer loop
     vertex -2.616509e+00 -6.662450e-01  4.000000e-01
     vertex -2.810324e+00 -7.155965e-01  2.000000e-01
     vertex -2.669843e+00 -4.024141e-01  4.000000e-01
   endloop
 endfacet
 facet normal  6.894853e-01  1.573705e-01 -7.069969e-01
   outer loop
     vertex -2.616509e+00 -6.662450e-01  4.000000e-01
     vertex -2.450431e+00 -4.953654e-01  6.000000e-01
     vertex -2.422693e+00 -6.168935e-01  6.000000e-01
   endloop
 endfacet
 facet normal  6.807839e-01  1.915429e-01 -7.069969e-01
   outer loop
     vertex -2.616509e+00 -6.662450e-01  4.000000e-01
     vertex -2.422693e+00 -6.168935e-01  6.000000e-01
     vertex -2.388932e+00 -7.368879e-01  6.000000e-01
   endloop
 endfacet
 facet normal  6.457365e-01  2.722008e-01 -7.133941e-01
   outer loop
     vertex -2.612810e+00 -1.258263e+00  2.000000e-01
     vertex -2.856576e+00 -1.204148e+00  0.000000e+00
     vertex -2.725109e+00 -9.918584e-01  2.000000e-01
   endloop
 endfacet
 facet normal  6.446321e-01  2.908691e-01 -7.069969e-01
   outer loop
     vertex -2.612810e+00 -1.258263e+00  2.000000e-01
     vertex -2.793003e+00 -1.345040e+00  0.000000e+00
     vertex -2.856576e+00 -1.204148e+00  0.000000e+00
   endloop
 endfacet
 facet normal  6.293322e-01  3.226398e-01 -7.069969e-01
   outer loop
     vertex -2.612810e+00 -1.258263e+00  2.000000e-01
     vertex -2.722487e+00 -1.482587e+00  0.000000e+00
     vertex -2.793003e+00 -1.345040e+00  0.000000e+00
   endloop
 endfacet
 facet normal  6.703900e-01  2.252391e-01 -7.069969e-01
   outer loop
     vertex -2.537170e+00 -9.234544e-01  4.000000e-01
     vertex -2.388932e+00 -7.368879e-01  6.000000e-01
     vertex -2.349232e+00 -8.550504e-01  6.000000e-01
   endloop
 endfacet
 facet normal  6.583294e-01  2.583753e-01 -7.069969e-01
   outer loop
     vertex -2.537170e+00 -9.234544e-01  4.000000e-01
     vertex -2.349232e+00 -8.550504e-01  6.000000e-01
     vertex -2.303691e+00 -9.710870e-01  6.000000e-01
   endloop
 endfacet
 facet normal  6.761121e-01  2.085530e-01 -7.066669e-01
   outer loop
     vertex -2.537170e+00 -9.234544e-01  4.000000e-01
     vertex -2.725109e+00 -9.918584e-01  2.000000e-01
     vertex -2.810324e+00 -7.155965e-01  2.000000e-01
   endloop
 endfacet
 facet normal  6.761121e-01  2.085530e-01 -7.066669e-01
   outer loop
     vertex -2.537170e+00 -9.234544e-01  4.000000e-01
     vertex -2.810324e+00 -7.155965e-01  2.000000e-01
     vertex -2.616509e+00 -6.662450e-01  4.000000e-01
   endloop
 endfacet
 facet normal  6.813852e-01  2.101795e-01 -7.010983e-01
   outer loop
     vertex -2.537170e+00 -9.234544e-01  4.000000e-01
     vertex -2.616509e+00 -6.662450e-01  4.000000e-01
     vertex -2.388932e+00 -7.368879e-01  6.000000e-01
   endloop
 endfacet
 facet normal  6.124676e-01  3.536083e-01 -7.069969e-01
   outer loop
     vertex -2.474544e+00 -1.512162e+00  2.000000e-01
     vertex -2.645202e+00 -1.616449e+00  0.000000e+00
     vertex -2.722487e+00 -1.482587e+00  0.000000e+00
   endloop
 endfacet
 facet normal  5.940803e-01  3.836978e-01 -7.069969e-01
   outer loop
     vertex -2.474544e+00 -1.512162e+00  2.000000e-01
     vertex -2.561340e+00 -1.746292e+00  0.000000e+00
     vertex -2.645202e+00 -1.616449e+00  0.000000e+00
   endloop
 endfacet
 facet normal  6.154253e-01  3.351427e-01 -7.133941e-01
   outer loop
     vertex -2.474544e+00 -1.512162e+00  2.000000e-01
     vertex -2.722487e+00 -1.482587e+00  0.000000e+00
     vertex -2.612810e+00 -1.258263e+00  2.000000e-01
   endloop
 endfacet
 facet normal  6.446321e-01  2.908691e-01 -7.069969e-01
   outer loop
     vertex -2.432616e+00 -1.171486e+00  4.000000e-01
     vertex -2.303691e+00 -9.710870e-01  6.000000e-01
     vertex -2.252422e+00 -1.084709e+00  6.000000e-01
   endloop
 endfacet
 facet normal  6.293322e-01  3.226398e-01 -7.069969e-01
   outer loop
     vertex -2.432616e+00 -1.171486e+00  4.000000e-01
     vertex -2.252422e+00 -1.084709e+00  6.000000e-01
     vertex -2.195554e+00 -1.195635e+00  6.000000e-01
   endloop
 endfacet
 facet normal  6.570721e-01  2.769791e-01 -7.010983e-01
   outer loop
     vertex -2.432616e+00 -1.171486e+00  4.000000e-01
     vertex -2.537170e+00 -9.234544e-01  4.000000e-01
     vertex -2.303691e+00 -9.710870e-01  6.000000e-01
   endloop
 endfacet
 facet normal  6.519872e-01  2.748356e-01 -7.066669e-01
   outer loop
     vertex -2.432616e+00 -1.171486e+00  4.000000e-01
     vertex -2.725109e+00 -9.918584e-01  2.000000e-01
     vertex -2.537170e+00 -9.234544e-01  4.000000e-01
   endloop
 endfacet
 facet normal  6.519872e-01  2.748356e-01 -7.066669e-01
   outer loop
     vertex -2.432616e+00 -1.171486e+00  4.000000e-01
     vertex -2.612810e+00 -1.258263e+00  2.000000e-01
     vertex -2.725109e+00 -9.918584e-01  2.000000e-01
   endloop
 endfacet
 facet normal  5.789976e-01  3.947539e-01 -7.133941e-01
   outer loop
     vertex -2.311684e+00 -1.751033e+00  2.000000e-01
     vertex -2.561340e+00 -1.746292e+00  0.000000e+00
     vertex -2.474544e+00 -1.512162e+00  2.000000e-01
   endloop
 endfacet
 facet normal  5.742161e-01  4.128333e-01 -7.069969e-01
   outer loop
     vertex -2.311684e+00 -1.751033e+00  2.000000e-01
     vertex -2.471111e+00 -1.871794e+00  0.000000e+00
     vertex -2.561340e+00 -1.746292e+00  0.000000e+00
   endloop
 endfacet
 facet normal  5.529243e-01  4.409424e-01 -7.069969e-01
   outer loop
     vertex -2.311684e+00 -1.751033e+00  2.000000e-01
     vertex -2.374738e+00 -1.992642e+00  0.000000e+00
     vertex -2.471111e+00 -1.871794e+00  0.000000e+00
   endloop
 endfacet
 facet normal  6.124676e-01  3.536083e-01 -7.069969e-01
   outer loop
     vertex -2.303885e+00 -1.407875e+00  4.000000e-01
     vertex -2.195554e+00 -1.195635e+00  6.000000e-01
     vertex -2.133227e+00 -1.303588e+00  6.000000e-01
   endloop
 endfacet
 facet normal  5.940803e-01  3.836978e-01 -7.069969e-01
   outer loop
     vertex -2.303885e+00 -1.407875e+00  4.000000e-01
     vertex -2.133227e+00 -1.303588e+00  6.000000e-01
     vertex -2.065597e+00 -1.408300e+00  6.000000e-01
   endloop
 endfacet
 facet normal  6.262287e-01  3.410260e-01 -7.010983e-01
   outer loop
     vertex -2.303885e+00 -1.407875e+00  4.000000e-01
     vertex -2.432616e+00 -1.171486e+00  4.000000e-01
     vertex -2.195554e+00 -1.195635e+00  6.000000e-01
   endloop
 endfacet
 facet normal  6.213825e-01  3.383869e-01 -7.066669e-01
   outer loop
     vertex -2.303885e+00 -1.407875e+00  4.000000e-01
     vertex -2.474544e+00 -1.512162e+00  2.000000e-01
     vertex -2.612810e+00 -1.258263e+00  2.000000e-01
   endloop
 endfacet
 facet normal  6.213825e-01  3.383869e-01 -7.066669e-01
   outer loop
     vertex -2.303885e+00 -1.407875e+00  4.000000e-01
     vertex -2.612810e+00 -1.258263e+00  2.000000e-01
     vertex -2.432616e+00 -1.171486e+00  4.000000e-01
   endloop
 endfacet
 facet normal  5.368157e-01  4.504418e-01 -7.133941e-01
   outer loop
     vertex -2.125850e+00 -1.972501e+00  2.000000e-01
     vertex -2.374738e+00 -1.992642e+00  0.000000e+00
     vertex -2.311684e+00 -1.751033e+00  2.000000e-01
   endloop
 endfacet
 facet normal  5.302578e-01  4.679553e-01 -7.069969e-01
   outer loop
     vertex -2.125850e+00 -1.972501e+00  2.000000e-01
     vertex -2.272461e+00 -2.108535e+00  0.000000e+00
     vertex -2.374738e+00 -1.992642e+00  0.000000e+00
   endloop
 endfacet
 facet normal  5.062730e-01  4.938047e-01 -7.069969e-01
   outer loop
     vertex -2.125850e+00 -1.972501e+00  2.000000e-01
     vertex -2.164534e+00 -2.219187e+00  0.000000e+00
     vertex -2.272461e+00 -2.108535e+00  0.000000e+00
   endloop
 endfacet
 facet normal  5.742161e-01  4.128333e-01 -7.069969e-01
   outer loop
     vertex -2.152258e+00 -1.630272e+00  4.000000e-01
     vertex -2.065597e+00 -1.408300e+00  6.000000e-01
     vertex -1.992831e+00 -1.509511e+00  6.000000e-01
   endloop
 endfacet
 facet normal  5.846023e-01  3.985751e-01 -7.066669e-01
   outer loop
     vertex -2.152258e+00 -1.630272e+00  4.000000e-01
     vertex -2.311684e+00 -1.751033e+00  2.000000e-01
     vertex -2.474544e+00 -1.512162e+00  2.000000e-01
   endloop
 endfacet
 facet normal  5.529243e-01  4.409424e-01 -7.069969e-01
   outer loop
     vertex -2.152258e+00 -1.630272e+00  4.000000e-01
     vertex -1.992831e+00 -1.509511e+00  6.000000e-01
     vertex -1.915111e+00 -1.606969e+00  6.000000e-01
   endloop
 endfacet
 facet normal  5.846023e-01  3.985751e-01 -7.066669e-01
   outer loop
     vertex -2.152258e+00 -1.630272e+00  4.000000e-01
     vertex -2.474544e+00 -1.512162e+00  2.000000e-01
     vertex -2.303885e+00 -1.407875e+00  4.000000e-01
   endloop
 endfacet
 facet normal  5.891617e-01  4.016836e-01 -7.010983e-01
   outer loop
     vertex -2.152258e+00 -1.630272e+00  4.000000e-01
     vertex -2.303885e+00 -1.407875e+00  4.000000e-01
     vertex -2.065597e+00 -1.408300e+00  6.000000e-01
   endloop
 endfacet
 facet normal  4.892986e-01  5.016531e-01 -7.133941e-01
   outer loop
     vertex -1.918889e+00 -2.174365e+00  2.000000e-01
     vertex -2.164534e+00 -2.219187e+00  0.000000e+00
     vertex -2.125850e+00 -1.972501e+00  2.000000e-01
   endloop
 endfacet
 facet normal  4.810295e-01  5.184265e-01 -7.069969e-01
   outer loop
     vertex -1.918889e+00 -2.174365e+00  2.000000e-01
     vertex -2.051226e+00 -2.324322e+00  0.000000e+00
     vertex -2.164534e+00 -2.219187e+00  0.000000e+00
   endloop
 endfacet
 facet normal  4.545901e-01  5.417594e-01 -7.069969e-01
   outer loop
     vertex -1.918889e+00 -2.174365e+00  2.000000e-01
     vertex -1.932818e+00 -2.423678e+00  0.000000e+00
     vertex -2.051226e+00 -2.324322e+00  0.000000e+00
   endloop
 endfacet
 facet normal  5.302578e-01  4.679553e-01 -7.069969e-01
   outer loop
     vertex -1.979240e+00 -1.836466e+00  4.000000e-01
     vertex -1.915111e+00 -1.606969e+00  6.000000e-01
     vertex -1.832630e+00 -1.700432e+00  6.000000e-01
   endloop
 endfacet
 facet normal  5.062730e-01  4.938047e-01 -7.069969e-01
   outer loop
     vertex -1.979240e+00 -1.836466e+00  4.000000e-01
     vertex -1.832630e+00 -1.700432e+00  6.000000e-01
     vertex -1.745592e+00 -1.789667e+00  6.000000e-01
   endloop
 endfacet
 facet normal  5.420120e-01  4.548021e-01 -7.066669e-01
   outer loop
     vertex -1.979240e+00 -1.836466e+00  4.000000e-01
     vertex -2.125850e+00 -1.972501e+00  2.000000e-01
     vertex -2.311684e+00 -1.751033e+00  2.000000e-01
   endloop
 endfacet
 facet normal  5.462392e-01  4.583491e-01 -7.010983e-01
   outer loop
     vertex -1.979240e+00 -1.836466e+00  4.000000e-01
     vertex -2.152258e+00 -1.630272e+00  4.000000e-01
     vertex -1.915111e+00 -1.606969e+00  6.000000e-01
   endloop
 endfacet
 facet normal  5.420120e-01  4.548021e-01 -7.066669e-01
   outer loop
     vertex -1.979240e+00 -1.836466e+00  4.000000e-01
     vertex -2.311684e+00 -1.751033e+00  2.000000e-01
     vertex -2.152258e+00 -1.630272e+00  4.000000e-01
   endloop
 endfacet
 facet normal  4.940350e-01  5.065090e-01 -7.066669e-01
   outer loop
     vertex -1.979240e+00 -1.836466e+00  4.000000e-01
     vertex -1.918889e+00 -2.174365e+00  2.000000e-01
     vertex -2.125850e+00 -1.972501e+00  2.000000e-01
   endloop
 endfacet
 facet normal  4.369186e-01  5.478786e-01 -7.133941e-01
   outer loop
     vertex -1.692857e+00 -2.354620e+00  2.000000e-01
     vertex -1.932818e+00 -2.423678e+00  0.000000e+00
     vertex -1.918889e+00 -2.174365e+00  2.000000e-01
   endloop
 endfacet
 facet normal  4.270206e-01  5.637454e-01 -7.069969e-01
   outer loop
     vertex -1.692857e+00 -2.354620e+00  2.000000e-01
     vertex -1.809605e+00 -2.517008e+00  0.000000e+00
     vertex -1.932818e+00 -2.423678e+00  0.000000e+00
   endloop
 endfacet
 facet normal  3.983893e-01  5.843298e-01 -7.069969e-01
   outer loop
     vertex -1.692857e+00 -2.354620e+00  2.000000e-01
     vertex -1.681893e+00 -2.604080e+00  0.000000e+00
     vertex -1.809605e+00 -2.517008e+00  0.000000e+00
   endloop
 endfacet
 facet normal  4.810295e-01  5.184265e-01 -7.069969e-01
   outer loop
     vertex -1.786552e+00 -2.024409e+00  4.000000e-01
     vertex -1.745592e+00 -1.789667e+00  6.000000e-01
     vertex -1.654215e+00 -1.874453e+00  6.000000e-01
   endloop
 endfacet
 facet normal  4.545901e-01  5.417594e-01 -7.069969e-01
   outer loop
     vertex -1.786552e+00 -2.024409e+00  4.000000e-01
     vertex -1.654215e+00 -1.874453e+00  6.000000e-01
     vertex -1.558725e+00 -1.954579e+00  6.000000e-01
   endloop
 endfacet
 facet normal  4.940350e-01  5.065090e-01 -7.066669e-01
   outer loop
     vertex -1.786552e+00 -2.024409e+00  4.000000e-01
     vertex -1.918889e+00 -2.174365e+00  2.000000e-01
     vertex -1.979240e+00 -1.836466e+00  4.000000e-01
   endloop
 endfacet
 facet normal  4.978880e-01  5.104593e-01 -7.010983e-01
   outer loop
     vertex -1.786552e+00 -2.024409e+00  4.000000e-01
     vertex -1.979240e+00 -1.836466e+00  4.000000e-01
     vertex -1.745592e+00 -1.789667e+00  6.000000e-01
   endloop
 endfacet
 facet normal  3.801964e-01  5.886591e-01 -7.133941e-01
   outer loop
     vertex -1.450000e+00 -2.511474e+00  2.000000e-01
     vertex -1.681893e+00 -2.604080e+00  0.000000e+00
     vertex -1.692857e+00 -2.354620e+00  2.000000e-01
   endloop
 endfacet
 facet normal  3.687677e-01  6.034615e-01 -7.069969e-01
   outer loop
     vertex -1.450000e+00 -2.511474e+00  2.000000e-01
     vertex -1.550000e+00 -2.684679e+00  0.000000e+00
     vertex -1.681893e+00 -2.604080e+00  0.000000e+00
   endloop
 endfacet
 facet normal  3.382292e-01  6.210929e-01 -7.069969e-01
   outer loop
     vertex -1.450000e+00 -2.511474e+00  2.000000e-01
     vertex -1.414253e+00 -2.758603e+00  0.000000e+00
     vertex -1.550000e+00 -2.684679e+00  0.000000e+00
   endloop
 endfacet
 facet normal  4.411480e-01  5.531821e-01 -7.066669e-01
   outer loop
     vertex -1.576108e+00 -2.192233e+00  4.000000e-01
     vertex -1.918889e+00 -2.174365e+00  2.000000e-01
     vertex -1.786552e+00 -2.024409e+00  4.000000e-01
   endloop
 endfacet
 facet normal  4.270206e-01  5.637454e-01 -7.069969e-01
   outer loop
     vertex -1.576108e+00 -2.192233e+00  4.000000e-01
     vertex -1.558725e+00 -1.954579e+00  6.000000e-01
     vertex -1.459359e+00 -2.029845e+00  6.000000e-01
   endloop
 endfacet
 facet normal  3.983893e-01  5.843298e-01 -7.069969e-01
   outer loop
     vertex -1.576108e+00 -2.192233e+00  4.000000e-01
     vertex -1.459359e+00 -2.029845e+00  6.000000e-01
     vertex -1.356366e+00 -2.100065e+00  6.000000e-01
   endloop
 endfacet
 facet normal  4.411480e-01  5.531821e-01 -7.066669e-01
   outer loop
     vertex -1.576108e+00 -2.192233e+00  4.000000e-01
     vertex -1.692857e+00 -2.354620e+00  2.000000e-01
     vertex -1.918889e+00 -2.174365e+00  2.000000e-01
   endloop
 endfacet
 facet normal  4.445885e-01  5.574964e-01 -7.010983e-01
   outer loop
     vertex -1.576108e+00 -2.192233e+00  4.000000e-01
     vertex -1.786552e+00 -2.024409e+00  4.000000e-01
     vertex -1.558725e+00 -1.954579e+00  6.000000e-01
   endloop
 endfacet
 facet normal  3.196956e-01  6.235893e-01 -7.133941e-01
   outer loop
     vertex -1.192733e+00 -2.643367e+00  2.000000e-01
     vertex -1.414253e+00 -2.758603e+00  0.000000e+00
     vertex -1.450000e+00 -2.511474e+00  2.000000e-01
   endloop
 endfacet
 facet normal  3.068498e-01  6.371802e-01 -7.069969e-01
   outer loop
     vertex -1.192733e+00 -2.643367e+00  2.000000e-01
     vertex -1.274990e+00 -2.825668e+00  0.000000e+00
     vertex -1.414253e+00 -2.758603e+00  0.000000e+00
   endloop
 endfacet
 facet normal  2.747076e-01  6.516833e-01 -7.069969e-01
   outer loop
     vertex -1.192733e+00 -2.643367e+00  2.000000e-01
     vertex -1.132557e+00 -2.885709e+00  0.000000e+00
     vertex -1.274990e+00 -2.825668e+00  0.000000e+00
   endloop
 endfacet
 facet normal  3.868706e-01  5.989928e-01 -7.010983e-01
   outer loop
     vertex -1.350000e+00 -2.338269e+00  4.000000e-01
     vertex -1.576108e+00 -2.192233e+00  4.000000e-01
     vertex -1.356366e+00 -2.100065e+00  6.000000e-01
   endloop
 endfacet
 facet normal  3.687677e-01  6.034615e-01 -7.069969e-01
   outer loop
     vertex -1.350000e+00 -2.338269e+00  4.000000e-01
     vertex -1.356366e+00 -2.100065e+00  6.000000e-01
     vertex -1.250000e+00 -2.165064e+00  6.000000e-01
   endloop
 endfacet
 facet normal  3.382292e-01  6.210929e-01 -7.069969e-01
   outer loop
     vertex -1.350000e+00 -2.338269e+00  4.000000e-01
     vertex -1.250000e+00 -2.165064e+00  6.000000e-01
     vertex -1.140527e+00 -2.224680e+00  6.000000e-01
   endloop
 endfacet
 facet normal  3.838767e-01  5.943573e-01 -7.066669e-01
   outer loop
     vertex -1.350000e+00 -2.338269e+00  4.000000e-01
     vertex -1.692857e+00 -2.354620e+00  2.000000e-01
     vertex -1.576108e+00 -2.192233e+00  4.000000e-01
   endloop
 endfacet
 facet normal  3.838767e-01  5.943573e-01 -7.066669e-01
   outer loop
     vertex -1.350000e+00 -2.338269e+00  4.000000e-01
     vertex -1.450000e+00 -2.511474e+00  2.000000e-01
     vertex -1.692857e+00 -2.354620e+00  2.000000e-01
   endloop
 endfacet
 facet normal  2.560175e-01  6.523220e-01 -7.133941e-01
   outer loop
     vertex -9.236113e-01 -2.748989e+00  2.000000e-01
     vertex -1.132557e+00 -2.885709e+00  0.000000e+00
     vertex -1.192733e+00 -2.643367e+00  2.000000e-01
   endloop
 endfacet
 facet normal  2.418824e-01  6.645663e-01 -7.069969e-01
   outer loop
     vertex -9.236113e-01 -2.748989e+00  2.000000e-01
     vertex -9.873086e-01 -2.938575e+00  0.000000e+00
     vertex -1.132557e+00 -2.885709e+00  0.000000e+00
   endloop
 endfacet
 facet normal  2.084558e-01  6.757970e-01 -7.069969e-01
   outer loop
     vertex -9.236113e-01 -2.748989e+00  2.000000e-01
     vertex -8.396055e-01 -2.984135e+00  0.000000e+00
     vertex -9.873086e-01 -2.938575e+00  0.000000e+00
   endloop
 endfacet
 facet normal  3.227902e-01  6.296256e-01 -7.066669e-01
   outer loop
     vertex -1.110475e+00 -2.461066e+00  4.000000e-01
     vertex -1.192733e+00 -2.643367e+00  2.000000e-01
     vertex -1.450000e+00 -2.511474e+00  2.000000e-01
   endloop
 endfacet
 facet normal  3.068498e-01  6.371802e-01 -7.069969e-01
   outer loop
     vertex -1.110475e+00 -2.461066e+00  4.000000e-01
     vertex -1.140527e+00 -2.224680e+00  6.000000e-01
     vertex -1.028218e+00 -2.278765e+00  6.000000e-01
   endloop
 endfacet
 facet normal  2.747076e-01  6.516833e-01 -7.069969e-01
   outer loop
     vertex -1.110475e+00 -2.461066e+00  4.000000e-01
     vertex -1.028218e+00 -2.278765e+00  6.000000e-01
     vertex -9.133526e-01 -2.327184e+00  6.000000e-01
   endloop
 endfacet
 facet normal  3.227902e-01  6.296256e-01 -7.066669e-01
   outer loop
     vertex -1.110475e+00 -2.461066e+00  4.000000e-01
     vertex -1.450000e+00 -2.511474e+00  2.000000e-01
     vertex -1.350000e+00 -2.338269e+00  4.000000e-01
   endloop
 endfacet
 facet normal  3.253077e-01  6.345361e-01 -7.010983e-01
   outer loop
     vertex -1.110475e+00 -2.461066e+00  4.000000e-01
     vertex -1.350000e+00 -2.338269e+00  4.000000e-01
     vertex -1.140527e+00 -2.224680e+00  6.000000e-01
   endloop
 endfacet
 facet normal  1.897950e-01  6.745715e-01 -7.133941e-01
   outer loop
     vertex -6.453107e-01 -2.827291e+00  2.000000e-01
     vertex -8.396055e-01 -2.984135e+00  0.000000e+00
     vertex -9.236113e-01 -2.748989e+00  2.000000e-01
   endloop
 endfacet
 facet normal  1.745109e-01  6.853476e-01 -7.069969e-01
   outer loop
     vertex -6.453107e-01 -2.827291e+00  2.000000e-01
     vertex -6.898149e-01 -3.022277e+00  0.000000e+00
     vertex -8.396055e-01 -2.984135e+00  0.000000e+00
   endloop
 endfacet
 facet normal  1.401323e-01  6.931943e-01 -7.069969e-01
   outer loop
     vertex -6.453107e-01 -2.827291e+00  2.000000e-01
     vertex -5.383094e-01 -3.052904e+00  0.000000e+00
     vertex -6.898149e-01 -3.022277e+00  0.000000e+00
   endloop
 endfacet
 facet normal  2.605118e-01  6.637732e-01 -7.010983e-01
   outer loop
     vertex -8.599140e-01 -2.559404e+00  4.000000e-01
     vertex -1.110475e+00 -2.461066e+00  4.000000e-01
     vertex -9.133526e-01 -2.327184e+00  6.000000e-01
   endloop
 endfacet
 facet normal  2.584957e-01  6.586364e-01 -7.066669e-01
   outer loop
     vertex -8.599140e-01 -2.559404e+00  4.000000e-01
     vertex -9.236113e-01 -2.748989e+00  2.000000e-01
     vertex -1.192733e+00 -2.643367e+00  2.000000e-01
   endloop
 endfacet
 facet normal  2.418824e-01  6.645663e-01 -7.069969e-01
   outer loop
     vertex -8.599140e-01 -2.559404e+00  4.000000e-01
     vertex -9.133526e-01 -2.327184e+00  6.000000e-01
     vertex -7.962166e-01 -2.369818e+00  6.000000e-01
   endloop
 endfacet
 facet normal  2.084558e-01  6.757970e-01 -7.069969e-01
   outer loop
     vertex -8.599140e-01 -2.559404e+00  4.000000e-01
     vertex -7.962166e-01 -2.369818e+00  6.000000e-01
     vertex -6.771012e-01 -2.406561e+00  6.000000e-01
   endloop
 endfacet
 facet normal  2.584957e-01  6.586364e-01 -7.066669e-01
   outer loop
     vertex -8.599140e-01 -2.559404e+00  4.000000e-01
     vertex -1.192733e+00 -2.643367e+00  2.000000e-01
     vertex -1.110475e+00 -2.461066e+00  4.000000e-01
   endloop
 endfacet
 facet normal  1.216862e-01  6.901169e-01 -7.133941e-01
   outer loop
     vertex -3.605967e-01 -2.877494e+00  2.000000e-01
     vertex -5.383094e-01 -3.052904e+00  0.000000e+00
     vertex -6.453107e-01 -2.827291e+00  2.000000e-01
   endloop
 endfacet
 facet normal  1.054052e-01  6.993177e-01 -7.069969e-01
   outer loop
     vertex -3.605967e-01 -2.877494e+00  2.000000e-01
     vertex -3.854655e-01 -3.075942e+00  0.000000e+00
     vertex -5.383094e-01 -3.052904e+00  0.000000e+00
   endloop
 endfacet
 facet normal  7.041604e-02  7.037024e-01 -7.069969e-01
   outer loop
     vertex -3.605967e-01 -2.877494e+00  2.000000e-01
     vertex -2.316633e-01 -3.091332e+00  0.000000e+00
     vertex -3.854655e-01 -3.075942e+00  0.000000e+00
   endloop
 endfacet
 facet normal  1.745109e-01  6.853476e-01 -7.069969e-01
   outer loop
     vertex -6.008065e-01 -2.632305e+00  4.000000e-01
     vertex -6.771012e-01 -2.406561e+00  6.000000e-01
     vertex -5.563023e-01 -2.437320e+00  6.000000e-01
   endloop
 endfacet
 facet normal  1.401323e-01  6.931943e-01 -7.069969e-01
   outer loop
     vertex -6.008065e-01 -2.632305e+00  4.000000e-01
     vertex -5.563023e-01 -2.437320e+00  6.000000e-01
     vertex -4.341204e-01 -2.462019e+00  6.000000e-01
   endloop
 endfacet
 facet normal  1.916322e-01  6.811013e-01 -7.066669e-01
   outer loop
     vertex -6.008065e-01 -2.632305e+00  4.000000e-01
     vertex -9.236113e-01 -2.748989e+00  2.000000e-01
     vertex -8.599140e-01 -2.559404e+00  4.000000e-01
   endloop
 endfacet
 facet normal  1.916322e-01  6.811013e-01 -7.066669e-01
   outer loop
     vertex -6.008065e-01 -2.632305e+00  4.000000e-01
     vertex -6.453107e-01 -2.827291e+00  2.000000e-01
     vertex -9.236113e-01 -2.748989e+00  2.000000e-01
   endloop
 endfacet
 facet normal  1.931268e-01  6.864133e-01 -7.010983e-01
   outer loop
     vertex -6.008065e-01 -2.632305e+00  4.000000e-01
     vertex -8.599140e-01 -2.559404e+00  4.000000e-01
     vertex -6.771012e-01 -2.406561e+00  6.000000e-01
   endloop
 endfacet
 facet normal  5.236809e-02  6.988036e-01 -7.133941e-01
   outer loop
     vertex -7.229901e-02 -2.899099e+00  2.000000e-01
     vertex -2.316633e-01 -3.091332e+00  0.000000e+00
     vertex -3.605967e-01 -2.877494e+00  2.000000e-01
   endloop
 endfacet
 facet normal  3.525184e-02  7.063376e-01 -7.069969e-01
   outer loop
     vertex -7.229901e-02 -2.899099e+00  2.000000e-01
     vertex -7.728514e-02 -3.099036e+00  0.000000e+00
     vertex -2.316633e-01 -3.091332e+00  0.000000e+00
   endloop
 endfacet
 facet normal -6.076588e-15  7.072167e-01 -7.069969e-01
   outer loop
     vertex -7.229901e-02 -2.899099e+00  2.000000e-01
     vertex  7.728514e-02 -3.099036e+00  0.000000e+00
     vertex -7.728514e-02 -3.099036e+00  0.000000e+00
   endloop
 endfacet
 facet normal  1.238224e-01  7.022316e-01 -7.010983e-01
   outer loop
     vertex -3.357280e-01 -2.679046e+00  4.000000e-01
     vertex -6.008065e-01 -2.632305e+00  4.000000e-01
     vertex -4.341204e-01 -2.462019e+00  6.000000e-01
   endloop
 endfacet
 facet normal  1.054052e-01  6.993177e-01 -7.069969e-01
   outer loop
     vertex -3.357280e-01 -2.679046e+00  4.000000e-01
     vertex -4.341204e-01 -2.462019e+00  6.000000e-01
     vertex -3.108593e-01 -2.480598e+00  6.000000e-01
   endloop
 endfacet
 facet normal  7.041604e-02  7.037024e-01 -7.069969e-01
   outer loop
     vertex -3.357280e-01 -2.679046e+00  4.000000e-01
     vertex -3.108593e-01 -2.480598e+00  6.000000e-01
     vertex -1.868252e-01 -2.493009e+00  6.000000e-01
   endloop
 endfacet
 facet normal  1.228641e-01  6.967972e-01 -7.066669e-01
   outer loop
     vertex -3.357280e-01 -2.679046e+00  4.000000e-01
     vertex -3.605967e-01 -2.877494e+00  2.000000e-01
     vertex -6.453107e-01 -2.827291e+00  2.000000e-01
   endloop
 endfacet
 facet normal  1.228641e-01  6.967972e-01 -7.066669e-01
   outer loop
     vertex -3.357280e-01 -2.679046e+00  4.000000e-01
     vertex -6.453107e-01 -2.827291e+00  2.000000e-01
     vertex -6.008065e-01 -2.632305e+00  4.000000e-01
   endloop
 endfacet
 facet normal -1.747051e-02  7.005453e-01 -7.133941e-01
   outer loop
     vertex  2.167173e-01 -2.891891e+00  2.000000e-01
     vertex  7.728514e-02 -3.099036e+00  0.000000e+00
     vertex -7.229901e-02 -2.899099e+00  2.000000e-01
   endloop
 endfacet
 facet normal -3.525184e-02  7.063376e-01 -7.069969e-01
   outer loop
     vertex  2.167173e-01 -2.891891e+00  2.000000e-01
     vertex  2.316633e-01 -3.091332e+00  0.000000e+00
     vertex  7.728514e-02 -3.099036e+00  0.000000e+00
   endloop
 endfacet
 facet normal -7.041604e-02  7.037024e-01 -7.069969e-01
   outer loop
     vertex  2.167173e-01 -2.891891e+00  2.000000e-01
     vertex  3.854655e-01 -3.075942e+00  0.000000e+00
     vertex  2.316633e-01 -3.091332e+00  0.000000e+00
   endloop
 endfacet
 facet normal  3.525184e-02  7.063376e-01 -7.069969e-01
   outer loop
     vertex -6.731287e-02 -2.699161e+00  4.000000e-01
     vertex -1.868252e-01 -2.493009e+00  6.000000e-01
     vertex -6.232673e-02 -2.499223e+00  6.000000e-01
   endloop
 endfacet
 facet normal -5.133450e-15  7.072167e-01 -7.069969e-01
   outer loop
     vertex -6.731287e-02 -2.699161e+00  4.000000e-01
     vertex -6.232673e-02 -2.499223e+00  6.000000e-01
     vertex  6.232673e-02 -2.499223e+00  6.000000e-01
   endloop
 endfacet
 facet normal  5.328739e-02  7.110708e-01 -7.010983e-01
   outer loop
     vertex -6.731287e-02 -2.699161e+00  4.000000e-01
     vertex -3.357280e-01 -2.679046e+00  4.000000e-01
     vertex -1.868252e-01 -2.493009e+00  6.000000e-01
   endloop
 endfacet
 facet normal  5.287501e-02  7.055680e-01 -7.066669e-01
   outer loop
     vertex -6.731287e-02 -2.699161e+00  4.000000e-01
     vertex -7.229901e-02 -2.899099e+00  2.000000e-01
     vertex -3.605967e-01 -2.877494e+00  2.000000e-01
   endloop
 endfacet
 facet normal  5.287501e-02  7.055680e-01 -7.066669e-01
   outer loop
     vertex -6.731287e-02 -2.699161e+00  4.000000e-01
     vertex -3.605967e-01 -2.877494e+00  2.000000e-01
     vertex -3.357280e-01 -2.679046e+00  4.000000e-01
   endloop
 endfacet
 facet normal -1.054052e-01  6.993177e-01 -7.069969e-01
   outer loop
     vertex  5.035797e-01 -2.855942e+00  2.000000e-01
     vertex  5.383094e-01 -3.052904e+00  0.000000e+00
     vertex  3.854655e-01 -3.075942e+00  0.000000e+00
   endloop
 endfacet
 facet normal -1.401323e-01  6.931943e-01 -7.069969e-01
   outer loop
     vertex  5.035797e-01 -2.855942e+00  2.000000e-01
     vertex  6.898149e-01 -3.022277e+00  0.000000e+00
     vertex  5.383094e-01 -3.052904e+00  0.000000e+00
   endloop
 endfacet
 facet normal -8.713548e-02  6.953246e-01 -7.133941e-01
   outer loop
     vertex  5.035797e-01 -2.855942e+00  2.000000e-01
     vertex  3.854655e-01 -3.075942e+00  0.000000e+00
     vertex  2.167173e-01 -2.891891e+00  2.000000e-01
   endloop
 endfacet
 facet normal -3.525184e-02  7.063376e-01 -7.069969e-01
   outer loop
     vertex  2.017713e-01 -2.692450e+00  4.000000e-01
     vertex  6.232673e-02 -2.499223e+00  6.000000e-01
     vertex  1.868252e-01 -2.493009e+00  6.000000e-01
   endloop
 endfacet
 facet normal -7.041604e-02  7.037024e-01 -7.069969e-01
   outer loop
     vertex  2.017713e-01 -2.692450e+00  4.000000e-01
     vertex  1.868252e-01 -2.493009e+00  6.000000e-01
     vertex  3.108593e-01 -2.480598e+00  6.000000e-01
   endloop
 endfacet
 facet normal -1.777719e-02  7.128430e-01 -7.010983e-01
   outer loop
     vertex  2.017713e-01 -2.692450e+00  4.000000e-01
     vertex -6.731287e-02 -2.699161e+00  4.000000e-01
     vertex  6.232673e-02 -2.499223e+00  6.000000e-01
   endloop
 endfacet
 facet normal -1.763962e-02  7.073265e-01 -7.066669e-01
   outer loop
     vertex  2.017713e-01 -2.692450e+00  4.000000e-01
     vertex  2.167173e-01 -2.891891e+00  2.000000e-01
     vertex -7.229901e-02 -2.899099e+00  2.000000e-01
   endloop
 endfacet
 facet normal -1.763962e-02  7.073265e-01 -7.066669e-01
   outer loop
     vertex  2.017713e-01 -2.692450e+00  4.000000e-01
     vertex -7.229901e-02 -2.899099e+00  2.000000e-01
     vertex -6.731287e-02 -2.699161e+00  4.000000e-01
   endloop
 endfacet
 facet normal -1.745109e-01  6.853476e-01 -7.069969e-01
   outer loop
     vertex  7.854374e-01 -2.791610e+00  2.000000e-01
     vertex  8.396055e-01 -2.984135e+00  0.000000e+00
     vertex  6.898149e-01 -3.022277e+00  0.000000e+00
   endloop
 endfacet
 facet normal -2.084558e-01  6.757970e-01 -7.069969e-01
   outer loop
     vertex  7.854374e-01 -2.791610e+00  2.000000e-01
     vertex  9.873086e-01 -2.938575e+00  0.000000e+00
     vertex  8.396055e-01 -2.984135e+00  0.000000e+00
   endloop
 endfacet
 facet normal -1.559345e-01  6.831935e-01 -7.133941e-01
   outer loop
     vertex  7.854374e-01 -2.791610e+00  2.000000e-01
     vertex  6.898149e-01 -3.022277e+00  0.000000e+00
     vertex  5.035797e-01 -2.855942e+00  2.000000e-01
   endloop
 endfacet
 facet normal -1.054052e-01  6.993177e-01 -7.069969e-01
   outer loop
     vertex  4.688501e-01 -2.658981e+00  4.000000e-01
     vertex  3.108593e-01 -2.480598e+00  6.000000e-01
     vertex  4.341204e-01 -2.462019e+00  6.000000e-01
   endloop
 endfacet
 facet normal -1.401323e-01  6.931943e-01 -7.069969e-01
   outer loop
     vertex  4.688501e-01 -2.658981e+00  4.000000e-01
     vertex  4.341204e-01 -2.462019e+00  6.000000e-01
     vertex  5.563023e-01 -2.437320e+00  6.000000e-01
   endloop
 endfacet
 facet normal -8.866510e-02  7.075307e-01 -7.010983e-01
   outer loop
     vertex  4.688501e-01 -2.658981e+00  4.000000e-01
     vertex  2.017713e-01 -2.692450e+00  4.000000e-01
     vertex  3.108593e-01 -2.480598e+00  6.000000e-01
   endloop
 endfacet
 facet normal -8.797894e-02  7.020553e-01 -7.066669e-01
   outer loop
     vertex  4.688501e-01 -2.658981e+00  4.000000e-01
     vertex  5.035797e-01 -2.855942e+00  2.000000e-01
     vertex  2.167173e-01 -2.891891e+00  2.000000e-01
   endloop
 endfacet
 facet normal -8.797894e-02  7.020553e-01 -7.066669e-01
   outer loop
     vertex  4.688501e-01 -2.658981e+00  4.000000e-01
     vertex  2.167173e-01 -2.891891e+00  2.000000e-01
     vertex  2.017713e-01 -2.692450e+00  4.000000e-01
   endloop
 endfacet
 facet normal -2.418824e-01  6.645663e-01 -7.069969e-01
   outer loop
     vertex  1.059489e+00 -2.699534e+00  2.000000e-01
     vertex  1.132557e+00 -2.885709e+00  0.000000e+00
     vertex  9.873086e-01 -2.938575e+00  0.000000e+00
   endloop
 endfacet
 facet normal -2.747076e-01  6.516833e-01 -7.069969e-01
   outer loop
     vertex  1.059489e+00 -2.699534e+00  2.000000e-01
     vertex  1.274990e+00 -2.825668e+00  0.000000e+00
     vertex  1.132557e+00 -2.885709e+00  0.000000e+00
   endloop
 endfacet
 facet normal -2.231837e-01  6.642725e-01 -7.133941e-01
   outer loop
     vertex  1.059489e+00 -2.699534e+00  2.000000e-01
     vertex  9.873086e-01 -2.938575e+00  0.000000e+00
     vertex  7.854374e-01 -2.791610e+00  2.000000e-01
   endloop
 endfacet
 facet normal -1.574439e-01  6.898067e-01 -7.066669e-01
   outer loop
     vertex  7.312693e-01 -2.599085e+00  4.000000e-01
     vertex  5.035797e-01 -2.855942e+00  2.000000e-01
     vertex  4.688501e-01 -2.658981e+00  4.000000e-01
   endloop
 endfacet
 facet normal -1.745109e-01  6.853476e-01 -7.069969e-01
   outer loop
     vertex  7.312693e-01 -2.599085e+00  4.000000e-01
     vertex  5.563023e-01 -2.437320e+00  6.000000e-01
     vertex  6.771012e-01 -2.406561e+00  6.000000e-01
   endloop
 endfacet
 facet normal -2.084558e-01  6.757970e-01 -7.069969e-01
   outer loop
     vertex  7.312693e-01 -2.599085e+00  4.000000e-01
     vertex  6.771012e-01 -2.406561e+00  6.000000e-01
     vertex  7.962166e-01 -2.369818e+00  6.000000e-01
   endloop
 endfacet
 facet normal -1.586718e-01  6.951866e-01 -7.010983e-01
   outer loop
     vertex  7.312693e-01 -2.599085e+00  4.000000e-01
     vertex  4.688501e-01 -2.658981e+00  4.000000e-01
     vertex  5.563023e-01 -2.437320e+00  6.000000e-01
   endloop
 endfacet
 facet normal -1.574439e-01  6.898067e-01 -7.066669e-01
   outer loop
     vertex  7.312693e-01 -2.599085e+00  4.000000e-01
     vertex  7.854374e-01 -2.791610e+00  2.000000e-01
     vertex  5.035797e-01 -2.855942e+00  2.000000e-01
   endloop
 endfacet
 facet normal -3.068498e-01  6.371802e-01 -7.069969e-01
   outer loop
     vertex  1.323011e+00 -2.580628e+00  2.000000e-01
     vertex  1.414253e+00 -2.758603e+00  0.000000e+00
     vertex  1.274990e+00 -2.825668e+00  0.000000e+00
   endloop
 endfacet
 facet normal -3.382292e-01  6.210929e-01 -7.069969e-01
   outer loop
     vertex  1.323011e+00 -2.580628e+00  2.000000e-01
     vertex  1.550000e+00 -2.684679e+00  0.000000e+00
     vertex  1.414253e+00 -2.758603e+00  0.000000e+00
   endloop
 endfacet
 facet normal -2.882148e-01  6.387496e-01 -7.133941e-01
   outer loop
     vertex  1.323011e+00 -2.580628e+00  2.000000e-01
     vertex  1.274990e+00 -2.825668e+00  0.000000e+00
     vertex  1.059489e+00 -2.699534e+00  2.000000e-01
   endloop
 endfacet
 facet normal -2.253441e-01  6.707026e-01 -7.066669e-01
   outer loop
     vertex  9.864208e-01 -2.513359e+00  4.000000e-01
     vertex  1.059489e+00 -2.699534e+00  2.000000e-01
     vertex  7.854374e-01 -2.791610e+00  2.000000e-01
   endloop
 endfacet
 facet normal -2.271016e-01  6.759335e-01 -7.010983e-01
   outer loop
     vertex  9.864208e-01 -2.513359e+00  4.000000e-01
     vertex  7.312693e-01 -2.599085e+00  4.000000e-01
     vertex  7.962166e-01 -2.369818e+00  6.000000e-01
   endloop
 endfacet
 facet normal -2.418824e-01  6.645663e-01 -7.069969e-01
   outer loop
     vertex  9.864208e-01 -2.513359e+00  4.000000e-01
     vertex  7.962166e-01 -2.369818e+00  6.000000e-01
     vertex  9.133526e-01 -2.327184e+00  6.000000e-01
   endloop
 endfacet
 facet normal -2.747076e-01  6.516833e-01 -7.069969e-01
   outer loop
     vertex  9.864208e-01 -2.513359e+00  4.000000e-01
     vertex  9.133526e-01 -2.327184e+00  6.000000e-01
     vertex  1.028218e+00 -2.278765e+00  6.000000e-01
   endloop
 endfacet
 facet normal -2.253441e-01  6.707026e-01 -7.066669e-01
   outer loop
     vertex  9.864208e-01 -2.513359e+00  4.000000e-01
     vertex  7.854374e-01 -2.791610e+00  2.000000e-01
     vertex  7.312693e-01 -2.599085e+00  4.000000e-01
   endloop
 endfacet
 facet normal -3.687677e-01  6.034615e-01 -7.069969e-01
   outer loop
     vertex  1.573384e+00 -2.436075e+00  2.000000e-01
     vertex  1.681893e+00 -2.604080e+00  0.000000e+00
     vertex  1.550000e+00 -2.684679e+00  0.000000e+00
   endloop
 endfacet
 facet normal -3.983893e-01  5.843298e-01 -7.069969e-01
   outer loop
     vertex  1.573384e+00 -2.436075e+00  2.000000e-01
     vertex  1.809605e+00 -2.517008e+00  0.000000e+00
     vertex  1.681893e+00 -2.604080e+00  0.000000e+00
   endloop
 endfacet
 facet normal -3.503815e-01  6.068786e-01 -7.133941e-01
   outer loop
     vertex  1.573384e+00 -2.436075e+00  2.000000e-01
     vertex  1.550000e+00 -2.684679e+00  0.000000e+00
     vertex  1.323011e+00 -2.580628e+00  2.000000e-01
   endloop
 endfacet
 facet normal -2.910047e-01  6.449327e-01 -7.066669e-01
   outer loop
     vertex  1.231769e+00 -2.402654e+00  4.000000e-01
     vertex  1.323011e+00 -2.580628e+00  2.000000e-01
     vertex  1.059489e+00 -2.699534e+00  2.000000e-01
   endloop
 endfacet
 facet normal -2.932743e-01  6.499626e-01 -7.010983e-01
   outer loop
     vertex  1.231769e+00 -2.402654e+00  4.000000e-01
     vertex  9.864208e-01 -2.513359e+00  4.000000e-01
     vertex  1.028218e+00 -2.278765e+00  6.000000e-01
   endloop
 endfacet
 facet normal -3.068498e-01  6.371802e-01 -7.069969e-01
   outer loop
     vertex  1.231769e+00 -2.402654e+00  4.000000e-01
     vertex  1.028218e+00 -2.278765e+00  6.000000e-01
     vertex  1.140527e+00 -2.224680e+00  6.000000e-01
   endloop
 endfacet
 facet normal -3.382292e-01  6.210929e-01 -7.069969e-01
   outer loop
     vertex  1.231769e+00 -2.402654e+00  4.000000e-01
     vertex  1.140527e+00 -2.224680e+00  6.000000e-01
     vertex  1.250000e+00 -2.165064e+00  6.000000e-01
   endloop
 endfacet
 facet normal -2.910047e-01  6.449327e-01 -7.066669e-01
   outer loop
     vertex  1.231769e+00 -2.402654e+00  4.000000e-01
     vertex  1.059489e+00 -2.699534e+00  2.000000e-01
     vertex  9.864208e-01 -2.513359e+00  4.000000e-01
   endloop
 endfacet
 facet normal -4.270206e-01  5.637454e-01 -7.069969e-01
   outer loop
     vertex  1.808120e+00 -2.267311e+00  2.000000e-01
     vertex  1.932818e+00 -2.423678e+00  0.000000e+00
     vertex  1.809605e+00 -2.517008e+00  0.000000e+00
   endloop
 endfacet
 facet normal -4.545901e-01  5.417594e-01 -7.069969e-01
   outer loop
     vertex  1.808120e+00 -2.267311e+00  2.000000e-01
     vertex  2.051226e+00 -2.324322e+00  0.000000e+00
     vertex  1.932818e+00 -2.423678e+00  0.000000e+00
   endloop
 endfacet
 facet normal -4.090660e-01  5.689762e-01 -7.133941e-01
   outer loop
     vertex  1.808120e+00 -2.267311e+00  2.000000e-01
     vertex  1.809605e+00 -2.517008e+00  0.000000e+00
     vertex  1.573384e+00 -2.436075e+00  2.000000e-01
   endloop
 endfacet
 facet normal -4.130257e-01  5.744838e-01 -7.066669e-01
   outer loop
     vertex  1.464875e+00 -2.268070e+00  4.000000e-01
     vertex  1.808120e+00 -2.267311e+00  2.000000e-01
     vertex  1.573384e+00 -2.436075e+00  2.000000e-01
   endloop
 endfacet
 facet normal -3.537732e-01  6.127532e-01 -7.066669e-01
   outer loop
     vertex  1.464875e+00 -2.268070e+00  4.000000e-01
     vertex  1.573384e+00 -2.436075e+00  2.000000e-01
     vertex  1.323011e+00 -2.580628e+00  2.000000e-01
   endloop
 endfacet
 facet normal -3.565323e-01  6.175321e-01 -7.010983e-01
   outer loop
     vertex  1.464875e+00 -2.268070e+00  4.000000e-01
     vertex  1.231769e+00 -2.402654e+00  4.000000e-01
     vertex  1.250000e+00 -2.165064e+00  6.000000e-01
   endloop
 endfacet
 facet normal -3.687677e-01  6.034615e-01 -7.069969e-01
   outer loop
     vertex  1.464875e+00 -2.268070e+00  4.000000e-01
     vertex  1.250000e+00 -2.165064e+00  6.000000e-01
     vertex  1.356366e+00 -2.100065e+00  6.000000e-01
   endloop
 endfacet
 facet normal -3.983893e-01  5.843298e-01 -7.069969e-01
   outer loop
     vertex  1.464875e+00 -2.268070e+00  4.000000e-01
     vertex  1.356366e+00 -2.100065e+00  6.000000e-01
     vertex  1.459359e+00 -2.029845e+00  6.000000e-01
   endloop
 endfacet
 facet normal -3.537732e-01  6.127532e-01 -7.066669e-01
   outer loop
     vertex  1.464875e+00 -2.268070e+00  4.000000e-01
     vertex  1.323011e+00 -2.580628e+00  2.000000e-01
     vertex  1.231769e+00 -2.402654e+00  4.000000e-01
   endloop
 endfacet
 facet normal -4.636850e-01  5.254190e-01 -7.133941e-01
   outer loop
     vertex  2.024887e+00 -2.076014e+00  2.000000e-01
     vertex  2.051226e+00 -2.324322e+00  0.000000e+00
     vertex  1.808120e+00 -2.267311e+00  2.000000e-01
   endloop
 endfacet
 facet normal -4.810295e-01  5.184265e-01 -7.069969e-01
   outer loop
     vertex  2.024887e+00 -2.076014e+00  2.000000e-01
     vertex  2.164534e+00 -2.219187e+00  0.000000e+00
     vertex  2.051226e+00 -2.324322e+00  0.000000e+00
   endloop
 endfacet
 facet normal -5.062730e-01  4.938047e-01 -7.069969e-01
   outer loop
     vertex  2.024887e+00 -2.076014e+00  2.000000e-01
     vertex  2.272461e+00 -2.108535e+00  0.000000e+00
     vertex  2.164534e+00 -2.219187e+00  0.000000e+00
   endloop
 endfacet
 facet normal -4.130257e-01  5.744838e-01 -7.066669e-01
   outer loop
     vertex  1.683422e+00 -2.110945e+00  4.000000e-01
     vertex  1.808120e+00 -2.267311e+00  2.000000e-01
     vertex  1.464875e+00 -2.268070e+00  4.000000e-01
   endloop
 endfacet
 facet normal -4.162470e-01  5.789643e-01 -7.010983e-01
   outer loop
     vertex  1.683422e+00 -2.110945e+00  4.000000e-01
     vertex  1.464875e+00 -2.268070e+00  4.000000e-01
     vertex  1.459359e+00 -2.029845e+00  6.000000e-01
   endloop
 endfacet
 facet normal -4.270206e-01  5.637454e-01 -7.069969e-01
   outer loop
     vertex  1.683422e+00 -2.110945e+00  4.000000e-01
     vertex  1.459359e+00 -2.029845e+00  6.000000e-01
     vertex  1.558725e+00 -1.954579e+00  6.000000e-01
   endloop
 endfacet
 facet normal -4.545901e-01  5.417594e-01 -7.069969e-01
   outer loop
     vertex  1.683422e+00 -2.110945e+00  4.000000e-01
     vertex  1.558725e+00 -1.954579e+00  6.000000e-01
     vertex  1.654215e+00 -1.874453e+00  6.000000e-01
   endloop
 endfacet
 facet normal -5.302578e-01  4.679553e-01 -7.069969e-01
   outer loop
     vertex  2.221529e+00 -1.864084e+00  2.000000e-01
     vertex  2.374738e+00 -1.992642e+00  0.000000e+00
     vertex  2.272461e+00 -2.108535e+00  0.000000e+00
   endloop
 endfacet
 facet normal -5.529243e-01  4.409424e-01 -7.069969e-01
   outer loop
     vertex  2.221529e+00 -1.864084e+00  2.000000e-01
     vertex  2.471111e+00 -1.871794e+00  0.000000e+00
     vertex  2.374738e+00 -1.992642e+00  0.000000e+00
   endloop
 endfacet
 facet normal -5.136957e-01  4.766399e-01 -7.133941e-01
   outer loop
     vertex  2.221529e+00 -1.864084e+00  2.000000e-01
     vertex  2.272461e+00 -2.108535e+00  0.000000e+00
     vertex  2.024887e+00 -2.076014e+00  2.000000e-01
   endloop
 endfacet
 facet normal -4.681734e-01  5.305050e-01 -7.066669e-01
   outer loop
     vertex  1.885239e+00 -1.932840e+00  4.000000e-01
     vertex  2.024887e+00 -2.076014e+00  2.000000e-01
     vertex  1.808120e+00 -2.267311e+00  2.000000e-01
   endloop
 endfacet
 facet normal -4.681734e-01  5.305050e-01 -7.066669e-01
   outer loop
     vertex  1.885239e+00 -1.932840e+00  4.000000e-01
     vertex  1.808120e+00 -2.267311e+00  2.000000e-01
     vertex  1.683422e+00 -2.110945e+00  4.000000e-01
   endloop
 endfacet
 facet normal -4.718248e-01  5.346425e-01 -7.010983e-01
   outer loop
     vertex  1.885239e+00 -1.932840e+00  4.000000e-01
     vertex  1.683422e+00 -2.110945e+00  4.000000e-01
     vertex  1.654215e+00 -1.874453e+00  6.000000e-01
   endloop
 endfacet
 facet normal -4.810295e-01  5.184265e-01 -7.069969e-01
   outer loop
     vertex  1.885239e+00 -1.932840e+00  4.000000e-01
     vertex  1.654215e+00 -1.874453e+00  6.000000e-01
     vertex  1.745592e+00 -1.789667e+00  6.000000e-01
   endloop
 endfacet
 facet normal -5.062730e-01  4.938047e-01 -7.069969e-01
   outer loop
     vertex  1.885239e+00 -1.932840e+00  4.000000e-01
     vertex  1.745592e+00 -1.789667e+00  6.000000e-01
     vertex  1.832630e+00 -1.700432e+00  6.000000e-01
   endloop
 endfacet
 facet normal -5.742161e-01  4.128333e-01 -7.069969e-01
   outer loop
     vertex  2.396092e+00 -1.633628e+00  2.000000e-01
     vertex  2.561340e+00 -1.746292e+00  0.000000e+00
     vertex  2.471111e+00 -1.871794e+00  0.000000e+00
   endloop
 endfacet
 facet normal -5.940803e-01  3.836978e-01 -7.069969e-01
   outer loop
     vertex  2.396092e+00 -1.633628e+00  2.000000e-01
     vertex  2.645202e+00 -1.616449e+00  0.000000e+00
     vertex  2.561340e+00 -1.746292e+00  0.000000e+00
   endloop
 endfacet
 facet normal -5.586010e-01  4.231238e-01 -7.133941e-01
   outer loop
     vertex  2.396092e+00 -1.633628e+00  2.000000e-01
     vertex  2.471111e+00 -1.871794e+00  0.000000e+00
     vertex  2.221529e+00 -1.864084e+00  2.000000e-01
   endloop
 endfacet
 facet normal -5.186682e-01  4.812538e-01 -7.066669e-01
   outer loop
     vertex  2.068320e+00 -1.735527e+00  4.000000e-01
     vertex  2.024887e+00 -2.076014e+00  2.000000e-01
     vertex  1.885239e+00 -1.932840e+00  4.000000e-01
   endloop
 endfacet
 facet normal -5.186682e-01  4.812538e-01 -7.066669e-01
   outer loop
     vertex  2.068320e+00 -1.735527e+00  4.000000e-01
     vertex  2.221529e+00 -1.864084e+00  2.000000e-01
     vertex  2.024887e+00 -2.076014e+00  2.000000e-01
   endloop
 endfacet
 facet normal -5.227134e-01  4.850071e-01 -7.010983e-01
   outer loop
     vertex  2.068320e+00 -1.735527e+00  4.000000e-01
     vertex  1.885239e+00 -1.932840e+00  4.000000e-01
     vertex  1.832630e+00 -1.700432e+00  6.000000e-01
   endloop
 endfacet
 facet normal -5.302578e-01  4.679553e-01 -7.069969e-01
   outer loop
     vertex  2.068320e+00 -1.735527e+00  4.000000e-01
     vertex  1.832630e+00 -1.700432e+00  6.000000e-01
     vertex  1.915111e+00 -1.606969e+00  6.000000e-01
   endloop
 endfacet
 facet normal -5.529243e-01  4.409424e-01 -7.069969e-01
   outer loop
     vertex  2.068320e+00 -1.735527e+00  4.000000e-01
     vertex  1.915111e+00 -1.606969e+00  6.000000e-01
     vertex  1.992831e+00 -1.509511e+00  6.000000e-01
   endloop
 endfacet
 facet normal -6.124676e-01  3.536083e-01 -7.069969e-01
   outer loop
     vertex  2.546843e+00 -1.386937e+00  2.000000e-01
     vertex  2.722487e+00 -1.482587e+00  0.000000e+00
     vertex  2.645202e+00 -1.616449e+00  0.000000e+00
   endloop
 endfacet
 facet normal -6.293322e-01  3.226398e-01 -7.069969e-01
   outer loop
     vertex  2.546843e+00 -1.386937e+00  2.000000e-01
     vertex  2.793003e+00 -1.345040e+00  0.000000e+00
     vertex  2.722487e+00 -1.482587e+00  0.000000e+00
   endloop
 endfacet
 facet normal -5.979547e-01  3.654025e-01 -7.133941e-01
   outer loop
     vertex  2.546843e+00 -1.386937e+00  2.000000e-01
     vertex  2.645202e+00 -1.616449e+00  0.000000e+00
     vertex  2.396092e+00 -1.633628e+00  2.000000e-01
   endloop
 endfacet
 facet normal -5.640082e-01  4.272196e-01 -7.066669e-01
   outer loop
     vertex  2.230845e+00 -1.520964e+00  4.000000e-01
     vertex  2.396092e+00 -1.633628e+00  2.000000e-01
     vertex  2.221529e+00 -1.864084e+00  2.000000e-01
   endloop
 endfacet
 facet normal -5.640082e-01  4.272196e-01 -7.066669e-01
   outer loop
     vertex  2.230845e+00 -1.520964e+00  4.000000e-01
     vertex  2.221529e+00 -1.864084e+00  2.000000e-01
     vertex  2.068320e+00 -1.735527e+00  4.000000e-01
   endloop
 endfacet
 facet normal -5.684070e-01  4.305516e-01 -7.010983e-01
   outer loop
     vertex  2.230845e+00 -1.520964e+00  4.000000e-01
     vertex  2.068320e+00 -1.735527e+00  4.000000e-01
     vertex  1.992831e+00 -1.509511e+00  6.000000e-01
   endloop
 endfacet
 facet normal -5.742161e-01  4.128333e-01 -7.069969e-01
   outer loop
     vertex  2.230845e+00 -1.520964e+00  4.000000e-01
     vertex  1.992831e+00 -1.509511e+00  6.000000e-01
     vertex  2.065597e+00 -1.408300e+00  6.000000e-01
   endloop
 endfacet
 facet normal -5.940803e-01  3.836978e-01 -7.069969e-01
   outer loop
     vertex  2.230845e+00 -1.520964e+00  4.000000e-01
     vertex  2.065597e+00 -1.408300e+00  6.000000e-01
     vertex  2.133227e+00 -1.303588e+00  6.000000e-01
   endloop
 endfacet
 facet normal -6.446321e-01  2.908691e-01 -7.069969e-01
   outer loop
     vertex  2.672281e+00 -1.126461e+00  2.000000e-01
     vertex  2.856576e+00 -1.204148e+00  0.000000e+00
     vertex  2.793003e+00 -1.345040e+00  0.000000e+00
   endloop
 endfacet
 facet normal -6.583294e-01  2.583753e-01 -7.069969e-01
   outer loop
     vertex  2.672281e+00 -1.126461e+00  2.000000e-01
     vertex  2.913047e+00 -1.060262e+00  0.000000e+00
     vertex  2.856576e+00 -1.204148e+00  0.000000e+00
   endloop
 endfacet
 facet normal -6.313657e-01  3.040497e-01 -7.133941e-01
   outer loop
     vertex  2.672281e+00 -1.126461e+00  2.000000e-01
     vertex  2.793003e+00 -1.345040e+00  0.000000e+00
     vertex  2.546843e+00 -1.386937e+00  2.000000e-01
   endloop
 endfacet
 facet normal -6.037429e-01  3.689396e-01 -7.066669e-01
   outer loop
     vertex  2.371198e+00 -1.291286e+00  4.000000e-01
     vertex  2.396092e+00 -1.633628e+00  2.000000e-01
     vertex  2.230845e+00 -1.520964e+00  4.000000e-01
   endloop
 endfacet
 facet normal -6.037429e-01  3.689396e-01 -7.066669e-01
   outer loop
     vertex  2.371198e+00 -1.291286e+00  4.000000e-01
     vertex  2.546843e+00 -1.386937e+00  2.000000e-01
     vertex  2.396092e+00 -1.633628e+00  2.000000e-01
   endloop
 endfacet
 facet normal -6.124676e-01  3.536083e-01 -7.069969e-01
   outer loop
     vertex  2.371198e+00 -1.291286e+00  4.000000e-01
     vertex  2.133227e+00 -1.303588e+00  6.000000e-01
     vertex  2.195554e+00 -1.195635e+00  6.000000e-01
   endloop
 endfacet
 facet normal -6.293322e-01  3.226398e-01 -7.069969e-01
   outer loop
     vertex  2.371198e+00 -1.291286e+00  4.000000e-01
     vertex  2.195554e+00 -1.195635e+00  6.000000e-01
     vertex  2.252422e+00 -1.084709e+00  6.000000e-01
   endloop
 endfacet
 facet normal -6.084516e-01  3.718170e-01 -7.010983e-01
   outer loop
     vertex  2.371198e+00 -1.291286e+00  4.000000e-01
     vertex  2.230845e+00 -1.520964e+00  4.000000e-01
     vertex  2.133227e+00 -1.303588e+00  6.000000e-01
   endloop
 endfacet
 facet normal -6.703900e-01  2.252391e-01 -7.069969e-01
   outer loop
     vertex  2.771161e+00 -8.547900e-01  2.000000e-01
     vertex  2.962276e+00 -9.137410e-01  0.000000e+00
     vertex  2.913047e+00 -1.060262e+00  0.000000e+00
   endloop
 endfacet
 facet normal -6.807839e-01  1.915429e-01 -7.069969e-01
   outer loop
     vertex  2.771161e+00 -8.547900e-01  2.000000e-01
     vertex  3.004140e+00 -7.649479e-01  0.000000e+00
     vertex  2.962276e+00 -9.137410e-01  0.000000e+00
   endloop
 endfacet
 facet normal -6.585019e-01  2.396751e-01 -7.133941e-01
   outer loop
     vertex  2.771161e+00 -8.547900e-01  2.000000e-01
     vertex  2.913047e+00 -1.060262e+00  0.000000e+00
     vertex  2.672281e+00 -1.126461e+00  2.000000e-01
   endloop
 endfacet
 facet normal -6.374773e-01  3.069929e-01 -7.066669e-01
   outer loop
     vertex  2.487986e+00 -1.048774e+00  4.000000e-01
     vertex  2.546843e+00 -1.386937e+00  2.000000e-01
     vertex  2.371198e+00 -1.291286e+00  4.000000e-01
   endloop
 endfacet
 facet normal -6.446321e-01  2.908691e-01 -7.069969e-01
   outer loop
     vertex  2.487986e+00 -1.048774e+00  4.000000e-01
     vertex  2.252422e+00 -1.084709e+00  6.000000e-01
     vertex  2.303691e+00 -9.710870e-01  6.000000e-01
   endloop
 endfacet
 facet normal -6.583294e-01  2.583753e-01 -7.069969e-01
   outer loop
     vertex  2.487986e+00 -1.048774e+00  4.000000e-01
     vertex  2.303691e+00 -9.710870e-01  6.000000e-01
     vertex  2.349232e+00 -8.550504e-01  6.000000e-01
   endloop
 endfacet
 facet normal -6.374773e-01  3.069929e-01 -7.066669e-01
   outer loop
     vertex  2.487986e+00 -1.048774e+00  4.000000e-01
     vertex  2.672281e+00 -1.126461e+00  2.000000e-01
     vertex  2.546843e+00 -1.386937e+00  2.000000e-01
   endloop
 endfacet
 facet normal -6.424490e-01  3.093872e-01 -7.010983e-01
   outer loop
     vertex  2.487986e+00 -1.048774e+00  4.000000e-01
     vertex  2.371198e+00 -1.291286e+00  4.000000e-01
     vertex  2.252422e+00 -1.084709e+00  6.000000e-01
   endloop
 endfacet
 facet normal -6.894853e-01  1.573705e-01 -7.069969e-01
   outer loop
     vertex  2.842500e+00 -5.746238e-01  2.000000e-01
     vertex  3.038535e+00 -6.142530e-01  0.000000e+00
     vertex  3.004140e+00 -7.649479e-01  0.000000e+00
   endloop
 endfacet
 facet normal -6.964725e-01  1.228069e-01 -7.069969e-01
   outer loop
     vertex  2.842500e+00 -5.746238e-01  2.000000e-01
     vertex  3.065376e+00 -4.620310e-01  0.000000e+00
     vertex  3.038535e+00 -6.142530e-01  0.000000e+00
   endloop
 endfacet
 facet normal -6.790936e-01  1.729185e-01 -7.133941e-01
   outer loop
     vertex  2.842500e+00 -5.746238e-01  2.000000e-01
     vertex  3.004140e+00 -7.649479e-01  0.000000e+00
     vertex  2.771161e+00 -8.547900e-01  2.000000e-01
   endloop
 endfacet
 facet normal -6.648761e-01  2.419951e-01 -7.066669e-01
   outer loop
     vertex  2.580047e+00 -7.958390e-01  4.000000e-01
     vertex  2.771161e+00 -8.547900e-01  2.000000e-01
     vertex  2.672281e+00 -1.126461e+00  2.000000e-01
   endloop
 endfacet
 facet normal -6.703900e-01  2.252391e-01 -7.069969e-01
   outer loop
     vertex  2.580047e+00 -7.958390e-01  4.000000e-01
     vertex  2.349232e+00 -8.550504e-01  6.000000e-01
     vertex  2.388932e+00 -7.368879e-01  6.000000e-01
   endloop
 endfacet
 facet normal -6.807839e-01  1.915429e-01 -7.069969e-01
   outer loop
     vertex  2.580047e+00 -7.958390e-01  4.000000e-01
     vertex  2.388932e+00 -7.368879e-01  6.000000e-01
     vertex  2.422693e+00 -6.168935e-01  6.000000e-01
   endloop
 endfacet
 facet normal -6.648761e-01  2.419951e-01 -7.066669e-01
   outer loop
     vertex  2.580047e+00 -7.958390e-01  4.000000e-01
     vertex  2.672281e+00 -1.126461e+00  2.000000e-01
     vertex  2.487986e+00 -1.048774e+00  4.000000e-01
   endloop
 endfacet
 facet normal -6.700616e-01  2.438825e-01 -7.010983e-01
   outer loop
     vertex  2.580047e+00 -7.958390e-01  4.000000e-01
     vertex  2.487986e+00 -1.048774e+00  4.000000e-01
     vertex  2.349232e+00 -8.550504e-01  6.000000e-01
   endloop
 endfacet
 facet normal -7.017281e-01  8.793794e-02 -7.069969e-01
   outer loop
     vertex  2.885589e+00 -2.887468e-01  2.000000e-01
     vertex  3.084595e+00 -3.086603e-01  0.000000e+00
     vertex  3.065376e+00 -4.620310e-01  0.000000e+00
   endloop
 endfacet
 facet normal -7.052392e-01  5.285037e-02 -7.069969e-01
   outer loop
     vertex  2.885589e+00 -2.887468e-01  2.000000e-01
     vertex  3.096146e+00 -1.545222e-01  0.000000e+00
     vertex  3.084595e+00 -3.086603e-01  0.000000e+00
   endloop
 endfacet
 facet normal -7.066669e-01  3.526828e-02 -7.066669e-01
   outer loop
     vertex  2.885589e+00 -2.887468e-01  2.000000e-01
     vertex  2.700000e+00  0.000000e+00  4.000000e-01
     vertex  2.900000e+00  0.000000e+00  2.000000e-01
   endloop
 endfacet
 facet normal -6.998920e-01  3.493016e-02 -7.133941e-01
   outer loop
     vertex  2.885589e+00 -2.887468e-01  2.000000e-01
     vertex  2.900000e+00  0.000000e+00  2.000000e-01
     vertex  3.096146e+00 -1.545222e-01  0.000000e+00
   endloop
 endfacet
 facet normal -6.929361e-01  1.044433e-01 -7.133941e-01
   outer loop
     vertex  2.885589e+00 -2.887468e-01  2.000000e-01
     vertex  3.065376e+00 -4.620310e-01  0.000000e+00
     vertex  2.842500e+00 -5.746238e-01  2.000000e-01
   endloop
 endfacet
 facet normal -6.894853e-01  1.573705e-01 -7.069969e-01
   outer loop
     vertex  2.646466e+00 -5.349946e-01  4.000000e-01
     vertex  2.422693e+00 -6.168935e-01  6.000000e-01
     vertex  2.450431e+00 -4.953654e-01  6.000000e-01
   endloop
 endfacet
 facet normal -6.964725e-01  1.228069e-01 -7.069969e-01
   outer loop
     vertex  2.646466e+00 -5.349946e-01  4.000000e-01
     vertex  2.450431e+00 -4.953654e-01  6.000000e-01
     vertex  2.472077e+00 -3.726057e-01  6.000000e-01
   endloop
 endfacet
 facet normal -6.856672e-01  1.745923e-01 -7.066669e-01
   outer loop
     vertex  2.646466e+00 -5.349946e-01  4.000000e-01
     vertex  2.771161e+00 -8.547900e-01  2.000000e-01
     vertex  2.580047e+00 -7.958390e-01  4.000000e-01
   endloop
 endfacet
 facet normal -6.910147e-01  1.759540e-01 -7.010983e-01
   outer loop
     vertex  2.646466e+00 -5.349946e-01  4.000000e-01
     vertex  2.580047e+00 -7.958390e-01  4.000000e-01
     vertex  2.422693e+00 -6.168935e-01  6.000000e-01
   endloop
 endfacet
 facet normal -6.856672e-01  1.745923e-01 -7.066669e-01
   outer loop
     vertex  2.646466e+00 -5.349946e-01  4.000000e-01
     vertex  2.842500e+00 -5.746238e-01  2.000000e-01
     vertex  2.771161e+00 -8.547900e-01  2.000000e-01
   endloop
 endfacet
 facet normal -7.066669e-01  3.526828e-02 -7.066669e-01
   outer loop
     vertex  2.686583e+00 -2.688332e-01  4.000000e-01
     vertex  2.700000e+00  0.000000e+00  4.000000e-01
     vertex  2.885589e+00 -2.887468e-01  2.000000e-01
   endloop
 endfacet
 facet normal -7.017281e-01  8.793794e-02 -7.069969e-01
   outer loop
     vertex  2.686583e+00 -2.688332e-01  4.000000e-01
     vertex  2.472077e+00 -3.726057e-01  6.000000e-01
     vertex  2.487577e+00 -2.489196e-01  6.000000e-01
   endloop
 endfacet
 facet normal -7.052392e-01  5.285037e-02 -7.069969e-01
   outer loop
     vertex  2.686583e+00 -2.688332e-01  4.000000e-01
     vertex  2.487577e+00 -2.489196e-01  6.000000e-01
     vertex  2.496892e+00 -1.246147e-01  6.000000e-01
   endloop
 endfacet
 facet normal -7.121782e-01  3.554334e-02 -7.010983e-01
   outer loop
     vertex  2.686583e+00 -2.688332e-01  4.000000e-01
     vertex  2.496892e+00 -1.246147e-01  6.000000e-01
     vertex  2.700000e+00  0.000000e+00  4.000000e-01
   endloop
 endfacet
 facet normal -7.051003e-01  1.062768e-01 -7.010983e-01
   outer loop
     vertex  2.686583e+00 -2.688332e-01  4.000000e-01
     vertex  2.646466e+00 -5.349946e-01  4.000000e-01
     vertex  2.472077e+00 -3.726057e-01  6.000000e-01
   endloop
 endfacet
 facet normal -6.996437e-01  1.054543e-01 -7.066669e-01
   outer loop
     vertex  2.686583e+00 -2.688332e-01  4.000000e-01
     vertex  2.885589e+00 -2.887468e-01  2.000000e-01
     vertex  2.842500e+00 -5.746238e-01  2.000000e-01
   endloop
 endfacet
 facet normal -6.996437e-01  1.054543e-01 -7.066669e-01
   outer loop
     vertex  2.686583e+00 -2.688332e-01  4.000000e-01
     vertex  2.842500e+00 -5.746238e-01  2.000000e-01
     vertex  2.646466e+00 -5.349946e-01  4.000000e-01
   endloop
 endfacet
 facet normal -7.069969e-01 -1.763140e-02  7.069969e-01
   outer loop
     vertex  2.900000e+00  0.000000e+00  9.800000e+00
     vertex  3.100000e+00  0.000000e+00  1.000000e+01
     vertex  3.096146e+00  1.545222e-01  1.000000e+01
   endloop
 endfacet
 facet normal -7.069969e-01 -1.763140e-02  7.069969e-01
   outer loop
     vertex  2.496892e+00  1.246147e-01  9.400000e+00
     vertex  2.500000e+00  0.000000e+00  9.400000e+00
     vertex  2.700000e+00  0.000000e+00  9.600000e+00
   endloop
 endfacet
 facet normal -7.069969e-01  1.763140e-02  7.069969e-01
   outer loop
     vertex  2.900000e+00  0.000000e+00  9.800000e+00
     vertex  3.096146e+00 -1.545222e-01  1.000000e+01
     vertex  3.100000e+00  0.000000e+00  1.000000e+01
   endloop
 endfacet
 facet normal -7.069969e-01  1.763140e-02  7.069969e-01
   outer loop
     vertex  2.500000e+00  0.000000e+00  9.400000e+00
     vertex  2.496892e+00 -1.246147e-01  9.400000e+00
     vertex  2.700000e+00  0.000000e+00  9.600000e+00
   endloop
 endfacet
 facet normal -7.052392e-01 -5.285037e-02  7.069969e-01
   outer loop
     vertex  2.885589e+00  2.887468e-01  9.800000e+00
     vertex  3.096146e+00  1.545222e-01  1.000000e+01
     vertex  3.084595e+00  3.086603e-01  1.000000e+01
   endloop
 endfacet
 facet normal -7.017281e-01 -8.793794e-02  7.069969e-01
   outer loop
     vertex  2.885589e+00  2.887468e-01  9.800000e+00
     vertex  3.084595e+00  3.086603e-01  1.000000e+01
     vertex  3.065376e+00  4.620310e-01  1.000000e+01
   endloop
 endfacet
 facet normal -6.998920e-01 -3.493016e-02  7.133941e-01
   outer loop
     vertex  2.885589e+00  2.887468e-01  9.800000e+00
     vertex  2.900000e+00  0.000000e+00  9.800000e+00
     vertex  3.096146e+00  1.545222e-01  1.000000e+01
   endloop
 endfacet
 facet normal -6.964725e-01 -1.228069e-01  7.069969e-01
   outer loop
     vertex  2.842500e+00  5.746238e-01  9.800000e+00
     vertex  3.065376e+00  4.620310e-01  1.000000e+01
     vertex  3.038535e+00  6.142530e-01  1.000000e+01
   endloop
 endfacet
 facet normal -6.894853e-01 -1.573705e-01  7.069969e-01
   outer loop
     vertex  2.842500e+00  5.746238e-01  9.800000e+00
     vertex  3.038535e+00  6.142530e-01  1.000000e+01
     vertex  3.004140e+00  7.649479e-01  1.000000e+01
   endloop
 endfacet
 facet normal -6.929361e-01 -1.044433e-01  7.133941e-01
   outer loop
     vertex  2.842500e+00  5.746238e-01  9.800000e+00
     vertex  2.885589e+00  2.887468e-01  9.800000e+00
     vertex  3.065376e+00  4.620310e-01  1.000000e+01
   endloop
 endfacet
 facet normal -7.066669e-01 -3.526828e-02  7.066669e-01
   outer loop
     vertex  2.686583e+00  2.688332e-01  9.600000e+00
     vertex  2.700000e+00  0.000000e+00  9.600000e+00
     vertex  2.900000e+00  0.000000e+00  9.800000e+00
   endloop
 endfacet
 facet normal -7.052392e-01 -5.285037e-02  7.069969e-01
   outer loop
     vertex  2.686583e+00  2.688332e-01  9.600000e+00
     vertex  2.487577e+00  2.489196e-01  9.400000e+00
     vertex  2.496892e+00  1.246147e-01  9.400000e+00
   endloop
 endfacet
 facet normal -7.017281e-01 -8.793794e-02  7.069969e-01
   outer loop
     vertex  2.686583e+00  2.688332e-01  9.600000e+00
     vertex  2.472077e+00  3.726057e-01  9.400000e+00
     vertex  2.487577e+00  2.489196e-01  9.400000e+00
   endloop
 endfacet
 facet normal -7.066669e-01 -3.526828e-02  7.066669e-01
   outer loop
     vertex  2.686583e+00  2.688332e-01  9.600000e+00
     vertex  2.900000e+00  0.000000e+00  9.800000e+00
     vertex  2.885589e+00  2.887468e-01  9.800000e+00
   endloop
 endfacet
 facet normal -7.121782e-01 -3.554334e-02  7.010983e-01
   outer loop
     vertex  2.686583e+00  2.688332e-01  9.600000e+00
     vertex  2.496892e+00  1.246147e-01  9.400000e+00
     vertex  2.700000e+00  0.000000e+00  9.600000e+00
   endloop
 endfacet
 facet normal -6.807839e-01 -1.915429e-01  7.069969e-01
   outer loop
     vertex  2.771161e+00  8.547900e-01  9.800000e+00
     vertex  3.004140e+00  7.649479e-01  1.000000e+01
     vertex  2.962276e+00  9.137410e-01  1.000000e+01
   endloop
 endfacet
 facet normal -6.703900e-01 -2.252391e-01  7.069969e-01
   outer loop
     vertex  2.771161e+00  8.547900e-01  9.800000e+00
     vertex  2.962276e+00  9.137410e-01  1.000000e+01
     vertex  2.913047e+00  1.060262e+00  1.000000e+01
   endloop
 endfacet
 facet normal -6.790936e-01 -1.729185e-01  7.133941e-01
   outer loop
     vertex  2.771161e+00  8.547900e-01  9.800000e+00
     vertex  2.842500e+00  5.746238e-01  9.800000e+00
     vertex  3.004140e+00  7.649479e-01  1.000000e+01
   endloop
 endfacet
 facet normal -6.996437e-01 -1.054543e-01  7.066669e-01
   outer loop
     vertex  2.646466e+00  5.349946e-01  9.600000e+00
     vertex  2.885589e+00  2.887468e-01  9.800000e+00
     vertex  2.842500e+00  5.746238e-01  9.800000e+00
   endloop
 endfacet
 facet normal -6.964725e-01 -1.228069e-01  7.069969e-01
   outer loop
     vertex  2.646466e+00  5.349946e-01  9.600000e+00
     vertex  2.450431e+00  4.953654e-01  9.400000e+00
     vertex  2.472077e+00  3.726057e-01  9.400000e+00
   endloop
 endfacet
 facet normal -6.894853e-01 -1.573705e-01  7.069969e-01
   outer loop
     vertex  2.646466e+00  5.349946e-01  9.600000e+00
     vertex  2.422693e+00  6.168935e-01  9.400000e+00
     vertex  2.450431e+00  4.953654e-01  9.400000e+00
   endloop
 endfacet
 facet normal -6.996437e-01 -1.054543e-01  7.066669e-01
   outer loop
     vertex  2.646466e+00  5.349946e-01  9.600000e+00
     vertex  2.686583e+00  2.688332e-01  9.600000e+00
     vertex  2.885589e+00  2.887468e-01  9.800000e+00
   endloop
 endfacet
 facet normal -7.051003e-01 -1.062768e-01  7.010983e-01
   outer loop
     vertex  2.646466e+00  5.349946e-01  9.600000e+00
     vertex  2.472077e+00  3.726057e-01  9.400000e+00
     vertex  2.686583e+00  2.688332e-01  9.600000e+00
   endloop
 endfacet
 facet normal -6.583294e-01 -2.583753e-01  7.069969e-01
   outer loop
     vertex  2.672281e+00  1.126461e+00  9.800000e+00
     vertex  2.913047e+00  1.060262e+00  1.000000e+01
     vertex  2.856576e+00  1.204148e+00  1.000000e+01
   endloop
 endfacet
 facet normal -6.446321e-01 -2.908691e-01  7.069969e-01
   outer loop
     vertex  2.672281e+00  1.126461e+00  9.800000e+00
     vertex  2.856576e+00  1.204148e+00  1.000000e+01
     vertex  2.793003e+00  1.345040e+00  1.000000e+01
   endloop
 endfacet
 facet normal -6.585019e-01 -2.396751e-01  7.133941e-01
   outer loop
     vertex  2.672281e+00  1.126461e+00  9.800000e+00
     vertex  2.771161e+00  8.547900e-01  9.800000e+00
     vertex  2.913047e+00  1.060262e+00  1.000000e+01
   endloop
 endfacet
 facet normal -6.856672e-01 -1.745923e-01  7.066669e-01
   outer loop
     vertex  2.580047e+00  7.958390e-01  9.600000e+00
     vertex  2.646466e+00  5.349946e-01  9.600000e+00
     vertex  2.842500e+00  5.746238e-01  9.800000e+00
   endloop
 endfacet
 facet normal -6.910147e-01 -1.759540e-01  7.010983e-01
   outer loop
     vertex  2.580047e+00  7.958390e-01  9.600000e+00
     vertex  2.422693e+00  6.168935e-01  9.400000e+00
     vertex  2.646466e+00  5.349946e-01  9.600000e+00
   endloop
 endfacet
 facet normal -6.807839e-01 -1.915429e-01  7.069969e-01
   outer loop
     vertex  2.580047e+00  7.958390e-01  9.600000e+00
     vertex  2.388932e+00  7.368879e-01  9.400000e+00
     vertex  2.422693e+00  6.168935e-01  9.400000e+00
   endloop
 endfacet
 facet normal -6.703900e-01 -2.252391e-01  7.069969e-01
   outer loop
     vertex  2.580047e+00  7.958390e-01  9.600000e+00
     vertex  2.349232e+00  8.550504e-01  9.400000e+00
     vertex  2.388932e+00  7.368879e-01  9.400000e+00
   endloop
 endfacet
 facet normal -6.856672e-01 -1.745923e-01  7.066669e-01
   outer loop
     vertex  2.580047e+00  7.958390e-01  9.600000e+00
     vertex  2.842500e+00  5.746238e-01  9.800000e+00
     vertex  2.771161e+00  8.547900e-01  9.800000e+00
   endloop
 endfacet
 facet normal -6.293322e-01 -3.226398e-01  7.069969e-01
   outer loop
     vertex  2.546843e+00  1.386937e+00  9.800000e+00
     vertex  2.793003e+00  1.345040e+00  1.000000e+01
     vertex  2.722487e+00  1.482587e+00  1.000000e+01
   endloop
 endfacet
 facet normal -6.124676e-01 -3.536083e-01  7.069969e-01
   outer loop
     vertex  2.546843e+00  1.386937e+00  9.800000e+00
     vertex  2.722487e+00  1.482587e+00  1.000000e+01
     vertex  2.645202e+00  1.616449e+00  1.000000e+01
   endloop
 endfacet
 facet normal -6.313657e-01 -3.040497e-01  7.133941e-01
   outer loop
     vertex  2.546843e+00  1.386937e+00  9.800000e+00
     vertex  2.672281e+00  1.126461e+00  9.800000e+00
     vertex  2.793003e+00  1.345040e+00  1.000000e+01
   endloop
 endfacet
 facet normal -6.648761e-01 -2.419951e-01  7.066669e-01
   outer loop
     vertex  2.487986e+00  1.048774e+00  9.600000e+00
     vertex  2.580047e+00  7.958390e-01  9.600000e+00
     vertex  2.771161e+00  8.547900e-01  9.800000e+00
   endloop
 endfacet
 facet normal -6.583294e-01 -2.583753e-01  7.069969e-01
   outer loop
     vertex  2.487986e+00  1.048774e+00  9.600000e+00
     vertex  2.303691e+00  9.710870e-01  9.400000e+00
     vertex  2.349232e+00  8.550504e-01  9.400000e+00
   endloop
 endfacet
 facet normal -6.446321e-01 -2.908691e-01  7.069969e-01
   outer loop
     vertex  2.487986e+00  1.048774e+00  9.600000e+00
     vertex  2.252422e+00  1.084709e+00  9.400000e+00
     vertex  2.303691e+00  9.710870e-01  9.400000e+00
   endloop
 endfacet
 facet normal -6.648761e-01 -2.419951e-01  7.066669e-01
   outer loop
     vertex  2.487986e+00  1.048774e+00  9.600000e+00
     vertex  2.771161e+00  8.547900e-01  9.800000e+00
     vertex  2.672281e+00  1.126461e+00  9.800000e+00
   endloop
 endfacet
 facet normal -6.700616e-01 -2.438825e-01  7.010983e-01
   outer loop
     vertex  2.487986e+00  1.048774e+00  9.600000e+00
     vertex  2.349232e+00  8.550504e-01  9.400000e+00
     vertex  2.580047e+00  7.958390e-01  9.600000e+00
   endloop
 endfacet
 facet normal -5.940803e-01 -3.836978e-01  7.069969e-01
   outer loop
     vertex  2.396092e+00  1.633628e+00  9.800000e+00
     vertex  2.645202e+00  1.616449e+00  1.000000e+01
     vertex  2.561340e+00  1.746292e+00  1.000000e+01
   endloop
 endfacet
 facet normal -5.742161e-01 -4.128333e-01  7.069969e-01
   outer loop
     vertex  2.396092e+00  1.633628e+00  9.800000e+00
     vertex  2.561340e+00  1.746292e+00  1.000000e+01
     vertex  2.471111e+00  1.871794e+00  1.000000e+01
   endloop
 endfacet
 facet normal -5.979547e-01 -3.654025e-01  7.133941e-01
   outer loop
     vertex  2.396092e+00  1.633628e+00  9.800000e+00
     vertex  2.546843e+00  1.386937e+00  9.800000e+00
     vertex  2.645202e+00  1.616449e+00  1.000000e+01
   endloop
 endfacet
 facet normal -6.293322e-01 -3.226398e-01  7.069969e-01
   outer loop
     vertex  2.371198e+00  1.291286e+00  9.600000e+00
     vertex  2.195554e+00  1.195635e+00  9.400000e+00
     vertex  2.252422e+00  1.084709e+00  9.400000e+00
   endloop
 endfacet
 facet normal -6.124676e-01 -3.536083e-01  7.069969e-01
   outer loop
     vertex  2.371198e+00  1.291286e+00  9.600000e+00
     vertex  2.133227e+00  1.303588e+00  9.400000e+00
     vertex  2.195554e+00  1.195635e+00  9.400000e+00
   endloop
 endfacet
 facet normal -6.374773e-01 -3.069929e-01  7.066669e-01
   outer loop
     vertex  2.371198e+00  1.291286e+00  9.600000e+00
     vertex  2.672281e+00  1.126461e+00  9.800000e+00
     vertex  2.546843e+00  1.386937e+00  9.800000e+00
   endloop
 endfacet
 facet normal -6.424490e-01 -3.093872e-01  7.010983e-01
   outer loop
     vertex  2.371198e+00  1.291286e+00  9.600000e+00
     vertex  2.252422e+00  1.084709e+00  9.400000e+00
     vertex  2.487986e+00  1.048774e+00  9.600000e+00
   endloop
 endfacet
 facet normal -6.374773e-01 -3.069929e-01  7.066669e-01
   outer loop
     vertex  2.371198e+00  1.291286e+00  9.600000e+00
     vertex  2.487986e+00  1.048774e+00  9.600000e+00
     vertex  2.672281e+00  1.126461e+00  9.800000e+00
   endloop
 endfacet
 facet normal -5.586010e-01 -4.231238e-01  7.133941e-01
   outer loop
     vertex  2.221529e+00  1.864084e+00  9.800000e+00
     vertex  2.396092e+00  1.633628e+00  9.800000e+00
     vertex  2.471111e+00  1.871794e+00  1.000000e+01
   endloop
 endfacet
 facet normal -5.529243e-01 -4.409424e-01  7.069969e-01
   outer loop
     vertex  2.221529e+00  1.864084e+00  9.800000e+00
     vertex  2.471111e+00  1.871794e+00  1.000000e+01
     vertex  2.374738e+00  1.992642e+00  1.000000e+01
   endloop
 endfacet
 facet normal -5.302578e-01 -4.679553e-01  7.069969e-01
   outer loop
     vertex  2.221529e+00  1.864084e+00  9.800000e+00
     vertex  2.374738e+00  1.992642e+00  1.000000e+01
     vertex  2.272461e+00  2.108535e+00  1.000000e+01
   endloop
 endfacet
 facet normal -6.037429e-01 -3.689396e-01  7.066669e-01
   outer loop
     vertex  2.230845e+00  1.520964e+00  9.600000e+00
     vertex  2.546843e+00  1.386937e+00  9.800000e+00
     vertex  2.396092e+00  1.633628e+00  9.800000e+00
   endloop
 endfacet
 facet normal -6.037429e-01 -3.689396e-01  7.066669e-01
   outer loop
     vertex  2.230845e+00  1.520964e+00  9.600000e+00
     vertex  2.371198e+00  1.291286e+00  9.600000e+00
     vertex  2.546843e+00  1.386937e+00  9.800000e+00
   endloop
 endfacet
 facet normal -5.940803e-01 -3.836978e-01  7.069969e-01
   outer loop
     vertex  2.230845e+00  1.520964e+00  9.600000e+00
     vertex  2.065597e+00  1.408300e+00  9.400000e+00
     vertex  2.133227e+00  1.303588e+00  9.400000e+00
   endloop
 endfacet
 facet normal -5.742161e-01 -4.128333e-01  7.069969e-01
   outer loop
     vertex  2.230845e+00  1.520964e+00  9.600000e+00
     vertex  1.992831e+00  1.509511e+00  9.400000e+00
     vertex  2.065597e+00  1.408300e+00  9.400000e+00
   endloop
 endfacet
 facet normal -6.084516e-01 -3.718170e-01  7.010983e-01
   outer loop
     vertex  2.230845e+00  1.520964e+00  9.600000e+00
     vertex  2.133227e+00  1.303588e+00  9.400000e+00
     vertex  2.371198e+00  1.291286e+00  9.600000e+00
   endloop
 endfacet
 facet normal -5.640082e-01 -4.272196e-01  7.066669e-01
   outer loop
     vertex  2.230845e+00  1.520964e+00  9.600000e+00
     vertex  2.396092e+00  1.633628e+00  9.800000e+00
     vertex  2.221529e+00  1.864084e+00  9.800000e+00
   endloop
 endfacet
 facet normal -5.062730e-01 -4.938047e-01  7.069969e-01
   outer loop
     vertex  2.024887e+00  2.076014e+00  9.800000e+00
     vertex  2.272461e+00  2.108535e+00  1.000000e+01
     vertex  2.164534e+00  2.219187e+00  1.000000e+01
   endloop
 endfacet
 facet normal -4.810295e-01 -5.184265e-01  7.069969e-01
   outer loop
     vertex  2.024887e+00  2.076014e+00  9.800000e+00
     vertex  2.164534e+00  2.219187e+00  1.000000e+01
     vertex  2.051226e+00  2.324322e+00  1.000000e+01
   endloop
 endfacet
 facet normal -5.136957e-01 -4.766399e-01  7.133941e-01
   outer loop
     vertex  2.024887e+00  2.076014e+00  9.800000e+00
     vertex  2.221529e+00  1.864084e+00  9.800000e+00
     vertex  2.272461e+00  2.108535e+00  1.000000e+01
   endloop
 endfacet
 facet normal -5.640082e-01 -4.272196e-01  7.066669e-01
   outer loop
     vertex  2.068320e+00  1.735527e+00  9.600000e+00
     vertex  2.230845e+00  1.520964e+00  9.600000e+00
     vertex  2.221529e+00  1.864084e+00  9.800000e+00
   endloop
 endfacet
 facet normal -5.684070e-01 -4.305516e-01  7.010983e-01
   outer loop
     vertex  2.068320e+00  1.735527e+00  9.600000e+00
     vertex  1.992831e+00  1.509511e+00  9.400000e+00
     vertex  2.230845e+00  1.520964e+00  9.600000e+00
   endloop
 endfacet
 facet normal -5.529243e-01 -4.409424e-01  7.069969e-01
   outer loop
     vertex  2.068320e+00  1.735527e+00  9.600000e+00
     vertex  1.915111e+00  1.606969e+00  9.400000e+00
     vertex  1.992831e+00  1.509511e+00  9.400000e+00
   endloop
 endfacet
 facet normal -5.302578e-01 -4.679553e-01  7.069969e-01
   outer loop
     vertex  2.068320e+00  1.735527e+00  9.600000e+00
     vertex  1.832630e+00  1.700432e+00  9.400000e+00
     vertex  1.915111e+00  1.606969e+00  9.400000e+00
   endloop
 endfacet
 facet normal -5.186682e-01 -4.812538e-01  7.066669e-01
   outer loop
     vertex  2.068320e+00  1.735527e+00  9.600000e+00
     vertex  2.221529e+00  1.864084e+00  9.800000e+00
     vertex  2.024887e+00  2.076014e+00  9.800000e+00
   endloop
 endfacet
 facet normal -4.545901e-01 -5.417594e-01  7.069969e-01
   outer loop
     vertex  1.808120e+00  2.267311e+00  9.800000e+00
     vertex  2.051226e+00  2.324322e+00  1.000000e+01
     vertex  1.932818e+00  2.423678e+00  1.000000e+01
   endloop
 endfacet
 facet normal -4.270206e-01 -5.637454e-01  7.069969e-01
   outer loop
     vertex  1.808120e+00  2.267311e+00  9.800000e+00
     vertex  1.932818e+00  2.423678e+00  1.000000e+01
     vertex  1.809605e+00  2.517008e+00  1.000000e+01
   endloop
 endfacet
 facet normal -4.636850e-01 -5.254190e-01  7.133941e-01
   outer loop
     vertex  1.808120e+00  2.267311e+00  9.800000e+00
     vertex  2.024887e+00  2.076014e+00  9.800000e+00
     vertex  2.051226e+00  2.324322e+00  1.000000e+01
   endloop
 endfacet
 facet normal -5.227134e-01 -4.850071e-01  7.010983e-01
   outer loop
     vertex  1.885239e+00  1.932840e+00  9.600000e+00
     vertex  1.832630e+00  1.700432e+00  9.400000e+00
     vertex  2.068320e+00  1.735527e+00  9.600000e+00
   endloop
 endfacet
 facet normal -5.186682e-01 -4.812538e-01  7.066669e-01
   outer loop
     vertex  1.885239e+00  1.932840e+00  9.600000e+00
     vertex  2.068320e+00  1.735527e+00  9.600000e+00
     vertex  2.024887e+00  2.076014e+00  9.800000e+00
   endloop
 endfacet
 facet normal -5.062730e-01 -4.938047e-01  7.069969e-01
   outer loop
     vertex  1.885239e+00  1.932840e+00  9.600000e+00
     vertex  1.745592e+00  1.789667e+00  9.400000e+00
     vertex  1.832630e+00  1.700432e+00  9.400000e+00
   endloop
 endfacet
 facet normal -4.810295e-01 -5.184265e-01  7.069969e-01
   outer loop
     vertex  1.885239e+00  1.932840e+00  9.600000e+00
     vertex  1.654215e+00  1.874453e+00  9.400000e+00
     vertex  1.745592e+00  1.789667e+00  9.400000e+00
   endloop
 endfacet
 facet normal -3.983893e-01 -5.843298e-01  7.069969e-01
   outer loop
     vertex  1.573384e+00  2.436075e+00  9.800000e+00
     vertex  1.809605e+00  2.517008e+00  1.000000e+01
     vertex  1.681893e+00  2.604080e+00  1.000000e+01
   endloop
 endfacet
 facet normal -3.687677e-01 -6.034615e-01  7.069969e-01
   outer loop
     vertex  1.573384e+00  2.436075e+00  9.800000e+00
     vertex  1.681893e+00  2.604080e+00  1.000000e+01
     vertex  1.550000e+00  2.684679e+00  1.000000e+01
   endloop
 endfacet
 facet normal -4.090660e-01 -5.689762e-01  7.133941e-01
   outer loop
     vertex  1.573384e+00  2.436075e+00  9.800000e+00
     vertex  1.808120e+00  2.267311e+00  9.800000e+00
     vertex  1.809605e+00  2.517008e+00  1.000000e+01
   endloop
 endfacet
 facet normal -4.718248e-01 -5.346425e-01  7.010983e-01
   outer loop
     vertex  1.683422e+00  2.110945e+00  9.600000e+00
     vertex  1.654215e+00  1.874453e+00  9.400000e+00
     vertex  1.885239e+00  1.932840e+00  9.600000e+00
   endloop
 endfacet
 facet normal -4.545901e-01 -5.417594e-01  7.069969e-01
   outer loop
     vertex  1.683422e+00  2.110945e+00  9.600000e+00
     vertex  1.558725e+00  1.954579e+00  9.400000e+00
     vertex  1.654215e+00  1.874453e+00  9.400000e+00
   endloop
 endfacet
 facet normal -4.270206e-01 -5.637454e-01  7.069969e-01
   outer loop
     vertex  1.683422e+00  2.110945e+00  9.600000e+00
     vertex  1.459359e+00  2.029845e+00  9.400000e+00
     vertex  1.558725e+00  1.954579e+00  9.400000e+00
   endloop
 endfacet
 facet normal -4.681734e-01 -5.305050e-01  7.066669e-01
   outer loop
     vertex  1.683422e+00  2.110945e+00  9.600000e+00
     vertex  2.024887e+00  2.076014e+00  9.800000e+00
     vertex  1.808120e+00  2.267311e+00  9.800000e+00
   endloop
 endfacet
 facet normal -4.681734e-01 -5.305050e-01  7.066669e-01
   outer loop
     vertex  1.683422e+00  2.110945e+00  9.600000e+00
     vertex  1.885239e+00  1.932840e+00  9.600000e+00
     vertex  2.024887e+00  2.076014e+00  9.800000e+00
   endloop
 endfacet
 facet normal -3.503815e-01 -6.068786e-01  7.133941e-01
   outer loop
     vertex  1.323011e+00  2.580628e+00  9.800000e+00
     vertex  1.573384e+00  2.436075e+00  9.800000e+00
     vertex  1.550000e+00  2.684679e+00  1.000000e+01
   endloop
 endfacet
 facet normal -3.382292e-01 -6.210929e-01  7.069969e-01
   outer loop
     vertex  1.323011e+00  2.580628e+00  9.800000e+00
     vertex  1.550000e+00  2.684679e+00  1.000000e+01
     vertex  1.414253e+00  2.758603e+00  1.000000e+01
   endloop
 endfacet
 facet normal -3.068498e-01 -6.371802e-01  7.069969e-01
   outer loop
     vertex  1.323011e+00  2.580628e+00  9.800000e+00
     vertex  1.414253e+00  2.758603e+00  1.000000e+01
     vertex  1.274990e+00  2.825668e+00  1.000000e+01
   endloop
 endfacet
 facet normal -4.130257e-01 -5.744838e-01  7.066669e-01
   outer loop
     vertex  1.464875e+00  2.268070e+00  9.600000e+00
     vertex  1.808120e+00  2.267311e+00  9.800000e+00
     vertex  1.573384e+00  2.436075e+00  9.800000e+00
   endloop
 endfacet
 facet normal -3.983893e-01 -5.843298e-01  7.069969e-01
   outer loop
     vertex  1.464875e+00  2.268070e+00  9.600000e+00
     vertex  1.356366e+00  2.100065e+00  9.400000e+00
     vertex  1.459359e+00  2.029845e+00  9.400000e+00
   endloop
 endfacet
 facet normal -3.687677e-01 -6.034615e-01  7.069969e-01
   outer loop
     vertex  1.464875e+00  2.268070e+00  9.600000e+00
     vertex  1.250000e+00  2.165064e+00  9.400000e+00
     vertex  1.356366e+00  2.100065e+00  9.400000e+00
   endloop
 endfacet
 facet normal -4.130257e-01 -5.744838e-01  7.066669e-01
   outer loop
     vertex  1.464875e+00  2.268070e+00  9.600000e+00
     vertex  1.683422e+00  2.110945e+00  9.600000e+00
     vertex  1.808120e+00  2.267311e+00  9.800000e+00
   endloop
 endfacet
 facet normal -4.162470e-01 -5.789643e-01  7.010983e-01
   outer loop
     vertex  1.464875e+00  2.268070e+00  9.600000e+00
     vertex  1.459359e+00  2.029845e+00  9.400000e+00
     vertex  1.683422e+00  2.110945e+00  9.600000e+00
   endloop
 endfacet
 facet normal -2.747076e-01 -6.516833e-01  7.069969e-01
   outer loop
     vertex  1.059489e+00  2.699534e+00  9.800000e+00
     vertex  1.274990e+00  2.825668e+00  1.000000e+01
     vertex  1.132557e+00  2.885709e+00  1.000000e+01
   endloop
 endfacet
 facet normal -2.418824e-01 -6.645663e-01  7.069969e-01
   outer loop
     vertex  1.059489e+00  2.699534e+00  9.800000e+00
     vertex  1.132557e+00  2.885709e+00  1.000000e+01
     vertex  9.873086e-01  2.938575e+00  1.000000e+01
   endloop
 endfacet
 facet normal -2.882148e-01 -6.387496e-01  7.133941e-01
   outer loop
     vertex  1.059489e+00  2.699534e+00  9.800000e+00
     vertex  1.323011e+00  2.580628e+00  9.800000e+00
     vertex  1.274990e+00  2.825668e+00  1.000000e+01
   endloop
 endfacet
 facet normal -3.537732e-01 -6.127532e-01  7.066669e-01
   outer loop
     vertex  1.231769e+00  2.402654e+00  9.600000e+00
     vertex  1.464875e+00  2.268070e+00  9.600000e+00
     vertex  1.573384e+00  2.436075e+00  9.800000e+00
   endloop
 endfacet
 facet normal -3.565323e-01 -6.175321e-01  7.010983e-01
   outer loop
     vertex  1.231769e+00  2.402654e+00  9.600000e+00
     vertex  1.250000e+00  2.165064e+00  9.400000e+00
     vertex  1.464875e+00  2.268070e+00  9.600000e+00
   endloop
 endfacet
 facet normal -3.382292e-01 -6.210929e-01  7.069969e-01
   outer loop
     vertex  1.231769e+00  2.402654e+00  9.600000e+00
     vertex  1.140527e+00  2.224680e+00  9.400000e+00
     vertex  1.250000e+00  2.165064e+00  9.400000e+00
   endloop
 endfacet
 facet normal -3.068498e-01 -6.371802e-01  7.069969e-01
   outer loop
     vertex  1.231769e+00  2.402654e+00  9.600000e+00
     vertex  1.028218e+00  2.278765e+00  9.400000e+00
     vertex  1.140527e+00  2.224680e+00  9.400000e+00
   endloop
 endfacet
 facet normal -3.537732e-01 -6.127532e-01  7.066669e-01
   outer loop
     vertex  1.231769e+00  2.402654e+00  9.600000e+00
     vertex  1.573384e+00  2.436075e+00  9.800000e+00
     vertex  1.323011e+00  2.580628e+00  9.800000e+00
   endloop
 endfacet
 facet normal -2.084558e-01 -6.757970e-01  7.069969e-01
   outer loop
     vertex  7.854374e-01  2.791610e+00  9.800000e+00
     vertex  9.873086e-01  2.938575e+00  1.000000e+01
     vertex  8.396055e-01  2.984135e+00  1.000000e+01
   endloop
 endfacet
 facet normal -1.745109e-01 -6.853476e-01  7.069969e-01
   outer loop
     vertex  7.854374e-01  2.791610e+00  9.800000e+00
     vertex  8.396055e-01  2.984135e+00  1.000000e+01
     vertex  6.898149e-01  3.022277e+00  1.000000e+01
   endloop
 endfacet
 facet normal -2.231837e-01 -6.642725e-01  7.133941e-01
   outer loop
     vertex  7.854374e-01  2.791610e+00  9.800000e+00
     vertex  1.059489e+00  2.699534e+00  9.800000e+00
     vertex  9.873086e-01  2.938575e+00  1.000000e+01
   endloop
 endfacet
 facet normal -2.910047e-01 -6.449327e-01  7.066669e-01
   outer loop
     vertex  9.864208e-01  2.513359e+00  9.600000e+00
     vertex  1.231769e+00  2.402654e+00  9.600000e+00
     vertex  1.323011e+00  2.580628e+00  9.800000e+00
   endloop
 endfacet
 facet normal -2.932743e-01 -6.499626e-01  7.010983e-01
   outer loop
     vertex  9.864208e-01  2.513359e+00  9.600000e+00
     vertex  1.028218e+00  2.278765e+00  9.400000e+00
     vertex  1.231769e+00  2.402654e+00  9.600000e+00
   endloop
 endfacet
 facet normal -2.910047e-01 -6.449327e-01  7.066669e-01
   outer loop
     vertex  9.864208e-01  2.513359e+00  9.600000e+00
     vertex  1.323011e+00  2.580628e+00  9.800000e+00
     vertex  1.059489e+00  2.699534e+00  9.800000e+00
   endloop
 endfacet
 facet normal -2.747076e-01 -6.516833e-01  7.069969e-01
   outer loop
     vertex  9.864208e-01  2.513359e+00  9.600000e+00
     vertex  9.133526e-01  2.327184e+00  9.400000e+00
     vertex  1.028218e+00  2.278765e+00  9.400000e+00
   endloop
 endfacet
 facet normal -2.418824e-01 -6.645663e-01  7.069969e-01
   outer loop
     vertex  9.864208e-01  2.513359e+00  9.600000e+00
     vertex  7.962166e-01  2.369818e+00  9.400000e+00
     vertex  9.133526e-01  2.327184e+00  9.400000e+00
   endloop
 endfacet
 facet normal -1.401323e-01 -6.931943e-01  7.069969e-01
   outer loop
     vertex  5.035797e-01  2.855942e+00  9.800000e+00
     vertex  6.898149e-01  3.022277e+00  1.000000e+01
     vertex  5.383094e-01  3.052904e+00  1.000000e+01
   endloop
 endfacet
 facet normal -1.054052e-01 -6.993177e-01  7.069969e-01
   outer loop
     vertex  5.035797e-01  2.855942e+00  9.800000e+00
     vertex  5.383094e-01  3.052904e+00  1.000000e+01
     vertex  3.854655e-01  3.075942e+00  1.000000e+01
   endloop
 endfacet
 facet normal -1.559345e-01 -6.831935e-01  7.133941e-01
   outer loop
     vertex  5.035797e-01  2.855942e+00  9.800000e+00
     vertex  7.854374e-01  2.791610e+00  9.800000e+00
     vertex  6.898149e-01  3.022277e+00  1.000000e+01
   endloop
 endfacet
 facet normal -2.271016e-01 -6.759335e-01  7.010983e-01
   outer loop
     vertex  7.312693e-01  2.599085e+00  9.600000e+00
     vertex  7.962166e-01  2.369818e+00  9.400000e+00
     vertex  9.864208e-01  2.513359e+00  9.600000e+00
   endloop
 endfacet
 facet normal -2.084558e-01 -6.757970e-01  7.069969e-01
   outer loop
     vertex  7.312693e-01  2.599085e+00  9.600000e+00
     vertex  6.771012e-01  2.406561e+00  9.400000e+00
     vertex  7.962166e-01  2.369818e+00  9.400000e+00
   endloop
 endfacet
 facet normal -1.745109e-01 -6.853476e-01  7.069969e-01
   outer loop
     vertex  7.312693e-01  2.599085e+00  9.600000e+00
     vertex  5.563023e-01  2.437320e+00  9.400000e+00
     vertex  6.771012e-01  2.406561e+00  9.400000e+00
   endloop
 endfacet
 facet normal -2.253441e-01 -6.707026e-01  7.066669e-01
   outer loop
     vertex  7.312693e-01  2.599085e+00  9.600000e+00
     vertex  1.059489e+00  2.699534e+00  9.800000e+00
     vertex  7.854374e-01  2.791610e+00  9.800000e+00
   endloop
 endfacet
 facet normal -2.253441e-01 -6.707026e-01  7.066669e-01
   outer loop
     vertex  7.312693e-01  2.599085e+00  9.600000e+00
     vertex  9.864208e-01  2.513359e+00  9.600000e+00
     vertex  1.059489e+00  2.699534e+00  9.800000e+00
   endloop
 endfacet
 facet normal -8.713548e-02 -6.953246e-01  7.133941e-01
   outer loop
     vertex  2.167173e-01  2.891891e+00  9.800000e+00
     vertex  5.035797e-01  2.855942e+00  9.800000e+00
     vertex  3.854655e-01  3.075942e+00  1.000000e+01
   endloop
 endfacet
 facet normal -7.041604e-02 -7.037024e-01  7.069969e-01
   outer loop
     vertex  2.167173e-01  2.891891e+00  9.800000e+00
     vertex  3.854655e-01  3.075942e+00  1.000000e+01
     vertex  2.316633e-01  3.091332e+00  1.000000e+01
   endloop
 endfacet
 facet normal -3.525184e-02 -7.063376e-01  7.069969e-01
   outer loop
     vertex  2.167173e-01  2.891891e+00  9.800000e+00
     vertex  2.316633e-01  3.091332e+00  1.000000e+01
     vertex  7.728514e-02  3.099036e+00  1.000000e+01
   endloop
 endfacet
 facet normal -1.574439e-01 -6.898067e-01  7.066669e-01
   outer loop
     vertex  4.688501e-01  2.658981e+00  9.600000e+00
     vertex  7.854374e-01  2.791610e+00  9.800000e+00
     vertex  5.035797e-01  2.855942e+00  9.800000e+00
   endloop
 endfacet
 facet normal -1.574439e-01 -6.898067e-01  7.066669e-01
   outer loop
     vertex  4.688501e-01  2.658981e+00  9.600000e+00
     vertex  7.312693e-01  2.599085e+00  9.600000e+00
     vertex  7.854374e-01  2.791610e+00  9.800000e+00
   endloop
 endfacet
 facet normal -8.797894e-02 -7.020553e-01  7.066669e-01
   outer loop
     vertex  4.688501e-01  2.658981e+00  9.600000e+00
     vertex  5.035797e-01  2.855942e+00  9.800000e+00
     vertex  2.167173e-01  2.891891e+00  9.800000e+00
   endloop
 endfacet
 facet normal -1.401323e-01 -6.931943e-01  7.069969e-01
   outer loop
     vertex  4.688501e-01  2.658981e+00  9.600000e+00
     vertex  4.341204e-01  2.462019e+00  9.400000e+00
     vertex  5.563023e-01  2.437320e+00  9.400000e+00
   endloop
 endfacet
 facet normal -1.054052e-01 -6.993177e-01  7.069969e-01
   outer loop
     vertex  4.688501e-01  2.658981e+00  9.600000e+00
     vertex  3.108593e-01  2.480598e+00  9.400000e+00
     vertex  4.341204e-01  2.462019e+00  9.400000e+00
   endloop
 endfacet
 facet normal -1.586718e-01 -6.951866e-01  7.010983e-01
   outer loop
     vertex  4.688501e-01  2.658981e+00  9.600000e+00
     vertex  5.563023e-01  2.437320e+00  9.400000e+00
     vertex  7.312693e-01  2.599085e+00  9.600000e+00
   endloop
 endfacet
 facet normal -7.518479e-17 -7.072167e-01  7.069969e-01
   outer loop
     vertex -7.229901e-02  2.899099e+00  9.800000e+00
     vertex  7.728514e-02  3.099036e+00  1.000000e+01
     vertex -7.728514e-02  3.099036e+00  1.000000e+01
   endloop
 endfacet
 facet normal  3.525184e-02 -7.063376e-01  7.069969e-01
   outer loop
     vertex -7.229901e-02  2.899099e+00  9.800000e+00
     vertex -7.728514e-02  3.099036e+00  1.000000e+01
     vertex -2.316633e-01  3.091332e+00  1.000000e+01
   endloop
 endfacet
 facet normal -1.747051e-02 -7.005453e-01  7.133941e-01
   outer loop
     vertex -7.229901e-02  2.899099e+00  9.800000e+00
     vertex  2.167173e-01  2.891891e+00  9.800000e+00
     vertex  7.728514e-02  3.099036e+00  1.000000e+01
   endloop
 endfacet
 facet normal -7.041604e-02 -7.037024e-01  7.069969e-01
   outer loop
     vertex  2.017713e-01  2.692450e+00  9.600000e+00
     vertex  1.868252e-01  2.493009e+00  9.400000e+00
     vertex  3.108593e-01  2.480598e+00  9.400000e+00
   endloop
 endfacet
 facet normal -3.525184e-02 -7.063376e-01  7.069969e-01
   outer loop
     vertex  2.017713e-01  2.692450e+00  9.600000e+00
     vertex  6.232673e-02  2.499223e+00  9.400000e+00
     vertex  1.868252e-01  2.493009e+00  9.400000e+00
   endloop
 endfacet
 facet normal -8.797894e-02 -7.020553e-01  7.066669e-01
   outer loop
     vertex  2.017713e-01  2.692450e+00  9.600000e+00
     vertex  4.688501e-01  2.658981e+00  9.600000e+00
     vertex  2.167173e-01  2.891891e+00  9.800000e+00
   endloop
 endfacet
 facet normal -8.866510e-02 -7.075307e-01  7.010983e-01
   outer loop
     vertex  2.017713e-01  2.692450e+00  9.600000e+00
     vertex  3.108593e-01  2.480598e+00  9.400000e+00
     vertex  4.688501e-01  2.658981e+00  9.600000e+00
   endloop
 endfacet
 facet normal  5.236809e-02 -6.988036e-01  7.133941e-01
   outer loop
     vertex -3.605967e-01  2.877494e+00  9.800000e+00
     vertex -7.229901e-02  2.899099e+00  9.800000e+00
     vertex -2.316633e-01  3.091332e+00  1.000000e+01
   endloop
 endfacet
 facet normal  7.041604e-02 -7.037024e-01  7.069969e-01
   outer loop
     vertex -3.605967e-01  2.877494e+00  9.800000e+00
     vertex -2.316633e-01  3.091332e+00  1.000000e+01
     vertex -3.854655e-01  3.075942e+00  1.000000e+01
   endloop
 endfacet
 facet normal  1.054052e-01 -6.993177e-01  7.069969e-01
   outer loop
     vertex -3.605967e-01  2.877494e+00  9.800000e+00
     vertex -3.854655e-01  3.075942e+00  1.000000e+01
     vertex -5.383094e-01  3.052904e+00  1.000000e+01
   endloop
 endfacet
 facet normal -1.763962e-02 -7.073265e-01  7.066669e-01
   outer loop
     vertex -6.731287e-02  2.699161e+00  9.600000e+00
     vertex  2.017713e-01  2.692450e+00  9.600000e+00
     vertex  2.167173e-01  2.891891e+00  9.800000e+00
   endloop
 endfacet
 facet normal -1.777719e-02 -7.128430e-01  7.010983e-01
   outer loop
     vertex -6.731287e-02  2.699161e+00  9.600000e+00
     vertex  6.232673e-02  2.499223e+00  9.400000e+00
     vertex  2.017713e-01  2.692450e+00  9.600000e+00
   endloop
 endfacet
 facet normal -9.322914e-17 -7.072167e-01  7.069969e-01
   outer loop
     vertex -6.731287e-02  2.699161e+00  9.600000e+00
     vertex -6.232673e-02  2.499223e+00  9.400000e+00
     vertex  6.232673e-02  2.499223e+00  9.400000e+00
   endloop
 endfacet
 facet normal  3.525184e-02 -7.063376e-01  7.069969e-01
   outer loop
     vertex -6.731287e-02  2.699161e+00  9.600000e+00
     vertex -1.868252e-01  2.493009e+00  9.400000e+00
     vertex -6.232673e-02  2.499223e+00  9.400000e+00
   endloop
 endfacet
 facet normal -1.763962e-02 -7.073265e-01  7.066669e-01
   outer loop
     vertex -6.731287e-02  2.699161e+00  9.600000e+00
     vertex  2.167173e-01  2.891891e+00  9.800000e+00
     vertex -7.229901e-02  2.899099e+00  9.800000e+00
   endloop
 endfacet
 facet normal  1.401323e-01 -6.931943e-01  7.069969e-01
   outer loop
     vertex -6.453107e-01  2.827291e+00  9.800000e+00
     vertex -5.383094e-01  3.052904e+00  1.000000e+01
     vertex -6.898149e-01  3.022277e+00  1.000000e+01
   endloop
 endfacet
 facet normal  1.745109e-01 -6.853476e-01  7.069969e-01
   outer loop
     vertex -6.453107e-01  2.827291e+00  9.800000e+00
     vertex -6.898149e-01  3.022277e+00  1.000000e+01
     vertex -8.396055e-01  2.984135e+00  1.000000e+01
   endloop
 endfacet
 facet normal  1.216862e-01 -6.901169e-01  7.133941e-01
   outer loop
     vertex -6.453107e-01  2.827291e+00  9.800000e+00
     vertex -3.605967e-01  2.877494e+00  9.800000e+00
     vertex -5.383094e-01  3.052904e+00  1.000000e+01
   endloop
 endfacet
 facet normal  5.287501e-02 -7.055680e-01  7.066669e-01
   outer loop
     vertex -3.357280e-01  2.679046e+00  9.600000e+00
     vertex -7.229901e-02  2.899099e+00  9.800000e+00
     vertex -3.605967e-01  2.877494e+00  9.800000e+00
   endloop
 endfacet
 facet normal  5.328739e-02 -7.110708e-01  7.010983e-01
   outer loop
     vertex -3.357280e-01  2.679046e+00  9.600000e+00
     vertex -1.868252e-01  2.493009e+00  9.400000e+00
     vertex -6.731287e-02  2.699161e+00  9.600000e+00
   endloop
 endfacet
 facet normal  7.041604e-02 -7.037024e-01  7.069969e-01
   outer loop
     vertex -3.357280e-01  2.679046e+00  9.600000e+00
     vertex -3.108593e-01  2.480598e+00  9.400000e+00
     vertex -1.868252e-01  2.493009e+00  9.400000e+00
   endloop
 endfacet
 facet normal  1.054052e-01 -6.993177e-01  7.069969e-01
   outer loop
     vertex -3.357280e-01  2.679046e+00  9.600000e+00
     vertex -4.341204e-01  2.462019e+00  9.400000e+00
     vertex -3.108593e-01  2.480598e+00  9.400000e+00
   endloop
 endfacet
 facet normal  5.287501e-02 -7.055680e-01  7.066669e-01
   outer loop
     vertex -3.357280e-01  2.679046e+00  9.600000e+00
     vertex -6.731287e-02  2.699161e+00  9.600000e+00
     vertex -7.229901e-02  2.899099e+00  9.800000e+00
   endloop
 endfacet
 facet normal  1.897950e-01 -6.745715e-01  7.133941e-01
   outer loop
     vertex -9.236113e-01  2.748989e+00  9.800000e+00
     vertex -6.453107e-01  2.827291e+00  9.800000e+00
     vertex -8.396055e-01  2.984135e+00  1.000000e+01
   endloop
 endfacet
 facet normal  2.084558e-01 -6.757970e-01  7.069969e-01
   outer loop
     vertex -9.236113e-01  2.748989e+00  9.800000e+00
     vertex -8.396055e-01  2.984135e+00  1.000000e+01
     vertex -9.873086e-01  2.938575e+00  1.000000e+01
   endloop
 endfacet
 facet normal  2.418824e-01 -6.645663e-01  7.069969e-01
   outer loop
     vertex -9.236113e-01  2.748989e+00  9.800000e+00
     vertex -9.873086e-01  2.938575e+00  1.000000e+01
     vertex -1.132557e+00  2.885709e+00  1.000000e+01
   endloop
 endfacet
 facet normal  1.238224e-01 -7.022316e-01  7.010983e-01
   outer loop
     vertex -6.008065e-01  2.632305e+00  9.600000e+00
     vertex -4.341204e-01  2.462019e+00  9.400000e+00
     vertex -3.357280e-01  2.679046e+00  9.600000e+00
   endloop
 endfacet
 facet normal  1.228641e-01 -6.967972e-01  7.066669e-01
   outer loop
     vertex -6.008065e-01  2.632305e+00  9.600000e+00
     vertex -3.357280e-01  2.679046e+00  9.600000e+00
     vertex -3.605967e-01  2.877494e+00  9.800000e+00
   endloop
 endfacet
 facet normal  1.228641e-01 -6.967972e-01  7.066669e-01
   outer loop
     vertex -6.008065e-01  2.632305e+00  9.600000e+00
     vertex -3.605967e-01  2.877494e+00  9.800000e+00
     vertex -6.453107e-01  2.827291e+00  9.800000e+00
   endloop
 endfacet
 facet normal  1.401323e-01 -6.931943e-01  7.069969e-01
   outer loop
     vertex -6.008065e-01  2.632305e+00  9.600000e+00
     vertex -5.563023e-01  2.437320e+00  9.400000e+00
     vertex -4.341204e-01  2.462019e+00  9.400000e+00
   endloop
 endfacet
 facet normal  1.745109e-01 -6.853476e-01  7.069969e-01
   outer loop
     vertex -6.008065e-01  2.632305e+00  9.600000e+00
     vertex -6.771012e-01  2.406561e+00  9.400000e+00
     vertex -5.563023e-01  2.437320e+00  9.400000e+00
   endloop
 endfacet
 facet normal  2.747076e-01 -6.516833e-01  7.069969e-01
   outer loop
     vertex -1.192733e+00  2.643367e+00  9.800000e+00
     vertex -1.132557e+00  2.885709e+00  1.000000e+01
     vertex -1.274990e+00  2.825668e+00  1.000000e+01
   endloop
 endfacet
 facet normal  3.068498e-01 -6.371802e-01  7.069969e-01
   outer loop
     vertex -1.192733e+00  2.643367e+00  9.800000e+00
     vertex -1.274990e+00  2.825668e+00  1.000000e+01
     vertex -1.414253e+00  2.758603e+00  1.000000e+01
   endloop
 endfacet
 facet normal  2.560175e-01 -6.523220e-01  7.133941e-01
   outer loop
     vertex -1.192733e+00  2.643367e+00  9.800000e+00
     vertex -9.236113e-01  2.748989e+00  9.800000e+00
     vertex -1.132557e+00  2.885709e+00  1.000000e+01
   endloop
 endfacet
 facet normal  2.584957e-01 -6.586364e-01  7.066669e-01
   outer loop
     vertex -8.599140e-01  2.559404e+00  9.600000e+00
     vertex -9.236113e-01  2.748989e+00  9.800000e+00
     vertex -1.192733e+00  2.643367e+00  9.800000e+00
   endloop
 endfacet
 facet normal  1.916322e-01 -6.811013e-01  7.066669e-01
   outer loop
     vertex -8.599140e-01  2.559404e+00  9.600000e+00
     vertex -6.453107e-01  2.827291e+00  9.800000e+00
     vertex -9.236113e-01  2.748989e+00  9.800000e+00
   endloop
 endfacet
 facet normal  1.931268e-01 -6.864133e-01  7.010983e-01
   outer loop
     vertex -8.599140e-01  2.559404e+00  9.600000e+00
     vertex -6.771012e-01  2.406561e+00  9.400000e+00
     vertex -6.008065e-01  2.632305e+00  9.600000e+00
   endloop
 endfacet
 facet normal  2.084558e-01 -6.757970e-01  7.069969e-01
   outer loop
     vertex -8.599140e-01  2.559404e+00  9.600000e+00
     vertex -7.962166e-01  2.369818e+00  9.400000e+00
     vertex -6.771012e-01  2.406561e+00  9.400000e+00
   endloop
 endfacet
 facet normal  2.418824e-01 -6.645663e-01  7.069969e-01
   outer loop
     vertex -8.599140e-01  2.559404e+00  9.600000e+00
     vertex -9.133526e-01  2.327184e+00  9.400000e+00
     vertex -7.962166e-01  2.369818e+00  9.400000e+00
   endloop
 endfacet
 facet normal  1.916322e-01 -6.811013e-01  7.066669e-01
   outer loop
     vertex -8.599140e-01  2.559404e+00  9.600000e+00
     vertex -6.008065e-01  2.632305e+00  9.600000e+00
     vertex -6.453107e-01  2.827291e+00  9.800000e+00
   endloop
 endfacet
 facet normal  3.196956e-01 -6.235893e-01  7.133941e-01
   outer loop
     vertex -1.450000e+00  2.511474e+00  9.800000e+00
     vertex -1.192733e+00  2.643367e+00  9.800000e+00
     vertex -1.414253e+00  2.758603e+00  1.000000e+01
   endloop
 endfacet
 facet normal  3.382292e-01 -6.210929e-01  7.069969e-01
   outer loop
     vertex -1.450000e+00  2.511474e+00  9.800000e+00
     vertex -1.414253e+00  2.758603e+00  1.000000e+01
     vertex -1.550000e+00  2.684679e+00  1.000000e+01
   endloop
 endfacet
 facet normal  3.687677e-01 -6.034615e-01  7.069969e-01
   outer loop
     vertex -1.450000e+00  2.511474e+00  9.800000e+00
     vertex -1.550000e+00  2.684679e+00  1.000000e+01
     vertex -1.681893e+00  2.604080e+00  1.000000e+01
   endloop
 endfacet
 facet normal  2.584957e-01 -6.586364e-01  7.066669e-01
   outer loop
     vertex -1.110475e+00  2.461066e+00  9.600000e+00
     vertex -8.599140e-01  2.559404e+00  9.600000e+00
     vertex -1.192733e+00  2.643367e+00  9.800000e+00
   endloop
 endfacet
 facet normal  2.605118e-01 -6.637732e-01  7.010983e-01
   outer loop
     vertex -1.110475e+00  2.461066e+00  9.600000e+00
     vertex -9.133526e-01  2.327184e+00  9.400000e+00
     vertex -8.599140e-01  2.559404e+00  9.600000e+00
   endloop
 endfacet
 facet normal  2.747076e-01 -6.516833e-01  7.069969e-01
   outer loop
     vertex -1.110475e+00  2.461066e+00  9.600000e+00
     vertex -1.028218e+00  2.278765e+00  9.400000e+00
     vertex -9.133526e-01  2.327184e+00  9.400000e+00
   endloop
 endfacet
 facet normal  3.068498e-01 -6.371802e-01  7.069969e-01
   outer loop
     vertex -1.110475e+00  2.461066e+00  9.600000e+00
     vertex -1.140527e+00  2.224680e+00  9.400000e+00
     vertex -1.028218e+00  2.278765e+00  9.400000e+00
   endloop
 endfacet
 facet normal  3.801964e-01 -5.886591e-01  7.133941e-01
   outer loop
     vertex -1.692857e+00  2.354620e+00  9.800000e+00
     vertex -1.450000e+00  2.511474e+00  9.800000e+00
     vertex -1.681893e+00  2.604080e+00  1.000000e+01
   endloop
 endfacet
 facet normal  3.983893e-01 -5.843298e-01  7.069969e-01
   outer loop
     vertex -1.692857e+00  2.354620e+00  9.800000e+00
     vertex -1.681893e+00  2.604080e+00  1.000000e+01
     vertex -1.809605e+00  2.517008e+00  1.000000e+01
   endloop
 endfacet
 facet normal  4.270206e-01 -5.637454e-01  7.069969e-01
   outer loop
     vertex -1.692857e+00  2.354620e+00  9.800000e+00
     vertex -1.809605e+00  2.517008e+00  1.000000e+01
     vertex -1.932818e+00  2.423678e+00  1.000000e+01
   endloop
 endfacet
 facet normal  3.227902e-01 -6.296256e-01  7.066669e-01
   outer loop
     vertex -1.350000e+00  2.338269e+00  9.600000e+00
     vertex -1.192733e+00  2.643367e+00  9.800000e+00
     vertex -1.450000e+00  2.511474e+00  9.800000e+00
   endloop
 endfacet
 facet normal  3.227902e-01 -6.296256e-01  7.066669e-01
   outer loop
     vertex -1.350000e+00  2.338269e+00  9.600000e+00
     vertex -1.110475e+00  2.461066e+00  9.600000e+00
     vertex -1.192733e+00  2.643367e+00  9.800000e+00
   endloop
 endfacet
 facet normal  3.382292e-01 -6.210929e-01  7.069969e-01
   outer loop
     vertex -1.350000e+00  2.338269e+00  9.600000e+00
     vertex -1.250000e+00  2.165064e+00  9.400000e+00
     vertex -1.140527e+00  2.224680e+00  9.400000e+00
   endloop
 endfacet
 facet normal  3.687677e-01 -6.034615e-01  7.069969e-01
   outer loop
     vertex -1.350000e+00  2.338269e+00  9.600000e+00
     vertex -1.356366e+00  2.100065e+00  9.400000e+00
     vertex -1.250000e+00  2.165064e+00  9.400000e+00
   endloop
 endfacet
 facet normal  3.253077e-01 -6.345361e-01  7.010983e-01
   outer loop
     vertex -1.350000e+00  2.338269e+00  9.600000e+00
     vertex -1.140527e+00  2.224680e+00  9.400000e+00
     vertex -1.110475e+00  2.461066e+00  9.600000e+00
   endloop
 endfacet
 facet normal  4.369186e-01 -5.478786e-01  7.133941e-01
   outer loop
     vertex -1.918889e+00  2.174365e+00  9.800000e+00
     vertex -1.692857e+00  2.354620e+00  9.800000e+00
     vertex -1.932818e+00  2.423678e+00  1.000000e+01
   endloop
 endfacet
 facet normal  4.545901e-01 -5.417594e-01  7.069969e-01
   outer loop
     vertex -1.918889e+00  2.174365e+00  9.800000e+00
     vertex -1.932818e+00  2.423678e+00  1.000000e+01
     vertex -2.051226e+00  2.324322e+00  1.000000e+01
   endloop
 endfacet
 facet normal  4.810295e-01 -5.184265e-01  7.069969e-01
   outer loop
     vertex -1.918889e+00  2.174365e+00  9.800000e+00
     vertex -2.051226e+00  2.324322e+00  1.000000e+01
     vertex -2.164534e+00  2.219187e+00  1.000000e+01
   endloop
 endfacet
 facet normal  3.838767e-01 -5.943573e-01  7.066669e-01
   outer loop
     vertex -1.576108e+00  2.192233e+00  9.600000e+00
     vertex -1.350000e+00  2.338269e+00  9.600000e+00
     vertex -1.450000e+00  2.511474e+00  9.800000e+00
   endloop
 endfacet
 facet normal  3.838767e-01 -5.943573e-01  7.066669e-01
   outer loop
     vertex -1.576108e+00  2.192233e+00  9.600000e+00
     vertex -1.450000e+00  2.511474e+00  9.800000e+00
     vertex -1.692857e+00  2.354620e+00  9.800000e+00
   endloop
 endfacet
 facet normal  3.983893e-01 -5.843298e-01  7.069969e-01
   outer loop
     vertex -1.576108e+00  2.192233e+00  9.600000e+00
     vertex -1.459359e+00  2.029845e+00  9.400000e+00
     vertex -1.356366e+00  2.100065e+00  9.400000e+00
   endloop
 endfacet
 facet normal  4.270206e-01 -5.637454e-01  7.069969e-01
   outer loop
     vertex -1.576108e+00  2.192233e+00  9.600000e+00
     vertex -1.558725e+00  1.954579e+00  9.400000e+00
     vertex -1.459359e+00  2.029845e+00  9.400000e+00
   endloop
 endfacet
 facet normal  3.868706e-01 -5.989928e-01  7.010983e-01
   outer loop
     vertex -1.576108e+00  2.192233e+00  9.600000e+00
     vertex -1.356366e+00  2.100065e+00  9.400000e+00
     vertex -1.350000e+00  2.338269e+00  9.600000e+00
   endloop
 endfacet
 facet normal  4.892986e-01 -5.016531e-01  7.133941e-01
   outer loop
     vertex -2.125850e+00  1.972501e+00  9.800000e+00
     vertex -1.918889e+00  2.174365e+00  9.800000e+00
     vertex -2.164534e+00  2.219187e+00  1.000000e+01
   endloop
 endfacet
 facet normal  5.062730e-01 -4.938047e-01  7.069969e-01
   outer loop
     vertex -2.125850e+00  1.972501e+00  9.800000e+00
     vertex -2.164534e+00  2.219187e+00  1.000000e+01
     vertex -2.272461e+00  2.108535e+00  1.000000e+01
   endloop
 endfacet
 facet normal  5.302578e-01 -4.679553e-01  7.069969e-01
   outer loop
     vertex -2.125850e+00  1.972501e+00  9.800000e+00
     vertex -2.272461e+00  2.108535e+00  1.000000e+01
     vertex -2.374738e+00  1.992642e+00  1.000000e+01
   endloop
 endfacet
 facet normal  4.940350e-01 -5.065090e-01  7.066669e-01
   outer loop
     vertex -1.786552e+00  2.024409e+00  9.600000e+00
     vertex -1.918889e+00  2.174365e+00  9.800000e+00
     vertex -2.125850e+00  1.972501e+00  9.800000e+00
   endloop
 endfacet
 facet normal  4.445885e-01 -5.574964e-01  7.010983e-01
   outer loop
     vertex -1.786552e+00  2.024409e+00  9.600000e+00
     vertex -1.558725e+00  1.954579e+00  9.400000e+00
     vertex -1.576108e+00  2.192233e+00  9.600000e+00
   endloop
 endfacet
 facet normal  4.545901e-01 -5.417594e-01  7.069969e-01
   outer loop
     vertex -1.786552e+00  2.024409e+00  9.600000e+00
     vertex -1.654215e+00  1.874453e+00  9.400000e+00
     vertex -1.558725e+00  1.954579e+00  9.400000e+00
   endloop
 endfacet
 facet normal  4.810295e-01 -5.184265e-01  7.069969e-01
   outer loop
     vertex -1.786552e+00  2.024409e+00  9.600000e+00
     vertex -1.745592e+00  1.789667e+00  9.400000e+00
     vertex -1.654215e+00  1.874453e+00  9.400000e+00
   endloop
 endfacet
 facet normal  4.411480e-01 -5.531821e-01  7.066669e-01
   outer loop
     vertex -1.786552e+00  2.024409e+00  9.600000e+00
     vertex -1.692857e+00  2.354620e+00  9.800000e+00
     vertex -1.918889e+00  2.174365e+00  9.800000e+00
   endloop
 endfacet
 facet normal  4.411480e-01 -5.531821e-01  7.066669e-01
   outer loop
     vertex -1.786552e+00  2.024409e+00  9.600000e+00
     vertex -1.576108e+00  2.192233e+00  9.600000e+00
     vertex -1.692857e+00  2.354620e+00  9.800000e+00
   endloop
 endfacet
 facet normal  5.368157e-01 -4.504418e-01  7.133941e-01
   outer loop
     vertex -2.311684e+00  1.751033e+00  9.800000e+00
     vertex -2.125850e+00  1.972501e+00  9.800000e+00
     vertex -2.374738e+00  1.992642e+00  1.000000e+01
   endloop
 endfacet
 facet normal  5.529243e-01 -4.409424e-01  7.069969e-01
   outer loop
     vertex -2.311684e+00  1.751033e+00  9.800000e+00
     vertex -2.374738e+00  1.992642e+00  1.000000e+01
     vertex -2.471111e+00  1.871794e+00  1.000000e+01
   endloop
 endfacet
 facet normal  5.742161e-01 -4.128333e-01  7.069969e-01
   outer loop
     vertex -2.311684e+00  1.751033e+00  9.800000e+00
     vertex -2.471111e+00  1.871794e+00  1.000000e+01
     vertex -2.561340e+00  1.746292e+00  1.000000e+01
   endloop
 endfacet
 facet normal  4.978880e-01 -5.104593e-01  7.010983e-01
   outer loop
     vertex -1.979240e+00  1.836466e+00  9.600000e+00
     vertex -1.745592e+00  1.789667e+00  9.400000e+00
     vertex -1.786552e+00  2.024409e+00  9.600000e+00
   endloop
 endfacet
 facet normal  5.062730e-01 -4.938047e-01  7.069969e-01
   outer loop
     vertex -1.979240e+00  1.836466e+00  9.600000e+00
     vertex -1.832630e+00  1.700432e+00  9.400000e+00
     vertex -1.745592e+00  1.789667e+00  9.400000e+00
   endloop
 endfacet
 facet normal  5.302578e-01 -4.679553e-01  7.069969e-01
   outer loop
     vertex -1.979240e+00  1.836466e+00  9.600000e+00
     vertex -1.915111e+00  1.606969e+00  9.400000e+00
     vertex -1.832630e+00  1.700432e+00  9.400000e+00
   endloop
 endfacet
 facet normal  4.940350e-01 -5.065090e-01  7.066669e-01
   outer loop
     vertex -1.979240e+00  1.836466e+00  9.600000e+00
     vertex -1.786552e+00  2.024409e+00  9.600000e+00
     vertex -2.125850e+00  1.972501e+00  9.800000e+00
   endloop
 endfacet
 facet normal  5.940803e-01 -3.836978e-01  7.069969e-01
   outer loop
     vertex -2.474544e+00  1.512162e+00  9.800000e+00
     vertex -2.561340e+00  1.746292e+00  1.000000e+01
     vertex -2.645202e+00  1.616449e+00  1.000000e+01
   endloop
 endfacet
 facet normal  6.124676e-01 -3.536083e-01  7.069969e-01
   outer loop
     vertex -2.474544e+00  1.512162e+00  9.800000e+00
     vertex -2.645202e+00  1.616449e+00  1.000000e+01
     vertex -2.722487e+00  1.482587e+00  1.000000e+01
   endloop
 endfacet
 facet normal  5.789976e-01 -3.947539e-01  7.133941e-01
   outer loop
     vertex -2.474544e+00  1.512162e+00  9.800000e+00
     vertex -2.311684e+00  1.751033e+00  9.800000e+00
     vertex -2.561340e+00  1.746292e+00  1.000000e+01
   endloop
 endfacet
 facet normal  5.462392e-01 -4.583491e-01  7.010983e-01
   outer loop
     vertex -2.152258e+00  1.630272e+00  9.600000e+00
     vertex -1.915111e+00  1.606969e+00  9.400000e+00
     vertex -1.979240e+00  1.836466e+00  9.600000e+00
   endloop
 endfacet
 facet normal  5.420120e-01 -4.548021e-01  7.066669e-01
   outer loop
     vertex -2.152258e+00  1.630272e+00  9.600000e+00
     vertex -1.979240e+00  1.836466e+00  9.600000e+00
     vertex -2.125850e+00  1.972501e+00  9.800000e+00
   endloop
 endfacet
 facet normal  5.529243e-01 -4.409424e-01  7.069969e-01
   outer loop
     vertex -2.152258e+00  1.630272e+00  9.600000e+00
     vertex -1.992831e+00  1.509511e+00  9.400000e+00
     vertex -1.915111e+00  1.606969e+00  9.400000e+00
   endloop
 endfacet
 facet normal  5.742161e-01 -4.128333e-01  7.069969e-01
   outer loop
     vertex -2.152258e+00  1.630272e+00  9.600000e+00
     vertex -2.065597e+00  1.408300e+00  9.400000e+00
     vertex -1.992831e+00  1.509511e+00  9.400000e+00
   endloop
 endfacet
 facet normal  5.420120e-01 -4.548021e-01  7.066669e-01
   outer loop
     vertex -2.152258e+00  1.630272e+00  9.600000e+00
     vertex -2.125850e+00  1.972501e+00  9.800000e+00
     vertex -2.311684e+00  1.751033e+00  9.800000e+00
   endloop
 endfacet
 facet normal  6.293322e-01 -3.226398e-01  7.069969e-01
   outer loop
     vertex -2.612810e+00  1.258263e+00  9.800000e+00
     vertex -2.722487e+00  1.482587e+00  1.000000e+01
     vertex -2.793003e+00  1.345040e+00  1.000000e+01
   endloop
 endfacet
 facet normal  6.446321e-01 -2.908691e-01  7.069969e-01
   outer loop
     vertex -2.612810e+00  1.258263e+00  9.800000e+00
     vertex -2.793003e+00  1.345040e+00  1.000000e+01
     vertex -2.856576e+00  1.204148e+00  1.000000e+01
   endloop
 endfacet
 facet normal  6.154253e-01 -3.351427e-01  7.133941e-01
   outer loop
     vertex -2.612810e+00  1.258263e+00  9.800000e+00
     vertex -2.474544e+00  1.512162e+00  9.800000e+00
     vertex -2.722487e+00  1.482587e+00  1.000000e+01
   endloop
 endfacet
 facet normal  5.891617e-01 -4.016836e-01  7.010983e-01
   outer loop
     vertex -2.303885e+00  1.407875e+00  9.600000e+00
     vertex -2.065597e+00  1.408300e+00  9.400000e+00
     vertex -2.152258e+00  1.630272e+00  9.600000e+00
   endloop
 endfacet
 facet normal  5.846023e-01 -3.985751e-01  7.066669e-01
   outer loop
     vertex -2.303885e+00  1.407875e+00  9.600000e+00
     vertex -2.152258e+00  1.630272e+00  9.600000e+00
     vertex -2.311684e+00  1.751033e+00  9.800000e+00
   endloop
 endfacet
 facet normal  5.846023e-01 -3.985751e-01  7.066669e-01
   outer loop
     vertex -2.303885e+00  1.407875e+00  9.600000e+00
     vertex -2.311684e+00  1.751033e+00  9.800000e+00
     vertex -2.474544e+00  1.512162e+00  9.800000e+00
   endloop
 endfacet
 facet normal  5.940803e-01 -3.836978e-01  7.069969e-01
   outer loop
     vertex -2.303885e+00  1.407875e+00  9.600000e+00
     vertex -2.133227e+00  1.303588e+00  9.400000e+00
     vertex -2.065597e+00  1.408300e+00  9.400000e+00
   endloop
 endfacet
 facet normal  6.124676e-01 -3.536083e-01  7.069969e-01
   outer loop
     vertex -2.303885e+00  1.407875e+00  9.600000e+00
     vertex -2.195554e+00  1.195635e+00  9.400000e+00
     vertex -2.133227e+00  1.303588e+00  9.400000e+00
   endloop
 endfacet
 facet normal  6.457365e-01 -2.722008e-01  7.133941e-01
   outer loop
     vertex -2.725109e+00  9.918584e-01  9.800000e+00
     vertex -2.612810e+00  1.258263e+00  9.800000e+00
     vertex -2.856576e+00  1.204148e+00  1.000000e+01
   endloop
 endfacet
 facet normal  6.583294e-01 -2.583753e-01  7.069969e-01
   outer loop
     vertex -2.725109e+00  9.918584e-01  9.800000e+00
     vertex -2.856576e+00  1.204148e+00  1.000000e+01
     vertex -2.913047e+00  1.060262e+00  1.000000e+01
   endloop
 endfacet
 facet normal  6.703900e-01 -2.252391e-01  7.069969e-01
   outer loop
     vertex -2.725109e+00  9.918584e-01  9.800000e+00
     vertex -2.913047e+00  1.060262e+00  1.000000e+01
     vertex -2.962276e+00  9.137410e-01  1.000000e+01
   endloop
 endfacet
 facet normal  6.213825e-01 -3.383869e-01  7.066669e-01
   outer loop
     vertex -2.432616e+00  1.171486e+00  9.600000e+00
     vertex -2.474544e+00  1.512162e+00  9.800000e+00
     vertex -2.612810e+00  1.258263e+00  9.800000e+00
   endloop
 endfacet
 facet normal  6.262287e-01 -3.410260e-01  7.010983e-01
   outer loop
     vertex -2.432616e+00  1.171486e+00  9.600000e+00
     vertex -2.195554e+00  1.195635e+00  9.400000e+00
     vertex -2.303885e+00  1.407875e+00  9.600000e+00
   endloop
 endfacet
 facet normal  6.213825e-01 -3.383869e-01  7.066669e-01
   outer loop
     vertex -2.432616e+00  1.171486e+00  9.600000e+00
     vertex -2.303885e+00  1.407875e+00  9.600000e+00
     vertex -2.474544e+00  1.512162e+00  9.800000e+00
   endloop
 endfacet
 facet normal  6.519872e-01 -2.748356e-01  7.066669e-01
   outer loop
     vertex -2.432616e+00  1.171486e+00  9.600000e+00
     vertex -2.612810e+00  1.258263e+00  9.800000e+00
     vertex -2.725109e+00  9.918584e-01  9.800000e+00
   endloop
 endfacet
 facet normal  6.293322e-01 -3.226398e-01  7.069969e-01
   outer loop
     vertex -2.432616e+00  1.171486e+00  9.600000e+00
     vertex -2.252422e+00  1.084709e+00  9.400000e+00
     vertex -2.195554e+00  1.195635e+00  9.400000e+00
   endloop
 endfacet
 facet normal  6.446321e-01 -2.908691e-01  7.069969e-01
   outer loop
     vertex -2.432616e+00  1.171486e+00  9.600000e+00
     vertex -2.303691e+00  9.710870e-01  9.400000e+00
     vertex -2.252422e+00  1.084709e+00  9.400000e+00
   endloop
 endfacet
 facet normal  6.696301e-01 -2.065535e-01  7.133941e-01
   outer loop
     vertex -2.810324e+00  7.155965e-01  9.800000e+00
     vertex -2.725109e+00  9.918584e-01  9.800000e+00
     vertex -2.962276e+00  9.137410e-01  1.000000e+01
   endloop
 endfacet
 facet normal  6.807839e-01 -1.915429e-01  7.069969e-01
   outer loop
     vertex -2.810324e+00  7.155965e-01  9.800000e+00
     vertex -2.962276e+00  9.137410e-01  1.000000e+01
     vertex -3.004140e+00  7.649479e-01  1.000000e+01
   endloop
 endfacet
 facet normal  6.894853e-01 -1.573705e-01  7.069969e-01
   outer loop
     vertex -2.810324e+00  7.155965e-01  9.800000e+00
     vertex -3.004140e+00  7.649479e-01  1.000000e+01
     vertex -3.038535e+00  6.142530e-01  1.000000e+01
   endloop
 endfacet
 facet normal  6.519872e-01 -2.748356e-01  7.066669e-01
   outer loop
     vertex -2.537170e+00  9.234544e-01  9.600000e+00
     vertex -2.432616e+00  1.171486e+00  9.600000e+00
     vertex -2.725109e+00  9.918584e-01  9.800000e+00
   endloop
 endfacet
 facet normal  6.570721e-01 -2.769791e-01  7.010983e-01
   outer loop
     vertex -2.537170e+00  9.234544e-01  9.600000e+00
     vertex -2.303691e+00  9.710870e-01  9.400000e+00
     vertex -2.432616e+00  1.171486e+00  9.600000e+00
   endloop
 endfacet
 facet normal  6.583294e-01 -2.583753e-01  7.069969e-01
   outer loop
     vertex -2.537170e+00  9.234544e-01  9.600000e+00
     vertex -2.349232e+00  8.550504e-01  9.400000e+00
     vertex -2.303691e+00  9.710870e-01  9.400000e+00
   endloop
 endfacet
 facet normal  6.703900e-01 -2.252391e-01  7.069969e-01
   outer loop
     vertex -2.537170e+00  9.234544e-01  9.600000e+00
     vertex -2.388932e+00  7.368879e-01  9.400000e+00
     vertex -2.349232e+00  8.550504e-01  9.400000e+00
   endloop
 endfacet
 facet normal  6.964725e-01 -1.228069e-01  7.069969e-01
   outer loop
     vertex -2.867609e+00  4.322226e-01  9.800000e+00
     vertex -3.038535e+00  6.142530e-01  1.000000e+01
     vertex -3.065376e+00  4.620310e-01  1.000000e+01
   endloop
 endfacet
 facet normal  7.017281e-01 -8.793794e-02  7.069969e-01
   outer loop
     vertex -2.867609e+00  4.322226e-01  9.800000e+00
     vertex -3.065376e+00  4.620310e-01  1.000000e+01
     vertex -3.084595e+00  3.086603e-01  1.000000e+01
   endloop
 endfacet
 facet normal  6.868687e-01 -1.388535e-01  7.133941e-01
   outer loop
     vertex -2.867609e+00  4.322226e-01  9.800000e+00
     vertex -2.810324e+00  7.155965e-01  9.800000e+00
     vertex -3.038535e+00  6.142530e-01  1.000000e+01
   endloop
 endfacet
 facet normal  6.761121e-01 -2.085530e-01  7.066669e-01
   outer loop
     vertex -2.616509e+00  6.662450e-01  9.600000e+00
     vertex -2.725109e+00  9.918584e-01  9.800000e+00
     vertex -2.810324e+00  7.155965e-01  9.800000e+00
   endloop
 endfacet
 facet normal  6.761121e-01 -2.085530e-01  7.066669e-01
   outer loop
     vertex -2.616509e+00  6.662450e-01  9.600000e+00
     vertex -2.537170e+00  9.234544e-01  9.600000e+00
     vertex -2.725109e+00  9.918584e-01  9.800000e+00
   endloop
 endfacet
 facet normal  6.813852e-01 -2.101795e-01  7.010983e-01
   outer loop
     vertex -2.616509e+00  6.662450e-01  9.600000e+00
     vertex -2.388932e+00  7.368879e-01  9.400000e+00
     vertex -2.537170e+00  9.234544e-01  9.600000e+00
   endloop
 endfacet
 facet normal  6.935175e-01 -1.401976e-01  7.066669e-01
   outer loop
     vertex -2.616509e+00  6.662450e-01  9.600000e+00
     vertex -2.810324e+00  7.155965e-01  9.800000e+00
     vertex -2.867609e+00  4.322226e-01  9.800000e+00
   endloop
 endfacet
 facet normal  6.807839e-01 -1.915429e-01  7.069969e-01
   outer loop
     vertex -2.616509e+00  6.662450e-01  9.600000e+00
     vertex -2.422693e+00  6.168935e-01  9.400000e+00
     vertex -2.388932e+00  7.368879e-01  9.400000e+00
   endloop
 endfacet
 facet normal  6.894853e-01 -1.573705e-01  7.069969e-01
   outer loop
     vertex -2.616509e+00  6.662450e-01  9.600000e+00
     vertex -2.450431e+00  4.953654e-01  9.400000e+00
     vertex -2.422693e+00  6.168935e-01  9.400000e+00
   endloop
 endfacet
 facet normal  7.052392e-01 -5.285037e-02  7.069969e-01
   outer loop
     vertex -2.896395e+00  1.445531e-01  9.800000e+00
     vertex -3.084595e+00  3.086603e-01  1.000000e+01
     vertex -3.096146e+00  1.545222e-01  1.000000e+01
   endloop
 endfacet
 facet normal  7.069969e-01 -1.763140e-02  7.069969e-01
   outer loop
     vertex -2.896395e+00  1.445531e-01  9.800000e+00
     vertex -3.096146e+00  1.545222e-01  1.000000e+01
     vertex -3.100000e+00 -1.063377e-14  1.000000e+01
   endloop
 endfacet
 facet normal  6.972808e-01 -6.977347e-02  7.133941e-01
   outer loop
     vertex -2.896395e+00  1.445531e-01  9.800000e+00
     vertex -2.867609e+00  4.322226e-01  9.800000e+00
     vertex -3.084595e+00  3.086603e-01  1.000000e+01
   endloop
 endfacet
 facet normal  6.935175e-01 -1.401976e-01  7.066669e-01
   outer loop
     vertex -2.669843e+00  4.024141e-01  9.600000e+00
     vertex -2.616509e+00  6.662450e-01  9.600000e+00
     vertex -2.867609e+00  4.322226e-01  9.800000e+00
   endloop
 endfacet
 facet normal  6.989263e-01 -1.412910e-01  7.010983e-01
   outer loop
     vertex -2.669843e+00  4.024141e-01  9.600000e+00
     vertex -2.450431e+00  4.953654e-01  9.400000e+00
     vertex -2.616509e+00  6.662450e-01  9.600000e+00
   endloop
 endfacet
 facet normal  6.964725e-01 -1.228069e-01  7.069969e-01
   outer loop
     vertex -2.669843e+00  4.024141e-01  9.600000e+00
     vertex -2.472077e+00  3.726057e-01  9.400000e+00
     vertex -2.450431e+00  4.953654e-01  9.400000e+00
   endloop
 endfacet
 facet normal  7.017281e-01 -8.793794e-02  7.069969e-01
   outer loop
     vertex -2.669843e+00  4.024141e-01  9.600000e+00
     vertex -2.487577e+00  2.489196e-01  9.400000e+00
     vertex -2.472077e+00  3.726057e-01  9.400000e+00
   endloop
 endfacet
 facet normal  7.069969e-01  1.763140e-02  7.069969e-01
   outer loop
     vertex -2.896395e+00 -1.445531e-01  9.800000e+00
     vertex -3.100000e+00 -1.063377e-14  1.000000e+01
     vertex -3.096146e+00 -1.545222e-01  1.000000e+01
   endloop
 endfacet
 facet normal  7.052392e-01  5.285037e-02  7.069969e-01
   outer loop
     vertex -2.896395e+00 -1.445531e-01  9.800000e+00
     vertex -3.096146e+00 -1.545222e-01  1.000000e+01
     vertex -3.084595e+00 -3.086603e-01  1.000000e+01
   endloop
 endfacet
 facet normal  7.007631e-01 -1.076426e-15  7.133941e-01
   outer loop
     vertex -2.896395e+00 -1.445531e-01  9.800000e+00
     vertex -2.896395e+00  1.445531e-01  9.800000e+00
     vertex -3.100000e+00 -1.063377e-14  1.000000e+01
   endloop
 endfacet
 facet normal  7.040305e-01 -7.044887e-02  7.066669e-01
   outer loop
     vertex -2.696644e+00  1.345839e-01  9.600000e+00
     vertex -2.669843e+00  4.024141e-01  9.600000e+00
     vertex -2.867609e+00  4.322226e-01  9.800000e+00
   endloop
 endfacet
 facet normal  7.040305e-01 -7.044887e-02  7.066669e-01
   outer loop
     vertex -2.696644e+00  1.345839e-01  9.600000e+00
     vertex -2.867609e+00  4.322226e-01  9.800000e+00
     vertex -2.896395e+00  1.445531e-01  9.800000e+00
   endloop
 endfacet
 facet normal  7.095213e-01 -7.099831e-02  7.010983e-01
   outer loop
     vertex -2.696644e+00  1.345839e-01  9.600000e+00
     vertex -2.487577e+00  2.489196e-01  9.400000e+00
     vertex -2.669843e+00  4.024141e-01  9.600000e+00
   endloop
 endfacet
 facet normal  7.075464e-01 -1.093792e-15  7.066669e-01
   outer loop
     vertex -2.696644e+00  1.345839e-01  9.600000e+00
     vertex -2.896395e+00  1.445531e-01  9.800000e+00
     vertex -2.896395e+00 -1.445531e-01  9.800000e+00
   endloop
 endfacet
 facet normal  7.052392e-01 -5.285037e-02  7.069969e-01
   outer loop
     vertex -2.696644e+00  1.345839e-01  9.600000e+00
     vertex -2.496892e+00  1.246147e-01  9.400000e+00
     vertex -2.487577e+00  2.489196e-01  9.400000e+00
   endloop
 endfacet
 facet normal  7.069969e-01 -1.763140e-02  7.069969e-01
   outer loop
     vertex -2.696644e+00  1.345839e-01  9.600000e+00
     vertex -2.500000e+00 -8.575622e-15  9.400000e+00
     vertex -2.496892e+00  1.246147e-01  9.400000e+00
   endloop
 endfacet
 facet normal  6.972808e-01  6.977347e-02  7.133941e-01
   outer loop
     vertex -2.867609e+00 -4.322226e-01  9.800000e+00
     vertex -2.896395e+00 -1.445531e-01  9.800000e+00
     vertex -3.084595e+00 -3.086603e-01  1.000000e+01
   endloop
 endfacet
 facet normal  7.017281e-01  8.793794e-02  7.069969e-01
   outer loop
     vertex -2.867609e+00 -4.322226e-01  9.800000e+00
     vertex -3.084595e+00 -3.086603e-01  1.000000e+01
     vertex -3.065376e+00 -4.620310e-01  1.000000e+01
   endloop
 endfacet
 facet normal  6.964725e-01  1.228069e-01  7.069969e-01
   outer loop
     vertex -2.867609e+00 -4.322226e-01  9.800000e+00
     vertex -3.065376e+00 -4.620310e-01  1.000000e+01
     vertex -3.038535e+00 -6.142530e-01  1.000000e+01
   endloop
 endfacet
 facet normal  7.075464e-01 -0.000000e+00  7.066669e-01
   outer loop
     vertex -2.696644e+00 -1.345839e-01  9.600000e+00
     vertex -2.696644e+00  1.345839e-01  9.600000e+00
     vertex -2.896395e+00 -1.445531e-01  9.800000e+00
   endloop
 endfacet
 facet normal  7.130646e-01 -0.000000e+00  7.010983e-01
   outer loop
     vertex -2.696644e+00 -1.345839e-01  9.600000e+00
     vertex -2.500000e+00 -8.575622e-15  9.400000e+00
     vertex -2.696644e+00  1.345839e-01  9.600000e+00
   endloop
 endfacet
 facet normal  7.069969e-01  1.763140e-02  7.069969e-01
   outer loop
     vertex -2.696644e+00 -1.345839e-01  9.600000e+00
     vertex -2.496892e+00 -1.246147e-01  9.400000e+00
     vertex -2.500000e+00 -8.575622e-15  9.400000e+00
   endloop
 endfacet
 facet normal  7.052392e-01  5.285037e-02  7.069969e-01
   outer loop
     vertex -2.696644e+00 -1.345839e-01  9.600000e+00
     vertex -2.487577e+00 -2.489196e-01  9.400000e+00
     vertex -2.496892e+00 -1.246147e-01  9.400000e+00
   endloop
 endfacet
 facet normal  6.894853e-01  1.573705e-01  7.069969e-01
   outer loop
     vertex -2.810324e+00 -7.155965e-01  9.800000e+00
     vertex -3.038535e+00 -6.142530e-01  1.000000e+01
     vertex -3.004140e+00 -7.649479e-01  1.000000e+01
   endloop
 endfacet
 facet normal  6.807839e-01  1.915429e-01  7.069969e-01
   outer loop
     vertex -2.810324e+00 -7.155965e-01  9.800000e+00
     vertex -3.004140e+00 -7.649479e-01  1.000000e+01
     vertex -2.962276e+00 -9.137410e-01  1.000000e+01
   endloop
 endfacet
 facet normal  6.868687e-01  1.388535e-01  7.133941e-01
   outer loop
     vertex -2.810324e+00 -7.155965e-01  9.800000e+00
     vertex -2.867609e+00 -4.322226e-01  9.800000e+00
     vertex -3.038535e+00 -6.142530e-01  1.000000e+01
   endloop
 endfacet
 facet normal  7.040305e-01  7.044887e-02  7.066669e-01
   outer loop
     vertex -2.669843e+00 -4.024141e-01  9.600000e+00
     vertex -2.696644e+00 -1.345839e-01  9.600000e+00
     vertex -2.896395e+00 -1.445531e-01  9.800000e+00
   endloop
 endfacet
 facet normal  7.095213e-01  7.099831e-02  7.010983e-01
   outer loop
     vertex -2.669843e+00 -4.024141e-01  9.600000e+00
     vertex -2.487577e+00 -2.489196e-01  9.400000e+00
     vertex -2.696644e+00 -1.345839e-01  9.600000e+00
   endloop
 endfacet
 facet normal  7.040305e-01  7.044887e-02  7.066669e-01
   outer loop
     vertex -2.669843e+00 -4.024141e-01  9.600000e+00
     vertex -2.896395e+00 -1.445531e-01  9.800000e+00
     vertex -2.867609e+00 -4.322226e-01  9.800000e+00
   endloop
 endfacet
 facet normal  7.017281e-01  8.793794e-02  7.069969e-01
   outer loop
     vertex -2.669843e+00 -4.024141e-01  9.600000e+00
     vertex -2.472077e+00 -3.726057e-01  9.400000e+00
     vertex -2.487577e+00 -2.489196e-01  9.400000e+00
   endloop
 endfacet
 facet normal  6.964725e-01  1.228069e-01  7.069969e-01
   outer loop
     vertex -2.669843e+00 -4.024141e-01  9.600000e+00
     vertex -2.450431e+00 -4.953654e-01  9.400000e+00
     vertex -2.472077e+00 -3.726057e-01  9.400000e+00
   endloop
 endfacet
 facet normal  6.696301e-01  2.065535e-01  7.133941e-01
   outer loop
     vertex -2.725109e+00 -9.918584e-01  9.800000e+00
     vertex -2.810324e+00 -7.155965e-01  9.800000e+00
     vertex -2.962276e+00 -9.137410e-01  1.000000e+01
   endloop
 endfacet
 facet normal  6.703900e-01  2.252391e-01  7.069969e-01
   outer loop
     vertex -2.725109e+00 -9.918584e-01  9.800000e+00
     vertex -2.962276e+00 -9.137410e-01  1.000000e+01
     vertex -2.913047e+00 -1.060262e+00  1.000000e+01
   endloop
 endfacet
 facet normal  6.583294e-01  2.583753e-01  7.069969e-01
   outer loop
     vertex -2.725109e+00 -9.918584e-01  9.800000e+00
     vertex -2.913047e+00 -1.060262e+00  1.000000e+01
     vertex -2.856576e+00 -1.204148e+00  1.000000e+01
   endloop
 endfacet
 facet normal  6.935175e-01  1.401976e-01  7.066669e-01
   outer loop
     vertex -2.616509e+00 -6.662450e-01  9.600000e+00
     vertex -2.867609e+00 -4.322226e-01  9.800000e+00
     vertex -2.810324e+00 -7.155965e-01  9.800000e+00
   endloop
 endfacet
 facet normal  6.989263e-01  1.412910e-01  7.010983e-01
   outer loop
     vertex -2.616509e+00 -6.662450e-01  9.600000e+00
     vertex -2.450431e+00 -4.953654e-01  9.400000e+00
     vertex -2.669843e+00 -4.024141e-01  9.600000e+00
   endloop
 endfacet
 facet normal  6.935175e-01  1.401976e-01  7.066669e-01
   outer loop
     vertex -2.616509e+00 -6.662450e-01  9.600000e+00
     vertex -2.669843e+00 -4.024141e-01  9.600000e+00
     vertex -2.867609e+00 -4.322226e-01  9.800000e+00
   endloop
 endfacet
 facet normal  6.894853e-01  1.573705e-01  7.069969e-01
   outer loop
     vertex -2.616509e+00 -6.662450e-01  9.600000e+00
     vertex -2.422693e+00 -6.168935e-01  9.400000e+00
     vertex -2.450431e+00 -4.953654e-01  9.400000e+00
   endloop
 endfacet
 facet normal  6.807839e-01  1.915429e-01  7.069969e-01
   outer loop
     vertex -2.616509e+00 -6.662450e-01  9.600000e+00
     vertex -2.388932e+00 -7.368879e-01  9.400000e+00
     vertex -2.422693e+00 -6.168935e-01  9.400000e+00
   endloop
 endfacet
 facet normal  6.457365e-01  2.722008e-01  7.133941e-01
   outer loop
     vertex -2.612810e+00 -1.258263e+00  9.800000e+00
     vertex -2.725109e+00 -9.918584e-01  9.800000e+00
     vertex -2.856576e+00 -1.204148e+00  1.000000e+01
   endloop
 endfacet
 facet normal  6.446321e-01  2.908691e-01  7.069969e-01
   outer loop
     vertex -2.612810e+00 -1.258263e+00  9.800000e+00
     vertex -2.856576e+00 -1.204148e+00  1.000000e+01
     vertex -2.793003e+00 -1.345040e+00  1.000000e+01
   endloop
 endfacet
 facet normal  6.293322e-01  3.226398e-01  7.069969e-01
   outer loop
     vertex -2.612810e+00 -1.258263e+00  9.800000e+00
     vertex -2.793003e+00 -1.345040e+00  1.000000e+01
     vertex -2.722487e+00 -1.482587e+00  1.000000e+01
   endloop
 endfacet
 facet normal  6.703900e-01  2.252391e-01  7.069969e-01
   outer loop
     vertex -2.537170e+00 -9.234544e-01  9.600000e+00
     vertex -2.349232e+00 -8.550504e-01  9.400000e+00
     vertex -2.388932e+00 -7.368879e-01  9.400000e+00
   endloop
 endfacet
 facet normal  6.583294e-01  2.583753e-01  7.069969e-01
   outer loop
     vertex -2.537170e+00 -9.234544e-01  9.600000e+00
     vertex -2.303691e+00 -9.710870e-01  9.400000e+00
     vertex -2.349232e+00 -8.550504e-01  9.400000e+00
   endloop
 endfacet
 facet normal  6.761121e-01  2.085530e-01  7.066669e-01
   outer loop
     vertex -2.537170e+00 -9.234544e-01  9.600000e+00
     vertex -2.810324e+00 -7.155965e-01  9.800000e+00
     vertex -2.725109e+00 -9.918584e-01  9.800000e+00
   endloop
 endfacet
 facet normal  6.761121e-01  2.085530e-01  7.066669e-01
   outer loop
     vertex -2.537170e+00 -9.234544e-01  9.600000e+00
     vertex -2.616509e+00 -6.662450e-01  9.600000e+00
     vertex -2.810324e+00 -7.155965e-01  9.800000e+00
   endloop
 endfacet
 facet normal  6.813852e-01  2.101795e-01  7.010983e-01
   outer loop
     vertex -2.537170e+00 -9.234544e-01  9.600000e+00
     vertex -2.388932e+00 -7.368879e-01  9.400000e+00
     vertex -2.616509e+00 -6.662450e-01  9.600000e+00
   endloop
 endfacet
 facet normal  6.154253e-01  3.351427e-01  7.133941e-01
   outer loop
     vertex -2.474544e+00 -1.512162e+00  9.800000e+00
     vertex -2.612810e+00 -1.258263e+00  9.800000e+00
     vertex -2.722487e+00 -1.482587e+00  1.000000e+01
   endloop
 endfacet
 facet normal  6.124676e-01  3.536083e-01  7.069969e-01
   outer loop
     vertex -2.474544e+00 -1.512162e+00  9.800000e+00
     vertex -2.722487e+00 -1.482587e+00  1.000000e+01
     vertex -2.645202e+00 -1.616449e+00  1.000000e+01
   endloop
 endfacet
 facet normal  5.940803e-01  3.836978e-01  7.069969e-01
   outer loop
     vertex -2.474544e+00 -1.512162e+00  9.800000e+00
     vertex -2.645202e+00 -1.616449e+00  1.000000e+01
     vertex -2.561340e+00 -1.746292e+00  1.000000e+01
   endloop
 endfacet
 facet normal  6.446321e-01  2.908691e-01  7.069969e-01
   outer loop
     vertex -2.432616e+00 -1.171486e+00  9.600000e+00
     vertex -2.252422e+00 -1.084709e+00  9.400000e+00
     vertex -2.303691e+00 -9.710870e-01  9.400000e+00
   endloop
 endfacet
 facet normal  6.293322e-01  3.226398e-01  7.069969e-01
   outer loop
     vertex -2.432616e+00 -1.171486e+00  9.600000e+00
     vertex -2.195554e+00 -1.195635e+00  9.400000e+00
     vertex -2.252422e+00 -1.084709e+00  9.400000e+00
   endloop
 endfacet
 facet normal  6.519872e-01  2.748356e-01  7.066669e-01
   outer loop
     vertex -2.432616e+00 -1.171486e+00  9.600000e+00
     vertex -2.725109e+00 -9.918584e-01  9.800000e+00
     vertex -2.612810e+00 -1.258263e+00  9.800000e+00
   endloop
 endfacet
 facet normal  6.570721e-01  2.769791e-01  7.010983e-01
   outer loop
     vertex -2.432616e+00 -1.171486e+00  9.600000e+00
     vertex -2.303691e+00 -9.710870e-01  9.400000e+00
     vertex -2.537170e+00 -9.234544e-01  9.600000e+00
   endloop
 endfacet
 facet normal  6.519872e-01  2.748356e-01  7.066669e-01
   outer loop
     vertex -2.432616e+00 -1.171486e+00  9.600000e+00
     vertex -2.537170e+00 -9.234544e-01  9.600000e+00
     vertex -2.725109e+00 -9.918584e-01  9.800000e+00
   endloop
 endfacet
 facet normal  5.789976e-01  3.947539e-01  7.133941e-01
   outer loop
     vertex -2.311684e+00 -1.751033e+00  9.800000e+00
     vertex -2.474544e+00 -1.512162e+00  9.800000e+00
     vertex -2.561340e+00 -1.746292e+00  1.000000e+01
   endloop
 endfacet
 facet normal  5.742161e-01  4.128333e-01  7.069969e-01
   outer loop
     vertex -2.311684e+00 -1.751033e+00  9.800000e+00
     vertex -2.561340e+00 -1.746292e+00  1.000000e+01
     vertex -2.471111e+00 -1.871794e+00  1.000000e+01
   endloop
 endfacet
 facet normal  5.529243e-01  4.409424e-01  7.069969e-01
   outer loop
     vertex -2.311684e+00 -1.751033e+00  9.800000e+00
     vertex -2.471111e+00 -1.871794e+00  1.000000e+01
     vertex -2.374738e+00 -1.992642e+00  1.000000e+01
   endloop
 endfacet
 facet normal  6.262287e-01  3.410260e-01  7.010983e-01
   outer loop
     vertex -2.303885e+00 -1.407875e+00  9.600000e+00
     vertex -2.195554e+00 -1.195635e+00  9.400000e+00
     vertex -2.432616e+00 -1.171486e+00  9.600000e+00
   endloop
 endfacet
 facet normal  6.124676e-01  3.536083e-01  7.069969e-01
   outer loop
     vertex -2.303885e+00 -1.407875e+00  9.600000e+00
     vertex -2.133227e+00 -1.303588e+00  9.400000e+00
     vertex -2.195554e+00 -1.195635e+00  9.400000e+00
   endloop
 endfacet
 facet normal  5.940803e-01  3.836978e-01  7.069969e-01
   outer loop
     vertex -2.303885e+00 -1.407875e+00  9.600000e+00
     vertex -2.065597e+00 -1.408300e+00  9.400000e+00
     vertex -2.133227e+00 -1.303588e+00  9.400000e+00
   endloop
 endfacet
 facet normal  5.846023e-01  3.985751e-01  7.066669e-01
   outer loop
     vertex -2.303885e+00 -1.407875e+00  9.600000e+00
     vertex -2.474544e+00 -1.512162e+00  9.800000e+00
     vertex -2.311684e+00 -1.751033e+00  9.800000e+00
   endloop
 endfacet
 facet normal  6.213825e-01  3.383869e-01  7.066669e-01
   outer loop
     vertex -2.303885e+00 -1.407875e+00  9.600000e+00
     vertex -2.432616e+00 -1.171486e+00  9.600000e+00
     vertex -2.612810e+00 -1.258263e+00  9.800000e+00
   endloop
 endfacet
 facet normal  6.213825e-01  3.383869e-01  7.066669e-01
   outer loop
     vertex -2.303885e+00 -1.407875e+00  9.600000e+00
     vertex -2.612810e+00 -1.258263e+00  9.800000e+00
     vertex -2.474544e+00 -1.512162e+00  9.800000e+00
   endloop
 endfacet
 facet normal  5.368157e-01  4.504418e-01  7.133941e-01
   outer loop
     vertex -2.125850e+00 -1.972501e+00  9.800000e+00
     vertex -2.311684e+00 -1.751033e+00  9.800000e+00
     vertex -2.374738e+00 -1.992642e+00  1.000000e+01
   endloop
 endfacet
 facet normal  5.302578e-01  4.679553e-01  7.069969e-01
   outer loop
     vertex -2.125850e+00 -1.972501e+00  9.800000e+00
     vertex -2.374738e+00 -1.992642e+00  1.000000e+01
     vertex -2.272461e+00 -2.108535e+00  1.000000e+01
   endloop
 endfacet
 facet normal  5.062730e-01  4.938047e-01  7.069969e-01
   outer loop
     vertex -2.125850e+00 -1.972501e+00  9.800000e+00
     vertex -2.272461e+00 -2.108535e+00  1.000000e+01
     vertex -2.164534e+00 -2.219187e+00  1.000000e+01
   endloop
 endfacet
 facet normal  5.742161e-01  4.128333e-01  7.069969e-01
   outer loop
     vertex -2.152258e+00 -1.630272e+00  9.600000e+00
     vertex -1.992831e+00 -1.509511e+00  9.400000e+00
     vertex -2.065597e+00 -1.408300e+00  9.400000e+00
   endloop
 endfacet
 facet normal  5.529243e-01  4.409424e-01  7.069969e-01
   outer loop
     vertex -2.152258e+00 -1.630272e+00  9.600000e+00
     vertex -1.915111e+00 -1.606969e+00  9.400000e+00
     vertex -1.992831e+00 -1.509511e+00  9.400000e+00
   endloop
 endfacet
 facet normal  5.891617e-01  4.016836e-01  7.010983e-01
   outer loop
     vertex -2.152258e+00 -1.630272e+00  9.600000e+00
     vertex -2.065597e+00 -1.408300e+00  9.400000e+00
     vertex -2.303885e+00 -1.407875e+00  9.600000e+00
   endloop
 endfacet
 facet normal  5.846023e-01  3.985751e-01  7.066669e-01
   outer loop
     vertex -2.152258e+00 -1.630272e+00  9.600000e+00
     vertex -2.303885e+00 -1.407875e+00  9.600000e+00
     vertex -2.311684e+00 -1.751033e+00  9.800000e+00
   endloop
 endfacet
 facet normal  4.892986e-01  5.016531e-01  7.133941e-01
   outer loop
     vertex -1.918889e+00 -2.174365e+00  9.800000e+00
     vertex -2.125850e+00 -1.972501e+00  9.800000e+00
     vertex -2.164534e+00 -2.219187e+00  1.000000e+01
   endloop
 endfacet
 facet normal  4.810295e-01  5.184265e-01  7.069969e-01
   outer loop
     vertex -1.918889e+00 -2.174365e+00  9.800000e+00
     vertex -2.164534e+00 -2.219187e+00  1.000000e+01
     vertex -2.051226e+00 -2.324322e+00  1.000000e+01
   endloop
 endfacet
 facet normal  4.545901e-01  5.417594e-01  7.069969e-01
   outer loop
     vertex -1.918889e+00 -2.174365e+00  9.800000e+00
     vertex -2.051226e+00 -2.324322e+00  1.000000e+01
     vertex -1.932818e+00 -2.423678e+00  1.000000e+01
   endloop
 endfacet
 facet normal  5.302578e-01  4.679553e-01  7.069969e-01
   outer loop
     vertex -1.979240e+00 -1.836466e+00  9.600000e+00
     vertex -1.832630e+00 -1.700432e+00  9.400000e+00
     vertex -1.915111e+00 -1.606969e+00  9.400000e+00
   endloop
 endfacet
 facet normal  5.062730e-01  4.938047e-01  7.069969e-01
   outer loop
     vertex -1.979240e+00 -1.836466e+00  9.600000e+00
     vertex -1.745592e+00 -1.789667e+00  9.400000e+00
     vertex -1.832630e+00 -1.700432e+00  9.400000e+00
   endloop
 endfacet
 facet normal  5.462392e-01  4.583491e-01  7.010983e-01
   outer loop
     vertex -1.979240e+00 -1.836466e+00  9.600000e+00
     vertex -1.915111e+00 -1.606969e+00  9.400000e+00
     vertex -2.152258e+00 -1.630272e+00  9.600000e+00
   endloop
 endfacet
 facet normal  5.420120e-01  4.548021e-01  7.066669e-01
   outer loop
     vertex -1.979240e+00 -1.836466e+00  9.600000e+00
     vertex -2.152258e+00 -1.630272e+00  9.600000e+00
     vertex -2.311684e+00 -1.751033e+00  9.800000e+00
   endloop
 endfacet
 facet normal  5.420120e-01  4.548021e-01  7.066669e-01
   outer loop
     vertex -1.979240e+00 -1.836466e+00  9.600000e+00
     vertex -2.311684e+00 -1.751033e+00  9.800000e+00
     vertex -2.125850e+00 -1.972501e+00  9.800000e+00
   endloop
 endfacet
 facet normal  4.369186e-01  5.478786e-01  7.133941e-01
   outer loop
     vertex -1.692857e+00 -2.354620e+00  9.800000e+00
     vertex -1.918889e+00 -2.174365e+00  9.800000e+00
     vertex -1.932818e+00 -2.423678e+00  1.000000e+01
   endloop
 endfacet
 facet normal  4.270206e-01  5.637454e-01  7.069969e-01
   outer loop
     vertex -1.692857e+00 -2.354620e+00  9.800000e+00
     vertex -1.932818e+00 -2.423678e+00  1.000000e+01
     vertex -1.809605e+00 -2.517008e+00  1.000000e+01
   endloop
 endfacet
 facet normal  3.983893e-01  5.843298e-01  7.069969e-01
   outer loop
     vertex -1.692857e+00 -2.354620e+00  9.800000e+00
     vertex -1.809605e+00 -2.517008e+00  1.000000e+01
     vertex -1.681893e+00 -2.604080e+00  1.000000e+01
   endloop
 endfacet
 facet normal  4.940350e-01  5.065090e-01  7.066669e-01
   outer loop
     vertex -1.786552e+00 -2.024409e+00  9.600000e+00
     vertex -1.979240e+00 -1.836466e+00  9.600000e+00
     vertex -2.125850e+00 -1.972501e+00  9.800000e+00
   endloop
 endfacet
 facet normal  4.810295e-01  5.184265e-01  7.069969e-01
   outer loop
     vertex -1.786552e+00 -2.024409e+00  9.600000e+00
     vertex -1.654215e+00 -1.874453e+00  9.400000e+00
     vertex -1.745592e+00 -1.789667e+00  9.400000e+00
   endloop
 endfacet
 facet normal  4.545901e-01  5.417594e-01  7.069969e-01
   outer loop
     vertex -1.786552e+00 -2.024409e+00  9.600000e+00
     vertex -1.558725e+00 -1.954579e+00  9.400000e+00
     vertex -1.654215e+00 -1.874453e+00  9.400000e+00
   endloop
 endfacet
 facet normal  4.978880e-01  5.104593e-01  7.010983e-01
   outer loop
     vertex -1.786552e+00 -2.024409e+00  9.600000e+00
     vertex -1.745592e+00 -1.789667e+00  9.400000e+00
     vertex -1.979240e+00 -1.836466e+00  9.600000e+00
   endloop
 endfacet
 facet normal  4.940350e-01  5.065090e-01  7.066669e-01
   outer loop
     vertex -1.786552e+00 -2.024409e+00  9.600000e+00
     vertex -2.125850e+00 -1.972501e+00  9.800000e+00
     vertex -1.918889e+00 -2.174365e+00  9.800000e+00
   endloop
 endfacet
 facet normal  3.687677e-01  6.034615e-01  7.069969e-01
   outer loop
     vertex -1.450000e+00 -2.511474e+00  9.800000e+00
     vertex -1.681893e+00 -2.604080e+00  1.000000e+01
     vertex -1.550000e+00 -2.684679e+00  1.000000e+01
   endloop
 endfacet
 facet normal  3.382292e-01  6.210929e-01  7.069969e-01
   outer loop
     vertex -1.450000e+00 -2.511474e+00  9.800000e+00
     vertex -1.550000e+00 -2.684679e+00  1.000000e+01
     vertex -1.414253e+00 -2.758603e+00  1.000000e+01
   endloop
 endfacet
 facet normal  3.801964e-01  5.886591e-01  7.133941e-01
   outer loop
     vertex -1.450000e+00 -2.511474e+00  9.800000e+00
     vertex -1.692857e+00 -2.354620e+00  9.800000e+00
     vertex -1.681893e+00 -2.604080e+00  1.000000e+01
   endloop
 endfacet
 facet normal  4.270206e-01  5.637454e-01  7.069969e-01
   outer loop
     vertex -1.576108e+00 -2.192233e+00  9.600000e+00
     vertex -1.459359e+00 -2.029845e+00  9.400000e+00
     vertex -1.558725e+00 -1.954579e+00  9.400000e+00
   endloop
 endfacet
 facet normal  3.983893e-01  5.843298e-01  7.069969e-01
   outer loop
     vertex -1.576108e+00 -2.192233e+00  9.600000e+00
     vertex -1.356366e+00 -2.100065e+00  9.400000e+00
     vertex -1.459359e+00 -2.029845e+00  9.400000e+00
   endloop
 endfacet
 facet normal  4.445885e-01  5.574964e-01  7.010983e-01
   outer loop
     vertex -1.576108e+00 -2.192233e+00  9.600000e+00
     vertex -1.558725e+00 -1.954579e+00  9.400000e+00
     vertex -1.786552e+00 -2.024409e+00  9.600000e+00
   endloop
 endfacet
 facet normal  4.411480e-01  5.531821e-01  7.066669e-01
   outer loop
     vertex -1.576108e+00 -2.192233e+00  9.600000e+00
     vertex -1.918889e+00 -2.174365e+00  9.800000e+00
     vertex -1.692857e+00 -2.354620e+00  9.800000e+00
   endloop
 endfacet
 facet normal  4.411480e-01  5.531821e-01  7.066669e-01
   outer loop
     vertex -1.576108e+00 -2.192233e+00  9.600000e+00
     vertex -1.786552e+00 -2.024409e+00  9.600000e+00
     vertex -1.918889e+00 -2.174365e+00  9.800000e+00
   endloop
 endfacet
 facet normal  3.838767e-01  5.943573e-01  7.066669e-01
   outer loop
     vertex -1.576108e+00 -2.192233e+00  9.600000e+00
     vertex -1.692857e+00 -2.354620e+00  9.800000e+00
     vertex -1.450000e+00 -2.511474e+00  9.800000e+00
   endloop
 endfacet
 facet normal  3.196956e-01  6.235893e-01  7.133941e-01
   outer loop
     vertex -1.192733e+00 -2.643367e+00  9.800000e+00
     vertex -1.450000e+00 -2.511474e+00  9.800000e+00
     vertex -1.414253e+00 -2.758603e+00  1.000000e+01
   endloop
 endfacet
 facet normal  3.068498e-01  6.371802e-01  7.069969e-01
   outer loop
     vertex -1.192733e+00 -2.643367e+00  9.800000e+00
     vertex -1.414253e+00 -2.758603e+00  1.000000e+01
     vertex -1.274990e+00 -2.825668e+00  1.000000e+01
   endloop
 endfacet
 facet normal  2.747076e-01  6.516833e-01  7.069969e-01
   outer loop
     vertex -1.192733e+00 -2.643367e+00  9.800000e+00
     vertex -1.274990e+00 -2.825668e+00  1.000000e+01
     vertex -1.132557e+00 -2.885709e+00  1.000000e+01
   endloop
 endfacet
 facet normal  3.687677e-01  6.034615e-01  7.069969e-01
   outer loop
     vertex -1.350000e+00 -2.338269e+00  9.600000e+00
     vertex -1.250000e+00 -2.165064e+00  9.400000e+00
     vertex -1.356366e+00 -2.100065e+00  9.400000e+00
   endloop
 endfacet
 facet normal  3.382292e-01  6.210929e-01  7.069969e-01
   outer loop
     vertex -1.350000e+00 -2.338269e+00  9.600000e+00
     vertex -1.140527e+00 -2.224680e+00  9.400000e+00
     vertex -1.250000e+00 -2.165064e+00  9.400000e+00
   endloop
 endfacet
 facet normal  3.868706e-01  5.989928e-01  7.010983e-01
   outer loop
     vertex -1.350000e+00 -2.338269e+00  9.600000e+00
     vertex -1.356366e+00 -2.100065e+00  9.400000e+00
     vertex -1.576108e+00 -2.192233e+00  9.600000e+00
   endloop
 endfacet
 facet normal  3.838767e-01  5.943573e-01  7.066669e-01
   outer loop
     vertex -1.350000e+00 -2.338269e+00  9.600000e+00
     vertex -1.576108e+00 -2.192233e+00  9.600000e+00
     vertex -1.450000e+00 -2.511474e+00  9.800000e+00
   endloop
 endfacet
 facet normal  2.560175e-01  6.523220e-01  7.133941e-01
   outer loop
     vertex -9.236113e-01 -2.748989e+00  9.800000e+00
     vertex -1.192733e+00 -2.643367e+00  9.800000e+00
     vertex -1.132557e+00 -2.885709e+00  1.000000e+01
   endloop
 endfacet
 facet normal  2.418824e-01  6.645663e-01  7.069969e-01
   outer loop
     vertex -9.236113e-01 -2.748989e+00  9.800000e+00
     vertex -1.132557e+00 -2.885709e+00  1.000000e+01
     vertex -9.873086e-01 -2.938575e+00  1.000000e+01
   endloop
 endfacet
 facet normal  2.084558e-01  6.757970e-01  7.069969e-01
   outer loop
     vertex -9.236113e-01 -2.748989e+00  9.800000e+00
     vertex -9.873086e-01 -2.938575e+00  1.000000e+01
     vertex -8.396055e-01 -2.984135e+00  1.000000e+01
   endloop
 endfacet
 facet normal  3.227902e-01  6.296256e-01  7.066669e-01
   outer loop
     vertex -1.110475e+00 -2.461066e+00  9.600000e+00
     vertex -1.450000e+00 -2.511474e+00  9.800000e+00
     vertex -1.192733e+00 -2.643367e+00  9.800000e+00
   endloop
 endfacet
 facet normal  3.068498e-01  6.371802e-01  7.069969e-01
   outer loop
     vertex -1.110475e+00 -2.461066e+00  9.600000e+00
     vertex -1.028218e+00 -2.278765e+00  9.400000e+00
     vertex -1.140527e+00 -2.224680e+00  9.400000e+00
   endloop
 endfacet
 facet normal  2.747076e-01  6.516833e-01  7.069969e-01
   outer loop
     vertex -1.110475e+00 -2.461066e+00  9.600000e+00
     vertex -9.133526e-01 -2.327184e+00  9.400000e+00
     vertex -1.028218e+00 -2.278765e+00  9.400000e+00
   endloop
 endfacet
 facet normal  3.253077e-01  6.345361e-01  7.010983e-01
   outer loop
     vertex -1.110475e+00 -2.461066e+00  9.600000e+00
     vertex -1.140527e+00 -2.224680e+00  9.400000e+00
     vertex -1.350000e+00 -2.338269e+00  9.600000e+00
   endloop
 endfacet
 facet normal  3.227902e-01  6.296256e-01  7.066669e-01
   outer loop
     vertex -1.110475e+00 -2.461066e+00  9.600000e+00
     vertex -1.350000e+00 -2.338269e+00  9.600000e+00
     vertex -1.450000e+00 -2.511474e+00  9.800000e+00
   endloop
 endfacet
 facet normal  2.584957e-01  6.586364e-01  7.066669e-01
   outer loop
     vertex -1.110475e+00 -2.461066e+00  9.600000e+00
     vertex -1.192733e+00 -2.643367e+00  9.800000e+00
     vertex -9.236113e-01 -2.748989e+00  9.800000e+00
   endloop
 endfacet
 facet normal  1.897950e-01  6.745715e-01  7.133941e-01
   outer loop
     vertex -6.453107e-01 -2.827291e+00  9.800000e+00
     vertex -9.236113e-01 -2.748989e+00  9.800000e+00
     vertex -8.396055e-01 -2.984135e+00  1.000000e+01
   endloop
 endfacet
 facet normal  1.745109e-01  6.853476e-01  7.069969e-01
   outer loop
     vertex -6.453107e-01 -2.827291e+00  9.800000e+00
     vertex -8.396055e-01 -2.984135e+00  1.000000e+01
     vertex -6.898149e-01 -3.022277e+00  1.000000e+01
   endloop
 endfacet
 facet normal  1.401323e-01  6.931943e-01  7.069969e-01
   outer loop
     vertex -6.453107e-01 -2.827291e+00  9.800000e+00
     vertex -6.898149e-01 -3.022277e+00  1.000000e+01
     vertex -5.383094e-01 -3.052904e+00  1.000000e+01
   endloop
 endfacet
 facet normal  2.418824e-01  6.645663e-01  7.069969e-01
   outer loop
     vertex -8.599140e-01 -2.559404e+00  9.600000e+00
     vertex -7.962166e-01 -2.369818e+00  9.400000e+00
     vertex -9.133526e-01 -2.327184e+00  9.400000e+00
   endloop
 endfacet
 facet normal  2.084558e-01  6.757970e-01  7.069969e-01
   outer loop
     vertex -8.599140e-01 -2.559404e+00  9.600000e+00
     vertex -6.771012e-01 -2.406561e+00  9.400000e+00
     vertex -7.962166e-01 -2.369818e+00  9.400000e+00
   endloop
 endfacet
 facet normal  2.605118e-01  6.637732e-01  7.010983e-01
   outer loop
     vertex -8.599140e-01 -2.559404e+00  9.600000e+00
     vertex -9.133526e-01 -2.327184e+00  9.400000e+00
     vertex -1.110475e+00 -2.461066e+00  9.600000e+00
   endloop
 endfacet
 facet normal  2.584957e-01  6.586364e-01  7.066669e-01
   outer loop
     vertex -8.599140e-01 -2.559404e+00  9.600000e+00
     vertex -1.110475e+00 -2.461066e+00  9.600000e+00
     vertex -9.236113e-01 -2.748989e+00  9.800000e+00
   endloop
 endfacet
 facet normal  1.216862e-01  6.901169e-01  7.133941e-01
   outer loop
     vertex -3.605967e-01 -2.877494e+00  9.800000e+00
     vertex -6.453107e-01 -2.827291e+00  9.800000e+00
     vertex -5.383094e-01 -3.052904e+00  1.000000e+01
   endloop
 endfacet
 facet normal  1.054052e-01  6.993177e-01  7.069969e-01
   outer loop
     vertex -3.605967e-01 -2.877494e+00  9.800000e+00
     vertex -5.383094e-01 -3.052904e+00  1.000000e+01
     vertex -3.854655e-01 -3.075942e+00  1.000000e+01
   endloop
 endfacet
 facet normal  7.041604e-02  7.037024e-01  7.069969e-01
   outer loop
     vertex -3.605967e-01 -2.877494e+00  9.800000e+00
     vertex -3.854655e-01 -3.075942e+00  1.000000e+01
     vertex -2.316633e-01 -3.091332e+00  1.000000e+01
   endloop
 endfacet
 facet normal  1.745109e-01  6.853476e-01  7.069969e-01
   outer loop
     vertex -6.008065e-01 -2.632305e+00  9.600000e+00
     vertex -5.563023e-01 -2.437320e+00  9.400000e+00
     vertex -6.771012e-01 -2.406561e+00  9.400000e+00
   endloop
 endfacet
 facet normal  1.401323e-01  6.931943e-01  7.069969e-01
   outer loop
     vertex -6.008065e-01 -2.632305e+00  9.600000e+00
     vertex -4.341204e-01 -2.462019e+00  9.400000e+00
     vertex -5.563023e-01 -2.437320e+00  9.400000e+00
   endloop
 endfacet
 facet normal  1.916322e-01  6.811013e-01  7.066669e-01
   outer loop
     vertex -6.008065e-01 -2.632305e+00  9.600000e+00
     vertex -8.599140e-01 -2.559404e+00  9.600000e+00
     vertex -9.236113e-01 -2.748989e+00  9.800000e+00
   endloop
 endfacet
 facet normal  1.916322e-01  6.811013e-01  7.066669e-01
   outer loop
     vertex -6.008065e-01 -2.632305e+00  9.600000e+00
     vertex -9.236113e-01 -2.748989e+00  9.800000e+00
     vertex -6.453107e-01 -2.827291e+00  9.800000e+00
   endloop
 endfacet
 facet normal  1.931268e-01  6.864133e-01  7.010983e-01
   outer loop
     vertex -6.008065e-01 -2.632305e+00  9.600000e+00
     vertex -6.771012e-01 -2.406561e+00  9.400000e+00
     vertex -8.599140e-01 -2.559404e+00  9.600000e+00
   endloop
 endfacet
 facet normal  5.236809e-02  6.988036e-01  7.133941e-01
   outer loop
     vertex -7.229901e-02 -2.899099e+00  9.800000e+00
     vertex -3.605967e-01 -2.877494e+00  9.800000e+00
     vertex -2.316633e-01 -3.091332e+00  1.000000e+01
   endloop
 endfacet
 facet normal  3.525184e-02  7.063376e-01  7.069969e-01
   outer loop
     vertex -7.229901e-02 -2.899099e+00  9.800000e+00
     vertex -2.316633e-01 -3.091332e+00  1.000000e+01
     vertex -7.728514e-02 -3.099036e+00  1.000000e+01
   endloop
 endfacet
 facet normal -6.083932e-15  7.072167e-01  7.069969e-01
   outer loop
     vertex -7.229901e-02 -2.899099e+00  9.800000e+00
     vertex -7.728514e-02 -3.099036e+00  1.000000e+01
     vertex  7.728514e-02 -3.099036e+00  1.000000e+01
   endloop
 endfacet
 facet normal  1.054052e-01  6.993177e-01  7.069969e-01
   outer loop
     vertex -3.357280e-01 -2.679046e+00  9.600000e+00
     vertex -3.108593e-01 -2.480598e+00  9.400000e+00
     vertex -4.341204e-01 -2.462019e+00  9.400000e+00
   endloop
 endfacet
 facet normal  7.041604e-02  7.037024e-01  7.069969e-01
   outer loop
     vertex -3.357280e-01 -2.679046e+00  9.600000e+00
     vertex -1.868252e-01 -2.493009e+00  9.400000e+00
     vertex -3.108593e-01 -2.480598e+00  9.400000e+00
   endloop
 endfacet
 facet normal  1.238224e-01  7.022316e-01  7.010983e-01
   outer loop
     vertex -3.357280e-01 -2.679046e+00  9.600000e+00
     vertex -4.341204e-01 -2.462019e+00  9.400000e+00
     vertex -6.008065e-01 -2.632305e+00  9.600000e+00
   endloop
 endfacet
 facet normal  1.228641e-01  6.967972e-01  7.066669e-01
   outer loop
     vertex -3.357280e-01 -2.679046e+00  9.600000e+00
     vertex -6.453107e-01 -2.827291e+00  9.800000e+00
     vertex -3.605967e-01 -2.877494e+00  9.800000e+00
   endloop
 endfacet
 facet normal  5.287501e-02  7.055680e-01  7.066669e-01
   outer loop
     vertex -3.357280e-01 -2.679046e+00  9.600000e+00
     vertex -3.605967e-01 -2.877494e+00  9.800000e+00
     vertex -7.229901e-02 -2.899099e+00  9.800000e+00
   endloop
 endfacet
 facet normal  1.228641e-01  6.967972e-01  7.066669e-01
   outer loop
     vertex -3.357280e-01 -2.679046e+00  9.600000e+00
     vertex -6.008065e-01 -2.632305e+00  9.600000e+00
     vertex -6.453107e-01 -2.827291e+00  9.800000e+00
   endloop
 endfacet
 facet normal -1.747051e-02  7.005453e-01  7.133941e-01
   outer loop
     vertex  2.167173e-01 -2.891891e+00  9.800000e+00
     vertex -7.229901e-02 -2.899099e+00  9.800000e+00
     vertex  7.728514e-02 -3.099036e+00  1.000000e+01
   endloop
 endfacet
 facet normal -3.525184e-02  7.063376e-01  7.069969e-01
   outer loop
     vertex  2.167173e-01 -2.891891e+00  9.800000e+00
     vertex  7.728514e-02 -3.099036e+00  1.000000e+01
     vertex  2.316633e-01 -3.091332e+00  1.000000e+01
   endloop
 endfacet
 facet normal -7.041604e-02  7.037024e-01  7.069969e-01
   outer loop
     vertex  2.167173e-01 -2.891891e+00  9.800000e+00
     vertex  2.316633e-01 -3.091332e+00  1.000000e+01
     vertex  3.854655e-01 -3.075942e+00  1.000000e+01
   endloop
 endfacet
 facet normal  3.525184e-02  7.063376e-01  7.069969e-01
   outer loop
     vertex -6.731287e-02 -2.699161e+00  9.600000e+00
     vertex -6.232673e-02 -2.499223e+00  9.400000e+00
     vertex -1.868252e-01 -2.493009e+00  9.400000e+00
   endloop
 endfacet
 facet normal -4.985185e-15  7.072167e-01  7.069969e-01
   outer loop
     vertex -6.731287e-02 -2.699161e+00  9.600000e+00
     vertex  6.232673e-02 -2.499223e+00  9.400000e+00
     vertex -6.232673e-02 -2.499223e+00  9.400000e+00
   endloop
 endfacet
 facet normal  5.287501e-02  7.055680e-01  7.066669e-01
   outer loop
     vertex -6.731287e-02 -2.699161e+00  9.600000e+00
     vertex -3.357280e-01 -2.679046e+00  9.600000e+00
     vertex -7.229901e-02 -2.899099e+00  9.800000e+00
   endloop
 endfacet
 facet normal  5.328739e-02  7.110708e-01  7.010983e-01
   outer loop
     vertex -6.731287e-02 -2.699161e+00  9.600000e+00
     vertex -1.868252e-01 -2.493009e+00  9.400000e+00
     vertex -3.357280e-01 -2.679046e+00  9.600000e+00
   endloop
 endfacet
 facet normal -1.054052e-01  6.993177e-01  7.069969e-01
   outer loop
     vertex  5.035797e-01 -2.855942e+00  9.800000e+00
     vertex  3.854655e-01 -3.075942e+00  1.000000e+01
     vertex  5.383094e-01 -3.052904e+00  1.000000e+01
   endloop
 endfacet
 facet normal -1.401323e-01  6.931943e-01  7.069969e-01
   outer loop
     vertex  5.035797e-01 -2.855942e+00  9.800000e+00
     vertex  5.383094e-01 -3.052904e+00  1.000000e+01
     vertex  6.898149e-01 -3.022277e+00  1.000000e+01
   endloop
 endfacet
 facet normal -8.713548e-02  6.953246e-01  7.133941e-01
   outer loop
     vertex  5.035797e-01 -2.855942e+00  9.800000e+00
     vertex  2.167173e-01 -2.891891e+00  9.800000e+00
     vertex  3.854655e-01 -3.075942e+00  1.000000e+01
   endloop
 endfacet
 facet normal -3.525184e-02  7.063376e-01  7.069969e-01
   outer loop
     vertex  2.017713e-01 -2.692450e+00  9.600000e+00
     vertex  1.868252e-01 -2.493009e+00  9.400000e+00
     vertex  6.232673e-02 -2.499223e+00  9.400000e+00
   endloop
 endfacet
 facet normal -7.041604e-02  7.037024e-01  7.069969e-01
   outer loop
     vertex  2.017713e-01 -2.692450e+00  9.600000e+00
     vertex  3.108593e-01 -2.480598e+00  9.400000e+00
     vertex  1.868252e-01 -2.493009e+00  9.400000e+00
   endloop
 endfacet
 facet normal -1.777719e-02  7.128430e-01  7.010983e-01
   outer loop
     vertex  2.017713e-01 -2.692450e+00  9.600000e+00
     vertex  6.232673e-02 -2.499223e+00  9.400000e+00
     vertex -6.731287e-02 -2.699161e+00  9.600000e+00
   endloop
 endfacet
 facet normal -1.763962e-02  7.073265e-01  7.066669e-01
   outer loop
     vertex  2.017713e-01 -2.692450e+00  9.600000e+00
     vertex -7.229901e-02 -2.899099e+00  9.800000e+00
     vertex  2.167173e-01 -2.891891e+00  9.800000e+00
   endloop
 endfacet
 facet normal -1.763962e-02  7.073265e-01  7.066669e-01
   outer loop
     vertex  2.017713e-01 -2.692450e+00  9.600000e+00
     vertex -6.731287e-02 -2.699161e+00  9.600000e+00
     vertex -7.229901e-02 -2.899099e+00  9.800000e+00
   endloop
 endfacet
 facet normal -8.797894e-02  7.020553e-01  7.066669e-01
   outer loop
     vertex  2.017713e-01 -2.692450e+00  9.600000e+00
     vertex  2.167173e-01 -2.891891e+00  9.800000e+00
     vertex  5.035797e-01 -2.855942e+00  9.800000e+00
   endloop
 endfacet
 facet normal -1.745109e-01  6.853476e-01  7.069969e-01
   outer loop
     vertex  7.854374e-01 -2.791610e+00  9.800000e+00
     vertex  6.898149e-01 -3.022277e+00  1.000000e+01
     vertex  8.396055e-01 -2.984135e+00  1.000000e+01
   endloop
 endfacet
 facet normal -2.084558e-01  6.757970e-01  7.069969e-01
   outer loop
     vertex  7.854374e-01 -2.791610e+00  9.800000e+00
     vertex  8.396055e-01 -2.984135e+00  1.000000e+01
     vertex  9.873086e-01 -2.938575e+00  1.000000e+01
   endloop
 endfacet
 facet normal -1.559345e-01  6.831935e-01  7.133941e-01
   outer loop
     vertex  7.854374e-01 -2.791610e+00  9.800000e+00
     vertex  5.035797e-01 -2.855942e+00  9.800000e+00
     vertex  6.898149e-01 -3.022277e+00  1.000000e+01
   endloop
 endfacet
 facet normal -1.054052e-01  6.993177e-01  7.069969e-01
   outer loop
     vertex  4.688501e-01 -2.658981e+00  9.600000e+00
     vertex  4.341204e-01 -2.462019e+00  9.400000e+00
     vertex  3.108593e-01 -2.480598e+00  9.400000e+00
   endloop
 endfacet
 facet normal -1.401323e-01  6.931943e-01  7.069969e-01
   outer loop
     vertex  4.688501e-01 -2.658981e+00  9.600000e+00
     vertex  5.563023e-01 -2.437320e+00  9.400000e+00
     vertex  4.341204e-01 -2.462019e+00  9.400000e+00
   endloop
 endfacet
 facet normal -8.866510e-02  7.075307e-01  7.010983e-01
   outer loop
     vertex  4.688501e-01 -2.658981e+00  9.600000e+00
     vertex  3.108593e-01 -2.480598e+00  9.400000e+00
     vertex  2.017713e-01 -2.692450e+00  9.600000e+00
   endloop
 endfacet
 facet normal -8.797894e-02  7.020553e-01  7.066669e-01
   outer loop
     vertex  4.688501e-01 -2.658981e+00  9.600000e+00
     vertex  2.017713e-01 -2.692450e+00  9.600000e+00
     vertex  5.035797e-01 -2.855942e+00  9.800000e+00
   endloop
 endfacet
 facet normal -2.418824e-01  6.645663e-01  7.069969e-01
   outer loop
     vertex  1.059489e+00 -2.699534e+00  9.800000e+00
     vertex  9.873086e-01 -2.938575e+00  1.000000e+01
     vertex  1.132557e+00 -2.885709e+00  1.000000e+01
   endloop
 endfacet
 facet normal -2.747076e-01  6.516833e-01  7.069969e-01
   outer loop
     vertex  1.059489e+00 -2.699534e+00  9.800000e+00
     vertex  1.132557e+00 -2.885709e+00  1.000000e+01
     vertex  1.274990e+00 -2.825668e+00  1.000000e+01
   endloop
 endfacet
 facet normal -2.231837e-01  6.642725e-01  7.133941e-01
   outer loop
     vertex  1.059489e+00 -2.699534e+00  9.800000e+00
     vertex  7.854374e-01 -2.791610e+00  9.800000e+00
     vertex  9.873086e-01 -2.938575e+00  1.000000e+01
   endloop
 endfacet
 facet normal -1.574439e-01  6.898067e-01  7.066669e-01
   outer loop
     vertex  7.312693e-01 -2.599085e+00  9.600000e+00
     vertex  4.688501e-01 -2.658981e+00  9.600000e+00
     vertex  5.035797e-01 -2.855942e+00  9.800000e+00
   endloop
 endfacet
 facet normal -1.745109e-01  6.853476e-01  7.069969e-01
   outer loop
     vertex  7.312693e-01 -2.599085e+00  9.600000e+00
     vertex  6.771012e-01 -2.406561e+00  9.400000e+00
     vertex  5.563023e-01 -2.437320e+00  9.400000e+00
   endloop
 endfacet
 facet normal -2.084558e-01  6.757970e-01  7.069969e-01
   outer loop
     vertex  7.312693e-01 -2.599085e+00  9.600000e+00
     vertex  7.962166e-01 -2.369818e+00  9.400000e+00
     vertex  6.771012e-01 -2.406561e+00  9.400000e+00
   endloop
 endfacet
 facet normal -1.586718e-01  6.951866e-01  7.010983e-01
   outer loop
     vertex  7.312693e-01 -2.599085e+00  9.600000e+00
     vertex  5.563023e-01 -2.437320e+00  9.400000e+00
     vertex  4.688501e-01 -2.658981e+00  9.600000e+00
   endloop
 endfacet
 facet normal -1.574439e-01  6.898067e-01  7.066669e-01
   outer loop
     vertex  7.312693e-01 -2.599085e+00  9.600000e+00
     vertex  5.035797e-01 -2.855942e+00  9.800000e+00
     vertex  7.854374e-01 -2.791610e+00  9.800000e+00
   endloop
 endfacet
 facet normal -3.068498e-01  6.371802e-01  7.069969e-01
   outer loop
     vertex  1.323011e+00 -2.580628e+00  9.800000e+00
     vertex  1.274990e+00 -2.825668e+00  1.000000e+01
     vertex  1.414253e+00 -2.758603e+00  1.000000e+01
   endloop
 endfacet
 facet normal -3.382292e-01  6.210929e-01  7.069969e-01
   outer loop
     vertex  1.323011e+00 -2.580628e+00  9.800000e+00
     vertex  1.414253e+00 -2.758603e+00  1.000000e+01
     vertex  1.550000e+00 -2.684679e+00  1.000000e+01
   endloop
 endfacet
 facet normal -2.882148e-01  6.387496e-01  7.133941e-01
   outer loop
     vertex  1.323011e+00 -2.580628e+00  9.800000e+00
     vertex  1.059489e+00 -2.699534e+00  9.800000e+00
     vertex  1.274990e+00 -2.825668e+00  1.000000e+01
   endloop
 endfacet
 facet normal -2.253441e-01  6.707026e-01  7.066669e-01
   outer loop
     vertex  9.864208e-01 -2.513359e+00  9.600000e+00
     vertex  7.854374e-01 -2.791610e+00  9.800000e+00
     vertex  1.059489e+00 -2.699534e+00  9.800000e+00
   endloop
 endfacet
 facet normal -2.271016e-01  6.759335e-01  7.010983e-01
   outer loop
     vertex  9.864208e-01 -2.513359e+00  9.600000e+00
     vertex  7.962166e-01 -2.369818e+00  9.400000e+00
     vertex  7.312693e-01 -2.599085e+00  9.600000e+00
   endloop
 endfacet
 facet normal -2.418824e-01  6.645663e-01  7.069969e-01
   outer loop
     vertex  9.864208e-01 -2.513359e+00  9.600000e+00
     vertex  9.133526e-01 -2.327184e+00  9.400000e+00
     vertex  7.962166e-01 -2.369818e+00  9.400000e+00
   endloop
 endfacet
 facet normal -2.747076e-01  6.516833e-01  7.069969e-01
   outer loop
     vertex  9.864208e-01 -2.513359e+00  9.600000e+00
     vertex  1.028218e+00 -2.278765e+00  9.400000e+00
     vertex  9.133526e-01 -2.327184e+00  9.400000e+00
   endloop
 endfacet
 facet normal -2.253441e-01  6.707026e-01  7.066669e-01
   outer loop
     vertex  9.864208e-01 -2.513359e+00  9.600000e+00
     vertex  7.312693e-01 -2.599085e+00  9.600000e+00
     vertex  7.854374e-01 -2.791610e+00  9.800000e+00
   endloop
 endfacet
 facet normal -3.687677e-01  6.034615e-01  7.069969e-01
   outer loop
     vertex  1.573384e+00 -2.436075e+00  9.800000e+00
     vertex  1.550000e+00 -2.684679e+00  1.000000e+01
     vertex  1.681893e+00 -2.604080e+00  1.000000e+01
   endloop
 endfacet
 facet normal -3.983893e-01  5.843298e-01  7.069969e-01
   outer loop
     vertex  1.573384e+00 -2.436075e+00  9.800000e+00
     vertex  1.681893e+00 -2.604080e+00  1.000000e+01
     vertex  1.809605e+00 -2.517008e+00  1.000000e+01
   endloop
 endfacet
 facet normal -3.503815e-01  6.068786e-01  7.133941e-01
   outer loop
     vertex  1.573384e+00 -2.436075e+00  9.800000e+00
     vertex  1.323011e+00 -2.580628e+00  9.800000e+00
     vertex  1.550000e+00 -2.684679e+00  1.000000e+01
   endloop
 endfacet
 facet normal -2.910047e-01  6.449327e-01  7.066669e-01
   outer loop
     vertex  1.231769e+00 -2.402654e+00  9.600000e+00
     vertex  1.059489e+00 -2.699534e+00  9.800000e+00
     vertex  1.323011e+00 -2.580628e+00  9.800000e+00
   endloop
 endfacet
 facet normal -2.932743e-01  6.499626e-01  7.010983e-01
   outer loop
     vertex  1.231769e+00 -2.402654e+00  9.600000e+00
     vertex  1.028218e+00 -2.278765e+00  9.400000e+00
     vertex  9.864208e-01 -2.513359e+00  9.600000e+00
   endloop
 endfacet
 facet normal -3.068498e-01  6.371802e-01  7.069969e-01
   outer loop
     vertex  1.231769e+00 -2.402654e+00  9.600000e+00
     vertex  1.140527e+00 -2.224680e+00  9.400000e+00
     vertex  1.028218e+00 -2.278765e+00  9.400000e+00
   endloop
 endfacet
 facet normal -3.382292e-01  6.210929e-01  7.069969e-01
   outer loop
     vertex  1.231769e+00 -2.402654e+00  9.600000e+00
     vertex  1.250000e+00 -2.165064e+00  9.400000e+00
     vertex  1.140527e+00 -2.224680e+00  9.400000e+00
   endloop
 endfacet
 facet normal -2.910047e-01  6.449327e-01  7.066669e-01
   outer loop
     vertex  1.231769e+00 -2.402654e+00  9.600000e+00
     vertex  9.864208e-01 -2.513359e+00  9.600000e+00
     vertex  1.059489e+00 -2.699534e+00  9.800000e+00
   endloop
 endfacet
 facet normal -4.270206e-01  5.637454e-01  7.069969e-01
   outer loop
     vertex  1.808120e+00 -2.267311e+00  9.800000e+00
     vertex  1.809605e+00 -2.517008e+00  1.000000e+01
     vertex  1.932818e+00 -2.423678e+00  1.000000e+01
   endloop
 endfacet
 facet normal -4.545901e-01  5.417594e-01  7.069969e-01
   outer loop
     vertex  1.808120e+00 -2.267311e+00  9.800000e+00
     vertex  1.932818e+00 -2.423678e+00  1.000000e+01
     vertex  2.051226e+00 -2.324322e+00  1.000000e+01
   endloop
 endfacet
 facet normal -4.090660e-01  5.689762e-01  7.133941e-01
   outer loop
     vertex  1.808120e+00 -2.267311e+00  9.800000e+00
     vertex  1.573384e+00 -2.436075e+00  9.800000e+00
     vertex  1.809605e+00 -2.517008e+00  1.000000e+01
   endloop
 endfacet
 facet normal -3.537732e-01  6.127532e-01  7.066669e-01
   outer loop
     vertex  1.464875e+00 -2.268070e+00  9.600000e+00
     vertex  1.323011e+00 -2.580628e+00  9.800000e+00
     vertex  1.573384e+00 -2.436075e+00  9.800000e+00
   endloop
 endfacet
 facet normal -3.565323e-01  6.175321e-01  7.010983e-01
   outer loop
     vertex  1.464875e+00 -2.268070e+00  9.600000e+00
     vertex  1.250000e+00 -2.165064e+00  9.400000e+00
     vertex  1.231769e+00 -2.402654e+00  9.600000e+00
   endloop
 endfacet
 facet normal -3.687677e-01  6.034615e-01  7.069969e-01
   outer loop
     vertex  1.464875e+00 -2.268070e+00  9.600000e+00
     vertex  1.356366e+00 -2.100065e+00  9.400000e+00
     vertex  1.250000e+00 -2.165064e+00  9.400000e+00
   endloop
 endfacet
 facet normal -3.983893e-01  5.843298e-01  7.069969e-01
   outer loop
     vertex  1.464875e+00 -2.268070e+00  9.600000e+00
     vertex  1.459359e+00 -2.029845e+00  9.400000e+00
     vertex  1.356366e+00 -2.100065e+00  9.400000e+00
   endloop
 endfacet
 facet normal -3.537732e-01  6.127532e-01  7.066669e-01
   outer loop
     vertex  1.464875e+00 -2.268070e+00  9.600000e+00
     vertex  1.231769e+00 -2.402654e+00  9.600000e+00
     vertex  1.323011e+00 -2.580628e+00  9.800000e+00
   endloop
 endfacet
 facet normal -4.636850e-01  5.254190e-01  7.133941e-01
   outer loop
     vertex  2.024887e+00 -2.076014e+00  9.800000e+00
     vertex  1.808120e+00 -2.267311e+00  9.800000e+00
     vertex  2.051226e+00 -2.324322e+00  1.000000e+01
   endloop
 endfacet
 facet normal -4.810295e-01  5.184265e-01  7.069969e-01
   outer loop
     vertex  2.024887e+00 -2.076014e+00  9.800000e+00
     vertex  2.051226e+00 -2.324322e+00  1.000000e+01
     vertex  2.164534e+00 -2.219187e+00  1.000000e+01
   endloop
 endfacet
 facet normal -5.062730e-01  4.938047e-01  7.069969e-01
   outer loop
     vertex  2.024887e+00 -2.076014e+00  9.800000e+00
     vertex  2.164534e+00 -2.219187e+00  1.000000e+01
     vertex  2.272461e+00 -2.108535e+00  1.000000e+01
   endloop
 endfacet
 facet normal -4.130257e-01  5.744838e-01  7.066669e-01
   outer loop
     vertex  1.683422e+00 -2.110945e+00  9.600000e+00
     vertex  1.573384e+00 -2.436075e+00  9.800000e+00
     vertex  1.808120e+00 -2.267311e+00  9.800000e+00
   endloop
 endfacet
 facet normal -4.162470e-01  5.789643e-01  7.010983e-01
   outer loop
     vertex  1.683422e+00 -2.110945e+00  9.600000e+00
     vertex  1.459359e+00 -2.029845e+00  9.400000e+00
     vertex  1.464875e+00 -2.268070e+00  9.600000e+00
   endloop
 endfacet
 facet normal -4.270206e-01  5.637454e-01  7.069969e-01
   outer loop
     vertex  1.683422e+00 -2.110945e+00  9.600000e+00
     vertex  1.558725e+00 -1.954579e+00  9.400000e+00
     vertex  1.459359e+00 -2.029845e+00  9.400000e+00
   endloop
 endfacet
 facet normal -4.545901e-01  5.417594e-01  7.069969e-01
   outer loop
     vertex  1.683422e+00 -2.110945e+00  9.600000e+00
     vertex  1.654215e+00 -1.874453e+00  9.400000e+00
     vertex  1.558725e+00 -1.954579e+00  9.400000e+00
   endloop
 endfacet
 facet normal -4.130257e-01  5.744838e-01  7.066669e-01
   outer loop
     vertex  1.683422e+00 -2.110945e+00  9.600000e+00
     vertex  1.464875e+00 -2.268070e+00  9.600000e+00
     vertex  1.573384e+00 -2.436075e+00  9.800000e+00
   endloop
 endfacet
 facet normal -5.302578e-01  4.679553e-01  7.069969e-01
   outer loop
     vertex  2.221529e+00 -1.864084e+00  9.800000e+00
     vertex  2.272461e+00 -2.108535e+00  1.000000e+01
     vertex  2.374738e+00 -1.992642e+00  1.000000e+01
   endloop
 endfacet
 facet normal -5.529243e-01  4.409424e-01  7.069969e-01
   outer loop
     vertex  2.221529e+00 -1.864084e+00  9.800000e+00
     vertex  2.374738e+00 -1.992642e+00  1.000000e+01
     vertex  2.471111e+00 -1.871794e+00  1.000000e+01
   endloop
 endfacet
 facet normal -5.136957e-01  4.766399e-01  7.133941e-01
   outer loop
     vertex  2.221529e+00 -1.864084e+00  9.800000e+00
     vertex  2.024887e+00 -2.076014e+00  9.800000e+00
     vertex  2.272461e+00 -2.108535e+00  1.000000e+01
   endloop
 endfacet
 facet normal -4.681734e-01  5.305050e-01  7.066669e-01
   outer loop
     vertex  1.885239e+00 -1.932840e+00  9.600000e+00
     vertex  1.808120e+00 -2.267311e+00  9.800000e+00
     vertex  2.024887e+00 -2.076014e+00  9.800000e+00
   endloop
 endfacet
 facet normal -4.681734e-01  5.305050e-01  7.066669e-01
   outer loop
     vertex  1.885239e+00 -1.932840e+00  9.600000e+00
     vertex  1.683422e+00 -2.110945e+00  9.600000e+00
     vertex  1.808120e+00 -2.267311e+00  9.800000e+00
   endloop
 endfacet
 facet normal -5.186682e-01  4.812538e-01  7.066669e-01
   outer loop
     vertex  1.885239e+00 -1.932840e+00  9.600000e+00
     vertex  2.024887e+00 -2.076014e+00  9.800000e+00
     vertex  2.221529e+00 -1.864084e+00  9.800000e+00
   endloop
 endfacet
 facet normal -4.718248e-01  5.346425e-01  7.010983e-01
   outer loop
     vertex  1.885239e+00 -1.932840e+00  9.600000e+00
     vertex  1.654215e+00 -1.874453e+00  9.400000e+00
     vertex  1.683422e+00 -2.110945e+00  9.600000e+00
   endloop
 endfacet
 facet normal -4.810295e-01  5.184265e-01  7.069969e-01
   outer loop
     vertex  1.885239e+00 -1.932840e+00  9.600000e+00
     vertex  1.745592e+00 -1.789667e+00  9.400000e+00
     vertex  1.654215e+00 -1.874453e+00  9.400000e+00
   endloop
 endfacet
 facet normal -5.062730e-01  4.938047e-01  7.069969e-01
   outer loop
     vertex  1.885239e+00 -1.932840e+00  9.600000e+00
     vertex  1.832630e+00 -1.700432e+00  9.400000e+00
     vertex  1.745592e+00 -1.789667e+00  9.400000e+00
   endloop
 endfacet
 facet normal -5.586010e-01  4.231238e-01  7.133941e-01
   outer loop
     vertex  2.396092e+00 -1.633628e+00  9.800000e+00
     vertex  2.221529e+00 -1.864084e+00  9.800000e+00
     vertex  2.471111e+00 -1.871794e+00  1.000000e+01
   endloop
 endfacet
 facet normal -5.742161e-01  4.128333e-01  7.069969e-01
   outer loop
     vertex  2.396092e+00 -1.633628e+00  9.800000e+00
     vertex  2.471111e+00 -1.871794e+00  1.000000e+01
     vertex  2.561340e+00 -1.746292e+00  1.000000e+01
   endloop
 endfacet
 facet normal -5.940803e-01  3.836978e-01  7.069969e-01
   outer loop
     vertex  2.396092e+00 -1.633628e+00  9.800000e+00
     vertex  2.561340e+00 -1.746292e+00  1.000000e+01
     vertex  2.645202e+00 -1.616449e+00  1.000000e+01
   endloop
 endfacet
 facet normal -5.186682e-01  4.812538e-01  7.066669e-01
   outer loop
     vertex  2.068320e+00 -1.735527e+00  9.600000e+00
     vertex  1.885239e+00 -1.932840e+00  9.600000e+00
     vertex  2.221529e+00 -1.864084e+00  9.800000e+00
   endloop
 endfacet
 facet normal -5.227134e-01  4.850071e-01  7.010983e-01
   outer loop
     vertex  2.068320e+00 -1.735527e+00  9.600000e+00
     vertex  1.832630e+00 -1.700432e+00  9.400000e+00
     vertex  1.885239e+00 -1.932840e+00  9.600000e+00
   endloop
 endfacet
 facet normal -5.302578e-01  4.679553e-01  7.069969e-01
   outer loop
     vertex  2.068320e+00 -1.735527e+00  9.600000e+00
     vertex  1.915111e+00 -1.606969e+00  9.400000e+00
     vertex  1.832630e+00 -1.700432e+00  9.400000e+00
   endloop
 endfacet
 facet normal -5.529243e-01  4.409424e-01  7.069969e-01
   outer loop
     vertex  2.068320e+00 -1.735527e+00  9.600000e+00
     vertex  1.992831e+00 -1.509511e+00  9.400000e+00
     vertex  1.915111e+00 -1.606969e+00  9.400000e+00
   endloop
 endfacet
 facet normal -5.979547e-01  3.654025e-01  7.133941e-01
   outer loop
     vertex  2.546843e+00 -1.386937e+00  9.800000e+00
     vertex  2.396092e+00 -1.633628e+00  9.800000e+00
     vertex  2.645202e+00 -1.616449e+00  1.000000e+01
   endloop
 endfacet
 facet normal -6.124676e-01  3.536083e-01  7.069969e-01
   outer loop
     vertex  2.546843e+00 -1.386937e+00  9.800000e+00
     vertex  2.645202e+00 -1.616449e+00  1.000000e+01
     vertex  2.722487e+00 -1.482587e+00  1.000000e+01
   endloop
 endfacet
 facet normal -6.293322e-01  3.226398e-01  7.069969e-01
   outer loop
     vertex  2.546843e+00 -1.386937e+00  9.800000e+00
     vertex  2.722487e+00 -1.482587e+00  1.000000e+01
     vertex  2.793003e+00 -1.345040e+00  1.000000e+01
   endloop
 endfacet
 facet normal -6.037429e-01  3.689396e-01  7.066669e-01
   outer loop
     vertex  2.230845e+00 -1.520964e+00  9.600000e+00
     vertex  2.396092e+00 -1.633628e+00  9.800000e+00
     vertex  2.546843e+00 -1.386937e+00  9.800000e+00
   endloop
 endfacet
 facet normal -5.640082e-01  4.272196e-01  7.066669e-01
   outer loop
     vertex  2.230845e+00 -1.520964e+00  9.600000e+00
     vertex  2.221529e+00 -1.864084e+00  9.800000e+00
     vertex  2.396092e+00 -1.633628e+00  9.800000e+00
   endloop
 endfacet
 facet normal -5.640082e-01  4.272196e-01  7.066669e-01
   outer loop
     vertex  2.230845e+00 -1.520964e+00  9.600000e+00
     vertex  2.068320e+00 -1.735527e+00  9.600000e+00
     vertex  2.221529e+00 -1.864084e+00  9.800000e+00
   endloop
 endfacet
 facet normal -5.684070e-01  4.305516e-01  7.010983e-01
   outer loop
     vertex  2.230845e+00 -1.520964e+00  9.600000e+00
     vertex  1.992831e+00 -1.509511e+00  9.400000e+00
     vertex  2.068320e+00 -1.735527e+00  9.600000e+00
   endloop
 endfacet
 facet normal -5.742161e-01  4.128333e-01  7.069969e-01
   outer loop
     vertex  2.230845e+00 -1.520964e+00  9.600000e+00
     vertex  2.065597e+00 -1.408300e+00  9.400000e+00
     vertex  1.992831e+00 -1.509511e+00  9.400000e+00
   endloop
 endfacet
 facet normal -5.940803e-01  3.836978e-01  7.069969e-01
   outer loop
     vertex  2.230845e+00 -1.520964e+00  9.600000e+00
     vertex  2.133227e+00 -1.303588e+00  9.400000e+00
     vertex  2.065597e+00 -1.408300e+00  9.400000e+00
   endloop
 endfacet
 facet normal -6.446321e-01  2.908691e-01  7.069969e-01
   outer loop
     vertex  2.672281e+00 -1.126461e+00  9.800000e+00
     vertex  2.793003e+00 -1.345040e+00  1.000000e+01
     vertex  2.856576e+00 -1.204148e+00  1.000000e+01
   endloop
 endfacet
 facet normal -6.583294e-01  2.583753e-01  7.069969e-01
   outer loop
     vertex  2.672281e+00 -1.126461e+00  9.800000e+00
     vertex  2.856576e+00 -1.204148e+00  1.000000e+01
     vertex  2.913047e+00 -1.060262e+00  1.000000e+01
   endloop
 endfacet
 facet normal -6.313657e-01  3.040497e-01  7.133941e-01
   outer loop
     vertex  2.672281e+00 -1.126461e+00  9.800000e+00
     vertex  2.546843e+00 -1.386937e+00  9.800000e+00
     vertex  2.793003e+00 -1.345040e+00  1.000000e+01
   endloop
 endfacet
 facet normal -6.037429e-01  3.689396e-01  7.066669e-01
   outer loop
     vertex  2.371198e+00 -1.291286e+00  9.600000e+00
     vertex  2.230845e+00 -1.520964e+00  9.600000e+00
     vertex  2.546843e+00 -1.386937e+00  9.800000e+00
   endloop
 endfacet
 facet normal -6.124676e-01  3.536083e-01  7.069969e-01
   outer loop
     vertex  2.371198e+00 -1.291286e+00  9.600000e+00
     vertex  2.195554e+00 -1.195635e+00  9.400000e+00
     vertex  2.133227e+00 -1.303588e+00  9.400000e+00
   endloop
 endfacet
 facet normal -6.293322e-01  3.226398e-01  7.069969e-01
   outer loop
     vertex  2.371198e+00 -1.291286e+00  9.600000e+00
     vertex  2.252422e+00 -1.084709e+00  9.400000e+00
     vertex  2.195554e+00 -1.195635e+00  9.400000e+00
   endloop
 endfacet
 facet normal -6.084516e-01  3.718170e-01  7.010983e-01
   outer loop
     vertex  2.371198e+00 -1.291286e+00  9.600000e+00
     vertex  2.133227e+00 -1.303588e+00  9.400000e+00
     vertex  2.230845e+00 -1.520964e+00  9.600000e+00
   endloop
 endfacet
 facet normal -6.703900e-01  2.252391e-01  7.069969e-01
   outer loop
     vertex  2.771161e+00 -8.547900e-01  9.800000e+00
     vertex  2.913047e+00 -1.060262e+00  1.000000e+01
     vertex  2.962276e+00 -9.137410e-01  1.000000e+01
   endloop
 endfacet
 facet normal -6.807839e-01  1.915429e-01  7.069969e-01
   outer loop
     vertex  2.771161e+00 -8.547900e-01  9.800000e+00
     vertex  2.962276e+00 -9.137410e-01  1.000000e+01
     vertex  3.004140e+00 -7.649479e-01  1.000000e+01
   endloop
 endfacet
 facet normal -6.585019e-01  2.396751e-01  7.133941e-01
   outer loop
     vertex  2.771161e+00 -8.547900e-01  9.800000e+00
     vertex  2.672281e+00 -1.126461e+00  9.800000e+00
     vertex  2.913047e+00 -1.060262e+00  1.000000e+01
   endloop
 endfacet
 facet normal -6.374773e-01  3.069929e-01  7.066669e-01
   outer loop
     vertex  2.487986e+00 -1.048774e+00  9.600000e+00
     vertex  2.371198e+00 -1.291286e+00  9.600000e+00
     vertex  2.546843e+00 -1.386937e+00  9.800000e+00
   endloop
 endfacet
 facet normal -6.446321e-01  2.908691e-01  7.069969e-01
   outer loop
     vertex  2.487986e+00 -1.048774e+00  9.600000e+00
     vertex  2.303691e+00 -9.710870e-01  9.400000e+00
     vertex  2.252422e+00 -1.084709e+00  9.400000e+00
   endloop
 endfacet
 facet normal -6.583294e-01  2.583753e-01  7.069969e-01
   outer loop
     vertex  2.487986e+00 -1.048774e+00  9.600000e+00
     vertex  2.349232e+00 -8.550504e-01  9.400000e+00
     vertex  2.303691e+00 -9.710870e-01  9.400000e+00
   endloop
 endfacet
 facet normal -6.374773e-01  3.069929e-01  7.066669e-01
   outer loop
     vertex  2.487986e+00 -1.048774e+00  9.600000e+00
     vertex  2.546843e+00 -1.386937e+00  9.800000e+00
     vertex  2.672281e+00 -1.126461e+00  9.800000e+00
   endloop
 endfacet
 facet normal -6.424490e-01  3.093872e-01  7.010983e-01
   outer loop
     vertex  2.487986e+00 -1.048774e+00  9.600000e+00
     vertex  2.252422e+00 -1.084709e+00  9.400000e+00
     vertex  2.371198e+00 -1.291286e+00  9.600000e+00
   endloop
 endfacet
 facet normal -6.894853e-01  1.573705e-01  7.069969e-01
   outer loop
     vertex  2.842500e+00 -5.746238e-01  9.800000e+00
     vertex  3.004140e+00 -7.649479e-01  1.000000e+01
     vertex  3.038535e+00 -6.142530e-01  1.000000e+01
   endloop
 endfacet
 facet normal -6.964725e-01  1.228069e-01  7.069969e-01
   outer loop
     vertex  2.842500e+00 -5.746238e-01  9.800000e+00
     vertex  3.038535e+00 -6.142530e-01  1.000000e+01
     vertex  3.065376e+00 -4.620310e-01  1.000000e+01
   endloop
 endfacet
 facet normal -6.790936e-01  1.729185e-01  7.133941e-01
   outer loop
     vertex  2.842500e+00 -5.746238e-01  9.800000e+00
     vertex  2.771161e+00 -8.547900e-01  9.800000e+00
     vertex  3.004140e+00 -7.649479e-01  1.000000e+01
   endloop
 endfacet
 facet normal -6.648761e-01  2.419951e-01  7.066669e-01
   outer loop
     vertex  2.580047e+00 -7.958390e-01  9.600000e+00
     vertex  2.672281e+00 -1.126461e+00  9.800000e+00
     vertex  2.771161e+00 -8.547900e-01  9.800000e+00
   endloop
 endfacet
 facet normal -6.703900e-01  2.252391e-01  7.069969e-01
   outer loop
     vertex  2.580047e+00 -7.958390e-01  9.600000e+00
     vertex  2.388932e+00 -7.368879e-01  9.400000e+00
     vertex  2.349232e+00 -8.550504e-01  9.400000e+00
   endloop
 endfacet
 facet normal -6.807839e-01  1.915429e-01  7.069969e-01
   outer loop
     vertex  2.580047e+00 -7.958390e-01  9.600000e+00
     vertex  2.422693e+00 -6.168935e-01  9.400000e+00
     vertex  2.388932e+00 -7.368879e-01  9.400000e+00
   endloop
 endfacet
 facet normal -6.648761e-01  2.419951e-01  7.066669e-01
   outer loop
     vertex  2.580047e+00 -7.958390e-01  9.600000e+00
     vertex  2.487986e+00 -1.048774e+00  9.600000e+00
     vertex  2.672281e+00 -1.126461e+00  9.800000e+00
   endloop
 endfacet
 facet normal -6.700616e-01  2.438825e-01  7.010983e-01
   outer loop
     vertex  2.580047e+00 -7.958390e-01  9.600000e+00
     vertex  2.349232e+00 -8.550504e-01  9.400000e+00
     vertex  2.487986e+00 -1.048774e+00  9.600000e+00
   endloop
 endfacet
 facet normal -7.017281e-01  8.793794e-02  7.069969e-01
   outer loop
     vertex  2.885589e+00 -2.887468e-01  9.800000e+00
     vertex  3.065376e+00 -4.620310e-01  1.000000e+01
     vertex  3.084595e+00 -3.086603e-01  1.000000e+01
   endloop
 endfacet
 facet normal -7.052392e-01  5.285037e-02  7.069969e-01
   outer loop
     vertex  2.885589e+00 -2.887468e-01  9.800000e+00
     vertex  3.084595e+00 -3.086603e-01  1.000000e+01
     vertex  3.096146e+00 -1.545222e-01  1.000000e+01
   endloop
 endfacet
 facet normal -6.929361e-01  1.044433e-01  7.133941e-01
   outer loop
     vertex  2.885589e+00 -2.887468e-01  9.800000e+00
     vertex  2.842500e+00 -5.746238e-01  9.800000e+00
     vertex  3.065376e+00 -4.620310e-01  1.000000e+01
   endloop
 endfacet
 facet normal -6.998920e-01  3.493016e-02  7.133941e-01
   outer loop
     vertex  2.885589e+00 -2.887468e-01  9.800000e+00
     vertex  3.096146e+00 -1.545222e-01  1.000000e+01
     vertex  2.900000e+00  0.000000e+00  9.800000e+00
   endloop
 endfacet
 facet normal -6.856672e-01  1.745923e-01  7.066669e-01
   outer loop
     vertex  2.646466e+00 -5.349946e-01  9.600000e+00
     vertex  2.580047e+00 -7.958390e-01  9.600000e+00
     vertex  2.771161e+00 -8.547900e-01  9.800000e+00
   endloop
 endfacet
 facet normal -6.856672e-01  1.745923e-01  7.066669e-01
   outer loop
     vertex  2.646466e+00 -5.349946e-01  9.600000e+00
     vertex  2.771161e+00 -8.547900e-01  9.800000e+00
     vertex  2.842500e+00 -5.746238e-01  9.800000e+00
   endloop
 endfacet
 facet normal -6.894853e-01  1.573705e-01  7.069969e-01
   outer loop
     vertex  2.646466e+00 -5.349946e-01  9.600000e+00
     vertex  2.450431e+00 -4.953654e-01  9.400000e+00
     vertex  2.422693e+00 -6.168935e-01  9.400000e+00
   endloop
 endfacet
 facet normal -6.964725e-01  1.228069e-01  7.069969e-01
   outer loop
     vertex  2.646466e+00 -5.349946e-01  9.600000e+00
     vertex  2.472077e+00 -3.726057e-01  9.400000e+00
     vertex  2.450431e+00 -4.953654e-01  9.400000e+00
   endloop
 endfacet
 facet normal -6.910147e-01  1.759540e-01  7.010983e-01
   outer loop
     vertex  2.646466e+00 -5.349946e-01  9.600000e+00
     vertex  2.422693e+00 -6.168935e-01  9.400000e+00
     vertex  2.580047e+00 -7.958390e-01  9.600000e+00
   endloop
 endfacet
 facet normal -6.996437e-01  1.054543e-01  7.066669e-01
   outer loop
     vertex  2.646466e+00 -5.349946e-01  9.600000e+00
     vertex  2.842500e+00 -5.746238e-01  9.800000e+00
     vertex  2.885589e+00 -2.887468e-01  9.800000e+00
   endloop
 endfacet
 facet normal -7.066669e-01  3.526828e-02  7.066669e-01
   outer loop
     vertex  2.686583e+00 -2.688332e-01  9.600000e+00
     vertex  2.900000e+00  0.000000e+00  9.800000e+00
     vertex  2.700000e+00  0.000000e+00  9.600000e+00
   endloop
 endfacet
 facet normal -7.066669e-01  3.526828e-02  7.066669e-01
   outer loop
     vertex  2.686583e+00 -2.688332e-01  9.600000e+00
     vertex  2.885589e+00 -2.887468e-01  9.800000e+00
     vertex  2.900000e+00  0.000000e+00  9.800000e+00
   endloop
 endfacet
 facet normal -7.017281e-01  8.793794e-02  7.069969e-01
   outer loop
     vertex  2.686583e+00 -2.688332e-01  9.600000e+00
     vertex  2.487577e+00 -2.489196e-01  9.400000e+00
     vertex  2.472077e+00 -3.726057e-01  9.400000e+00
   endloop
 endfacet
 facet normal -7.052392e-01  5.285037e-02  7.069969e-01
   outer loop
     vertex  2.686583e+00 -2.688332e-01  9.600000e+00
     vertex  2.496892e+00 -1.246147e-01  9.400000e+00
     vertex  2.487577e+00 -2.489196e-01  9.400000e+00
   endloop
 endfacet
 facet normal -6.996437e-01  1.054543e-01  7.066669e-01
   outer loop
     vertex  2.686583e+00 -2.688332e-01  9.600000e+00
     vertex  2.646466e+00 -5.349946e-01  9.600000e+00
     vertex  2.885589e+00 -2.887468e-01  9.800000e+00
   endloop
 endfacet
 facet normal -7.121782e-01  3.554334e-02  7.010983e-01
   outer loop
     vertex  2.686583e+00 -2.688332e-01  9.600000e+00
     vertex  2.700000e+00  0.000000e+00  9.600000e+00
     vertex  2.496892e+00 -1.246147e-01  9.400000e+00
   endloop
 endfacet
 facet normal -7.051003e-01  1.062768e-01  7.010983e-01
   outer loop
     vertex  2.686583e+00 -2.688332e-01  9.600000e+00
     vertex  2.472077e+00 -3.726057e-01  9.400000e+00
     vertex  2.646466e+00 -5.349946e-01  9.600000e+00
   endloop
 endfacet
 facet normal -9.996892e-01 -2.493069e-02  1.103516e-20
   outer loop
     vertex  2.496892e+00  1.246147e-01  6.000000e-01
     vertex  2.500000e+00  0.000000e+00  6.000000e-01
     vertex  2.500000e+00  0.000000e+00  9.400000e+00
   endloop
 endfacet
 facet normal -9.996892e-01 -2.493069e-02  0.000000e+00
   outer loop
     vertex  2.496892e+00  1.246147e-01  6.000000e-01
     vertex  2.500000e+00  0.000000e+00  9.400000e+00
     vertex  2.496892e+00  1.246147e-01  9.400000e+00
   endloop
 endfacet
 facet normal -9.972038e-01 -7.473009e-02  0.000000e+00
   outer loop
     vertex  2.487577e+00  2.489196e-01  6.000000e-01
     vertex  2.496892e+00  1.246147e-01  9.400000e+00
     vertex  2.487577e+00  2.489196e-01  9.400000e+00
   endloop
 endfacet
 facet normal -9.922392e-01 -1.243437e-01  0.000000e+00
   outer loop
     vertex  2.487577e+00  2.489196e-01  6.000000e-01
     vertex  2.487577e+00  2.489196e-01  9.400000e+00
     vertex  2.472077e+00  3.726057e-01  9.400000e+00
   endloop
 endfacet
 facet normal -9.972038e-01 -7.473009e-02  4.733503e-21
   outer loop
     vertex  2.487577e+00  2.489196e-01  6.000000e-01
     vertex  2.496892e+00  1.246147e-01  6.000000e-01
     vertex  2.496892e+00  1.246147e-01  9.400000e+00
   endloop
 endfacet
 facet normal -9.922392e-01 -1.243437e-01  0.000000e+00
   outer loop
     vertex  2.472077e+00  3.726057e-01  6.000000e-01
     vertex  2.487577e+00  2.489196e-01  6.000000e-01
     vertex  2.472077e+00  3.726057e-01  9.400000e+00
   endloop
 endfacet
 facet normal -9.848078e-01 -1.736482e-01  0.000000e+00
   outer loop
     vertex  2.450431e+00  4.953654e-01  6.000000e-01
     vertex  2.472077e+00  3.726057e-01  9.400000e+00
     vertex  2.450431e+00  4.953654e-01  9.400000e+00
   endloop
 endfacet
 facet normal -9.848078e-01 -1.736482e-01 -8.754047e-20
   outer loop
     vertex  2.450431e+00  4.953654e-01  6.000000e-01
     vertex  2.472077e+00  3.726057e-01  6.000000e-01
     vertex  2.472077e+00  3.726057e-01  9.400000e+00
   endloop
 endfacet
 facet normal -9.749279e-01 -2.225209e-01  0.000000e+00
   outer loop
     vertex  2.422693e+00  6.168935e-01  6.000000e-01
     vertex  2.450431e+00  4.953654e-01  9.400000e+00
     vertex  2.422693e+00  6.168935e-01  9.400000e+00
   endloop
 endfacet
 facet normal -9.626242e-01 -2.708405e-01  0.000000e+00
   outer loop
     vertex  2.422693e+00  6.168935e-01  6.000000e-01
     vertex  2.422693e+00  6.168935e-01  9.400000e+00
     vertex  2.388932e+00  7.368879e-01  9.400000e+00
   endloop
 endfacet
 facet normal -9.749279e-01 -2.225209e-01 -7.414354e-21
   outer loop
     vertex  2.422693e+00  6.168935e-01  6.000000e-01
     vertex  2.450431e+00  4.953654e-01  6.000000e-01
     vertex  2.450431e+00  4.953654e-01  9.400000e+00
   endloop
 endfacet
 facet normal -9.626242e-01 -2.708405e-01  0.000000e+00
   outer loop
     vertex  2.388932e+00  7.368879e-01  6.000000e-01
     vertex  2.422693e+00  6.168935e-01  6.000000e-01
     vertex  2.388932e+00  7.368879e-01  9.400000e+00
   endloop
 endfacet
 facet normal -9.479273e-01 -3.184867e-01  0.000000e+00
   outer loop
     vertex  2.349232e+00  8.550504e-01  6.000000e-01
     vertex  2.388932e+00  7.368879e-01  9.400000e+00
     vertex  2.349232e+00  8.550504e-01  9.400000e+00
   endloop
 endfacet
 facet normal -9.479273e-01 -3.184867e-01  1.410218e-19
   outer loop
     vertex  2.349232e+00  8.550504e-01  6.000000e-01
     vertex  2.388932e+00  7.368879e-01  6.000000e-01
     vertex  2.388932e+00  7.368879e-01  9.400000e+00
   endloop
 endfacet
 facet normal -9.308737e-01 -3.653410e-01  0.000000e+00
   outer loop
     vertex  2.303691e+00  9.710870e-01  6.000000e-01
     vertex  2.349232e+00  8.550504e-01  9.400000e+00
     vertex  2.303691e+00  9.710870e-01  9.400000e+00
   endloop
 endfacet
 facet normal -9.308737e-01 -3.653410e-01  1.626251e-19
   outer loop
     vertex  2.303691e+00  9.710870e-01  6.000000e-01
     vertex  2.349232e+00  8.550504e-01  6.000000e-01
     vertex  2.349232e+00  8.550504e-01  9.400000e+00
   endloop
 endfacet
 facet normal -9.115059e-01 -4.112871e-01  0.000000e+00
   outer loop
     vertex  2.252422e+00  1.084709e+00  6.000000e-01
     vertex  2.303691e+00  9.710870e-01  9.400000e+00
     vertex  2.252422e+00  1.084709e+00  9.400000e+00
   endloop
 endfacet
 facet normal -9.115059e-01 -4.112871e-01 -3.624993e-19
   outer loop
     vertex  2.252422e+00  1.084709e+00  6.000000e-01
     vertex  2.303691e+00  9.710870e-01  6.000000e-01
     vertex  2.303691e+00  9.710870e-01  9.400000e+00
   endloop
 endfacet
 facet normal -8.898718e-01 -4.562107e-01  0.000000e+00
   outer loop
     vertex  2.195554e+00  1.195635e+00  6.000000e-01
     vertex  2.252422e+00  1.084709e+00  9.400000e+00
     vertex  2.195554e+00  1.195635e+00  9.400000e+00
   endloop
 endfacet
 facet normal -8.898718e-01 -4.562107e-01 -2.433757e-19
   outer loop
     vertex  2.195554e+00  1.195635e+00  6.000000e-01
     vertex  2.252422e+00  1.084709e+00  6.000000e-01
     vertex  2.252422e+00  1.084709e+00  9.400000e+00
   endloop
 endfacet
 facet normal -8.660254e-01 -5.000000e-01  1.519526e-19
   outer loop
     vertex  2.133227e+00  1.303588e+00  6.000000e-01
     vertex  2.195554e+00  1.195635e+00  6.000000e-01
     vertex  2.195554e+00  1.195635e+00  9.400000e+00
   endloop
 endfacet
 facet normal -8.660254e-01 -5.000000e-01  0.000000e+00
   outer loop
     vertex  2.133227e+00  1.303588e+00  6.000000e-01
     vertex  2.195554e+00  1.195635e+00  9.400000e+00
     vertex  2.133227e+00  1.303588e+00  9.400000e+00
   endloop
 endfacet
 facet normal -8.400259e-01 -5.425463e-01  1.538048e-19
   outer loop
     vertex  2.065597e+00  1.408300e+00  6.000000e-01
     vertex  2.133227e+00  1.303588e+00  6.000000e-01
     vertex  2.133227e+00  1.303588e+00  9.400000e+00
   endloop
 endfacet
 facet normal -8.400259e-01 -5.425463e-01  0.000000e+00
   outer loop
     vertex  2.065597e+00  1.408300e+00  6.000000e-01
     vertex  2.133227e+00  1.303588e+00  9.400000e+00
     vertex  2.065597e+00  1.408300e+00  9.400000e+00
   endloop
 endfacet
 facet normal -8.119380e-01 -5.837437e-01  0.000000e+00
   outer loop
     vertex  2.065597e+00  1.408300e+00  6.000000e-01
     vertex  2.065597e+00  1.408300e+00  9.400000e+00
     vertex  1.992831e+00  1.509511e+00  9.400000e+00
   endloop
 endfacet
 facet normal -8.119380e-01 -5.837437e-01  0.000000e+00
   outer loop
     vertex  1.992831e+00  1.509511e+00  6.000000e-01
     vertex  2.065597e+00  1.408300e+00  6.000000e-01
     vertex  1.992831e+00  1.509511e+00  9.400000e+00
   endloop
 endfacet
 facet normal -7.818315e-01 -6.234898e-01 -2.513698e-19
   outer loop
     vertex  1.915111e+00  1.606969e+00  6.000000e-01
     vertex  1.992831e+00  1.509511e+00  6.000000e-01
     vertex  1.992831e+00  1.509511e+00  9.400000e+00
   endloop
 endfacet
 facet normal -7.818315e-01 -6.234898e-01  0.000000e+00
   outer loop
     vertex  1.915111e+00  1.606969e+00  6.000000e-01
     vertex  1.992831e+00  1.509511e+00  9.400000e+00
     vertex  1.915111e+00  1.606969e+00  9.400000e+00
   endloop
 endfacet
 facet normal -7.497812e-01 -6.616858e-01  0.000000e+00
   outer loop
     vertex  1.915111e+00  1.606969e+00  6.000000e-01
     vertex  1.915111e+00  1.606969e+00  9.400000e+00
     vertex  1.832630e+00  1.700432e+00  9.400000e+00
   endloop
 endfacet
 facet normal -7.497812e-01 -6.616858e-01  0.000000e+00
   outer loop
     vertex  1.832630e+00  1.700432e+00  6.000000e-01
     vertex  1.915111e+00  1.606969e+00  6.000000e-01
     vertex  1.832630e+00  1.700432e+00  9.400000e+00
   endloop
 endfacet
 facet normal -7.158668e-01 -6.982368e-01 -3.603706e-20
   outer loop
     vertex  1.745592e+00  1.789667e+00  6.000000e-01
     vertex  1.832630e+00  1.700432e+00  6.000000e-01
     vertex  1.832630e+00  1.700432e+00  9.400000e+00
   endloop
 endfacet
 facet normal -7.158668e-01 -6.982368e-01  0.000000e+00
   outer loop
     vertex  1.745592e+00  1.789667e+00  6.000000e-01
     vertex  1.832630e+00  1.700432e+00  9.400000e+00
     vertex  1.745592e+00  1.789667e+00  9.400000e+00
   endloop
 endfacet
 facet normal -6.801727e-01 -7.330519e-01  0.000000e+00
   outer loop
     vertex  1.745592e+00  1.789667e+00  6.000000e-01
     vertex  1.745592e+00  1.789667e+00  9.400000e+00
     vertex  1.654215e+00  1.874453e+00  9.400000e+00
   endloop
 endfacet
 facet normal -6.801727e-01 -7.330519e-01  0.000000e+00
   outer loop
     vertex  1.654215e+00  1.874453e+00  6.000000e-01
     vertex  1.745592e+00  1.789667e+00  6.000000e-01
     vertex  1.654215e+00  1.874453e+00  9.400000e+00
   endloop
 endfacet
 facet normal -6.427876e-01 -7.660444e-01  0.000000e+00
   outer loop
     vertex  1.558725e+00  1.954579e+00  6.000000e-01
     vertex  1.654215e+00  1.874453e+00  9.400000e+00
     vertex  1.558725e+00  1.954579e+00  9.400000e+00
   endloop
 endfacet
 facet normal -6.038044e-01 -7.971325e-01  0.000000e+00
   outer loop
     vertex  1.558725e+00  1.954579e+00  6.000000e-01
     vertex  1.558725e+00  1.954579e+00  9.400000e+00
     vertex  1.459359e+00  2.029845e+00  9.400000e+00
   endloop
 endfacet
 facet normal -6.427876e-01 -7.660444e-01 -2.022323e-19
   outer loop
     vertex  1.558725e+00  1.954579e+00  6.000000e-01
     vertex  1.654215e+00  1.874453e+00  6.000000e-01
     vertex  1.654215e+00  1.874453e+00  9.400000e+00
   endloop
 endfacet
 facet normal -6.038044e-01 -7.971325e-01  0.000000e+00
   outer loop
     vertex  1.459359e+00  2.029845e+00  6.000000e-01
     vertex  1.558725e+00  1.954579e+00  6.000000e-01
     vertex  1.459359e+00  2.029845e+00  9.400000e+00
   endloop
 endfacet
 facet normal -5.633201e-01 -8.262388e-01  0.000000e+00
   outer loop
     vertex  1.356366e+00  2.100065e+00  6.000000e-01
     vertex  1.459359e+00  2.029845e+00  9.400000e+00
     vertex  1.356366e+00  2.100065e+00  9.400000e+00
   endloop
 endfacet
 facet normal -5.633201e-01 -8.262388e-01  2.862872e-19
   outer loop
     vertex  1.356366e+00  2.100065e+00  6.000000e-01
     vertex  1.459359e+00  2.029845e+00  6.000000e-01
     vertex  1.459359e+00  2.029845e+00  9.400000e+00
   endloop
 endfacet
 facet normal -5.214352e-01 -8.532909e-01  0.000000e+00
   outer loop
     vertex  1.250000e+00  2.165064e+00  6.000000e-01
     vertex  1.356366e+00  2.100065e+00  9.400000e+00
     vertex  1.250000e+00  2.165064e+00  9.400000e+00
   endloop
 endfacet
 facet normal -5.214352e-01 -8.532909e-01  2.926835e-19
   outer loop
     vertex  1.250000e+00  2.165064e+00  6.000000e-01
     vertex  1.356366e+00  2.100065e+00  6.000000e-01
     vertex  1.356366e+00  2.100065e+00  9.400000e+00
   endloop
 endfacet
 facet normal -4.782540e-01 -8.782216e-01  0.000000e+00
   outer loop
     vertex  1.140527e+00  2.224680e+00  6.000000e-01
     vertex  1.250000e+00  2.165064e+00  9.400000e+00
     vertex  1.140527e+00  2.224680e+00  9.400000e+00
   endloop
 endfacet
 facet normal -4.782540e-01 -8.782216e-01  3.448061e-19
   outer loop
     vertex  1.140527e+00  2.224680e+00  6.000000e-01
     vertex  1.250000e+00  2.165064e+00  6.000000e-01
     vertex  1.250000e+00  2.165064e+00  9.400000e+00
   endloop
 endfacet
 facet normal -4.338837e-01 -9.009689e-01  0.000000e+00
   outer loop
     vertex  1.028218e+00  2.278765e+00  6.000000e-01
     vertex  1.140527e+00  2.224680e+00  9.400000e+00
     vertex  1.028218e+00  2.278765e+00  9.400000e+00
   endloop
 endfacet
 facet normal -4.338837e-01 -9.009689e-01 -1.413609e-19
   outer loop
     vertex  1.028218e+00  2.278765e+00  6.000000e-01
     vertex  1.140527e+00  2.224680e+00  6.000000e-01
     vertex  1.140527e+00  2.224680e+00  9.400000e+00
   endloop
 endfacet
 facet normal -3.884348e-01 -9.214762e-01  0.000000e+00
   outer loop
     vertex  9.133526e-01  2.327184e+00  6.000000e-01
     vertex  1.028218e+00  2.278765e+00  9.400000e+00
     vertex  9.133526e-01  2.327184e+00  9.400000e+00
   endloop
 endfacet
 facet normal -3.884348e-01 -9.214762e-01  2.077405e-19
   outer loop
     vertex  9.133526e-01  2.327184e+00  6.000000e-01
     vertex  1.028218e+00  2.278765e+00  6.000000e-01
     vertex  1.028218e+00  2.278765e+00  9.400000e+00
   endloop
 endfacet
 facet normal -3.420201e-01 -9.396926e-01  0.000000e+00
   outer loop
     vertex  7.962166e-01  2.369818e+00  6.000000e-01
     vertex  9.133526e-01  2.327184e+00  9.400000e+00
     vertex  7.962166e-01  2.369818e+00  9.400000e+00
   endloop
 endfacet
 facet normal -2.947552e-01 -9.555728e-01  0.000000e+00
   outer loop
     vertex  7.962166e-01  2.369818e+00  6.000000e-01
     vertex  7.962166e-01  2.369818e+00  9.400000e+00
     vertex  6.771012e-01  2.406561e+00  9.400000e+00
   endloop
 endfacet
 facet normal -3.420201e-01 -9.396926e-01 -2.585214e-19
   outer loop
     vertex  7.962166e-01  2.369818e+00  6.000000e-01
     vertex  9.133526e-01  2.327184e+00  6.000000e-01
     vertex  9.133526e-01  2.327184e+00  9.400000e+00
   endloop
 endfacet
 facet normal -2.947552e-01 -9.555728e-01  0.000000e+00
   outer loop
     vertex  6.771012e-01  2.406561e+00  6.000000e-01
     vertex  7.962166e-01  2.369818e+00  6.000000e-01
     vertex  6.771012e-01  2.406561e+00  9.400000e+00
   endloop
 endfacet
 facet normal -2.467574e-01 -9.690773e-01  0.000000e+00
   outer loop
     vertex  5.563023e-01  2.437320e+00  6.000000e-01
     vertex  6.771012e-01  2.406561e+00  9.400000e+00
     vertex  5.563023e-01  2.437320e+00  9.400000e+00
   endloop
 endfacet
 facet normal -2.467574e-01 -9.690773e-01 -1.072188e-19
   outer loop
     vertex  5.563023e-01  2.437320e+00  6.000000e-01
     vertex  6.771012e-01  2.406561e+00  6.000000e-01
     vertex  6.771012e-01  2.406561e+00  9.400000e+00
   endloop
 endfacet
 facet normal -1.981461e-01 -9.801725e-01  0.000000e+00
   outer loop
     vertex  4.341204e-01  2.462019e+00  6.000000e-01
     vertex  5.563023e-01  2.437320e+00  9.400000e+00
     vertex  4.341204e-01  2.462019e+00  9.400000e+00
   endloop
 endfacet
 facet normal -1.981461e-01 -9.801725e-01  1.604218e-19
   outer loop
     vertex  4.341204e-01  2.462019e+00  6.000000e-01
     vertex  5.563023e-01  2.437320e+00  6.000000e-01
     vertex  5.563023e-01  2.437320e+00  9.400000e+00
   endloop
 endfacet
 facet normal -1.490423e-01 -9.888308e-01  0.000000e+00
   outer loop
     vertex  3.108593e-01  2.480598e+00  6.000000e-01
     vertex  4.341204e-01  2.462019e+00  9.400000e+00
     vertex  3.108593e-01  2.480598e+00  9.400000e+00
   endloop
 endfacet
 facet normal -9.956785e-02 -9.950308e-01  0.000000e+00
   outer loop
     vertex  3.108593e-01  2.480598e+00  6.000000e-01
     vertex  3.108593e-01  2.480598e+00  9.400000e+00
     vertex  1.868252e-01  2.493009e+00  9.400000e+00
   endloop
 endfacet
 facet normal -1.490423e-01 -9.888308e-01 -1.614769e-19
   outer loop
     vertex  3.108593e-01  2.480598e+00  6.000000e-01
     vertex  4.341204e-01  2.462019e+00  6.000000e-01
     vertex  4.341204e-01  2.462019e+00  9.400000e+00
   endloop
 endfacet
 facet normal -9.956785e-02 -9.950308e-01  0.000000e+00
   outer loop
     vertex  1.868252e-01  2.493009e+00  6.000000e-01
     vertex  3.108593e-01  2.480598e+00  6.000000e-01
     vertex  1.868252e-01  2.493009e+00  9.400000e+00
   endloop
 endfacet
 facet normal -4.984589e-02 -9.987569e-01  0.000000e+00
   outer loop
     vertex  6.232673e-02  2.499223e+00  6.000000e-01
     vertex  1.868252e-01  2.493009e+00  9.400000e+00
     vertex  6.232673e-02  2.499223e+00  9.400000e+00
   endloop
 endfacet
 facet normal -4.984589e-02 -9.987569e-01  2.968219e-20
   outer loop
     vertex  6.232673e-02  2.499223e+00  6.000000e-01
     vertex  1.868252e-01  2.493009e+00  6.000000e-01
     vertex  1.868252e-01  2.493009e+00  9.400000e+00
   endloop
 endfacet
 facet normal  0.000000e+00 -1.000000e+00  0.000000e+00
   outer loop
     vertex -6.232673e-02  2.499223e+00  6.000000e-01
     vertex  6.232673e-02  2.499223e+00  9.400000e+00
     vertex -6.232673e-02  2.499223e+00  9.400000e+00
   endloop
 endfacet
 facet normal  0.000000e+00 -1.000000e+00  0.000000e+00
   outer loop
     vertex -6.232673e-02  2.499223e+00  6.000000e-01
     vertex  6.232673e-02  2.499223e+00  6.000000e-01
     vertex  6.232673e-02  2.499223e+00  9.400000e+00
   endloop
 endfacet
 facet normal  4.984589e-02 -9.987569e-01  0.000000e+00
   outer loop
     vertex -1.868252e-01  2.493009e+00  6.000000e-01
     vertex -6.232673e-02  2.499223e+00  9.400000e+00
     vertex -1.868252e-01  2.493009e+00  9.400000e+00
   endloop
 endfacet
 facet normal  4.984589e-02 -9.987569e-01  3.404562e-20
   outer loop
     vertex -1.868252e-01  2.493009e+00  6.000000e-01
     vertex -6.232673e-02  2.499223e+00  6.000000e-01
     vertex -6.232673e-02  2.499223e+00  9.400000e+00
   endloop
 endfacet
 facet normal  9.956785e-02 -9.950308e-01  0.000000e+00
   outer loop
     vertex -3.108593e-01  2.480598e+00  6.000000e-01
     vertex -1.868252e-01  2.493009e+00  9.400000e+00
     vertex -3.108593e-01  2.480598e+00  9.400000e+00
   endloop
 endfacet
 facet normal  9.956785e-02 -9.950308e-01 -3.759532e-20
   outer loop
     vertex -3.108593e-01  2.480598e+00  6.000000e-01
     vertex -1.868252e-01  2.493009e+00  6.000000e-01
     vertex -1.868252e-01  2.493009e+00  9.400000e+00
   endloop
 endfacet
 facet normal  1.490423e-01 -9.888308e-01  0.000000e+00
   outer loop
     vertex -4.341204e-01  2.462019e+00  6.000000e-01
     vertex -3.108593e-01  2.480598e+00  9.400000e+00
     vertex -4.341204e-01  2.462019e+00  9.400000e+00
   endloop
 endfacet
 facet normal  1.981461e-01 -9.801725e-01  0.000000e+00
   outer loop
     vertex -4.341204e-01  2.462019e+00  6.000000e-01
     vertex -4.341204e-01  2.462019e+00  9.400000e+00
     vertex -5.563023e-01  2.437320e+00  9.400000e+00
   endloop
 endfacet
 facet normal  1.490423e-01 -9.888308e-01  1.614769e-19
   outer loop
     vertex -4.341204e-01  2.462019e+00  6.000000e-01
     vertex -3.108593e-01  2.480598e+00  6.000000e-01
     vertex -3.108593e-01  2.480598e+00  9.400000e+00
   endloop
 endfacet
 facet normal  1.981461e-01 -9.801725e-01  0.000000e+00
   outer loop
     vertex -5.563023e-01  2.437320e+00  6.000000e-01
     vertex -4.341204e-01  2.462019e+00  6.000000e-01
     vertex -5.563023e-01  2.437320e+00  9.400000e+00
   endloop
 endfacet
 facet normal  2.467574e-01 -9.690773e-01  1.072188e-19
   outer loop
     vertex -6.771012e-01  2.406561e+00  6.000000e-01
     vertex -5.563023e-01  2.437320e+00  6.000000e-01
     vertex -5.563023e-01  2.437320e+00  9.400000e+00
   endloop
 endfacet
 facet normal  2.467574e-01 -9.690773e-01  0.000000e+00
   outer loop
     vertex -6.771012e-01  2.406561e+00  6.000000e-01
     vertex -5.563023e-01  2.437320e+00  9.400000e+00
     vertex -6.771012e-01  2.406561e+00  9.400000e+00
   endloop
 endfacet
 facet normal  2.947552e-01 -9.555728e-01  6.439964e-20
   outer loop
     vertex -7.962166e-01  2.369818e+00  6.000000e-01
     vertex -6.771012e-01  2.406561e+00  6.000000e-01
     vertex -6.771012e-01  2.406561e+00  9.400000e+00
   endloop
 endfacet
 facet normal  2.947552e-01 -9.555728e-01  0.000000e+00
   outer loop
     vertex -7.962166e-01  2.369818e+00  6.000000e-01
     vertex -6.771012e-01  2.406561e+00  9.400000e+00
     vertex -7.962166e-01  2.369818e+00  9.400000e+00
   endloop
 endfacet
 facet normal  3.420201e-01 -9.396926e-01  0.000000e+00
   outer loop
     vertex -7.962166e-01  2.369818e+00  6.000000e-01
     vertex -7.962166e-01  2.369818e+00  9.400000e+00
     vertex -9.133526e-01  2.327184e+00  9.400000e+00
   endloop
 endfacet
 facet normal  3.420201e-01 -9.396926e-01  0.000000e+00
   outer loop
     vertex -9.133526e-01  2.327184e+00  6.000000e-01
     vertex -7.962166e-01  2.369818e+00  6.000000e-01
     vertex -9.133526e-01  2.327184e+00  9.400000e+00
   endloop
 endfacet
 facet normal  3.884348e-01 -9.214762e-01  1.049458e-19
   outer loop
     vertex -1.028218e+00  2.278765e+00  6.000000e-01
     vertex -9.133526e-01  2.327184e+00  6.000000e-01
     vertex -9.133526e-01  2.327184e+00  9.400000e+00
   endloop
 endfacet
 facet normal  3.884348e-01 -9.214762e-01  0.000000e+00
   outer loop
     vertex -1.028218e+00  2.278765e+00  6.000000e-01
     vertex -9.133526e-01  2.327184e+00  9.400000e+00
     vertex -1.028218e+00  2.278765e+00  9.400000e+00
   endloop
 endfacet
 facet normal  4.338837e-01 -9.009689e-01  1.413609e-19
   outer loop
     vertex -1.140527e+00  2.224680e+00  6.000000e-01
     vertex -1.028218e+00  2.278765e+00  6.000000e-01
     vertex -1.028218e+00  2.278765e+00  9.400000e+00
   endloop
 endfacet
 facet normal  4.338837e-01 -9.009689e-01  0.000000e+00
   outer loop
     vertex -1.140527e+00  2.224680e+00  6.000000e-01
     vertex -1.028218e+00  2.278765e+00  9.400000e+00
     vertex -1.140527e+00  2.224680e+00  9.400000e+00
   endloop
 endfacet
 facet normal  4.782540e-01 -8.782216e-01  0.000000e+00
   outer loop
     vertex -1.140527e+00  2.224680e+00  6.000000e-01
     vertex -1.140527e+00  2.224680e+00  9.400000e+00
     vertex -1.250000e+00  2.165064e+00  9.400000e+00
   endloop
 endfacet
 facet normal  4.782540e-01 -8.782216e-01  0.000000e+00
   outer loop
     vertex -1.250000e+00  2.165064e+00  6.000000e-01
     vertex -1.140527e+00  2.224680e+00  6.000000e-01
     vertex -1.250000e+00  2.165064e+00  9.400000e+00
   endloop
 endfacet
 facet normal  5.214352e-01 -8.532909e-01 -3.567282e-19
   outer loop
     vertex -1.356366e+00  2.100065e+00  6.000000e-01
     vertex -1.250000e+00  2.165064e+00  6.000000e-01
     vertex -1.250000e+00  2.165064e+00  9.400000e+00
   endloop
 endfacet
 facet normal  5.214352e-01 -8.532909e-01  0.000000e+00
   outer loop
     vertex -1.356366e+00  2.100065e+00  6.000000e-01
     vertex -1.250000e+00  2.165064e+00  9.400000e+00
     vertex -1.356366e+00  2.100065e+00  9.400000e+00
   endloop
 endfacet
 facet normal  5.633201e-01 -8.262388e-01  2.555158e-19
   outer loop
     vertex -1.459359e+00  2.029845e+00  6.000000e-01
     vertex -1.356366e+00  2.100065e+00  6.000000e-01
     vertex -1.356366e+00  2.100065e+00  9.400000e+00
   endloop
 endfacet
 facet normal  5.633201e-01 -8.262388e-01  0.000000e+00
   outer loop
     vertex -1.459359e+00  2.029845e+00  6.000000e-01
     vertex -1.356366e+00  2.100065e+00  9.400000e+00
     vertex -1.459359e+00  2.029845e+00  9.400000e+00
   endloop
 endfacet
 facet normal  6.038044e-01 -7.971325e-01  2.606337e-19
   outer loop
     vertex -1.558725e+00  1.954579e+00  6.000000e-01
     vertex -1.459359e+00  2.029845e+00  6.000000e-01
     vertex -1.459359e+00  2.029845e+00  9.400000e+00
   endloop
 endfacet
 facet normal  6.038044e-01 -7.971325e-01  0.000000e+00
   outer loop
     vertex -1.558725e+00  1.954579e+00  6.000000e-01
     vertex -1.459359e+00  2.029845e+00  9.400000e+00
     vertex -1.558725e+00  1.954579e+00  9.400000e+00
   endloop
 endfacet
 facet normal  6.427876e-01 -7.660444e-01  1.352468e-19
   outer loop
     vertex -1.654215e+00  1.874453e+00  6.000000e-01
     vertex -1.558725e+00  1.954579e+00  6.000000e-01
     vertex -1.558725e+00  1.954579e+00  9.400000e+00
   endloop
 endfacet
 facet normal  6.427876e-01 -7.660444e-01  0.000000e+00
   outer loop
     vertex -1.654215e+00  1.874453e+00  6.000000e-01
     vertex -1.558725e+00  1.954579e+00  9.400000e+00
     vertex -1.654215e+00  1.874453e+00  9.400000e+00
   endloop
 endfacet
 facet normal  6.801727e-01 -7.330519e-01  3.713992e-19
   outer loop
     vertex -1.745592e+00  1.789667e+00  6.000000e-01
     vertex -1.654215e+00  1.874453e+00  6.000000e-01
     vertex -1.654215e+00  1.874453e+00  9.400000e+00
   endloop
 endfacet
 facet normal  6.801727e-01 -7.330519e-01  0.000000e+00
   outer loop
     vertex -1.745592e+00  1.789667e+00  6.000000e-01
     vertex -1.654215e+00  1.874453e+00  9.400000e+00
     vertex -1.745592e+00  1.789667e+00  9.400000e+00
   endloop
 endfacet
 facet normal  7.158668e-01 -6.982368e-01  0.000000e+00
   outer loop
     vertex -1.745592e+00  1.789667e+00  6.000000e-01
     vertex -1.745592e+00  1.789667e+00  9.400000e+00
     vertex -1.832630e+00  1.700432e+00  9.400000e+00
   endloop
 endfacet
 facet normal  7.497812e-01 -6.616858e-01  0.000000e+00
   outer loop
     vertex -1.832630e+00  1.700432e+00  6.000000e-01
     vertex -1.832630e+00  1.700432e+00  9.400000e+00
     vertex -1.915111e+00  1.606969e+00  9.400000e+00
   endloop
 endfacet
 facet normal  7.158668e-01 -6.982368e-01  0.000000e+00
   outer loop
     vertex -1.832630e+00  1.700432e+00  6.000000e-01
     vertex -1.745592e+00  1.789667e+00  6.000000e-01
     vertex -1.832630e+00  1.700432e+00  9.400000e+00
   endloop
 endfacet
 facet normal  7.497812e-01 -6.616858e-01  0.000000e+00
   outer loop
     vertex -1.915111e+00  1.606969e+00  6.000000e-01
     vertex -1.832630e+00  1.700432e+00  6.000000e-01
     vertex -1.915111e+00  1.606969e+00  9.400000e+00
   endloop
 endfacet
 facet normal  7.818315e-01 -6.234898e-01  1.292921e-19
   outer loop
     vertex -1.992831e+00  1.509511e+00  6.000000e-01
     vertex -1.915111e+00  1.606969e+00  6.000000e-01
     vertex -1.915111e+00  1.606969e+00  9.400000e+00
   endloop
 endfacet
 facet normal  7.818315e-01 -6.234898e-01  0.000000e+00
   outer loop
     vertex -1.992831e+00  1.509511e+00  6.000000e-01
     vertex -1.915111e+00  1.606969e+00  9.400000e+00
     vertex -1.992831e+00  1.509511e+00  9.400000e+00
   endloop
 endfacet
 facet normal  8.119380e-01 -5.837437e-01  0.000000e+00
   outer loop
     vertex -2.065597e+00  1.408300e+00  6.000000e-01
     vertex -1.992831e+00  1.509511e+00  9.400000e+00
     vertex -2.065597e+00  1.408300e+00  9.400000e+00
   endloop
 endfacet
 facet normal  8.400259e-01 -5.425463e-01  0.000000e+00
   outer loop
     vertex -2.065597e+00  1.408300e+00  6.000000e-01
     vertex -2.065597e+00  1.408300e+00  9.400000e+00
     vertex -2.133227e+00  1.303588e+00  9.400000e+00
   endloop
 endfacet
 facet normal  8.119380e-01 -5.837437e-01  2.653968e-19
   outer loop
     vertex -2.065597e+00  1.408300e+00  6.000000e-01
     vertex -1.992831e+00  1.509511e+00  6.000000e-01
     vertex -1.992831e+00  1.509511e+00  9.400000e+00
   endloop
 endfacet
 facet normal  8.400259e-01 -5.425463e-01  0.000000e+00
   outer loop
     vertex -2.133227e+00  1.303588e+00  6.000000e-01
     vertex -2.065597e+00  1.408300e+00  6.000000e-01
     vertex -2.133227e+00  1.303588e+00  9.400000e+00
   endloop
 endfacet
 facet normal  8.660254e-01 -5.000000e-01  0.000000e+00
   outer loop
     vertex -2.195554e+00  1.195635e+00  6.000000e-01
     vertex -2.133227e+00  1.303588e+00  9.400000e+00
     vertex -2.195554e+00  1.195635e+00  9.400000e+00
   endloop
 endfacet
 facet normal  8.660254e-01 -5.000000e-01 -4.212728e-20
   outer loop
     vertex -2.195554e+00  1.195635e+00  6.000000e-01
     vertex -2.133227e+00  1.303588e+00  6.000000e-01
     vertex -2.133227e+00  1.303588e+00  9.400000e+00
   endloop
 endfacet
 facet normal  8.898718e-01 -4.562107e-01  0.000000e+00
   outer loop
     vertex -2.252422e+00  1.084709e+00  6.000000e-01
     vertex -2.195554e+00  1.195635e+00  9.400000e+00
     vertex -2.252422e+00  1.084709e+00  9.400000e+00
   endloop
 endfacet
 facet normal  8.898718e-01 -4.562107e-01  1.492021e-19
   outer loop
     vertex -2.252422e+00  1.084709e+00  6.000000e-01
     vertex -2.195554e+00  1.195635e+00  6.000000e-01
     vertex -2.195554e+00  1.195635e+00  9.400000e+00
   endloop
 endfacet
 facet normal  9.115059e-01 -4.112871e-01  0.000000e+00
   outer loop
     vertex -2.303691e+00  9.710870e-01  6.000000e-01
     vertex -2.252422e+00  1.084709e+00  9.400000e+00
     vertex -2.303691e+00  9.710870e-01  9.400000e+00
   endloop
 endfacet
 facet normal  9.308737e-01 -3.653410e-01  0.000000e+00
   outer loop
     vertex -2.303691e+00  9.710870e-01  6.000000e-01
     vertex -2.303691e+00  9.710870e-01  9.400000e+00
     vertex -2.349232e+00  8.550504e-01  9.400000e+00
   endloop
 endfacet
 facet normal  9.115059e-01 -4.112871e-01  3.517435e-19
   outer loop
     vertex -2.303691e+00  9.710870e-01  6.000000e-01
     vertex -2.252422e+00  1.084709e+00  6.000000e-01
     vertex -2.252422e+00  1.084709e+00  9.400000e+00
   endloop
 endfacet
 facet normal  9.479273e-01 -3.184867e-01  0.000000e+00
   outer loop
     vertex -2.349232e+00  8.550504e-01  6.000000e-01
     vertex -2.349232e+00  8.550504e-01  9.400000e+00
     vertex -2.388932e+00  7.368879e-01  9.400000e+00
   endloop
 endfacet
 facet normal  9.308737e-01 -3.653410e-01  0.000000e+00
   outer loop
     vertex -2.349232e+00  8.550504e-01  6.000000e-01
     vertex -2.303691e+00  9.710870e-01  6.000000e-01
     vertex -2.349232e+00  8.550504e-01  9.400000e+00
   endloop
 endfacet
 facet normal  9.626242e-01 -2.708405e-01  0.000000e+00
   outer loop
     vertex -2.388932e+00  7.368879e-01  6.000000e-01
     vertex -2.388932e+00  7.368879e-01  9.400000e+00
     vertex -2.422693e+00  6.168935e-01  9.400000e+00
   endloop
 endfacet
 facet normal  9.479273e-01 -3.184867e-01  0.000000e+00
   outer loop
     vertex -2.388932e+00  7.368879e-01  6.000000e-01
     vertex -2.349232e+00  8.550504e-01  6.000000e-01
     vertex -2.388932e+00  7.368879e-01  9.400000e+00
   endloop
 endfacet
 facet normal  9.626242e-01 -2.708405e-01  0.000000e+00
   outer loop
     vertex -2.422693e+00  6.168935e-01  6.000000e-01
     vertex -2.388932e+00  7.368879e-01  6.000000e-01
     vertex -2.422693e+00  6.168935e-01  9.400000e+00
   endloop
 endfacet
 facet normal  9.749279e-01 -2.225209e-01  0.000000e+00
   outer loop
     vertex -2.450431e+00  4.953654e-01  6.000000e-01
     vertex -2.422693e+00  6.168935e-01  9.400000e+00
     vertex -2.450431e+00  4.953654e-01  9.400000e+00
   endloop
 endfacet
 facet normal  9.848078e-01 -1.736482e-01  0.000000e+00
   outer loop
     vertex -2.450431e+00  4.953654e-01  6.000000e-01
     vertex -2.450431e+00  4.953654e-01  9.400000e+00
     vertex -2.472077e+00  3.726057e-01  9.400000e+00
   endloop
 endfacet
 facet normal  9.749279e-01 -2.225209e-01  1.651565e-19
   outer loop
     vertex -2.450431e+00  4.953654e-01  6.000000e-01
     vertex -2.422693e+00  6.168935e-01  6.000000e-01
     vertex -2.422693e+00  6.168935e-01  9.400000e+00
   endloop
 endfacet
 facet normal  9.848078e-01 -1.736482e-01  0.000000e+00
   outer loop
     vertex -2.472077e+00  3.726057e-01  6.000000e-01
     vertex -2.450431e+00  4.953654e-01  6.000000e-01
     vertex -2.472077e+00  3.726057e-01  9.400000e+00
   endloop
 endfacet
 facet normal  9.922392e-01 -1.243437e-01  0.000000e+00
   outer loop
     vertex -2.487577e+00  2.489196e-01  6.000000e-01
     vertex -2.472077e+00  3.726057e-01  9.400000e+00
     vertex -2.487577e+00  2.489196e-01  9.400000e+00
   endloop
 endfacet
 facet normal  9.922392e-01 -1.243437e-01 -4.743800e-20
   outer loop
     vertex -2.487577e+00  2.489196e-01  6.000000e-01
     vertex -2.472077e+00  3.726057e-01  6.000000e-01
     vertex -2.472077e+00  3.726057e-01  9.400000e+00
   endloop
 endfacet
 facet normal  9.972038e-01 -7.473009e-02 -6.903540e-20
   outer loop
     vertex -2.496892e+00  1.246147e-01  6.000000e-01
     vertex -2.487577e+00  2.489196e-01  6.000000e-01
     vertex -2.487577e+00  2.489196e-01  9.400000e+00
   endloop
 endfacet
 facet normal  9.972038e-01 -7.473009e-02  0.000000e+00
   outer loop
     vertex -2.496892e+00  1.246147e-01  6.000000e-01
     vertex -2.487577e+00  2.489196e-01  9.400000e+00
     vertex -2.496892e+00  1.246147e-01  9.400000e+00
   endloop
 endfacet
 facet normal  9.996892e-01 -2.493069e-02 -1.097455e-20
   outer loop
     vertex -2.500000e+00 -8.575622e-15  6.000000e-01
     vertex -2.496892e+00  1.246147e-01  6.000000e-01
     vertex -2.496892e+00  1.246147e-01  9.400000e+00
   endloop
 endfacet
 facet normal  9.996892e-01 -2.493069e-02  0.000000e+00
   outer loop
     vertex -2.500000e+00 -8.575622e-15  6.000000e-01
     vertex -2.496892e+00  1.246147e-01  9.400000e+00
     vertex -2.500000e+00 -8.575622e-15  9.400000e+00
   endloop
 endfacet
 facet normal  9.996892e-01  2.493069e-02  1.631643e-20
   outer loop
     vertex -2.496892e+00 -1.246147e-01  6.000000e-01
     vertex -2.500000e+00 -8.575622e-15  6.000000e-01
     vertex -2.500000e+00 -8.575622e-15  9.400000e+00
   endloop
 endfacet
 facet normal  9.996892e-01  2.493069e-02 -0.000000e+00
   outer loop
     vertex -2.496892e+00 -1.246147e-01  6.000000e-01
     vertex -2.500000e+00 -8.575622e-15  9.400000e+00
     vertex -2.496892e+00 -1.246147e-01  9.400000e+00
   endloop
 endfacet
 facet normal  9.972038e-01  7.473009e-02  3.504244e-20
   outer loop
     vertex -2.487577e+00 -2.489196e-01  6.000000e-01
     vertex -2.496892e+00 -1.246147e-01  6.000000e-01
     vertex -2.496892e+00 -1.246147e-01  9.400000e+00
   endloop
 endfacet
 facet normal  9.972038e-01  7.473009e-02 -0.000000e+00
   outer loop
     vertex -2.487577e+00 -2.489196e-01  6.000000e-01
     vertex -2.496892e+00 -1.246147e-01  9.400000e+00
     vertex -2.487577e+00 -2.489196e-01  9.400000e+00
   endloop
 endfacet
 facet normal  9.922392e-01  1.243437e-01 -9.056688e-20
   outer loop
     vertex -2.472077e+00 -3.726057e-01  6.000000e-01
     vertex -2.487577e+00 -2.489196e-01  6.000000e-01
     vertex -2.487577e+00 -2.489196e-01  9.400000e+00
   endloop
 endfacet
 facet normal  9.922392e-01  1.243437e-01 -0.000000e+00
   outer loop
     vertex -2.472077e+00 -3.726057e-01  6.000000e-01
     vertex -2.487577e+00 -2.489196e-01  9.400000e+00
     vertex -2.472077e+00 -3.726057e-01  9.400000e+00
   endloop
 endfacet
 facet normal  9.848078e-01  1.736482e-01  1.517744e-19
   outer loop
     vertex -2.450431e+00 -4.953654e-01  6.000000e-01
     vertex -2.472077e+00 -3.726057e-01  6.000000e-01
     vertex -2.472077e+00 -3.726057e-01  9.400000e+00
   endloop
 endfacet
 facet normal  9.848078e-01  1.736482e-01 -0.000000e+00
   outer loop
     vertex -2.450431e+00 -4.953654e-01  6.000000e-01
     vertex -2.472077e+00 -3.726057e-01  9.400000e+00
     vertex -2.450431e+00 -4.953654e-01  9.400000e+00
   endloop
 endfacet
 facet normal  9.749279e-01  2.225209e-01  1.360106e-19
   outer loop
     vertex -2.422693e+00 -6.168935e-01  6.000000e-01
     vertex -2.450431e+00 -4.953654e-01  6.000000e-01
     vertex -2.450431e+00 -4.953654e-01  9.400000e+00
   endloop
 endfacet
 facet normal  9.749279e-01  2.225209e-01 -0.000000e+00
   outer loop
     vertex -2.422693e+00 -6.168935e-01  6.000000e-01
     vertex -2.450431e+00 -4.953654e-01  9.400000e+00
     vertex -2.422693e+00 -6.168935e-01  9.400000e+00
   endloop
 endfacet
 facet normal  9.626242e-01  2.708405e-01 -3.032080e-19
   outer loop
     vertex -2.388932e+00 -7.368879e-01  6.000000e-01
     vertex -2.422693e+00 -6.168935e-01  6.000000e-01
     vertex -2.422693e+00 -6.168935e-01  9.400000e+00
   endloop
 endfacet
 facet normal  9.626242e-01  2.708405e-01 -0.000000e+00
   outer loop
     vertex -2.388932e+00 -7.368879e-01  6.000000e-01
     vertex -2.422693e+00 -6.168935e-01  9.400000e+00
     vertex -2.388932e+00 -7.368879e-01  9.400000e+00
   endloop
 endfacet
 facet normal  9.479273e-01  3.184867e-01  1.321354e-20
   outer loop
     vertex -2.349232e+00 -8.550504e-01  6.000000e-01
     vertex -2.388932e+00 -7.368879e-01  6.000000e-01
     vertex -2.388932e+00 -7.368879e-01  9.400000e+00
   endloop
 endfacet
 facet normal  9.479273e-01  3.184867e-01 -0.000000e+00
   outer loop
     vertex -2.349232e+00 -8.550504e-01  6.000000e-01
     vertex -2.388932e+00 -7.368879e-01  9.400000e+00
     vertex -2.349232e+00 -8.550504e-01  9.400000e+00
   endloop
 endfacet
 facet normal  9.308737e-01  3.653410e-01 -3.519345e-19
   outer loop
     vertex -2.303691e+00 -9.710870e-01  6.000000e-01
     vertex -2.349232e+00 -8.550504e-01  6.000000e-01
     vertex -2.349232e+00 -8.550504e-01  9.400000e+00
   endloop
 endfacet
 facet normal  9.308737e-01  3.653410e-01 -0.000000e+00
   outer loop
     vertex -2.303691e+00 -9.710870e-01  6.000000e-01
     vertex -2.349232e+00 -8.550504e-01  9.400000e+00
     vertex -2.303691e+00 -9.710870e-01  9.400000e+00
   endloop
 endfacet
 facet normal  9.115059e-01  4.112871e-01 -0.000000e+00
   outer loop
     vertex -2.303691e+00 -9.710870e-01  6.000000e-01
     vertex -2.303691e+00 -9.710870e-01  9.400000e+00
     vertex -2.252422e+00 -1.084709e+00  9.400000e+00
   endloop
 endfacet
 facet normal  9.115059e-01  4.112871e-01 -0.000000e+00
   outer loop
     vertex -2.252422e+00 -1.084709e+00  6.000000e-01
     vertex -2.303691e+00 -9.710870e-01  6.000000e-01
     vertex -2.252422e+00 -1.084709e+00  9.400000e+00
   endloop
 endfacet
 facet normal  8.898718e-01  4.562107e-01 -0.000000e+00
   outer loop
     vertex -2.252422e+00 -1.084709e+00  6.000000e-01
     vertex -2.252422e+00 -1.084709e+00  9.400000e+00
     vertex -2.195554e+00 -1.195635e+00  9.400000e+00
   endloop
 endfacet
 facet normal  8.898718e-01  4.562107e-01 -0.000000e+00
   outer loop
     vertex -2.195554e+00 -1.195635e+00  6.000000e-01
     vertex -2.252422e+00 -1.084709e+00  6.000000e-01
     vertex -2.195554e+00 -1.195635e+00  9.400000e+00
   endloop
 endfacet
 facet normal  8.660254e-01  5.000000e-01  3.325920e-19
   outer loop
     vertex -2.133227e+00 -1.303588e+00  6.000000e-01
     vertex -2.195554e+00 -1.195635e+00  6.000000e-01
     vertex -2.195554e+00 -1.195635e+00  9.400000e+00
   endloop
 endfacet
 facet normal  8.660254e-01  5.000000e-01 -0.000000e+00
   outer loop
     vertex -2.133227e+00 -1.303588e+00  6.000000e-01
     vertex -2.195554e+00 -1.195635e+00  9.400000e+00
     vertex -2.133227e+00 -1.303588e+00  9.400000e+00
   endloop
 endfacet
 facet normal  8.400259e-01  5.425463e-01 -3.305908e-19
   outer loop
     vertex -2.065597e+00 -1.408300e+00  6.000000e-01
     vertex -2.133227e+00 -1.303588e+00  6.000000e-01
     vertex -2.133227e+00 -1.303588e+00  9.400000e+00
   endloop
 endfacet
 facet normal  8.400259e-01  5.425463e-01 -0.000000e+00
   outer loop
     vertex -2.065597e+00 -1.408300e+00  6.000000e-01
     vertex -2.133227e+00 -1.303588e+00  9.400000e+00
     vertex -2.065597e+00 -1.408300e+00  9.400000e+00
   endloop
 endfacet
 facet normal  8.119380e-01  5.837437e-01 -0.000000e+00
   outer loop
     vertex -2.065597e+00 -1.408300e+00  6.000000e-01
     vertex -2.065597e+00 -1.408300e+00  9.400000e+00
     vertex -1.992831e+00 -1.509511e+00  9.400000e+00
   endloop
 endfacet
 facet normal  8.119380e-01  5.837437e-01 -0.000000e+00
   outer loop
     vertex -1.992831e+00 -1.509511e+00  6.000000e-01
     vertex -2.065597e+00 -1.408300e+00  6.000000e-01
     vertex -1.992831e+00 -1.509511e+00  9.400000e+00
   endloop
 endfacet
 facet normal  7.818315e-01  6.234898e-01 -0.000000e+00
   outer loop
     vertex -1.992831e+00 -1.509511e+00  6.000000e-01
     vertex -1.992831e+00 -1.509511e+00  9.400000e+00
     vertex -1.915111e+00 -1.606969e+00  9.400000e+00
   endloop
 endfacet
 facet normal  7.818315e-01  6.234898e-01 -0.000000e+00
   outer loop
     vertex -1.915111e+00 -1.606969e+00  6.000000e-01
     vertex -1.992831e+00 -1.509511e+00  6.000000e-01
     vertex -1.915111e+00 -1.606969e+00  9.400000e+00
   endloop
 endfacet
 facet normal  7.497812e-01  6.616858e-01 -6.500525e-20
   outer loop
     vertex -1.832630e+00 -1.700432e+00  6.000000e-01
     vertex -1.915111e+00 -1.606969e+00  6.000000e-01
     vertex -1.915111e+00 -1.606969e+00  9.400000e+00
   endloop
 endfacet
 facet normal  7.497812e-01  6.616858e-01 -0.000000e+00
   outer loop
     vertex -1.832630e+00 -1.700432e+00  6.000000e-01
     vertex -1.915111e+00 -1.606969e+00  9.400000e+00
     vertex -1.832630e+00 -1.700432e+00  9.400000e+00
   endloop
 endfacet
 facet normal  7.158668e-01  6.982368e-01  1.349495e-19
   outer loop
     vertex -1.745592e+00 -1.789667e+00  6.000000e-01
     vertex -1.832630e+00 -1.700432e+00  6.000000e-01
     vertex -1.832630e+00 -1.700432e+00  9.400000e+00
   endloop
 endfacet
 facet normal  7.158668e-01  6.982368e-01 -0.000000e+00
   outer loop
     vertex -1.745592e+00 -1.789667e+00  6.000000e-01
     vertex -1.832630e+00 -1.700432e+00  9.400000e+00
     vertex -1.745592e+00 -1.789667e+00  9.400000e+00
   endloop
 endfacet
 facet normal  6.801727e-01  7.330519e-01 -0.000000e+00
   outer loop
     vertex -1.745592e+00 -1.789667e+00  6.000000e-01
     vertex -1.745592e+00 -1.789667e+00  9.400000e+00
     vertex -1.654215e+00 -1.874453e+00  9.400000e+00
   endloop
 endfacet
 facet normal  6.801727e-01  7.330519e-01 -0.000000e+00
   outer loop
     vertex -1.654215e+00 -1.874453e+00  6.000000e-01
     vertex -1.745592e+00 -1.789667e+00  6.000000e-01
     vertex -1.654215e+00 -1.874453e+00  9.400000e+00
   endloop
 endfacet
 facet normal  6.427876e-01  7.660444e-01 -0.000000e+00
   outer loop
     vertex -1.654215e+00 -1.874453e+00  6.000000e-01
     vertex -1.654215e+00 -1.874453e+00  9.400000e+00
     vertex -1.558725e+00 -1.954579e+00  9.400000e+00
   endloop
 endfacet
 facet normal  6.427876e-01  7.660444e-01 -0.000000e+00
   outer loop
     vertex -1.558725e+00 -1.954579e+00  6.000000e-01
     vertex -1.654215e+00 -1.874453e+00  6.000000e-01
     vertex -1.558725e+00 -1.954579e+00  9.400000e+00
   endloop
 endfacet
 facet normal  6.038044e-01  7.971325e-01 -3.387763e-19
   outer loop
     vertex -1.459359e+00 -2.029845e+00  6.000000e-01
     vertex -1.558725e+00 -1.954579e+00  6.000000e-01
     vertex -1.558725e+00 -1.954579e+00  9.400000e+00
   endloop
 endfacet
 facet normal  6.038044e-01  7.971325e-01 -0.000000e+00
   outer loop
     vertex -1.459359e+00 -2.029845e+00  6.000000e-01
     vertex -1.558725e+00 -1.954579e+00  9.400000e+00
     vertex -1.459359e+00 -2.029845e+00  9.400000e+00
   endloop
 endfacet
 facet normal  5.633201e-01  8.262388e-01 -0.000000e+00
   outer loop
     vertex -1.356366e+00 -2.100065e+00  6.000000e-01
     vertex -1.459359e+00 -2.029845e+00  9.400000e+00
     vertex -1.356366e+00 -2.100065e+00  9.400000e+00
   endloop
 endfacet
 facet normal  5.633201e-01  8.262388e-01 -4.262172e-20
   outer loop
     vertex -1.356366e+00 -2.100065e+00  6.000000e-01
     vertex -1.459359e+00 -2.029845e+00  6.000000e-01
     vertex -1.459359e+00 -2.029845e+00  9.400000e+00
   endloop
 endfacet
 facet normal  5.214352e-01  8.532909e-01 -0.000000e+00
   outer loop
     vertex -1.356366e+00 -2.100065e+00  6.000000e-01
     vertex -1.356366e+00 -2.100065e+00  9.400000e+00
     vertex -1.250000e+00 -2.165064e+00  9.400000e+00
   endloop
 endfacet
 facet normal  4.782540e-01  8.782216e-01 -0.000000e+00
   outer loop
     vertex -1.250000e+00 -2.165064e+00  6.000000e-01
     vertex -1.250000e+00 -2.165064e+00  9.400000e+00
     vertex -1.140527e+00 -2.224680e+00  9.400000e+00
   endloop
 endfacet
 facet normal  5.214352e-01  8.532909e-01 -0.000000e+00
   outer loop
     vertex -1.250000e+00 -2.165064e+00  6.000000e-01
     vertex -1.356366e+00 -2.100065e+00  6.000000e-01
     vertex -1.250000e+00 -2.165064e+00  9.400000e+00
   endloop
 endfacet
 facet normal  4.782540e-01  8.782216e-01 -0.000000e+00
   outer loop
     vertex -1.140527e+00 -2.224680e+00  6.000000e-01
     vertex -1.250000e+00 -2.165064e+00  6.000000e-01
     vertex -1.140527e+00 -2.224680e+00  9.400000e+00
   endloop
 endfacet
 facet normal  4.338837e-01  9.009689e-01 -0.000000e+00
   outer loop
     vertex -1.028218e+00 -2.278765e+00  6.000000e-01
     vertex -1.140527e+00 -2.224680e+00  9.400000e+00
     vertex -1.028218e+00 -2.278765e+00  9.400000e+00
   endloop
 endfacet
 facet normal  4.338837e-01  9.009689e-01 -4.726877e-20
   outer loop
     vertex -1.028218e+00 -2.278765e+00  6.000000e-01
     vertex -1.140527e+00 -2.224680e+00  6.000000e-01
     vertex -1.140527e+00 -2.224680e+00  9.400000e+00
   endloop
 endfacet
 facet normal  3.884348e-01  9.214762e-01 -0.000000e+00
   outer loop
     vertex -9.133526e-01 -2.327184e+00  6.000000e-01
     vertex -1.028218e+00 -2.278765e+00  9.400000e+00
     vertex -9.133526e-01 -2.327184e+00  9.400000e+00
   endloop
 endfacet
 facet normal  3.884348e-01  9.214762e-01  8.314168e-20
   outer loop
     vertex -9.133526e-01 -2.327184e+00  6.000000e-01
     vertex -1.028218e+00 -2.278765e+00  6.000000e-01
     vertex -1.028218e+00 -2.278765e+00  9.400000e+00
   endloop
 endfacet
 facet normal  3.420201e-01  9.396926e-01  3.322437e-19
   outer loop
     vertex -7.962166e-01 -2.369818e+00  6.000000e-01
     vertex -9.133526e-01 -2.327184e+00  6.000000e-01
     vertex -9.133526e-01 -2.327184e+00  9.400000e+00
   endloop
 endfacet
 facet normal  3.420201e-01  9.396926e-01 -0.000000e+00
   outer loop
     vertex -7.962166e-01 -2.369818e+00  6.000000e-01
     vertex -9.133526e-01 -2.327184e+00  9.400000e+00
     vertex -7.962166e-01 -2.369818e+00  9.400000e+00
   endloop
 endfacet
 facet normal  2.947552e-01  9.555728e-01 -1.216950e-20
   outer loop
     vertex -6.771012e-01 -2.406561e+00  6.000000e-01
     vertex -7.962166e-01 -2.369818e+00  6.000000e-01
     vertex -7.962166e-01 -2.369818e+00  9.400000e+00
   endloop
 endfacet
 facet normal  2.947552e-01  9.555728e-01 -0.000000e+00
   outer loop
     vertex -6.771012e-01 -2.406561e+00  6.000000e-01
     vertex -7.962166e-01 -2.369818e+00  9.400000e+00
     vertex -6.771012e-01 -2.406561e+00  9.400000e+00
   endloop
 endfacet
 facet normal  2.467574e-01  9.690773e-01 -0.000000e+00
   outer loop
     vertex -6.771012e-01 -2.406561e+00  6.000000e-01
     vertex -6.771012e-01 -2.406561e+00  9.400000e+00
     vertex -5.563023e-01 -2.437320e+00  9.400000e+00
   endloop
 endfacet
 facet normal  2.467574e-01  9.690773e-01 -0.000000e+00
   outer loop
     vertex -5.563023e-01 -2.437320e+00  6.000000e-01
     vertex -6.771012e-01 -2.406561e+00  6.000000e-01
     vertex -5.563023e-01 -2.437320e+00  9.400000e+00
   endloop
 endfacet
 facet normal  1.981461e-01  9.801725e-01 -0.000000e+00
   outer loop
     vertex -5.563023e-01 -2.437320e+00  6.000000e-01
     vertex -5.563023e-01 -2.437320e+00  9.400000e+00
     vertex -4.341204e-01 -2.462019e+00  9.400000e+00
   endloop
 endfacet
 facet normal  1.981461e-01  9.801725e-01 -0.000000e+00
   outer loop
     vertex -4.341204e-01 -2.462019e+00  6.000000e-01
     vertex -5.563023e-01 -2.437320e+00  6.000000e-01
     vertex -4.341204e-01 -2.462019e+00  9.400000e+00
   endloop
 endfacet
 facet normal  1.490423e-01  9.888308e-01 -1.037596e-19
   outer loop
     vertex -3.108593e-01 -2.480598e+00  6.000000e-01
     vertex -4.341204e-01 -2.462019e+00  6.000000e-01
     vertex -4.341204e-01 -2.462019e+00  9.400000e+00
   endloop
 endfacet
 facet normal  1.490423e-01  9.888308e-01 -0.000000e+00
   outer loop
     vertex -3.108593e-01 -2.480598e+00  6.000000e-01
     vertex -4.341204e-01 -2.462019e+00  9.400000e+00
     vertex -3.108593e-01 -2.480598e+00  9.400000e+00
   endloop
 endfacet
 facet normal  9.956785e-02  9.950308e-01 -0.000000e+00
   outer loop
     vertex -3.108593e-01 -2.480598e+00  6.000000e-01
     vertex -3.108593e-01 -2.480598e+00  9.400000e+00
     vertex -1.868252e-01 -2.493009e+00  9.400000e+00
   endloop
 endfacet
 facet normal  9.956785e-02  9.950308e-01 -0.000000e+00
   outer loop
     vertex -1.868252e-01 -2.493009e+00  6.000000e-01
     vertex -3.108593e-01 -2.480598e+00  6.000000e-01
     vertex -1.868252e-01 -2.493009e+00  9.400000e+00
   endloop
 endfacet
 facet normal  4.984589e-02  9.987569e-01  3.443465e-20
   outer loop
     vertex -6.232673e-02 -2.499223e+00  6.000000e-01
     vertex -1.868252e-01 -2.493009e+00  6.000000e-01
     vertex -1.868252e-01 -2.493009e+00  9.400000e+00
   endloop
 endfacet
 facet normal  4.984589e-02  9.987569e-01 -0.000000e+00
   outer loop
     vertex -6.232673e-02 -2.499223e+00  6.000000e-01
     vertex -1.868252e-01 -2.493009e+00  9.400000e+00
     vertex -6.232673e-02 -2.499223e+00  9.400000e+00
   endloop
 endfacet
 facet normal -7.125181e-15  1.000000e+00  0.000000e+00
   outer loop
     vertex  6.232673e-02 -2.499223e+00  6.000000e-01
     vertex -6.232673e-02 -2.499223e+00  6.000000e-01
     vertex -6.232673e-02 -2.499223e+00  9.400000e+00
   endloop
 endfacet
 facet normal -7.125181e-15  1.000000e+00  0.000000e+00
   outer loop
     vertex  6.232673e-02 -2.499223e+00  6.000000e-01
     vertex -6.232673e-02 -2.499223e+00  9.400000e+00
     vertex  6.232673e-02 -2.499223e+00  9.400000e+00
   endloop
 endfacet
 facet normal -4.984589e-02  9.987569e-01  0.000000e+00
   outer loop
     vertex  6.232673e-02 -2.499223e+00  6.000000e-01
     vertex  6.232673e-02 -2.499223e+00  9.400000e+00
     vertex  1.868252e-01 -2.493009e+00  9.400000e+00
   endloop
 endfacet
 facet normal -4.984589e-02  9.987569e-01  0.000000e+00
   outer loop
     vertex  1.868252e-01 -2.493009e+00  6.000000e-01
     vertex  6.232673e-02 -2.499223e+00  6.000000e-01
     vertex  1.868252e-01 -2.493009e+00  9.400000e+00
   endloop
 endfacet
 facet normal -9.956785e-02  9.950308e-01 -9.767409e-20
   outer loop
     vertex  3.108593e-01 -2.480598e+00  6.000000e-01
     vertex  1.868252e-01 -2.493009e+00  6.000000e-01
     vertex  1.868252e-01 -2.493009e+00  9.400000e+00
   endloop
 endfacet
 facet normal -9.956785e-02  9.950308e-01  0.000000e+00
   outer loop
     vertex  3.108593e-01 -2.480598e+00  6.000000e-01
     vertex  1.868252e-01 -2.493009e+00  9.400000e+00
     vertex  3.108593e-01 -2.480598e+00  9.400000e+00
   endloop
 endfacet
 facet normal -1.490423e-01  9.888308e-01  0.000000e+00
   outer loop
     vertex  3.108593e-01 -2.480598e+00  6.000000e-01
     vertex  3.108593e-01 -2.480598e+00  9.400000e+00
     vertex  4.341204e-01 -2.462019e+00  9.400000e+00
   endloop
 endfacet
 facet normal -1.490423e-01  9.888308e-01  0.000000e+00
   outer loop
     vertex  4.341204e-01 -2.462019e+00  6.000000e-01
     vertex  3.108593e-01 -2.480598e+00  6.000000e-01
     vertex  4.341204e-01 -2.462019e+00  9.400000e+00
   endloop
 endfacet
 facet normal -1.981461e-01  9.801725e-01 -1.009160e-19
   outer loop
     vertex  5.563023e-01 -2.437320e+00  6.000000e-01
     vertex  4.341204e-01 -2.462019e+00  6.000000e-01
     vertex  4.341204e-01 -2.462019e+00  9.400000e+00
   endloop
 endfacet
 facet normal -1.981461e-01  9.801725e-01  0.000000e+00
   outer loop
     vertex  5.563023e-01 -2.437320e+00  6.000000e-01
     vertex  4.341204e-01 -2.462019e+00  9.400000e+00
     vertex  5.563023e-01 -2.437320e+00  9.400000e+00
   endloop
 endfacet
 facet normal -2.467574e-01  9.690773e-01  0.000000e+00
   outer loop
     vertex  6.771012e-01 -2.406561e+00  6.000000e-01
     vertex  5.563023e-01 -2.437320e+00  9.400000e+00
     vertex  6.771012e-01 -2.406561e+00  9.400000e+00
   endloop
 endfacet
 facet normal -2.947552e-01  9.555728e-01  0.000000e+00
   outer loop
     vertex  6.771012e-01 -2.406561e+00  6.000000e-01
     vertex  6.771012e-01 -2.406561e+00  9.400000e+00
     vertex  7.962166e-01 -2.369818e+00  9.400000e+00
   endloop
 endfacet
 facet normal -2.467574e-01  9.690773e-01 -4.641997e-21
   outer loop
     vertex  6.771012e-01 -2.406561e+00  6.000000e-01
     vertex  5.563023e-01 -2.437320e+00  6.000000e-01
     vertex  5.563023e-01 -2.437320e+00  9.400000e+00
   endloop
 endfacet
 facet normal -2.947552e-01  9.555728e-01  0.000000e+00
   outer loop
     vertex  7.962166e-01 -2.369818e+00  6.000000e-01
     vertex  6.771012e-01 -2.406561e+00  6.000000e-01
     vertex  7.962166e-01 -2.369818e+00  9.400000e+00
   endloop
 endfacet
 facet normal -3.420201e-01  9.396926e-01  0.000000e+00
   outer loop
     vertex  9.133526e-01 -2.327184e+00  6.000000e-01
     vertex  7.962166e-01 -2.369818e+00  9.400000e+00
     vertex  9.133526e-01 -2.327184e+00  9.400000e+00
   endloop
 endfacet
 facet normal -3.420201e-01  9.396926e-01  1.750196e-19
   outer loop
     vertex  9.133526e-01 -2.327184e+00  6.000000e-01
     vertex  7.962166e-01 -2.369818e+00  6.000000e-01
     vertex  7.962166e-01 -2.369818e+00  9.400000e+00
   endloop
 endfacet
 facet normal -3.884348e-01  9.214762e-01  0.000000e+00
   outer loop
     vertex  1.028218e+00 -2.278765e+00  6.000000e-01
     vertex  9.133526e-01 -2.327184e+00  9.400000e+00
     vertex  1.028218e+00 -2.278765e+00  9.400000e+00
   endloop
 endfacet
 facet normal -3.884348e-01  9.214762e-01  2.909315e-19
   outer loop
     vertex  1.028218e+00 -2.278765e+00  6.000000e-01
     vertex  9.133526e-01 -2.327184e+00  6.000000e-01
     vertex  9.133526e-01 -2.327184e+00  9.400000e+00
   endloop
 endfacet
 facet normal -4.338837e-01  9.009689e-01  0.000000e+00
   outer loop
     vertex  1.140527e+00 -2.224680e+00  6.000000e-01
     vertex  1.028218e+00 -2.278765e+00  9.400000e+00
     vertex  1.140527e+00 -2.224680e+00  9.400000e+00
   endloop
 endfacet
 facet normal -4.782540e-01  8.782216e-01  0.000000e+00
   outer loop
     vertex  1.140527e+00 -2.224680e+00  6.000000e-01
     vertex  1.140527e+00 -2.224680e+00  9.400000e+00
     vertex  1.250000e+00 -2.165064e+00  9.400000e+00
   endloop
 endfacet
 facet normal -4.338837e-01  9.009689e-01  2.700950e-19
   outer loop
     vertex  1.140527e+00 -2.224680e+00  6.000000e-01
     vertex  1.028218e+00 -2.278765e+00  6.000000e-01
     vertex  1.028218e+00 -2.278765e+00  9.400000e+00
   endloop
 endfacet
 facet normal -5.214352e-01  8.532909e-01  0.000000e+00
   outer loop
     vertex  1.250000e+00 -2.165064e+00  6.000000e-01
     vertex  1.250000e+00 -2.165064e+00  9.400000e+00
     vertex  1.356366e+00 -2.100065e+00  9.400000e+00
   endloop
 endfacet
 facet normal -4.782540e-01  8.782216e-01  0.000000e+00
   outer loop
     vertex  1.250000e+00 -2.165064e+00  6.000000e-01
     vertex  1.140527e+00 -2.224680e+00  6.000000e-01
     vertex  1.250000e+00 -2.165064e+00  9.400000e+00
   endloop
 endfacet
 facet normal -5.214352e-01  8.532909e-01  0.000000e+00
   outer loop
     vertex  1.356366e+00 -2.100065e+00  6.000000e-01
     vertex  1.250000e+00 -2.165064e+00  6.000000e-01
     vertex  1.356366e+00 -2.100065e+00  9.400000e+00
   endloop
 endfacet
 facet normal -5.633201e-01  8.262388e-01  0.000000e+00
   outer loop
     vertex  1.459359e+00 -2.029845e+00  6.000000e-01
     vertex  1.356366e+00 -2.100065e+00  9.400000e+00
     vertex  1.459359e+00 -2.029845e+00  9.400000e+00
   endloop
 endfacet
 facet normal -5.633201e-01  8.262388e-01 -9.215874e-20
   outer loop
     vertex  1.459359e+00 -2.029845e+00  6.000000e-01
     vertex  1.356366e+00 -2.100065e+00  6.000000e-01
     vertex  1.356366e+00 -2.100065e+00  9.400000e+00
   endloop
 endfacet
 facet normal -6.038044e-01  7.971325e-01  0.000000e+00
   outer loop
     vertex  1.558725e+00 -1.954579e+00  6.000000e-01
     vertex  1.459359e+00 -2.029845e+00  9.400000e+00
     vertex  1.558725e+00 -1.954579e+00  9.400000e+00
   endloop
 endfacet
 facet normal -6.038044e-01  7.971325e-01 -3.259602e-19
   outer loop
     vertex  1.558725e+00 -1.954579e+00  6.000000e-01
     vertex  1.459359e+00 -2.029845e+00  6.000000e-01
     vertex  1.459359e+00 -2.029845e+00  9.400000e+00
   endloop
 endfacet
 facet normal -6.427876e-01  7.660444e-01  0.000000e+00
   outer loop
     vertex  1.654215e+00 -1.874453e+00  6.000000e-01
     vertex  1.558725e+00 -1.954579e+00  9.400000e+00
     vertex  1.654215e+00 -1.874453e+00  9.400000e+00
   endloop
 endfacet
 facet normal -6.427876e-01  7.660444e-01  2.572056e-19
   outer loop
     vertex  1.654215e+00 -1.874453e+00  6.000000e-01
     vertex  1.558725e+00 -1.954579e+00  6.000000e-01
     vertex  1.558725e+00 -1.954579e+00  9.400000e+00
   endloop
 endfacet
 facet normal -6.801727e-01  7.330519e-01  0.000000e+00
   outer loop
     vertex  1.745592e+00 -1.789667e+00  6.000000e-01
     vertex  1.654215e+00 -1.874453e+00  9.400000e+00
     vertex  1.745592e+00 -1.789667e+00  9.400000e+00
   endloop
 endfacet
 facet normal -7.158668e-01  6.982368e-01  0.000000e+00
   outer loop
     vertex  1.745592e+00 -1.789667e+00  6.000000e-01
     vertex  1.745592e+00 -1.789667e+00  9.400000e+00
     vertex  1.832630e+00 -1.700432e+00  9.400000e+00
   endloop
 endfacet
 facet normal -6.801727e-01  7.330519e-01  1.735373e-19
   outer loop
     vertex  1.745592e+00 -1.789667e+00  6.000000e-01
     vertex  1.654215e+00 -1.874453e+00  6.000000e-01
     vertex  1.654215e+00 -1.874453e+00  9.400000e+00
   endloop
 endfacet
 facet normal -7.158668e-01  6.982368e-01  0.000000e+00
   outer loop
     vertex  1.832630e+00 -1.700432e+00  6.000000e-01
     vertex  1.745592e+00 -1.789667e+00  6.000000e-01
     vertex  1.832630e+00 -1.700432e+00  9.400000e+00
   endloop
 endfacet
 facet normal -7.497812e-01  6.616858e-01  3.772250e-19
   outer loop
     vertex  1.915111e+00 -1.606969e+00  6.000000e-01
     vertex  1.832630e+00 -1.700432e+00  6.000000e-01
     vertex  1.832630e+00 -1.700432e+00  9.400000e+00
   endloop
 endfacet
 facet normal -7.497812e-01  6.616858e-01  0.000000e+00
   outer loop
     vertex  1.915111e+00 -1.606969e+00  6.000000e-01
     vertex  1.832630e+00 -1.700432e+00  9.400000e+00
     vertex  1.915111e+00 -1.606969e+00  9.400000e+00
   endloop
 endfacet
 facet normal -7.818315e-01  6.234898e-01 -1.216132e-19
   outer loop
     vertex  1.992831e+00 -1.509511e+00  6.000000e-01
     vertex  1.915111e+00 -1.606969e+00  6.000000e-01
     vertex  1.915111e+00 -1.606969e+00  9.400000e+00
   endloop
 endfacet
 facet normal -7.818315e-01  6.234898e-01  0.000000e+00
   outer loop
     vertex  1.992831e+00 -1.509511e+00  6.000000e-01
     vertex  1.915111e+00 -1.606969e+00  9.400000e+00
     vertex  1.992831e+00 -1.509511e+00  9.400000e+00
   endloop
 endfacet
 facet normal -8.119380e-01  5.837437e-01 -1.899530e-19
   outer loop
     vertex  2.065597e+00 -1.408300e+00  6.000000e-01
     vertex  1.992831e+00 -1.509511e+00  6.000000e-01
     vertex  1.992831e+00 -1.509511e+00  9.400000e+00
   endloop
 endfacet
 facet normal -8.119380e-01  5.837437e-01  0.000000e+00
   outer loop
     vertex  2.065597e+00 -1.408300e+00  6.000000e-01
     vertex  1.992831e+00 -1.509511e+00  9.400000e+00
     vertex  2.065597e+00 -1.408300e+00  9.400000e+00
   endloop
 endfacet
 facet normal -8.400259e-01  5.425463e-01  0.000000e+00
   outer loop
     vertex  2.065597e+00 -1.408300e+00  6.000000e-01
     vertex  2.065597e+00 -1.408300e+00  9.400000e+00
     vertex  2.133227e+00 -1.303588e+00  9.400000e+00
   endloop
 endfacet
 facet normal -8.400259e-01  5.425463e-01  0.000000e+00
   outer loop
     vertex  2.133227e+00 -1.303588e+00  6.000000e-01
     vertex  2.065597e+00 -1.408300e+00  6.000000e-01
     vertex  2.133227e+00 -1.303588e+00  9.400000e+00
   endloop
 endfacet
 facet normal -8.660254e-01  5.000000e-01 -1.781620e-21
   outer loop
     vertex  2.195554e+00 -1.195635e+00  6.000000e-01
     vertex  2.133227e+00 -1.303588e+00  6.000000e-01
     vertex  2.133227e+00 -1.303588e+00  9.400000e+00
   endloop
 endfacet
 facet normal -8.660254e-01  5.000000e-01  0.000000e+00
   outer loop
     vertex  2.195554e+00 -1.195635e+00  6.000000e-01
     vertex  2.133227e+00 -1.303588e+00  9.400000e+00
     vertex  2.195554e+00 -1.195635e+00  9.400000e+00
   endloop
 endfacet
 facet normal -8.898718e-01  4.562107e-01  0.000000e+00
   outer loop
     vertex  2.252422e+00 -1.084709e+00  6.000000e-01
     vertex  2.195554e+00 -1.195635e+00  9.400000e+00
     vertex  2.252422e+00 -1.084709e+00  9.400000e+00
   endloop
 endfacet
 facet normal -8.898718e-01  4.562107e-01  3.809459e-19
   outer loop
     vertex  2.252422e+00 -1.084709e+00  6.000000e-01
     vertex  2.195554e+00 -1.195635e+00  6.000000e-01
     vertex  2.195554e+00 -1.195635e+00  9.400000e+00
   endloop
 endfacet
 facet normal -9.115059e-01  4.112871e-01  0.000000e+00
   outer loop
     vertex  2.303691e+00 -9.710870e-01  6.000000e-01
     vertex  2.252422e+00 -1.084709e+00  9.400000e+00
     vertex  2.303691e+00 -9.710870e-01  9.400000e+00
   endloop
 endfacet
 facet normal -9.115059e-01  4.112871e-01  2.332645e-19
   outer loop
     vertex  2.303691e+00 -9.710870e-01  6.000000e-01
     vertex  2.252422e+00 -1.084709e+00  6.000000e-01
     vertex  2.252422e+00 -1.084709e+00  9.400000e+00
   endloop
 endfacet
 facet normal -9.308737e-01  3.653410e-01  0.000000e+00
   outer loop
     vertex  2.349232e+00 -8.550504e-01  6.000000e-01
     vertex  2.303691e+00 -9.710870e-01  9.400000e+00
     vertex  2.349232e+00 -8.550504e-01  9.400000e+00
   endloop
 endfacet
 facet normal -9.308737e-01  3.653410e-01 -2.500041e-19
   outer loop
     vertex  2.349232e+00 -8.550504e-01  6.000000e-01
     vertex  2.303691e+00 -9.710870e-01  6.000000e-01
     vertex  2.303691e+00 -9.710870e-01  9.400000e+00
   endloop
 endfacet
 facet normal -9.479273e-01  3.184867e-01  0.000000e+00
   outer loop
     vertex  2.388932e+00 -7.368879e-01  6.000000e-01
     vertex  2.349232e+00 -8.550504e-01  9.400000e+00
     vertex  2.388932e+00 -7.368879e-01  9.400000e+00
   endloop
 endfacet
 facet normal -9.626242e-01  2.708405e-01  0.000000e+00
   outer loop
     vertex  2.388932e+00 -7.368879e-01  6.000000e-01
     vertex  2.388932e+00 -7.368879e-01  9.400000e+00
     vertex  2.422693e+00 -6.168935e-01  9.400000e+00
   endloop
 endfacet
 facet normal -9.479273e-01  3.184867e-01 -1.783587e-20
   outer loop
     vertex  2.388932e+00 -7.368879e-01  6.000000e-01
     vertex  2.349232e+00 -8.550504e-01  6.000000e-01
     vertex  2.349232e+00 -8.550504e-01  9.400000e+00
   endloop
 endfacet
 facet normal -9.626242e-01  2.708405e-01  0.000000e+00
   outer loop
     vertex  2.422693e+00 -6.168935e-01  6.000000e-01
     vertex  2.388932e+00 -7.368879e-01  6.000000e-01
     vertex  2.422693e+00 -6.168935e-01  9.400000e+00
   endloop
 endfacet
 facet normal -9.749279e-01  2.225209e-01  0.000000e+00
   outer loop
     vertex  2.450431e+00 -4.953654e-01  6.000000e-01
     vertex  2.422693e+00 -6.168935e-01  9.400000e+00
     vertex  2.450431e+00 -4.953654e-01  9.400000e+00
   endloop
 endfacet
 facet normal -9.749279e-01  2.225209e-01  1.545123e-19
   outer loop
     vertex  2.450431e+00 -4.953654e-01  6.000000e-01
     vertex  2.422693e+00 -6.168935e-01  6.000000e-01
     vertex  2.422693e+00 -6.168935e-01  9.400000e+00
   endloop
 endfacet
 facet normal -9.848078e-01  1.736482e-01  0.000000e+00
   outer loop
     vertex  2.472077e+00 -3.726057e-01  6.000000e-01
     vertex  2.450431e+00 -4.953654e-01  9.400000e+00
     vertex  2.472077e+00 -3.726057e-01  9.400000e+00
   endloop
 endfacet
 facet normal -9.848078e-01  1.736482e-01 -1.670441e-20
   outer loop
     vertex  2.472077e+00 -3.726057e-01  6.000000e-01
     vertex  2.450431e+00 -4.953654e-01  6.000000e-01
     vertex  2.450431e+00 -4.953654e-01  9.400000e+00
   endloop
 endfacet
 facet normal -9.922392e-01  1.243437e-01  0.000000e+00
   outer loop
     vertex  2.487577e+00 -2.489196e-01  6.000000e-01
     vertex  2.472077e+00 -3.726057e-01  9.400000e+00
     vertex  2.487577e+00 -2.489196e-01  9.400000e+00
   endloop
 endfacet
 facet normal -9.922392e-01  1.243437e-01  8.456772e-20
   outer loop
     vertex  2.487577e+00 -2.489196e-01  6.000000e-01
     vertex  2.472077e+00 -3.726057e-01  6.000000e-01
     vertex  2.472077e+00 -3.726057e-01  9.400000e+00
   endloop
 endfacet
 facet normal -9.972038e-01  7.473009e-02  0.000000e+00
   outer loop
     vertex  2.496892e+00 -1.246147e-01  6.000000e-01
     vertex  2.487577e+00 -2.489196e-01  9.400000e+00
     vertex  2.496892e+00 -1.246147e-01  9.400000e+00
   endloop
 endfacet
 facet normal -9.996892e-01  2.493069e-02  0.000000e+00
   outer loop
     vertex  2.496892e+00 -1.246147e-01  6.000000e-01
     vertex  2.496892e+00 -1.246147e-01  9.400000e+00
     vertex  2.500000e+00  0.000000e+00  9.400000e+00
   endloop
 endfacet
 facet normal -9.972038e-01  7.473009e-02  1.872537e-20
   outer loop
     vertex  2.496892e+00 -1.246147e-01  6.000000e-01
     vertex  2.487577e+00 -2.489196e-01  6.000000e-01
     vertex  2.487577e+00 -2.489196e-01  9.400000e+00
   endloop
 endfacet
 facet normal -9.996892e-01  2.493069e-02  0.000000e+00
   outer loop
     vertex  2.500000e+00  0.000000e+00  6.000000e-01
     vertex  2.496892e+00 -1.246147e-01  6.000000e-01
     vertex  2.500000e+00  0.000000e+00  9.400000e+00
   endloop
 endfacet
endsolid
