solid CadrixAI_sizecheck_coin
  // Generated by CadrixAI
  // Author: Bhavyadeep Rao
  // Year: 2026
 facet normal  9.996892e-01  2.493069e-02  2.233720e-19
   outer loop
     vertex  1.498135e+01  7.476883e-01  0.000000e+00
     vertex  1.500000e+01  0.000000e+00  2.000000e+00
     vertex  1.500000e+01  0.000000e+00  0.000000e+00
   endloop
 endfacet
 facet normal  9.996892e-01  2.493069e-02 -0.000000e+00
   outer loop
     vertex  1.498135e+01  7.476883e-01  0.000000e+00
     vertex  1.498135e+01  7.476883e-01  2.000000e+00
     vertex  1.500000e+01  0.000000e+00  2.000000e+00
   endloop
 endfacet
 facet normal  9.972038e-01  7.473009e-02 -0.000000e+00
   outer loop
     vertex  1.492546e+01  1.493518e+00  0.000000e+00
     vertex  1.492546e+01  1.493518e+00  2.000000e+00
     vertex  1.498135e+01  7.476883e-01  2.000000e+00
   endloop
 endfacet
 facet normal  9.972038e-01  7.473009e-02  2.178417e-18
   outer loop
     vertex  1.492546e+01  1.493518e+00  0.000000e+00
     vertex  1.498135e+01  7.476883e-01  2.000000e+00
     vertex  1.498135e+01  7.476883e-01  0.000000e+00
   endloop
 endfacet
 facet normal  9.922392e-01  1.243437e-01 -0.000000e+00
   outer loop
     vertex  1.483246e+01  2.235634e+00  0.000000e+00
     vertex  1.483246e+01  2.235634e+00  2.000000e+00
     vertex  1.492546e+01  1.493518e+00  2.000000e+00
   endloop
 endfacet
 facet normal  9.922392e-01  1.243437e-01 -2.172288e-18
   outer loop
     vertex  1.483246e+01  2.235634e+00  0.000000e+00
     vertex  1.492546e+01  1.493518e+00  2.000000e+00
     vertex  1.492546e+01  1.493518e+00  0.000000e+00
   endloop
 endfacet
 facet normal  9.848078e-01  1.736482e-01 -0.000000e+00
   outer loop
     vertex  1.470259e+01  2.972192e+00  0.000000e+00
     vertex  1.470259e+01  2.972192e+00  2.000000e+00
     vertex  1.483246e+01  2.235634e+00  2.000000e+00
   endloop
 endfacet
 facet normal  9.848078e-01  1.736482e-01  5.546624e-19
   outer loop
     vertex  1.470259e+01  2.972192e+00  0.000000e+00
     vertex  1.483246e+01  2.235634e+00  2.000000e+00
     vertex  1.483246e+01  2.235634e+00  0.000000e+00
   endloop
 endfacet
 facet normal  9.749279e-01  2.225209e-01 -0.000000e+00
   outer loop
     vertex  1.453616e+01  3.701361e+00  0.000000e+00
     vertex  1.453616e+01  3.701361e+00  2.000000e+00
     vertex  1.470259e+01  2.972192e+00  2.000000e+00
   endloop
 endfacet
 facet normal  9.749279e-01  2.225209e-01  1.715547e-18
   outer loop
     vertex  1.453616e+01  3.701361e+00  0.000000e+00
     vertex  1.470259e+01  2.972192e+00  2.000000e+00
     vertex  1.470259e+01  2.972192e+00  0.000000e+00
   endloop
 endfacet
 facet normal  9.626242e-01  2.708405e-01 -0.000000e+00
   outer loop
     vertex  1.433359e+01  4.421328e+00  0.000000e+00
     vertex  1.433359e+01  4.421328e+00  2.000000e+00
     vertex  1.453616e+01  3.701361e+00  2.000000e+00
   endloop
 endfacet
 facet normal  9.626242e-01  2.708405e-01 -1.812948e-19
   outer loop
     vertex  1.433359e+01  4.421328e+00  0.000000e+00
     vertex  1.453616e+01  3.701361e+00  2.000000e+00
     vertex  1.453616e+01  3.701361e+00  0.000000e+00
   endloop
 endfacet
 facet normal  9.479273e-01  3.184867e-01 -0.000000e+00
   outer loop
     vertex  1.409539e+01  5.130302e+00  0.000000e+00
     vertex  1.409539e+01  5.130302e+00  2.000000e+00
     vertex  1.433359e+01  4.421328e+00  2.000000e+00
   endloop
 endfacet
 facet normal  9.479273e-01  3.184867e-01  4.302862e-18
   outer loop
     vertex  1.409539e+01  5.130302e+00  0.000000e+00
     vertex  1.433359e+01  4.421328e+00  2.000000e+00
     vertex  1.433359e+01  4.421328e+00  0.000000e+00
   endloop
 endfacet
 facet normal  9.308737e-01  3.653410e-01 -0.000000e+00
   outer loop
     vertex  1.382214e+01  5.826522e+00  0.000000e+00
     vertex  1.382214e+01  5.826522e+00  2.000000e+00
     vertex  1.409539e+01  5.130302e+00  2.000000e+00
   endloop
 endfacet
 facet normal  9.308737e-01  3.653410e-01  8.339522e-18
   outer loop
     vertex  1.382214e+01  5.826522e+00  0.000000e+00
     vertex  1.409539e+01  5.130302e+00  2.000000e+00
     vertex  1.409539e+01  5.130302e+00  0.000000e+00
   endloop
 endfacet
 facet normal  9.115059e-01  4.112871e-01 -0.000000e+00
   outer loop
     vertex  1.351453e+01  6.508256e+00  0.000000e+00
     vertex  1.351453e+01  6.508256e+00  2.000000e+00
     vertex  1.382214e+01  5.826522e+00  2.000000e+00
   endloop
 endfacet
 facet normal  9.115059e-01  4.112871e-01  3.272995e-18
   outer loop
     vertex  1.351453e+01  6.508256e+00  0.000000e+00
     vertex  1.382214e+01  5.826522e+00  2.000000e+00
     vertex  1.382214e+01  5.826522e+00  0.000000e+00
   endloop
 endfacet
 facet normal  8.898718e-01  4.562107e-01 -0.000000e+00
   outer loop
     vertex  1.317332e+01  7.173810e+00  0.000000e+00
     vertex  1.317332e+01  7.173810e+00  2.000000e+00
     vertex  1.351453e+01  6.508256e+00  2.000000e+00
   endloop
 endfacet
 facet normal  8.898718e-01  4.562107e-01  5.115225e-18
   outer loop
     vertex  1.317332e+01  7.173810e+00  0.000000e+00
     vertex  1.351453e+01  6.508256e+00  2.000000e+00
     vertex  1.351453e+01  6.508256e+00  0.000000e+00
   endloop
 endfacet
 facet normal  8.660254e-01  5.000000e-01 -7.045956e-18
   outer loop
     vertex  1.279936e+01  7.821528e+00  0.000000e+00
     vertex  1.317332e+01  7.173810e+00  2.000000e+00
     vertex  1.317332e+01  7.173810e+00  0.000000e+00
   endloop
 endfacet
 facet normal  8.660254e-01  5.000000e-01 -0.000000e+00
   outer loop
     vertex  1.279936e+01  7.821528e+00  0.000000e+00
     vertex  1.279936e+01  7.821528e+00  2.000000e+00
     vertex  1.317332e+01  7.173810e+00  2.000000e+00
   endloop
 endfacet
 facet normal  8.400259e-01  5.425463e-01 -0.000000e+00
   outer loop
     vertex  1.279936e+01  7.821528e+00  0.000000e+00
     vertex  1.239358e+01  8.449801e+00  2.000000e+00
     vertex  1.279936e+01  7.821528e+00  2.000000e+00
   endloop
 endfacet
 facet normal  8.400259e-01  5.425463e-01 -0.000000e+00
   outer loop
     vertex  1.239358e+01  8.449801e+00  0.000000e+00
     vertex  1.239358e+01  8.449801e+00  2.000000e+00
     vertex  1.279936e+01  7.821528e+00  0.000000e+00
   endloop
 endfacet
 facet normal  8.119380e-01  5.837437e-01  6.891541e-18
   outer loop
     vertex  1.195699e+01  9.057066e+00  0.000000e+00
     vertex  1.239358e+01  8.449801e+00  2.000000e+00
     vertex  1.239358e+01  8.449801e+00  0.000000e+00
   endloop
 endfacet
 facet normal  8.119380e-01  5.837437e-01 -0.000000e+00
   outer loop
     vertex  1.195699e+01  9.057066e+00  0.000000e+00
     vertex  1.195699e+01  9.057066e+00  2.000000e+00
     vertex  1.239358e+01  8.449801e+00  2.000000e+00
   endloop
 endfacet
 facet normal  7.818315e-01  6.234898e-01  1.780290e-17
   outer loop
     vertex  1.149067e+01  9.641814e+00  0.000000e+00
     vertex  1.195699e+01  9.057066e+00  2.000000e+00
     vertex  1.195699e+01  9.057066e+00  0.000000e+00
   endloop
 endfacet
 facet normal  7.818315e-01  6.234898e-01 -0.000000e+00
   outer loop
     vertex  1.149067e+01  9.641814e+00  0.000000e+00
     vertex  1.149067e+01  9.641814e+00  2.000000e+00
     vertex  1.195699e+01  9.057066e+00  2.000000e+00
   endloop
 endfacet
 facet normal  7.497812e-01  6.616858e-01 -0.000000e+00
   outer loop
     vertex  1.099578e+01  1.020259e+01  0.000000e+00
     vertex  1.099578e+01  1.020259e+01  2.000000e+00
     vertex  1.149067e+01  9.641814e+00  2.000000e+00
   endloop
 endfacet
 facet normal  7.497812e-01  6.616858e-01 -1.020848e-17
   outer loop
     vertex  1.099578e+01  1.020259e+01  0.000000e+00
     vertex  1.149067e+01  9.641814e+00  2.000000e+00
     vertex  1.149067e+01  9.641814e+00  0.000000e+00
   endloop
 endfacet
 facet normal  7.158668e-01  6.982368e-01 -0.000000e+00
   outer loop
     vertex  1.047355e+01  1.073800e+01  0.000000e+00
     vertex  1.047355e+01  1.073800e+01  2.000000e+00
     vertex  1.099578e+01  1.020259e+01  2.000000e+00
   endloop
 endfacet
 facet normal  7.158668e-01  6.982368e-01 -1.769853e-17
   outer loop
     vertex  1.047355e+01  1.073800e+01  0.000000e+00
     vertex  1.099578e+01  1.020259e+01  2.000000e+00
     vertex  1.099578e+01  1.020259e+01  0.000000e+00
   endloop
 endfacet
 facet normal  6.801727e-01  7.330519e-01 -0.000000e+00
   outer loop
     vertex  9.925288e+00  1.124672e+01  0.000000e+00
     vertex  9.925288e+00  1.124672e+01  2.000000e+00
     vertex  1.047355e+01  1.073800e+01  2.000000e+00
   endloop
 endfacet
 facet normal  6.427876e-01  7.660444e-01 -0.000000e+00
   outer loop
     vertex  9.925288e+00  1.124672e+01  0.000000e+00
     vertex  9.352347e+00  1.172747e+01  2.000000e+00
     vertex  9.925288e+00  1.124672e+01  2.000000e+00
   endloop
 endfacet
 facet normal  6.801727e-01  7.330519e-01 -5.040690e-18
   outer loop
     vertex  9.925288e+00  1.124672e+01  0.000000e+00
     vertex  1.047355e+01  1.073800e+01  2.000000e+00
     vertex  1.047355e+01  1.073800e+01  0.000000e+00
   endloop
 endfacet
 facet normal  6.427876e-01  7.660444e-01 -0.000000e+00
   outer loop
     vertex  9.352347e+00  1.172747e+01  0.000000e+00
     vertex  9.352347e+00  1.172747e+01  2.000000e+00
     vertex  9.925288e+00  1.124672e+01  0.000000e+00
   endloop
 endfacet
 facet normal  6.038044e-01  7.971325e-01  1.783301e-17
   outer loop
     vertex  8.756155e+00  1.217907e+01  0.000000e+00
     vertex  9.352347e+00  1.172747e+01  2.000000e+00
     vertex  9.352347e+00  1.172747e+01  0.000000e+00
   endloop
 endfacet
 facet normal  6.038044e-01  7.971325e-01 -0.000000e+00
   outer loop
     vertex  8.756155e+00  1.217907e+01  0.000000e+00
     vertex  8.756155e+00  1.217907e+01  2.000000e+00
     vertex  9.352347e+00  1.172747e+01  2.000000e+00
   endloop
 endfacet
 facet normal  5.633201e-01  8.262388e-01 -0.000000e+00
   outer loop
     vertex  8.138194e+00  1.260039e+01  0.000000e+00
     vertex  8.138194e+00  1.260039e+01  2.000000e+00
     vertex  8.756155e+00  1.217907e+01  2.000000e+00
   endloop
 endfacet
 facet normal  5.214352e-01  8.532909e-01 -0.000000e+00
   outer loop
     vertex  8.138194e+00  1.260039e+01  0.000000e+00
     vertex  7.500000e+00  1.299038e+01  2.000000e+00
     vertex  8.138194e+00  1.260039e+01  2.000000e+00
   endloop
 endfacet
 facet normal  5.633201e-01  8.262388e-01  5.202527e-18
   outer loop
     vertex  8.138194e+00  1.260039e+01  0.000000e+00
     vertex  8.756155e+00  1.217907e+01  2.000000e+00
     vertex  8.756155e+00  1.217907e+01  0.000000e+00
   endloop
 endfacet
 facet normal  4.782540e-01  8.782216e-01 -0.000000e+00
   outer loop
     vertex  7.500000e+00  1.299038e+01  0.000000e+00
     vertex  6.843160e+00  1.334808e+01  2.000000e+00
     vertex  7.500000e+00  1.299038e+01  2.000000e+00
   endloop
 endfacet
 facet normal  5.214352e-01  8.532909e-01 -0.000000e+00
   outer loop
     vertex  7.500000e+00  1.299038e+01  0.000000e+00
     vertex  7.500000e+00  1.299038e+01  2.000000e+00
     vertex  8.138194e+00  1.260039e+01  0.000000e+00
   endloop
 endfacet
 facet normal  4.782540e-01  8.782216e-01 -0.000000e+00
   outer loop
     vertex  6.843160e+00  1.334808e+01  0.000000e+00
     vertex  6.843160e+00  1.334808e+01  2.000000e+00
     vertex  7.500000e+00  1.299038e+01  0.000000e+00
   endloop
 endfacet
 facet normal  4.338837e-01  9.009689e-01 -0.000000e+00
   outer loop
     vertex  6.169307e+00  1.367259e+01  0.000000e+00
     vertex  6.169307e+00  1.367259e+01  2.000000e+00
     vertex  6.843160e+00  1.334808e+01  2.000000e+00
   endloop
 endfacet
 facet normal  4.338837e-01  9.009689e-01 -8.370716e-18
   outer loop
     vertex  6.169307e+00  1.367259e+01  0.000000e+00
     vertex  6.843160e+00  1.334808e+01  2.000000e+00
     vertex  6.843160e+00  1.334808e+01  0.000000e+00
   endloop
 endfacet
 facet normal  3.884348e-01  9.214762e-01 -0.000000e+00
   outer loop
     vertex  5.480115e+00  1.396311e+01  0.000000e+00
     vertex  5.480115e+00  1.396311e+01  2.000000e+00
     vertex  6.169307e+00  1.367259e+01  2.000000e+00
   endloop
 endfacet
 facet normal  3.884348e-01  9.214762e-01 -3.793231e-18
   outer loop
     vertex  5.480115e+00  1.396311e+01  0.000000e+00
     vertex  6.169307e+00  1.367259e+01  2.000000e+00
     vertex  6.169307e+00  1.367259e+01  0.000000e+00
   endloop
 endfacet
 facet normal  3.420201e-01  9.396926e-01 -0.000000e+00
   outer loop
     vertex  4.777300e+00  1.421891e+01  0.000000e+00
     vertex  4.777300e+00  1.421891e+01  2.000000e+00
     vertex  5.480115e+00  1.396311e+01  2.000000e+00
   endloop
 endfacet
 facet normal  3.420201e-01  9.396926e-01 -5.101869e-18
   outer loop
     vertex  4.777300e+00  1.421891e+01  0.000000e+00
     vertex  5.480115e+00  1.396311e+01  2.000000e+00
     vertex  5.480115e+00  1.396311e+01  0.000000e+00
   endloop
 endfacet
 facet normal  2.947552e-01  9.555728e-01 -0.000000e+00
   outer loop
     vertex  4.062607e+00  1.443936e+01  0.000000e+00
     vertex  4.062607e+00  1.443936e+01  2.000000e+00
     vertex  4.777300e+00  1.421891e+01  2.000000e+00
   endloop
 endfacet
 facet normal  2.947552e-01  9.555728e-01 -8.805400e-18
   outer loop
     vertex  4.062607e+00  1.443936e+01  0.000000e+00
     vertex  4.777300e+00  1.421891e+01  2.000000e+00
     vertex  4.777300e+00  1.421891e+01  0.000000e+00
   endloop
 endfacet
 facet normal  2.467574e-01  9.690773e-01 -0.000000e+00
   outer loop
     vertex  3.337814e+00  1.462392e+01  0.000000e+00
     vertex  3.337814e+00  1.462392e+01  2.000000e+00
     vertex  4.062607e+00  1.443936e+01  2.000000e+00
   endloop
 endfacet
 facet normal  2.467574e-01  9.690773e-01  1.766472e-18
   outer loop
     vertex  3.337814e+00  1.462392e+01  0.000000e+00
     vertex  4.062607e+00  1.443936e+01  2.000000e+00
     vertex  4.062607e+00  1.443936e+01  0.000000e+00
   endloop
 endfacet
 facet normal  1.981461e-01  9.801725e-01 -0.000000e+00
   outer loop
     vertex  2.604723e+00  1.477212e+01  0.000000e+00
     vertex  2.604723e+00  1.477212e+01  2.000000e+00
     vertex  3.337814e+00  1.462392e+01  2.000000e+00
   endloop
 endfacet
 facet normal  1.981461e-01  9.801725e-01  2.187105e-18
   outer loop
     vertex  2.604723e+00  1.477212e+01  0.000000e+00
     vertex  3.337814e+00  1.462392e+01  2.000000e+00
     vertex  3.337814e+00  1.462392e+01  0.000000e+00
   endloop
 endfacet
 facet normal  1.490423e-01  9.888308e-01 -0.000000e+00
   outer loop
     vertex  1.865156e+00  1.488359e+01  0.000000e+00
     vertex  1.865156e+00  1.488359e+01  2.000000e+00
     vertex  2.604723e+00  1.477212e+01  2.000000e+00
   endloop
 endfacet
 facet normal  1.490423e-01  9.888308e-01 -1.943595e-18
   outer loop
     vertex  1.865156e+00  1.488359e+01  0.000000e+00
     vertex  2.604723e+00  1.477212e+01  2.000000e+00
     vertex  2.604723e+00  1.477212e+01  0.000000e+00
   endloop
 endfacet
 facet normal  9.956785e-02  9.950308e-01 -0.000000e+00
   outer loop
     vertex  1.120951e+00  1.495806e+01  0.000000e+00
     vertex  1.120951e+00  1.495806e+01  2.000000e+00
     vertex  1.865156e+00  1.488359e+01  2.000000e+00
   endloop
 endfacet
 facet normal  9.956785e-02  9.950308e-01  5.252510e-19
   outer loop
     vertex  1.120951e+00  1.495806e+01  0.000000e+00
     vertex  1.865156e+00  1.488359e+01  2.000000e+00
     vertex  1.865156e+00  1.488359e+01  0.000000e+00
   endloop
 endfacet
 facet normal  4.984589e-02  9.987569e-01 -0.000000e+00
   outer loop
     vertex  3.739604e-01  1.499534e+01  0.000000e+00
     vertex  3.739604e-01  1.499534e+01  2.000000e+00
     vertex  1.120951e+00  1.495806e+01  2.000000e+00
   endloop
 endfacet
 facet normal  4.984589e-02  9.987569e-01  2.962597e-22
   outer loop
     vertex  3.739604e-01  1.499534e+01  0.000000e+00
     vertex  1.120951e+00  1.495806e+01  2.000000e+00
     vertex  1.120951e+00  1.495806e+01  0.000000e+00
   endloop
 endfacet
 facet normal  0.000000e+00  1.000000e+00  0.000000e+00
   outer loop
     vertex -3.739604e-01  1.499534e+01  0.000000e+00
     vertex -3.739604e-01  1.499534e+01  2.000000e+00
     vertex  3.739604e-01  1.499534e+01  2.000000e+00
   endloop
 endfacet
 facet normal -4.984589e-02  9.987569e-01  0.000000e+00
   outer loop
     vertex -3.739604e-01  1.499534e+01  0.000000e+00
     vertex -1.120951e+00  1.495806e+01  2.000000e+00
     vertex -3.739604e-01  1.499534e+01  2.000000e+00
   endloop
 endfacet
 facet normal  0.000000e+00  1.000000e+00  0.000000e+00
   outer loop
     vertex -3.739604e-01  1.499534e+01  0.000000e+00
     vertex  3.739604e-01  1.499534e+01  2.000000e+00
     vertex  3.739604e-01  1.499534e+01  0.000000e+00
   endloop
 endfacet
 facet normal -4.984589e-02  9.987569e-01  0.000000e+00
   outer loop
     vertex -1.120951e+00  1.495806e+01  0.000000e+00
     vertex -1.120951e+00  1.495806e+01  2.000000e+00
     vertex -3.739604e-01  1.499534e+01  0.000000e+00
   endloop
 endfacet
 facet normal -9.956785e-02  9.950308e-01  0.000000e+00
   outer loop
     vertex -1.865156e+00  1.488359e+01  0.000000e+00
     vertex -1.865156e+00  1.488359e+01  2.000000e+00
     vertex -1.120951e+00  1.495806e+01  2.000000e+00
   endloop
 endfacet
 facet normal -9.956785e-02  9.950308e-01  1.251422e-18
   outer loop
     vertex -1.865156e+00  1.488359e+01  0.000000e+00
     vertex -1.120951e+00  1.495806e+01  2.000000e+00
     vertex -1.120951e+00  1.495806e+01  0.000000e+00
   endloop
 endfacet
 facet normal -1.490423e-01  9.888308e-01  0.000000e+00
   outer loop
     vertex -2.604723e+00  1.477212e+01  0.000000e+00
     vertex -2.604723e+00  1.477212e+01  2.000000e+00
     vertex -1.865156e+00  1.488359e+01  2.000000e+00
   endloop
 endfacet
 facet normal -1.981461e-01  9.801725e-01  0.000000e+00
   outer loop
     vertex -2.604723e+00  1.477212e+01  0.000000e+00
     vertex -3.337814e+00  1.462392e+01  2.000000e+00
     vertex -2.604723e+00  1.477212e+01  2.000000e+00
   endloop
 endfacet
 facet normal -1.490423e-01  9.888308e-01 -1.168215e-18
   outer loop
     vertex -2.604723e+00  1.477212e+01  0.000000e+00
     vertex -1.865156e+00  1.488359e+01  2.000000e+00
     vertex -1.865156e+00  1.488359e+01  0.000000e+00
   endloop
 endfacet
 facet normal -2.467574e-01  9.690773e-01  0.000000e+00
   outer loop
     vertex -3.337814e+00  1.462392e+01  0.000000e+00
     vertex -4.062607e+00  1.443936e+01  2.000000e+00
     vertex -3.337814e+00  1.462392e+01  2.000000e+00
   endloop
 endfacet
 facet normal -1.981461e-01  9.801725e-01  0.000000e+00
   outer loop
     vertex -3.337814e+00  1.462392e+01  0.000000e+00
     vertex -3.337814e+00  1.462392e+01  2.000000e+00
     vertex -2.604723e+00  1.477212e+01  0.000000e+00
   endloop
 endfacet
 facet normal -2.467574e-01  9.690773e-01  0.000000e+00
   outer loop
     vertex -4.062607e+00  1.443936e+01  0.000000e+00
     vertex -4.062607e+00  1.443936e+01  2.000000e+00
     vertex -3.337814e+00  1.462392e+01  0.000000e+00
   endloop
 endfacet
 facet normal -2.947552e-01  9.555728e-01  0.000000e+00
   outer loop
     vertex -4.062607e+00  1.443936e+01  0.000000e+00
     vertex -4.777300e+00  1.421891e+01  2.000000e+00
     vertex -4.062607e+00  1.443936e+01  2.000000e+00
   endloop
 endfacet
 facet normal -2.947552e-01  9.555728e-01  0.000000e+00
   outer loop
     vertex -4.777300e+00  1.421891e+01  0.000000e+00
     vertex -4.777300e+00  1.421891e+01  2.000000e+00
     vertex -4.062607e+00  1.443936e+01  0.000000e+00
   endloop
 endfacet
 facet normal -3.420201e-01  9.396926e-01  8.548059e-18
   outer loop
     vertex -5.480115e+00  1.396311e+01  0.000000e+00
     vertex -4.777300e+00  1.421891e+01  2.000000e+00
     vertex -4.777300e+00  1.421891e+01  0.000000e+00
   endloop
 endfacet
 facet normal -3.420201e-01  9.396926e-01  0.000000e+00
   outer loop
     vertex -5.480115e+00  1.396311e+01  0.000000e+00
     vertex -5.480115e+00  1.396311e+01  2.000000e+00
     vertex -4.777300e+00  1.421891e+01  2.000000e+00
   endloop
 endfacet
 facet normal -3.884348e-01  9.214762e-01 -9.258649e-18
   outer loop
     vertex -6.169307e+00  1.367259e+01  0.000000e+00
     vertex -5.480115e+00  1.396311e+01  2.000000e+00
     vertex -5.480115e+00  1.396311e+01  0.000000e+00
   endloop
 endfacet
 facet normal -3.884348e-01  9.214762e-01  0.000000e+00
   outer loop
     vertex -6.169307e+00  1.367259e+01  0.000000e+00
     vertex -6.169307e+00  1.367259e+01  2.000000e+00
     vertex -5.480115e+00  1.396311e+01  2.000000e+00
   endloop
 endfacet
 facet normal -4.338837e-01  9.009689e-01 -1.110096e-18
   outer loop
     vertex -6.843160e+00  1.334808e+01  0.000000e+00
     vertex -6.169307e+00  1.367259e+01  2.000000e+00
     vertex -6.169307e+00  1.367259e+01  0.000000e+00
   endloop
 endfacet
 facet normal -4.338837e-01  9.009689e-01  0.000000e+00
   outer loop
     vertex -6.843160e+00  1.334808e+01  0.000000e+00
     vertex -6.843160e+00  1.334808e+01  2.000000e+00
     vertex -6.169307e+00  1.367259e+01  2.000000e+00
   endloop
 endfacet
 facet normal -4.782540e-01  8.782216e-01  6.165537e-18
   outer loop
     vertex -7.500000e+00  1.299038e+01  0.000000e+00
     vertex -6.843160e+00  1.334808e+01  2.000000e+00
     vertex -6.843160e+00  1.334808e+01  0.000000e+00
   endloop
 endfacet
 facet normal -4.782540e-01  8.782216e-01  0.000000e+00
   outer loop
     vertex -7.500000e+00  1.299038e+01  0.000000e+00
     vertex -7.500000e+00  1.299038e+01  2.000000e+00
     vertex -6.843160e+00  1.334808e+01  2.000000e+00
   endloop
 endfacet
 facet normal -5.214352e-01  8.532909e-01  0.000000e+00
   outer loop
     vertex -7.500000e+00  1.299038e+01  0.000000e+00
     vertex -8.138194e+00  1.260039e+01  2.000000e+00
     vertex -7.500000e+00  1.299038e+01  2.000000e+00
   endloop
 endfacet
 facet normal -5.214352e-01  8.532909e-01  0.000000e+00
   outer loop
     vertex -8.138194e+00  1.260039e+01  0.000000e+00
     vertex -8.138194e+00  1.260039e+01  2.000000e+00
     vertex -7.500000e+00  1.299038e+01  0.000000e+00
   endloop
 endfacet
 facet normal -5.633201e-01  8.262388e-01  1.137098e-17
   outer loop
     vertex -8.756155e+00  1.217907e+01  0.000000e+00
     vertex -8.138194e+00  1.260039e+01  2.000000e+00
     vertex -8.138194e+00  1.260039e+01  0.000000e+00
   endloop
 endfacet
 facet normal -5.633201e-01  8.262388e-01  0.000000e+00
   outer loop
     vertex -8.756155e+00  1.217907e+01  0.000000e+00
     vertex -8.756155e+00  1.217907e+01  2.000000e+00
     vertex -8.138194e+00  1.260039e+01  2.000000e+00
   endloop
 endfacet
 facet normal -6.038044e-01  7.971325e-01  0.000000e+00
   outer loop
     vertex -8.756155e+00  1.217907e+01  0.000000e+00
     vertex -9.352347e+00  1.172747e+01  2.000000e+00
     vertex -8.756155e+00  1.217907e+01  2.000000e+00
   endloop
 endfacet
 facet normal -6.038044e-01  7.971325e-01  0.000000e+00
   outer loop
     vertex -9.352347e+00  1.172747e+01  0.000000e+00
     vertex -9.352347e+00  1.172747e+01  2.000000e+00
     vertex -8.756155e+00  1.217907e+01  0.000000e+00
   endloop
 endfacet
 facet normal -6.427876e-01  7.660444e-01 -1.254000e-17
   outer loop
     vertex -9.925288e+00  1.124672e+01  0.000000e+00
     vertex -9.352347e+00  1.172747e+01  2.000000e+00
     vertex -9.352347e+00  1.172747e+01  0.000000e+00
   endloop
 endfacet
 facet normal -6.427876e-01  7.660444e-01  0.000000e+00
   outer loop
     vertex -9.925288e+00  1.124672e+01  0.000000e+00
     vertex -9.925288e+00  1.124672e+01  2.000000e+00
     vertex -9.352347e+00  1.172747e+01  2.000000e+00
   endloop
 endfacet
 facet normal -6.801727e-01  7.330519e-01 -8.069612e-18
   outer loop
     vertex -1.047355e+01  1.073800e+01  0.000000e+00
     vertex -9.925288e+00  1.124672e+01  2.000000e+00
     vertex -9.925288e+00  1.124672e+01  0.000000e+00
   endloop
 endfacet
 facet normal -6.801727e-01  7.330519e-01  0.000000e+00
   outer loop
     vertex -1.047355e+01  1.073800e+01  0.000000e+00
     vertex -1.047355e+01  1.073800e+01  2.000000e+00
     vertex -9.925288e+00  1.124672e+01  2.000000e+00
   endloop
 endfacet
 facet normal -7.158668e-01  6.982368e-01  0.000000e+00
   outer loop
     vertex -1.099578e+01  1.020259e+01  0.000000e+00
     vertex -1.099578e+01  1.020259e+01  2.000000e+00
     vertex -1.047355e+01  1.073800e+01  2.000000e+00
   endloop
 endfacet
 facet normal -7.158668e-01  6.982368e-01  1.192414e-17
   outer loop
     vertex -1.099578e+01  1.020259e+01  0.000000e+00
     vertex -1.047355e+01  1.073800e+01  2.000000e+00
     vertex -1.047355e+01  1.073800e+01  0.000000e+00
   endloop
 endfacet
 facet normal -7.497812e-01  6.616858e-01  0.000000e+00
   outer loop
     vertex -1.149067e+01  9.641814e+00  0.000000e+00
     vertex -1.149067e+01  9.641814e+00  2.000000e+00
     vertex -1.099578e+01  1.020259e+01  2.000000e+00
   endloop
 endfacet
 facet normal -7.497812e-01  6.616858e-01 -3.977684e-18
   outer loop
     vertex -1.149067e+01  9.641814e+00  0.000000e+00
     vertex -1.099578e+01  1.020259e+01  2.000000e+00
     vertex -1.099578e+01  1.020259e+01  0.000000e+00
   endloop
 endfacet
 facet normal -7.818315e-01  6.234898e-01  0.000000e+00
   outer loop
     vertex -1.195699e+01  9.057066e+00  0.000000e+00
     vertex -1.195699e+01  9.057066e+00  2.000000e+00
     vertex -1.149067e+01  9.641814e+00  2.000000e+00
   endloop
 endfacet
 facet normal -7.818315e-01  6.234898e-01  5.732707e-18
   outer loop
     vertex -1.195699e+01  9.057066e+00  0.000000e+00
     vertex -1.149067e+01  9.641814e+00  2.000000e+00
     vertex -1.149067e+01  9.641814e+00  0.000000e+00
   endloop
 endfacet
 facet normal -8.119380e-01  5.837437e-01  0.000000e+00
   outer loop
     vertex -1.239358e+01  8.449801e+00  0.000000e+00
     vertex -1.239358e+01  8.449801e+00  2.000000e+00
     vertex -1.195699e+01  9.057066e+00  2.000000e+00
   endloop
 endfacet
 facet normal -8.400259e-01  5.425463e-01  0.000000e+00
   outer loop
     vertex -1.239358e+01  8.449801e+00  0.000000e+00
     vertex -1.279936e+01  7.821528e+00  2.000000e+00
     vertex -1.239358e+01  8.449801e+00  2.000000e+00
   endloop
 endfacet
 facet normal -8.119380e-01  5.837437e-01 -7.967435e-18
   outer loop
     vertex -1.239358e+01  8.449801e+00  0.000000e+00
     vertex -1.195699e+01  9.057066e+00  2.000000e+00
     vertex -1.195699e+01  9.057066e+00  0.000000e+00
   endloop
 endfacet
 facet normal -8.660254e-01  5.000000e-01  0.000000e+00
   outer loop
     vertex -1.279936e+01  7.821528e+00  0.000000e+00
     vertex -1.317332e+01  7.173810e+00  2.000000e+00
     vertex -1.279936e+01  7.821528e+00  2.000000e+00
   endloop
 endfacet
 facet normal -8.400259e-01  5.425463e-01  0.000000e+00
   outer loop
     vertex -1.279936e+01  7.821528e+00  0.000000e+00
     vertex -1.279936e+01  7.821528e+00  2.000000e+00
     vertex -1.239358e+01  8.449801e+00  0.000000e+00
   endloop
 endfacet
 facet normal -8.660254e-01  5.000000e-01  0.000000e+00
   outer loop
     vertex -1.317332e+01  7.173810e+00  0.000000e+00
     vertex -1.317332e+01  7.173810e+00  2.000000e+00
     vertex -1.279936e+01  7.821528e+00  0.000000e+00
   endloop
 endfacet
 facet normal -8.898718e-01  4.562107e-01  0.000000e+00
   outer loop
     vertex -1.351453e+01  6.508256e+00  0.000000e+00
     vertex -1.351453e+01  6.508256e+00  2.000000e+00
     vertex -1.317332e+01  7.173810e+00  2.000000e+00
   endloop
 endfacet
 facet normal -8.898718e-01  4.562107e-01  8.914407e-18
   outer loop
     vertex -1.351453e+01  6.508256e+00  0.000000e+00
     vertex -1.317332e+01  7.173810e+00  2.000000e+00
     vertex -1.317332e+01  7.173810e+00  0.000000e+00
   endloop
 endfacet
 facet normal -9.115059e-01  4.112871e-01  0.000000e+00
   outer loop
     vertex -1.382214e+01  5.826522e+00  0.000000e+00
     vertex -1.382214e+01  5.826522e+00  2.000000e+00
     vertex -1.351453e+01  6.508256e+00  2.000000e+00
   endloop
 endfacet
 facet normal -9.115059e-01  4.112871e-01 -3.178632e-18
   outer loop
     vertex -1.382214e+01  5.826522e+00  0.000000e+00
     vertex -1.351453e+01  6.508256e+00  2.000000e+00
     vertex -1.351453e+01  6.508256e+00  0.000000e+00
   endloop
 endfacet
 facet normal -9.308737e-01  3.653410e-01  0.000000e+00
   outer loop
     vertex -1.409539e+01  5.130302e+00  0.000000e+00
     vertex -1.409539e+01  5.130302e+00  2.000000e+00
     vertex -1.382214e+01  5.826522e+00  2.000000e+00
   endloop
 endfacet
 facet normal -9.308737e-01  3.653410e-01  5.008714e-18
   outer loop
     vertex -1.409539e+01  5.130302e+00  0.000000e+00
     vertex -1.382214e+01  5.826522e+00  2.000000e+00
     vertex -1.382214e+01  5.826522e+00  0.000000e+00
   endloop
 endfacet
 facet normal -9.479273e-01  3.184867e-01  0.000000e+00
   outer loop
     vertex -1.433359e+01  4.421328e+00  0.000000e+00
     vertex -1.433359e+01  4.421328e+00  2.000000e+00
     vertex -1.409539e+01  5.130302e+00  2.000000e+00
   endloop
 endfacet
 facet normal -9.479273e-01  3.184867e-01 -2.099881e-18
   outer loop
     vertex -1.433359e+01  4.421328e+00  0.000000e+00
     vertex -1.409539e+01  5.130302e+00  2.000000e+00
     vertex -1.409539e+01  5.130302e+00  0.000000e+00
   endloop
 endfacet
 facet normal -9.626242e-01  2.708405e-01  0.000000e+00
   outer loop
     vertex -1.453616e+01  3.701361e+00  0.000000e+00
     vertex -1.453616e+01  3.701361e+00  2.000000e+00
     vertex -1.433359e+01  4.421328e+00  2.000000e+00
   endloop
 endfacet
 facet normal -9.749279e-01  2.225209e-01  0.000000e+00
   outer loop
     vertex -1.453616e+01  3.701361e+00  0.000000e+00
     vertex -1.470259e+01  2.972192e+00  2.000000e+00
     vertex -1.453616e+01  3.701361e+00  2.000000e+00
   endloop
 endfacet
 facet normal -9.626242e-01  2.708405e-01  8.465279e-18
   outer loop
     vertex -1.453616e+01  3.701361e+00  0.000000e+00
     vertex -1.433359e+01  4.421328e+00  2.000000e+00
     vertex -1.433359e+01  4.421328e+00  0.000000e+00
   endloop
 endfacet
 facet normal -9.749279e-01  2.225209e-01  0.000000e+00
   outer loop
     vertex -1.470259e+01  2.972192e+00  0.000000e+00
     vertex -1.470259e+01  2.972192e+00  2.000000e+00
     vertex -1.453616e+01  3.701361e+00  0.000000e+00
   endloop
 endfacet
 facet normal -9.848078e-01  1.736482e-01  0.000000e+00
   outer loop
     vertex -1.483246e+01  2.235634e+00  0.000000e+00
     vertex -1.483246e+01  2.235634e+00  2.000000e+00
     vertex -1.470259e+01  2.972192e+00  2.000000e+00
   endloop
 endfacet
 facet normal -9.922392e-01  1.243437e-01  0.000000e+00
   outer loop
     vertex -1.483246e+01  2.235634e+00  0.000000e+00
     vertex -1.492546e+01  1.493518e+00  2.000000e+00
     vertex -1.483246e+01  2.235634e+00  2.000000e+00
   endloop
 endfacet
 facet normal -9.848078e-01  1.736482e-01  2.990321e-19
   outer loop
     vertex -1.483246e+01  2.235634e+00  0.000000e+00
     vertex -1.470259e+01  2.972192e+00  2.000000e+00
     vertex -1.470259e+01  2.972192e+00  0.000000e+00
   endloop
 endfacet
 facet normal -9.972038e-01  7.473009e-02  0.000000e+00
   outer loop
     vertex -1.492546e+01  1.493518e+00  0.000000e+00
     vertex -1.498135e+01  7.476883e-01  2.000000e+00
     vertex -1.492546e+01  1.493518e+00  2.000000e+00
   endloop
 endfacet
 facet normal -9.922392e-01  1.243437e-01  0.000000e+00
   outer loop
     vertex -1.492546e+01  1.493518e+00  0.000000e+00
     vertex -1.492546e+01  1.493518e+00  2.000000e+00
     vertex -1.483246e+01  2.235634e+00  0.000000e+00
   endloop
 endfacet
 facet normal -9.972038e-01  7.473009e-02  0.000000e+00
   outer loop
     vertex -1.498135e+01  7.476883e-01  0.000000e+00
     vertex -1.498135e+01  7.476883e-01  2.000000e+00
     vertex -1.492546e+01  1.493518e+00  0.000000e+00
   endloop
 endfacet
 facet normal -9.996892e-01  2.493069e-02 -4.997988e-19
   outer loop
     vertex -1.500000e+01 -5.145373e-14  0.000000e+00
     vertex -1.498135e+01  7.476883e-01  2.000000e+00
     vertex -1.498135e+01  7.476883e-01  0.000000e+00
   endloop
 endfacet
 facet normal -9.996892e-01  2.493069e-02  0.000000e+00
   outer loop
     vertex -1.500000e+01 -5.145373e-14  0.000000e+00
     vertex -1.500000e+01 -5.145373e-14  2.000000e+00
     vertex -1.498135e+01  7.476883e-01  2.000000e+00
   endloop
 endfacet
 facet normal -9.996892e-01 -2.493069e-02 -5.420864e-19
   outer loop
     vertex -1.498135e+01 -7.476883e-01  0.000000e+00
     vertex -1.500000e+01 -5.145373e-14  2.000000e+00
     vertex -1.500000e+01 -5.145373e-14  0.000000e+00
   endloop
 endfacet
 facet normal -9.996892e-01 -2.493069e-02  0.000000e+00
   outer loop
     vertex -1.498135e+01 -7.476883e-01  0.000000e+00
     vertex -1.498135e+01 -7.476883e-01  2.000000e+00
     vertex -1.500000e+01 -5.145373e-14  2.000000e+00
   endloop
 endfacet
 facet normal -9.972038e-01 -7.473009e-02  8.368558e-19
   outer loop
     vertex -1.492546e+01 -1.493518e+00  0.000000e+00
     vertex -1.498135e+01 -7.476883e-01  2.000000e+00
     vertex -1.498135e+01 -7.476883e-01  0.000000e+00
   endloop
 endfacet
 facet normal -9.972038e-01 -7.473009e-02  0.000000e+00
   outer loop
     vertex -1.492546e+01 -1.493518e+00  0.000000e+00
     vertex -1.492546e+01 -1.493518e+00  2.000000e+00
     vertex -1.498135e+01 -7.476883e-01  2.000000e+00
   endloop
 endfacet
 facet normal -9.922392e-01 -1.243437e-01  3.861507e-18
   outer loop
     vertex -1.483246e+01 -2.235634e+00  0.000000e+00
     vertex -1.492546e+01 -1.493518e+00  2.000000e+00
     vertex -1.492546e+01 -1.493518e+00  0.000000e+00
   endloop
 endfacet
 facet normal -9.922392e-01 -1.243437e-01  0.000000e+00
   outer loop
     vertex -1.483246e+01 -2.235634e+00  0.000000e+00
     vertex -1.483246e+01 -2.235634e+00  2.000000e+00
     vertex -1.492546e+01 -1.493518e+00  2.000000e+00
   endloop
 endfacet
 facet normal -9.848078e-01 -1.736482e-01  2.648184e-18
   outer loop
     vertex -1.470259e+01 -2.972192e+00  0.000000e+00
     vertex -1.483246e+01 -2.235634e+00  2.000000e+00
     vertex -1.483246e+01 -2.235634e+00  0.000000e+00
   endloop
 endfacet
 facet normal -9.848078e-01 -1.736482e-01  0.000000e+00
   outer loop
     vertex -1.470259e+01 -2.972192e+00  0.000000e+00
     vertex -1.470259e+01 -2.972192e+00  2.000000e+00
     vertex -1.483246e+01 -2.235634e+00  2.000000e+00
   endloop
 endfacet
 facet normal -9.749279e-01 -2.225209e-01  1.993834e-18
   outer loop
     vertex -1.453616e+01 -3.701361e+00  0.000000e+00
     vertex -1.470259e+01 -2.972192e+00  2.000000e+00
     vertex -1.470259e+01 -2.972192e+00  0.000000e+00
   endloop
 endfacet
 facet normal -9.749279e-01 -2.225209e-01  0.000000e+00
   outer loop
     vertex -1.453616e+01 -3.701361e+00  0.000000e+00
     vertex -1.453616e+01 -3.701361e+00  2.000000e+00
     vertex -1.470259e+01 -2.972192e+00  2.000000e+00
   endloop
 endfacet
 facet normal -9.626242e-01 -2.708405e-01 -3.853327e-18
   outer loop
     vertex -1.433359e+01 -4.421328e+00  0.000000e+00
     vertex -1.453616e+01 -3.701361e+00  2.000000e+00
     vertex -1.453616e+01 -3.701361e+00  0.000000e+00
   endloop
 endfacet
 facet normal -9.626242e-01 -2.708405e-01  0.000000e+00
   outer loop
     vertex -1.433359e+01 -4.421328e+00  0.000000e+00
     vertex -1.433359e+01 -4.421328e+00  2.000000e+00
     vertex -1.453616e+01 -3.701361e+00  2.000000e+00
   endloop
 endfacet
 facet normal -9.479273e-01 -3.184867e-01 -7.189233e-18
   outer loop
     vertex -1.409539e+01 -5.130302e+00  0.000000e+00
     vertex -1.433359e+01 -4.421328e+00  2.000000e+00
     vertex -1.433359e+01 -4.421328e+00  0.000000e+00
   endloop
 endfacet
 facet normal -9.479273e-01 -3.184867e-01  0.000000e+00
   outer loop
     vertex -1.409539e+01 -5.130302e+00  0.000000e+00
     vertex -1.409539e+01 -5.130302e+00  2.000000e+00
     vertex -1.433359e+01 -4.421328e+00  2.000000e+00
   endloop
 endfacet
 facet normal -9.308737e-01 -3.653410e-01 -4.170375e-18
   outer loop
     vertex -1.382214e+01 -5.826522e+00  0.000000e+00
     vertex -1.409539e+01 -5.130302e+00  2.000000e+00
     vertex -1.409539e+01 -5.130302e+00  0.000000e+00
   endloop
 endfacet
 facet normal -9.308737e-01 -3.653410e-01  0.000000e+00
   outer loop
     vertex -1.382214e+01 -5.826522e+00  0.000000e+00
     vertex -1.382214e+01 -5.826522e+00  2.000000e+00
     vertex -1.409539e+01 -5.130302e+00  2.000000e+00
   endloop
 endfacet
 facet normal -9.115059e-01 -4.112871e-01  0.000000e+00
   outer loop
     vertex -1.382214e+01 -5.826522e+00  0.000000e+00
     vertex -1.351453e+01 -6.508256e+00  2.000000e+00
     vertex -1.382214e+01 -5.826522e+00  2.000000e+00
   endloop
 endfacet
 facet normal -9.115059e-01 -4.112871e-01  0.000000e+00
   outer loop
     vertex -1.351453e+01 -6.508256e+00  0.000000e+00
     vertex -1.351453e+01 -6.508256e+00  2.000000e+00
     vertex -1.382214e+01 -5.826522e+00  0.000000e+00
   endloop
 endfacet
 facet normal -8.898718e-01 -4.562107e-01 -4.424563e-18
   outer loop
     vertex -1.317332e+01 -7.173810e+00  0.000000e+00
     vertex -1.351453e+01 -6.508256e+00  2.000000e+00
     vertex -1.351453e+01 -6.508256e+00  0.000000e+00
   endloop
 endfacet
 facet normal -8.898718e-01 -4.562107e-01  0.000000e+00
   outer loop
     vertex -1.317332e+01 -7.173810e+00  0.000000e+00
     vertex -1.317332e+01 -7.173810e+00  2.000000e+00
     vertex -1.351453e+01 -6.508256e+00  2.000000e+00
   endloop
 endfacet
 facet normal -8.660254e-01 -5.000000e-01  0.000000e+00
   outer loop
     vertex -1.317332e+01 -7.173810e+00  0.000000e+00
     vertex -1.279936e+01 -7.821528e+00  2.000000e+00
     vertex -1.317332e+01 -7.173810e+00  2.000000e+00
   endloop
 endfacet
 facet normal -8.660254e-01 -5.000000e-01  0.000000e+00
   outer loop
     vertex -1.279936e+01 -7.821528e+00  0.000000e+00
     vertex -1.279936e+01 -7.821528e+00  2.000000e+00
     vertex -1.317332e+01 -7.173810e+00  0.000000e+00
   endloop
 endfacet
 facet normal -8.400259e-01 -5.425463e-01  0.000000e+00
   outer loop
     vertex -1.279936e+01 -7.821528e+00  0.000000e+00
     vertex -1.239358e+01 -8.449801e+00  2.000000e+00
     vertex -1.279936e+01 -7.821528e+00  2.000000e+00
   endloop
 endfacet
 facet normal -8.400259e-01 -5.425463e-01  0.000000e+00
   outer loop
     vertex -1.239358e+01 -8.449801e+00  0.000000e+00
     vertex -1.239358e+01 -8.449801e+00  2.000000e+00
     vertex -1.279936e+01 -7.821528e+00  0.000000e+00
   endloop
 endfacet
 facet normal -8.119380e-01 -5.837437e-01  8.631395e-19
   outer loop
     vertex -1.195699e+01 -9.057066e+00  0.000000e+00
     vertex -1.239358e+01 -8.449801e+00  2.000000e+00
     vertex -1.239358e+01 -8.449801e+00  0.000000e+00
   endloop
 endfacet
 facet normal -8.119380e-01 -5.837437e-01  0.000000e+00
   outer loop
     vertex -1.195699e+01 -9.057066e+00  0.000000e+00
     vertex -1.195699e+01 -9.057066e+00  2.000000e+00
     vertex -1.239358e+01 -8.449801e+00  2.000000e+00
   endloop
 endfacet
 facet normal -7.818315e-01 -6.234898e-01 -8.617263e-18
   outer loop
     vertex -1.149067e+01 -9.641814e+00  0.000000e+00
     vertex -1.195699e+01 -9.057066e+00  2.000000e+00
     vertex -1.195699e+01 -9.057066e+00  0.000000e+00
   endloop
 endfacet
 facet normal -7.818315e-01 -6.234898e-01  0.000000e+00
   outer loop
     vertex -1.149067e+01 -9.641814e+00  0.000000e+00
     vertex -1.149067e+01 -9.641814e+00  2.000000e+00
     vertex -1.195699e+01 -9.057066e+00  2.000000e+00
   endloop
 endfacet
 facet normal -7.497812e-01 -6.616858e-01  0.000000e+00
   outer loop
     vertex -1.149067e+01 -9.641814e+00  0.000000e+00
     vertex -1.099578e+01 -1.020259e+01  2.000000e+00
     vertex -1.149067e+01 -9.641814e+00  2.000000e+00
   endloop
 endfacet
 facet normal -7.497812e-01 -6.616858e-01  0.000000e+00
   outer loop
     vertex -1.099578e+01 -1.020259e+01  0.000000e+00
     vertex -1.099578e+01 -1.020259e+01  2.000000e+00
     vertex -1.149067e+01 -9.641814e+00  0.000000e+00
   endloop
 endfacet
 facet normal -7.158668e-01 -6.982368e-01  4.585449e-18
   outer loop
     vertex -1.047355e+01 -1.073800e+01  0.000000e+00
     vertex -1.099578e+01 -1.020259e+01  2.000000e+00
     vertex -1.099578e+01 -1.020259e+01  0.000000e+00
   endloop
 endfacet
 facet normal -7.158668e-01 -6.982368e-01  0.000000e+00
   outer loop
     vertex -1.047355e+01 -1.073800e+01  0.000000e+00
     vertex -1.047355e+01 -1.073800e+01  2.000000e+00
     vertex -1.099578e+01 -1.020259e+01  2.000000e+00
   endloop
 endfacet
 facet normal -6.801727e-01 -7.330519e-01  0.000000e+00
   outer loop
     vertex -1.047355e+01 -1.073800e+01  0.000000e+00
     vertex -9.925288e+00 -1.124672e+01  2.000000e+00
     vertex -1.047355e+01 -1.073800e+01  2.000000e+00
   endloop
 endfacet
 facet normal -6.801727e-01 -7.330519e-01  0.000000e+00
   outer loop
     vertex -9.925288e+00 -1.124672e+01  0.000000e+00
     vertex -9.925288e+00 -1.124672e+01  2.000000e+00
     vertex -1.047355e+01 -1.073800e+01  0.000000e+00
   endloop
 endfacet
 facet normal -6.427876e-01 -7.660444e-01 -5.429120e-18
   outer loop
     vertex -9.352347e+00 -1.172747e+01  0.000000e+00
     vertex -9.925288e+00 -1.124672e+01  2.000000e+00
     vertex -9.925288e+00 -1.124672e+01  0.000000e+00
   endloop
 endfacet
 facet normal -6.427876e-01 -7.660444e-01  0.000000e+00
   outer loop
     vertex -9.352347e+00 -1.172747e+01  0.000000e+00
     vertex -9.352347e+00 -1.172747e+01  2.000000e+00
     vertex -9.925288e+00 -1.124672e+01  2.000000e+00
   endloop
 endfacet
 facet normal -6.038044e-01 -7.971325e-01 -6.950581e-18
   outer loop
     vertex -8.756155e+00 -1.217907e+01  0.000000e+00
     vertex -9.352347e+00 -1.172747e+01  2.000000e+00
     vertex -9.352347e+00 -1.172747e+01  0.000000e+00
   endloop
 endfacet
 facet normal -6.038044e-01 -7.971325e-01  0.000000e+00
   outer loop
     vertex -8.756155e+00 -1.217907e+01  0.000000e+00
     vertex -8.756155e+00 -1.217907e+01  2.000000e+00
     vertex -9.352347e+00 -1.172747e+01  2.000000e+00
   endloop
 endfacet
 facet normal -5.633201e-01 -8.262388e-01  0.000000e+00
   outer loop
     vertex -8.756155e+00 -1.217907e+01  0.000000e+00
     vertex -8.138194e+00 -1.260039e+01  2.000000e+00
     vertex -8.756155e+00 -1.217907e+01  2.000000e+00
   endloop
 endfacet
 facet normal -5.633201e-01 -8.262388e-01  0.000000e+00
   outer loop
     vertex -8.138194e+00 -1.260039e+01  0.000000e+00
     vertex -8.138194e+00 -1.260039e+01  2.000000e+00
     vertex -8.756155e+00 -1.217907e+01  0.000000e+00
   endloop
 endfacet
 facet normal -5.214352e-01 -8.532909e-01  0.000000e+00
   outer loop
     vertex -7.500000e+00 -1.299038e+01  0.000000e+00
     vertex -7.500000e+00 -1.299038e+01  2.000000e+00
     vertex -8.138194e+00 -1.260039e+01  2.000000e+00
   endloop
 endfacet
 facet normal -5.214352e-01 -8.532909e-01  3.327471e-18
   outer loop
     vertex -7.500000e+00 -1.299038e+01  0.000000e+00
     vertex -8.138194e+00 -1.260039e+01  2.000000e+00
     vertex -8.138194e+00 -1.260039e+01  0.000000e+00
   endloop
 endfacet
 facet normal -4.782540e-01 -8.782216e-01  0.000000e+00
   outer loop
     vertex -6.843160e+00 -1.334808e+01  0.000000e+00
     vertex -6.843160e+00 -1.334808e+01  2.000000e+00
     vertex -7.500000e+00 -1.299038e+01  2.000000e+00
   endloop
 endfacet
 facet normal -4.338837e-01 -9.009689e-01  0.000000e+00
   outer loop
     vertex -6.843160e+00 -1.334808e+01  0.000000e+00
     vertex -6.169307e+00 -1.367259e+01  2.000000e+00
     vertex -6.843160e+00 -1.334808e+01  2.000000e+00
   endloop
 endfacet
 facet normal -4.782540e-01 -8.782216e-01  5.510546e-18
   outer loop
     vertex -6.843160e+00 -1.334808e+01  0.000000e+00
     vertex -7.500000e+00 -1.299038e+01  2.000000e+00
     vertex -7.500000e+00 -1.299038e+01  0.000000e+00
   endloop
 endfacet
 facet normal -4.338837e-01 -9.009689e-01  0.000000e+00
   outer loop
     vertex -6.169307e+00 -1.367259e+01  0.000000e+00
     vertex -6.169307e+00 -1.367259e+01  2.000000e+00
     vertex -6.843160e+00 -1.334808e+01  0.000000e+00
   endloop
 endfacet
 facet normal -3.884348e-01 -9.214762e-01  0.000000e+00
   outer loop
     vertex -5.480115e+00 -1.396311e+01  0.000000e+00
     vertex -5.480115e+00 -1.396311e+01  2.000000e+00
     vertex -6.169307e+00 -1.367259e+01  2.000000e+00
   endloop
 endfacet
 facet normal -3.884348e-01 -9.214762e-01  6.322399e-18
   outer loop
     vertex -5.480115e+00 -1.396311e+01  0.000000e+00
     vertex -6.169307e+00 -1.367259e+01  2.000000e+00
     vertex -6.169307e+00 -1.367259e+01  0.000000e+00
   endloop
 endfacet
 facet normal -3.420201e-01 -9.396926e-01 -7.958668e-18
   outer loop
     vertex -4.777300e+00 -1.421891e+01  0.000000e+00
     vertex -5.480115e+00 -1.396311e+01  2.000000e+00
     vertex -5.480115e+00 -1.396311e+01  0.000000e+00
   endloop
 endfacet
 facet normal -3.420201e-01 -9.396926e-01  0.000000e+00
   outer loop
     vertex -4.777300e+00 -1.421891e+01  0.000000e+00
     vertex -4.777300e+00 -1.421891e+01  2.000000e+00
     vertex -5.480115e+00 -1.396311e+01  2.000000e+00
   endloop
 endfacet
 facet normal -2.947552e-01 -9.555728e-01  0.000000e+00
   outer loop
     vertex -4.777300e+00 -1.421891e+01  0.000000e+00
     vertex -4.062607e+00 -1.443936e+01  2.000000e+00
     vertex -4.777300e+00 -1.421891e+01  2.000000e+00
   endloop
 endfacet
 facet normal -2.947552e-01 -9.555728e-01  0.000000e+00
   outer loop
     vertex -4.062607e+00 -1.443936e+01  0.000000e+00
     vertex -4.062607e+00 -1.443936e+01  2.000000e+00
     vertex -4.777300e+00 -1.421891e+01  0.000000e+00
   endloop
 endfacet
 facet normal -2.467574e-01 -9.690773e-01 -6.651473e-18
   outer loop
     vertex -3.337814e+00 -1.462392e+01  0.000000e+00
     vertex -4.062607e+00 -1.443936e+01  2.000000e+00
     vertex -4.062607e+00 -1.443936e+01  0.000000e+00
   endloop
 endfacet
 facet normal -2.467574e-01 -9.690773e-01  0.000000e+00
   outer loop
     vertex -3.337814e+00 -1.462392e+01  0.000000e+00
     vertex -3.337814e+00 -1.462392e+01  2.000000e+00
     vertex -4.062607e+00 -1.443936e+01  2.000000e+00
   endloop
 endfacet
 facet normal -1.981461e-01 -9.801725e-01  0.000000e+00
   outer loop
     vertex -3.337814e+00 -1.462392e+01  0.000000e+00
     vertex -2.604723e+00 -1.477212e+01  2.000000e+00
     vertex -3.337814e+00 -1.462392e+01  2.000000e+00
   endloop
 endfacet
 facet normal -1.981461e-01 -9.801725e-01  0.000000e+00
   outer loop
     vertex -2.604723e+00 -1.477212e+01  0.000000e+00
     vertex -2.604723e+00 -1.477212e+01  2.000000e+00
     vertex -3.337814e+00 -1.462392e+01  0.000000e+00
   endloop
 endfacet
 facet normal -1.490423e-01 -9.888308e-01  0.000000e+00
   outer loop
     vertex -2.604723e+00 -1.477212e+01  0.000000e+00
     vertex -1.865156e+00 -1.488359e+01  2.000000e+00
     vertex -2.604723e+00 -1.477212e+01  2.000000e+00
   endloop
 endfacet
 facet normal -1.490423e-01 -9.888308e-01  0.000000e+00
   outer loop
     vertex -1.865156e+00 -1.488359e+01  0.000000e+00
     vertex -1.865156e+00 -1.488359e+01  2.000000e+00
     vertex -2.604723e+00 -1.477212e+01  0.000000e+00
   endloop
 endfacet
 facet normal -9.956785e-02 -9.950308e-01 -1.076352e-18
   outer loop
     vertex -1.120951e+00 -1.495806e+01  0.000000e+00
     vertex -1.865156e+00 -1.488359e+01  2.000000e+00
     vertex -1.865156e+00 -1.488359e+01  0.000000e+00
   endloop
 endfacet
 facet normal -9.956785e-02 -9.950308e-01  0.000000e+00
   outer loop
     vertex -1.120951e+00 -1.495806e+01  0.000000e+00
     vertex -1.120951e+00 -1.495806e+01  2.000000e+00
     vertex -1.865156e+00 -1.488359e+01  2.000000e+00
   endloop
 endfacet
 facet normal -4.984589e-02 -9.987569e-01 -7.833949e-19
   outer loop
     vertex -3.739604e-01 -1.499534e+01  0.000000e+00
     vertex -1.120951e+00 -1.495806e+01  2.000000e+00
     vertex -1.120951e+00 -1.495806e+01  0.000000e+00
   endloop
 endfacet
 facet normal -4.984589e-02 -9.987569e-01  0.000000e+00
   outer loop
     vertex -3.739604e-01 -1.499534e+01  0.000000e+00
     vertex -3.739604e-01 -1.499534e+01  2.000000e+00
     vertex -1.120951e+00 -1.495806e+01  2.000000e+00
   endloop
 endfacet
 facet normal  9.500241e-15 -1.000000e+00  0.000000e+00
   outer loop
     vertex -3.739604e-01 -1.499534e+01  0.000000e+00
     vertex  3.739604e-01 -1.499534e+01  2.000000e+00
     vertex -3.739604e-01 -1.499534e+01  2.000000e+00
   endloop
 endfacet
 facet normal  9.500241e-15 -1.000000e+00  0.000000e+00
   outer loop
     vertex  3.739604e-01 -1.499534e+01  0.000000e+00
     vertex  3.739604e-01 -1.499534e+01  2.000000e+00
     vertex -3.739604e-01 -1.499534e+01  0.000000e+00
   endloop
 endfacet
 facet normal  4.984589e-02 -9.987569e-01 -9.540178e-19
   outer loop
     vertex  1.120951e+00 -1.495806e+01  0.000000e+00
     vertex  3.739604e-01 -1.499534e+01  2.000000e+00
     vertex  3.739604e-01 -1.499534e+01  0.000000e+00
   endloop
 endfacet
 facet normal  4.984589e-02 -9.987569e-01  0.000000e+00
   outer loop
     vertex  1.120951e+00 -1.495806e+01  0.000000e+00
     vertex  1.120951e+00 -1.495806e+01  2.000000e+00
     vertex  3.739604e-01 -1.499534e+01  2.000000e+00
   endloop
 endfacet
 facet normal  9.956785e-02 -9.950308e-01 -1.946388e-18
   outer loop
     vertex  1.865156e+00 -1.488359e+01  0.000000e+00
     vertex  1.120951e+00 -1.495806e+01  2.000000e+00
     vertex  1.120951e+00 -1.495806e+01  0.000000e+00
   endloop
 endfacet
 facet normal  9.956785e-02 -9.950308e-01  0.000000e+00
   outer loop
     vertex  1.865156e+00 -1.488359e+01  0.000000e+00
     vertex  1.865156e+00 -1.488359e+01  2.000000e+00
     vertex  1.120951e+00 -1.495806e+01  2.000000e+00
   endloop
 endfacet
 facet normal  1.490423e-01 -9.888308e-01  4.517105e-18
   outer loop
     vertex  2.604723e+00 -1.477212e+01  0.000000e+00
     vertex  1.865156e+00 -1.488359e+01  2.000000e+00
     vertex  1.865156e+00 -1.488359e+01  0.000000e+00
   endloop
 endfacet
 facet normal  1.490423e-01 -9.888308e-01  0.000000e+00
   outer loop
     vertex  2.604723e+00 -1.477212e+01  0.000000e+00
     vertex  2.604723e+00 -1.477212e+01  2.000000e+00
     vertex  1.865156e+00 -1.488359e+01  2.000000e+00
   endloop
 endfacet
 facet normal  1.981461e-01 -9.801725e-01  0.000000e+00
   outer loop
     vertex  2.604723e+00 -1.477212e+01  0.000000e+00
     vertex  3.337814e+00 -1.462392e+01  2.000000e+00
     vertex  2.604723e+00 -1.477212e+01  2.000000e+00
   endloop
 endfacet
 facet normal  1.981461e-01 -9.801725e-01  0.000000e+00
   outer loop
     vertex  3.337814e+00 -1.462392e+01  0.000000e+00
     vertex  3.337814e+00 -1.462392e+01  2.000000e+00
     vertex  2.604723e+00 -1.477212e+01  0.000000e+00
   endloop
 endfacet
 facet normal  2.467574e-01 -9.690773e-01  0.000000e+00
   outer loop
     vertex  4.062607e+00 -1.443936e+01  0.000000e+00
     vertex  4.062607e+00 -1.443936e+01  2.000000e+00
     vertex  3.337814e+00 -1.462392e+01  2.000000e+00
   endloop
 endfacet
 facet normal  2.467574e-01 -9.690773e-01  4.886107e-18
   outer loop
     vertex  4.062607e+00 -1.443936e+01  0.000000e+00
     vertex  3.337814e+00 -1.462392e+01  2.000000e+00
     vertex  3.337814e+00 -1.462392e+01  0.000000e+00
   endloop
 endfacet
 facet normal  2.947552e-01 -9.555728e-01  0.000000e+00
   outer loop
     vertex  4.777300e+00 -1.421891e+01  0.000000e+00
     vertex  4.777300e+00 -1.421891e+01  2.000000e+00
     vertex  4.062607e+00 -1.443936e+01  2.000000e+00
   endloop
 endfacet
 facet normal  2.947552e-01 -9.555728e-01  4.281402e-18
   outer loop
     vertex  4.777300e+00 -1.421891e+01  0.000000e+00
     vertex  4.062607e+00 -1.443936e+01  2.000000e+00
     vertex  4.062607e+00 -1.443936e+01  0.000000e+00
   endloop
 endfacet
 facet normal  3.420201e-01 -9.396926e-01  0.000000e+00
   outer loop
     vertex  5.480115e+00 -1.396311e+01  0.000000e+00
     vertex  5.480115e+00 -1.396311e+01  2.000000e+00
     vertex  4.777300e+00 -1.421891e+01  2.000000e+00
   endloop
 endfacet
 facet normal  3.420201e-01 -9.396926e-01  3.264829e-18
   outer loop
     vertex  5.480115e+00 -1.396311e+01  0.000000e+00
     vertex  4.777300e+00 -1.421891e+01  2.000000e+00
     vertex  4.777300e+00 -1.421891e+01  0.000000e+00
   endloop
 endfacet
 facet normal  3.884348e-01 -9.214762e-01  0.000000e+00
   outer loop
     vertex  6.169307e+00 -1.367259e+01  0.000000e+00
     vertex  6.169307e+00 -1.367259e+01  2.000000e+00
     vertex  5.480115e+00 -1.396311e+01  2.000000e+00
   endloop
 endfacet
 facet normal  4.338837e-01 -9.009689e-01  0.000000e+00
   outer loop
     vertex  6.169307e+00 -1.367259e+01  0.000000e+00
     vertex  6.843160e+00 -1.334808e+01  2.000000e+00
     vertex  6.169307e+00 -1.367259e+01  2.000000e+00
   endloop
 endfacet
 facet normal  3.884348e-01 -9.214762e-01 -4.720283e-18
   outer loop
     vertex  6.169307e+00 -1.367259e+01  0.000000e+00
     vertex  5.480115e+00 -1.396311e+01  2.000000e+00
     vertex  5.480115e+00 -1.396311e+01  0.000000e+00
   endloop
 endfacet
 facet normal  4.338837e-01 -9.009689e-01  0.000000e+00
   outer loop
     vertex  6.843160e+00 -1.334808e+01  0.000000e+00
     vertex  6.843160e+00 -1.334808e+01  2.000000e+00
     vertex  6.169307e+00 -1.367259e+01  0.000000e+00
   endloop
 endfacet
 facet normal  4.782540e-01 -8.782216e-01  0.000000e+00
   outer loop
     vertex  7.500000e+00 -1.299038e+01  0.000000e+00
     vertex  7.500000e+00 -1.299038e+01  2.000000e+00
     vertex  6.843160e+00 -1.334808e+01  2.000000e+00
   endloop
 endfacet
 facet normal  5.214352e-01 -8.532909e-01  0.000000e+00
   outer loop
     vertex  7.500000e+00 -1.299038e+01  0.000000e+00
     vertex  8.138194e+00 -1.260039e+01  2.000000e+00
     vertex  7.500000e+00 -1.299038e+01  2.000000e+00
   endloop
 endfacet
 facet normal  4.782540e-01 -8.782216e-01  4.675627e-18
   outer loop
     vertex  7.500000e+00 -1.299038e+01  0.000000e+00
     vertex  6.843160e+00 -1.334808e+01  2.000000e+00
     vertex  6.843160e+00 -1.334808e+01  0.000000e+00
   endloop
 endfacet
 facet normal  5.214352e-01 -8.532909e-01  0.000000e+00
   outer loop
     vertex  8.138194e+00 -1.260039e+01  0.000000e+00
     vertex  8.138194e+00 -1.260039e+01  2.000000e+00
     vertex  7.500000e+00 -1.299038e+01  0.000000e+00
   endloop
 endfacet
 facet normal  5.633201e-01 -8.262388e-01  0.000000e+00
   outer loop
     vertex  8.756155e+00 -1.217907e+01  0.000000e+00
     vertex  8.756155e+00 -1.217907e+01  2.000000e+00
     vertex  8.138194e+00 -1.260039e+01  2.000000e+00
   endloop
 endfacet
 facet normal  5.633201e-01 -8.262388e-01 -1.527712e-18
   outer loop
     vertex  8.756155e+00 -1.217907e+01  0.000000e+00
     vertex  8.138194e+00 -1.260039e+01  2.000000e+00
     vertex  8.138194e+00 -1.260039e+01  0.000000e+00
   endloop
 endfacet
 facet normal  6.038044e-01 -7.971325e-01  0.000000e+00
   outer loop
     vertex  9.352347e+00 -1.172747e+01  0.000000e+00
     vertex  9.352347e+00 -1.172747e+01  2.000000e+00
     vertex  8.756155e+00 -1.217907e+01  2.000000e+00
   endloop
 endfacet
 facet normal  6.427876e-01 -7.660444e-01  0.000000e+00
   outer loop
     vertex  9.352347e+00 -1.172747e+01  0.000000e+00
     vertex  9.925288e+00 -1.124672e+01  2.000000e+00
     vertex  9.352347e+00 -1.172747e+01  2.000000e+00
   endloop
 endfacet
 facet normal  6.038044e-01 -7.971325e-01  1.703510e-17
   outer loop
     vertex  9.352347e+00 -1.172747e+01  0.000000e+00
     vertex  8.756155e+00 -1.217907e+01  2.000000e+00
     vertex  8.756155e+00 -1.217907e+01  0.000000e+00
   endloop
 endfacet
 facet normal  6.427876e-01 -7.660444e-01  0.000000e+00
   outer loop
     vertex  9.925288e+00 -1.124672e+01  0.000000e+00
     vertex  9.925288e+00 -1.124672e+01  2.000000e+00
     vertex  9.352347e+00 -1.172747e+01  0.000000e+00
   endloop
 endfacet
 facet normal  6.801727e-01 -7.330519e-01  0.000000e+00
   outer loop
     vertex  1.047355e+01 -1.073800e+01  0.000000e+00
     vertex  1.047355e+01 -1.073800e+01  2.000000e+00
     vertex  9.925288e+00 -1.124672e+01  2.000000e+00
   endloop
 endfacet
 facet normal  6.801727e-01 -7.330519e-01  1.114807e-17
   outer loop
     vertex  1.047355e+01 -1.073800e+01  0.000000e+00
     vertex  9.925288e+00 -1.124672e+01  2.000000e+00
     vertex  9.925288e+00 -1.124672e+01  0.000000e+00
   endloop
 endfacet
 facet normal  7.158668e-01 -6.982368e-01  0.000000e+00
   outer loop
     vertex  1.099578e+01 -1.020259e+01  0.000000e+00
     vertex  1.099578e+01 -1.020259e+01  2.000000e+00
     vertex  1.047355e+01 -1.073800e+01  2.000000e+00
   endloop
 endfacet
 facet normal  7.158668e-01 -6.982368e-01 -1.359999e-17
   outer loop
     vertex  1.099578e+01 -1.020259e+01  0.000000e+00
     vertex  1.047355e+01 -1.073800e+01  2.000000e+00
     vertex  1.047355e+01 -1.073800e+01  0.000000e+00
   endloop
 endfacet
 facet normal  7.497812e-01 -6.616858e-01 -1.809520e-17
   outer loop
     vertex  1.149067e+01 -9.641814e+00  0.000000e+00
     vertex  1.099578e+01 -1.020259e+01  2.000000e+00
     vertex  1.099578e+01 -1.020259e+01  0.000000e+00
   endloop
 endfacet
 facet normal  7.497812e-01 -6.616858e-01  0.000000e+00
   outer loop
     vertex  1.149067e+01 -9.641814e+00  0.000000e+00
     vertex  1.149067e+01 -9.641814e+00  2.000000e+00
     vertex  1.099578e+01 -1.020259e+01  2.000000e+00
   endloop
 endfacet
 facet normal  7.818315e-01 -6.234898e-01  1.053495e-17
   outer loop
     vertex  1.195699e+01 -9.057066e+00  0.000000e+00
     vertex  1.149067e+01 -9.641814e+00  2.000000e+00
     vertex  1.149067e+01 -9.641814e+00  0.000000e+00
   endloop
 endfacet
 facet normal  7.818315e-01 -6.234898e-01  0.000000e+00
   outer loop
     vertex  1.195699e+01 -9.057066e+00  0.000000e+00
     vertex  1.195699e+01 -9.057066e+00  2.000000e+00
     vertex  1.149067e+01 -9.641814e+00  2.000000e+00
   endloop
 endfacet
 facet normal  8.119380e-01 -5.837437e-01 -2.249609e-18
   outer loop
     vertex  1.239358e+01 -8.449801e+00  0.000000e+00
     vertex  1.195699e+01 -9.057066e+00  2.000000e+00
     vertex  1.195699e+01 -9.057066e+00  0.000000e+00
   endloop
 endfacet
 facet normal  8.119380e-01 -5.837437e-01  0.000000e+00
   outer loop
     vertex  1.239358e+01 -8.449801e+00  0.000000e+00
     vertex  1.239358e+01 -8.449801e+00  2.000000e+00
     vertex  1.195699e+01 -9.057066e+00  2.000000e+00
   endloop
 endfacet
 facet normal  8.400259e-01 -5.425463e-01 -5.809861e-19
   outer loop
     vertex  1.279936e+01 -7.821528e+00  0.000000e+00
     vertex  1.239358e+01 -8.449801e+00  2.000000e+00
     vertex  1.239358e+01 -8.449801e+00  0.000000e+00
   endloop
 endfacet
 facet normal  8.400259e-01 -5.425463e-01  0.000000e+00
   outer loop
     vertex  1.279936e+01 -7.821528e+00  0.000000e+00
     vertex  1.279936e+01 -7.821528e+00  2.000000e+00
     vertex  1.239358e+01 -8.449801e+00  2.000000e+00
   endloop
 endfacet
 facet normal  8.660254e-01 -5.000000e-01  0.000000e+00
   outer loop
     vertex  1.317332e+01 -7.173810e+00  0.000000e+00
     vertex  1.317332e+01 -7.173810e+00  2.000000e+00
     vertex  1.279936e+01 -7.821528e+00  2.000000e+00
   endloop
 endfacet
 facet normal  8.660254e-01 -5.000000e-01 -6.459878e-18
   outer loop
     vertex  1.317332e+01 -7.173810e+00  0.000000e+00
     vertex  1.279936e+01 -7.821528e+00  2.000000e+00
     vertex  1.279936e+01 -7.821528e+00  0.000000e+00
   endloop
 endfacet
 facet normal  8.898718e-01 -4.562107e-01  0.000000e+00
   outer loop
     vertex  1.351453e+01 -6.508256e+00  0.000000e+00
     vertex  1.351453e+01 -6.508256e+00  2.000000e+00
     vertex  1.317332e+01 -7.173810e+00  2.000000e+00
   endloop
 endfacet
 facet normal  8.898718e-01 -4.562107e-01  1.795855e-18
   outer loop
     vertex  1.351453e+01 -6.508256e+00  0.000000e+00
     vertex  1.317332e+01 -7.173810e+00  2.000000e+00
     vertex  1.317332e+01 -7.173810e+00  0.000000e+00
   endloop
 endfacet
 facet normal  9.115059e-01 -4.112871e-01  0.000000e+00
   outer loop
     vertex  1.382214e+01 -5.826522e+00  0.000000e+00
     vertex  1.382214e+01 -5.826522e+00  2.000000e+00
     vertex  1.351453e+01 -6.508256e+00  2.000000e+00
   endloop
 endfacet
 facet normal  9.115059e-01 -4.112871e-01 -2.015226e-18
   outer loop
     vertex  1.382214e+01 -5.826522e+00  0.000000e+00
     vertex  1.351453e+01 -6.508256e+00  2.000000e+00
     vertex  1.351453e+01 -6.508256e+00  0.000000e+00
   endloop
 endfacet
 facet normal  9.308737e-01 -3.653410e-01  0.000000e+00
   outer loop
     vertex  1.409539e+01 -5.130302e+00  0.000000e+00
     vertex  1.409539e+01 -5.130302e+00  2.000000e+00
     vertex  1.382214e+01 -5.826522e+00  2.000000e+00
   endloop
 endfacet
 facet normal  9.308737e-01 -3.653410e-01 -8.805875e-18
   outer loop
     vertex  1.409539e+01 -5.130302e+00  0.000000e+00
     vertex  1.382214e+01 -5.826522e+00  2.000000e+00
     vertex  1.382214e+01 -5.826522e+00  0.000000e+00
   endloop
 endfacet
 facet normal  9.479273e-01 -3.184867e-01  0.000000e+00
   outer loop
     vertex  1.433359e+01 -4.421328e+00  0.000000e+00
     vertex  1.433359e+01 -4.421328e+00  2.000000e+00
     vertex  1.409539e+01 -5.130302e+00  2.000000e+00
   endloop
 endfacet
 facet normal  9.479273e-01 -3.184867e-01 -9.186014e-18
   outer loop
     vertex  1.433359e+01 -4.421328e+00  0.000000e+00
     vertex  1.409539e+01 -5.130302e+00  2.000000e+00
     vertex  1.409539e+01 -5.130302e+00  0.000000e+00
   endloop
 endfacet
 facet normal  9.626242e-01 -2.708405e-01  0.000000e+00
   outer loop
     vertex  1.453616e+01 -3.701361e+00  0.000000e+00
     vertex  1.453616e+01 -3.701361e+00  2.000000e+00
     vertex  1.433359e+01 -4.421328e+00  2.000000e+00
   endloop
 endfacet
 facet normal  9.626242e-01 -2.708405e-01 -9.029942e-18
   outer loop
     vertex  1.453616e+01 -3.701361e+00  0.000000e+00
     vertex  1.433359e+01 -4.421328e+00  2.000000e+00
     vertex  1.433359e+01 -4.421328e+00  0.000000e+00
   endloop
 endfacet
 facet normal  9.749279e-01 -2.225209e-01  0.000000e+00
   outer loop
     vertex  1.470259e+01 -2.972192e+00  0.000000e+00
     vertex  1.470259e+01 -2.972192e+00  2.000000e+00
     vertex  1.453616e+01 -3.701361e+00  2.000000e+00
   endloop
 endfacet
 facet normal  9.749279e-01 -2.225209e-01  3.674846e-18
   outer loop
     vertex  1.470259e+01 -2.972192e+00  0.000000e+00
     vertex  1.453616e+01 -3.701361e+00  2.000000e+00
     vertex  1.453616e+01 -3.701361e+00  0.000000e+00
   endloop
 endfacet
 facet normal  9.848078e-01 -1.736482e-01  0.000000e+00
   outer loop
     vertex  1.483246e+01 -2.235634e+00  0.000000e+00
     vertex  1.483246e+01 -2.235634e+00  2.000000e+00
     vertex  1.470259e+01 -2.972192e+00  2.000000e+00
   endloop
 endfacet
 facet normal  9.922392e-01 -1.243437e-01  0.000000e+00
   outer loop
     vertex  1.483246e+01 -2.235634e+00  0.000000e+00
     vertex  1.492546e+01 -1.493518e+00  2.000000e+00
     vertex  1.483246e+01 -2.235634e+00  2.000000e+00
   endloop
 endfacet
 facet normal  9.848078e-01 -1.736482e-01  2.403097e-18
   outer loop
     vertex  1.483246e+01 -2.235634e+00  0.000000e+00
     vertex  1.470259e+01 -2.972192e+00  2.000000e+00
     vertex  1.470259e+01 -2.972192e+00  0.000000e+00
   endloop
 endfacet
 facet normal  9.922392e-01 -1.243437e-01  0.000000e+00
   outer loop
     vertex  1.492546e+01 -1.493518e+00  0.000000e+00
     vertex  1.492546e+01 -1.493518e+00  2.000000e+00
     vertex  1.483246e+01 -2.235634e+00  0.000000e+00
   endloop
 endfacet
 facet normal  9.972038e-01 -7.473009e-02  0.000000e+00
   outer loop
     vertex  1.498135e+01 -7.476883e-01  0.000000e+00
     vertex  1.498135e+01 -7.476883e-01  2.000000e+00
     vertex  1.492546e+01 -1.493518e+00  2.000000e+00
   endloop
 endfacet
 facet normal  9.972038e-01 -7.473009e-02  1.899265e-18
   outer loop
     vertex  1.498135e+01 -7.476883e-01  0.000000e+00
     vertex  1.492546e+01 -1.493518e+00  2.000000e+00
     vertex  1.492546e+01 -1.493518e+00  0.000000e+00
   endloop
 endfacet
 facet normal  9.996892e-01 -2.493069e-02  4.064203e-19
   outer loop
     vertex  1.500000e+01  0.000000e+00  0.000000e+00
     vertex  1.498135e+01 -7.476883e-01  2.000000e+00
     vertex  1.498135e+01 -7.476883e-01  0.000000e+00
   endloop
 endfacet
 facet normal  9.996892e-01 -2.493069e-02  0.000000e+00
   outer loop
     vertex  1.500000e+01  0.000000e+00  0.000000e+00
     vertex  1.500000e+01  0.000000e+00  2.000000e+00
     vertex  1.498135e+01 -7.476883e-01  2.000000e+00
   endloop
 endfacet
 facet normal  0.000000e+00  0.000000e+00 -1.000000e+00
   outer loop
     vertex -9.352347e+00 -1.172747e+01  0.000000e+00
     vertex -9.925288e+00 -1.124672e+01  0.000000e+00
     vertex -1.047355e+01 -1.073800e+01  0.000000e+00
   endloop
 endfacet
 facet normal  0.000000e+00  0.000000e+00 -1.000000e+00
   outer loop
     vertex -1.195699e+01 -9.057066e+00  0.000000e+00
     vertex -1.099578e+01 -1.020259e+01  0.000000e+00
     vertex -1.149067e+01 -9.641814e+00  0.000000e+00
   endloop
 endfacet
 facet normal  0.000000e+00  0.000000e+00 -1.000000e+00
   outer loop
     vertex -8.756155e+00 -1.217907e+01  0.000000e+00
     vertex -9.352347e+00 -1.172747e+01  0.000000e+00
     vertex -1.047355e+01 -1.073800e+01  0.000000e+00
   endloop
 endfacet
 facet normal  0.000000e+00  0.000000e+00 -1.000000e+00
   outer loop
     vertex -8.756155e+00 -1.217907e+01  0.000000e+00
     vertex -1.099578e+01 -1.020259e+01  0.000000e+00
     vertex -1.195699e+01 -9.057066e+00  0.000000e+00
   endloop
 endfacet
 facet normal  0.000000e+00  0.000000e+00 -1.000000e+00
   outer loop
     vertex -8.756155e+00 -1.217907e+01  0.000000e+00
     vertex -1.047355e+01 -1.073800e+01  0.000000e+00
     vertex -1.099578e+01 -1.020259e+01  0.000000e+00
   endloop
 endfacet
 facet normal  0.000000e+00  0.000000e+00 -1.000000e+00
   outer loop
     vertex -1.279936e+01 -7.821528e+00  0.000000e+00
     vertex -1.195699e+01 -9.057066e+00  0.000000e+00
     vertex -1.239358e+01 -8.449801e+00  0.000000e+00
   endloop
 endfacet
 facet normal  0.000000e+00  0.000000e+00 -1.000000e+00
   outer loop
     vertex -7.500000e+00 -1.299038e+01  0.000000e+00
     vertex -8.756155e+00 -1.217907e+01  0.000000e+00
     vertex -1.195699e+01 -9.057066e+00  0.000000e+00
   endloop
 endfacet
 facet normal  0.000000e+00  0.000000e+00 -1.000000e+00
   outer loop
     vertex -7.500000e+00 -1.299038e+01  0.000000e+00
     vertex -8.138194e+00 -1.260039e+01  0.000000e+00
     vertex -8.756155e+00 -1.217907e+01  0.000000e+00
   endloop
 endfacet
 facet normal  0.000000e+00  0.000000e+00 -1.000000e+00
   outer loop
     vertex -1.351453e+01 -6.508256e+00  0.000000e+00
     vertex -1.279936e+01 -7.821528e+00  0.000000e+00
     vertex -1.317332e+01 -7.173810e+00  0.000000e+00
   endloop
 endfacet
 facet normal  0.000000e+00  0.000000e+00 -1.000000e+00
   outer loop
     vertex -4.777300e+00 -1.421891e+01  0.000000e+00
     vertex -6.843160e+00 -1.334808e+01  0.000000e+00
     vertex -7.500000e+00 -1.299038e+01  0.000000e+00
   endloop
 endfacet
 facet normal  0.000000e+00  0.000000e+00 -1.000000e+00
   outer loop
     vertex -4.777300e+00 -1.421891e+01  0.000000e+00
     vertex -6.169307e+00 -1.367259e+01  0.000000e+00
     vertex -6.843160e+00 -1.334808e+01  0.000000e+00
   endloop
 endfacet
 facet normal  0.000000e+00  0.000000e+00 -1.000000e+00
   outer loop
     vertex -4.777300e+00 -1.421891e+01  0.000000e+00
     vertex -5.480115e+00 -1.396311e+01  0.000000e+00
     vertex -6.169307e+00 -1.367259e+01  0.000000e+00
   endloop
 endfacet
 facet normal  0.000000e+00  0.000000e+00 -1.000000e+00
   outer loop
     vertex -1.433359e+01 -4.421328e+00  0.000000e+00
     vertex -1.195699e+01 -9.057066e+00  0.000000e+00
     vertex -1.279936e+01 -7.821528e+00  0.000000e+00
   endloop
 endfacet
 facet normal  0.000000e+00  0.000000e+00 -1.000000e+00
   outer loop
     vertex -1.433359e+01 -4.421328e+00  0.000000e+00
     vertex -7.500000e+00 -1.299038e+01  0.000000e+00
     vertex -1.195699e+01 -9.057066e+00  0.000000e+00
   endloop
 endfacet
 facet normal  0.000000e+00  0.000000e+00 -1.000000e+00
   outer loop
     vertex -1.433359e+01 -4.421328e+00  0.000000e+00
     vertex -1.279936e+01 -7.821528e+00  0.000000e+00
     vertex -1.351453e+01 -6.508256e+00  0.000000e+00
   endloop
 endfacet
 facet normal  0.000000e+00  0.000000e+00 -1.000000e+00
   outer loop
     vertex -1.433359e+01 -4.421328e+00  0.000000e+00
     vertex -1.382214e+01 -5.826522e+00  0.000000e+00
     vertex -1.409539e+01 -5.130302e+00  0.000000e+00
   endloop
 endfacet
 facet normal  0.000000e+00  0.000000e+00 -1.000000e+00
   outer loop
     vertex -1.433359e+01 -4.421328e+00  0.000000e+00
     vertex -1.351453e+01 -6.508256e+00  0.000000e+00
     vertex -1.382214e+01 -5.826522e+00  0.000000e+00
   endloop
 endfacet
 facet normal  0.000000e+00  0.000000e+00 -1.000000e+00
   outer loop
     vertex -3.337814e+00 -1.462392e+01  0.000000e+00
     vertex -4.062607e+00 -1.443936e+01  0.000000e+00
     vertex -4.777300e+00 -1.421891e+01  0.000000e+00
   endloop
 endfacet
 facet normal  0.000000e+00  0.000000e+00 -1.000000e+00
   outer loop
     vertex -1.470259e+01 -2.972192e+00  0.000000e+00
     vertex -1.433359e+01 -4.421328e+00  0.000000e+00
     vertex -1.453616e+01 -3.701361e+00  0.000000e+00
   endloop
 endfacet
 facet normal  0.000000e+00  0.000000e+00 -1.000000e+00
   outer loop
     vertex -1.120951e+00 -1.495806e+01  0.000000e+00
     vertex -3.337814e+00 -1.462392e+01  0.000000e+00
     vertex -4.777300e+00 -1.421891e+01  0.000000e+00
   endloop
 endfacet
 facet normal  0.000000e+00  0.000000e+00 -1.000000e+00
   outer loop
     vertex -1.120951e+00 -1.495806e+01  0.000000e+00
     vertex -2.604723e+00 -1.477212e+01  0.000000e+00
     vertex -3.337814e+00 -1.462392e+01  0.000000e+00
   endloop
 endfacet
 facet normal  0.000000e+00  0.000000e+00 -1.000000e+00
   outer loop
     vertex -1.120951e+00 -1.495806e+01  0.000000e+00
     vertex -1.865156e+00 -1.488359e+01  0.000000e+00
     vertex -2.604723e+00 -1.477212e+01  0.000000e+00
   endloop
 endfacet
 facet normal  0.000000e+00  0.000000e+00 -1.000000e+00
   outer loop
     vertex -1.500000e+01 -5.145373e-14  0.000000e+00
     vertex -1.492546e+01 -1.493518e+00  0.000000e+00
     vertex -1.498135e+01 -7.476883e-01  0.000000e+00
   endloop
 endfacet
 facet normal  0.000000e+00  0.000000e+00 -1.000000e+00
   outer loop
     vertex -1.500000e+01 -5.145373e-14  0.000000e+00
     vertex -1.483246e+01 -2.235634e+00  0.000000e+00
     vertex -1.492546e+01 -1.493518e+00  0.000000e+00
   endloop
 endfacet
 facet normal  0.000000e+00  0.000000e+00 -1.000000e+00
   outer loop
     vertex -1.500000e+01 -5.145373e-14  0.000000e+00
     vertex -1.470259e+01 -2.972192e+00  0.000000e+00
     vertex -1.483246e+01 -2.235634e+00  0.000000e+00
   endloop
 endfacet
 facet normal  0.000000e+00  0.000000e+00 -1.000000e+00
   outer loop
     vertex -1.500000e+01 -5.145373e-14  0.000000e+00
     vertex -1.433359e+01 -4.421328e+00  0.000000e+00
     vertex -1.470259e+01 -2.972192e+00  0.000000e+00
   endloop
 endfacet
 facet normal  0.000000e+00  0.000000e+00 -1.000000e+00
   outer loop
     vertex -1.492546e+01  1.493518e+00  0.000000e+00
     vertex -1.500000e+01 -5.145373e-14  0.000000e+00
     vertex -1.498135e+01  7.476883e-01  0.000000e+00
   endloop
 endfacet
 facet normal  0.000000e+00  0.000000e+00 -1.000000e+00
   outer loop
     vertex  1.865156e+00 -1.488359e+01  0.000000e+00
     vertex  3.739604e-01 -1.499534e+01  0.000000e+00
     vertex -3.739604e-01 -1.499534e+01  0.000000e+00
   endloop
 endfacet
 facet normal  0.000000e+00  0.000000e+00 -1.000000e+00
   outer loop
     vertex  1.865156e+00 -1.488359e+01  0.000000e+00
     vertex  1.120951e+00 -1.495806e+01  0.000000e+00
     vertex  3.739604e-01 -1.499534e+01  0.000000e+00
   endloop
 endfacet
 facet normal  0.000000e+00 -0.000000e+00 -1.000000e+00
   outer loop
     vertex -1.483246e+01  2.235634e+00  0.000000e+00
     vertex -1.433359e+01 -4.421328e+00  0.000000e+00
     vertex -1.500000e+01 -5.145373e-14  0.000000e+00
   endloop
 endfacet
 facet normal  0.000000e+00  0.000000e+00 -1.000000e+00
   outer loop
     vertex -1.483246e+01  2.235634e+00  0.000000e+00
     vertex -1.500000e+01 -5.145373e-14  0.000000e+00
     vertex -1.492546e+01  1.493518e+00  0.000000e+00
   endloop
 endfacet
 facet normal  0.000000e+00  0.000000e+00 -1.000000e+00
   outer loop
     vertex  2.604723e+00 -1.477212e+01  0.000000e+00
     vertex  1.865156e+00 -1.488359e+01  0.000000e+00
     vertex -3.739604e-01 -1.499534e+01  0.000000e+00
   endloop
 endfacet
 facet normal  0.000000e+00  0.000000e+00 -1.000000e+00
   outer loop
     vertex  2.604723e+00 -1.477212e+01  0.000000e+00
     vertex -4.777300e+00 -1.421891e+01  0.000000e+00
     vertex -7.500000e+00 -1.299038e+01  0.000000e+00
   endloop
 endfacet
 facet normal -0.000000e+00  0.000000e+00 -1.000000e+00
   outer loop
     vertex  2.604723e+00 -1.477212e+01  0.000000e+00
     vertex -1.120951e+00 -1.495806e+01  0.000000e+00
     vertex -4.777300e+00 -1.421891e+01  0.000000e+00
   endloop
 endfacet
 facet normal  0.000000e+00  0.000000e+00 -1.000000e+00
   outer loop
     vertex  2.604723e+00 -1.477212e+01  0.000000e+00
     vertex -3.739604e-01 -1.499534e+01  0.000000e+00
     vertex -1.120951e+00 -1.495806e+01  0.000000e+00
   endloop
 endfacet
 facet normal  0.000000e+00  0.000000e+00 -1.000000e+00
   outer loop
     vertex -1.453616e+01  3.701361e+00  0.000000e+00
     vertex -1.483246e+01  2.235634e+00  0.000000e+00
     vertex -1.470259e+01  2.972192e+00  0.000000e+00
   endloop
 endfacet
 facet normal  0.000000e+00 -0.000000e+00 -1.000000e+00
   outer loop
     vertex -1.433359e+01  4.421328e+00  0.000000e+00
     vertex -1.433359e+01 -4.421328e+00  0.000000e+00
     vertex -1.483246e+01  2.235634e+00  0.000000e+00
   endloop
 endfacet
 facet normal  0.000000e+00  0.000000e+00 -1.000000e+00
   outer loop
     vertex -1.433359e+01  4.421328e+00  0.000000e+00
     vertex -1.483246e+01  2.235634e+00  0.000000e+00
     vertex -1.453616e+01  3.701361e+00  0.000000e+00
   endloop
 endfacet
 facet normal  0.000000e+00  0.000000e+00 -1.000000e+00
   outer loop
     vertex  4.777300e+00 -1.421891e+01  0.000000e+00
     vertex -7.500000e+00 -1.299038e+01  0.000000e+00
     vertex -1.433359e+01 -4.421328e+00  0.000000e+00
   endloop
 endfacet
 facet normal -0.000000e+00  0.000000e+00 -1.000000e+00
   outer loop
     vertex  4.777300e+00 -1.421891e+01  0.000000e+00
     vertex  2.604723e+00 -1.477212e+01  0.000000e+00
     vertex -7.500000e+00 -1.299038e+01  0.000000e+00
   endloop
 endfacet
 facet normal  0.000000e+00  0.000000e+00 -1.000000e+00
   outer loop
     vertex  4.777300e+00 -1.421891e+01  0.000000e+00
     vertex  3.337814e+00 -1.462392e+01  0.000000e+00
     vertex  2.604723e+00 -1.477212e+01  0.000000e+00
   endloop
 endfacet
 facet normal  0.000000e+00  0.000000e+00 -1.000000e+00
   outer loop
     vertex  4.777300e+00 -1.421891e+01  0.000000e+00
     vertex  4.062607e+00 -1.443936e+01  0.000000e+00
     vertex  3.337814e+00 -1.462392e+01  0.000000e+00
   endloop
 endfacet
 facet normal  0.000000e+00  0.000000e+00 -1.000000e+00
   outer loop
     vertex  6.169307e+00 -1.367259e+01  0.000000e+00
     vertex  5.480115e+00 -1.396311e+01  0.000000e+00
     vertex  4.777300e+00 -1.421891e+01  0.000000e+00
   endloop
 endfacet
 facet normal  0.000000e+00  0.000000e+00 -1.000000e+00
   outer loop
     vertex  6.843160e+00 -1.334808e+01  0.000000e+00
     vertex  6.169307e+00 -1.367259e+01  0.000000e+00
     vertex  4.777300e+00 -1.421891e+01  0.000000e+00
   endloop
 endfacet
 facet normal  0.000000e+00  0.000000e+00 -1.000000e+00
   outer loop
     vertex -1.317332e+01  7.173810e+00  0.000000e+00
     vertex -1.382214e+01  5.826522e+00  0.000000e+00
     vertex -1.351453e+01  6.508256e+00  0.000000e+00
   endloop
 endfacet
 facet normal  0.000000e+00  0.000000e+00 -1.000000e+00
   outer loop
     vertex -1.317332e+01  7.173810e+00  0.000000e+00
     vertex -1.409539e+01  5.130302e+00  0.000000e+00
     vertex -1.382214e+01  5.826522e+00  0.000000e+00
   endloop
 endfacet
 facet normal  0.000000e+00  0.000000e+00 -1.000000e+00
   outer loop
     vertex -1.317332e+01  7.173810e+00  0.000000e+00
     vertex -1.433359e+01  4.421328e+00  0.000000e+00
     vertex -1.409539e+01  5.130302e+00  0.000000e+00
   endloop
 endfacet
 facet normal  0.000000e+00  0.000000e+00 -1.000000e+00
   outer loop
     vertex  8.138194e+00 -1.260039e+01  0.000000e+00
     vertex  7.500000e+00 -1.299038e+01  0.000000e+00
     vertex  6.843160e+00 -1.334808e+01  0.000000e+00
   endloop
 endfacet
 facet normal  0.000000e+00  0.000000e+00 -1.000000e+00
   outer loop
     vertex  8.138194e+00 -1.260039e+01  0.000000e+00
     vertex  6.843160e+00 -1.334808e+01  0.000000e+00
     vertex  4.777300e+00 -1.421891e+01  0.000000e+00
   endloop
 endfacet
 facet normal  0.000000e+00  0.000000e+00 -1.000000e+00
   outer loop
     vertex -1.239358e+01  8.449801e+00  0.000000e+00
     vertex -1.317332e+01  7.173810e+00  0.000000e+00
     vertex -1.279936e+01  7.821528e+00  0.000000e+00
   endloop
 endfacet
 facet normal  0.000000e+00  0.000000e+00 -1.000000e+00
   outer loop
     vertex -1.195699e+01  9.057066e+00  0.000000e+00
     vertex -1.433359e+01  4.421328e+00  0.000000e+00
     vertex -1.317332e+01  7.173810e+00  0.000000e+00
   endloop
 endfacet
 facet normal  0.000000e+00  0.000000e+00 -1.000000e+00
   outer loop
     vertex -1.195699e+01  9.057066e+00  0.000000e+00
     vertex -1.317332e+01  7.173810e+00  0.000000e+00
     vertex -1.239358e+01  8.449801e+00  0.000000e+00
   endloop
 endfacet
 facet normal  0.000000e+00  0.000000e+00 -1.000000e+00
   outer loop
     vertex  9.352347e+00 -1.172747e+01  0.000000e+00
     vertex  8.756155e+00 -1.217907e+01  0.000000e+00
     vertex  8.138194e+00 -1.260039e+01  0.000000e+00
   endloop
 endfacet
 facet normal  0.000000e+00  0.000000e+00 -1.000000e+00
   outer loop
     vertex  9.925288e+00 -1.124672e+01  0.000000e+00
     vertex  9.352347e+00 -1.172747e+01  0.000000e+00
     vertex  8.138194e+00 -1.260039e+01  0.000000e+00
   endloop
 endfacet
 facet normal  0.000000e+00  0.000000e+00 -1.000000e+00
   outer loop
     vertex -1.047355e+01  1.073800e+01  0.000000e+00
     vertex -1.149067e+01  9.641814e+00  0.000000e+00
     vertex -1.099578e+01  1.020259e+01  0.000000e+00
   endloop
 endfacet
 facet normal  0.000000e+00  0.000000e+00 -1.000000e+00
   outer loop
     vertex -1.047355e+01  1.073800e+01  0.000000e+00
     vertex -1.195699e+01  9.057066e+00  0.000000e+00
     vertex -1.149067e+01  9.641814e+00  0.000000e+00
   endloop
 endfacet
 facet normal  0.000000e+00  0.000000e+00 -1.000000e+00
   outer loop
     vertex  1.149067e+01 -9.641814e+00  0.000000e+00
     vertex  1.047355e+01 -1.073800e+01  0.000000e+00
     vertex  9.925288e+00 -1.124672e+01  0.000000e+00
   endloop
 endfacet
 facet normal  0.000000e+00  0.000000e+00 -1.000000e+00
   outer loop
     vertex  1.149067e+01 -9.641814e+00  0.000000e+00
     vertex  1.099578e+01 -1.020259e+01  0.000000e+00
     vertex  1.047355e+01 -1.073800e+01  0.000000e+00
   endloop
 endfacet
 facet normal  0.000000e+00  0.000000e+00 -1.000000e+00
   outer loop
     vertex  1.149067e+01 -9.641814e+00  0.000000e+00
     vertex  8.138194e+00 -1.260039e+01  0.000000e+00
     vertex  4.777300e+00 -1.421891e+01  0.000000e+00
   endloop
 endfacet
 facet normal  0.000000e+00  0.000000e+00 -1.000000e+00
   outer loop
     vertex  1.149067e+01 -9.641814e+00  0.000000e+00
     vertex  9.925288e+00 -1.124672e+01  0.000000e+00
     vertex  8.138194e+00 -1.260039e+01  0.000000e+00
   endloop
 endfacet
 facet normal  0.000000e+00  0.000000e+00 -1.000000e+00
   outer loop
     vertex -9.352347e+00  1.172747e+01  0.000000e+00
     vertex -1.047355e+01  1.073800e+01  0.000000e+00
     vertex -9.925288e+00  1.124672e+01  0.000000e+00
   endloop
 endfacet
 facet normal  0.000000e+00  0.000000e+00 -1.000000e+00
   outer loop
     vertex -8.138194e+00  1.260039e+01  0.000000e+00
     vertex -1.195699e+01  9.057066e+00  0.000000e+00
     vertex -1.047355e+01  1.073800e+01  0.000000e+00
   endloop
 endfacet
 facet normal  0.000000e+00  0.000000e+00 -1.000000e+00
   outer loop
     vertex -8.138194e+00  1.260039e+01  0.000000e+00
     vertex -9.352347e+00  1.172747e+01  0.000000e+00
     vertex -8.756155e+00  1.217907e+01  0.000000e+00
   endloop
 endfacet
 facet normal  0.000000e+00  0.000000e+00 -1.000000e+00
   outer loop
     vertex -8.138194e+00  1.260039e+01  0.000000e+00
     vertex -1.047355e+01  1.073800e+01  0.000000e+00
     vertex -9.352347e+00  1.172747e+01  0.000000e+00
   endloop
 endfacet
 facet normal  0.000000e+00  0.000000e+00 -1.000000e+00
   outer loop
     vertex  1.279936e+01 -7.821528e+00  0.000000e+00
     vertex  1.195699e+01 -9.057066e+00  0.000000e+00
     vertex  1.149067e+01 -9.641814e+00  0.000000e+00
   endloop
 endfacet
 facet normal  0.000000e+00  0.000000e+00 -1.000000e+00
   outer loop
     vertex  1.279936e+01 -7.821528e+00  0.000000e+00
     vertex  1.239358e+01 -8.449801e+00  0.000000e+00
     vertex  1.195699e+01 -9.057066e+00  0.000000e+00
   endloop
 endfacet
 facet normal  0.000000e+00  0.000000e+00 -1.000000e+00
   outer loop
     vertex  1.279936e+01 -7.821528e+00  0.000000e+00
     vertex  1.149067e+01 -9.641814e+00  0.000000e+00
     vertex  4.777300e+00 -1.421891e+01  0.000000e+00
   endloop
 endfacet
 facet normal  0.000000e+00  0.000000e+00 -1.000000e+00
   outer loop
     vertex  1.317332e+01 -7.173810e+00  0.000000e+00
     vertex  1.279936e+01 -7.821528e+00  0.000000e+00
     vertex  4.777300e+00 -1.421891e+01  0.000000e+00
   endloop
 endfacet
 facet normal  0.000000e+00  0.000000e+00 -1.000000e+00
   outer loop
     vertex  1.351453e+01 -6.508256e+00  0.000000e+00
     vertex  1.317332e+01 -7.173810e+00  0.000000e+00
     vertex  4.777300e+00 -1.421891e+01  0.000000e+00
   endloop
 endfacet
 facet normal  0.000000e+00  0.000000e+00 -1.000000e+00
   outer loop
     vertex -6.169307e+00  1.367259e+01  0.000000e+00
     vertex -7.500000e+00  1.299038e+01  0.000000e+00
     vertex -6.843160e+00  1.334808e+01  0.000000e+00
   endloop
 endfacet
 facet normal  0.000000e+00  0.000000e+00 -1.000000e+00
   outer loop
     vertex -4.777300e+00  1.421891e+01  0.000000e+00
     vertex -6.169307e+00  1.367259e+01  0.000000e+00
     vertex -5.480115e+00  1.396311e+01  0.000000e+00
   endloop
 endfacet
 facet normal -0.000000e+00  0.000000e+00 -1.000000e+00
   outer loop
     vertex  1.433359e+01 -4.421328e+00  0.000000e+00
     vertex -1.433359e+01 -4.421328e+00  0.000000e+00
     vertex -1.433359e+01  4.421328e+00  0.000000e+00
   endloop
 endfacet
 facet normal  0.000000e+00  0.000000e+00 -1.000000e+00
   outer loop
     vertex  1.433359e+01 -4.421328e+00  0.000000e+00
     vertex  4.777300e+00 -1.421891e+01  0.000000e+00
     vertex -1.433359e+01 -4.421328e+00  0.000000e+00
   endloop
 endfacet
 facet normal  0.000000e+00  0.000000e+00 -1.000000e+00
   outer loop
     vertex  1.433359e+01 -4.421328e+00  0.000000e+00
     vertex  1.382214e+01 -5.826522e+00  0.000000e+00
     vertex  1.351453e+01 -6.508256e+00  0.000000e+00
   endloop
 endfacet
 facet normal  0.000000e+00  0.000000e+00 -1.000000e+00
   outer loop
     vertex  1.433359e+01 -4.421328e+00  0.000000e+00
     vertex  1.409539e+01 -5.130302e+00  0.000000e+00
     vertex  1.382214e+01 -5.826522e+00  0.000000e+00
   endloop
 endfacet
 facet normal  0.000000e+00  0.000000e+00 -1.000000e+00
   outer loop
     vertex  1.433359e+01 -4.421328e+00  0.000000e+00
     vertex  1.351453e+01 -6.508256e+00  0.000000e+00
     vertex  4.777300e+00 -1.421891e+01  0.000000e+00
   endloop
 endfacet
 facet normal  0.000000e+00  0.000000e+00 -1.000000e+00
   outer loop
     vertex -4.062607e+00  1.443936e+01  0.000000e+00
     vertex -8.138194e+00  1.260039e+01  0.000000e+00
     vertex -7.500000e+00  1.299038e+01  0.000000e+00
   endloop
 endfacet
 facet normal  0.000000e+00  0.000000e+00 -1.000000e+00
   outer loop
     vertex -4.062607e+00  1.443936e+01  0.000000e+00
     vertex -7.500000e+00  1.299038e+01  0.000000e+00
     vertex -6.169307e+00  1.367259e+01  0.000000e+00
   endloop
 endfacet
 facet normal  0.000000e+00  0.000000e+00 -1.000000e+00
   outer loop
     vertex -4.062607e+00  1.443936e+01  0.000000e+00
     vertex -6.169307e+00  1.367259e+01  0.000000e+00
     vertex -4.777300e+00  1.421891e+01  0.000000e+00
   endloop
 endfacet
 facet normal  0.000000e+00  0.000000e+00 -1.000000e+00
   outer loop
     vertex  1.470259e+01 -2.972192e+00  0.000000e+00
     vertex  1.453616e+01 -3.701361e+00  0.000000e+00
     vertex  1.433359e+01 -4.421328e+00  0.000000e+00
   endloop
 endfacet
 facet normal -0.000000e+00  0.000000e+00 -1.000000e+00
   outer loop
     vertex  1.470259e+01 -2.972192e+00  0.000000e+00
     vertex  1.433359e+01 -4.421328e+00  0.000000e+00
     vertex -1.433359e+01  4.421328e+00  0.000000e+00
   endloop
 endfacet
 facet normal  0.000000e+00  0.000000e+00 -1.000000e+00
   outer loop
     vertex -1.120951e+00  1.495806e+01  0.000000e+00
     vertex -2.604723e+00  1.477212e+01  0.000000e+00
     vertex -1.865156e+00  1.488359e+01  0.000000e+00
   endloop
 endfacet
 facet normal  0.000000e+00  0.000000e+00 -1.000000e+00
   outer loop
     vertex -1.120951e+00  1.495806e+01  0.000000e+00
     vertex -3.337814e+00  1.462392e+01  0.000000e+00
     vertex -2.604723e+00  1.477212e+01  0.000000e+00
   endloop
 endfacet
 facet normal  0.000000e+00  0.000000e+00 -1.000000e+00
   outer loop
     vertex -1.120951e+00  1.495806e+01  0.000000e+00
     vertex -4.062607e+00  1.443936e+01  0.000000e+00
     vertex -3.337814e+00  1.462392e+01  0.000000e+00
   endloop
 endfacet
 facet normal  0.000000e+00  0.000000e+00 -1.000000e+00
   outer loop
     vertex -1.120951e+00  1.495806e+01  0.000000e+00
     vertex -1.433359e+01  4.421328e+00  0.000000e+00
     vertex -1.195699e+01  9.057066e+00  0.000000e+00
   endloop
 endfacet
 facet normal  0.000000e+00  0.000000e+00 -1.000000e+00
   outer loop
     vertex -1.120951e+00  1.495806e+01  0.000000e+00
     vertex -1.195699e+01  9.057066e+00  0.000000e+00
     vertex -8.138194e+00  1.260039e+01  0.000000e+00
   endloop
 endfacet
 facet normal  0.000000e+00  0.000000e+00 -1.000000e+00
   outer loop
     vertex -1.120951e+00  1.495806e+01  0.000000e+00
     vertex -8.138194e+00  1.260039e+01  0.000000e+00
     vertex -4.062607e+00  1.443936e+01  0.000000e+00
   endloop
 endfacet
 facet normal  0.000000e+00  0.000000e+00 -1.000000e+00
   outer loop
     vertex  1.498135e+01 -7.476883e-01  0.000000e+00
     vertex  1.492546e+01 -1.493518e+00  0.000000e+00
     vertex  1.483246e+01 -2.235634e+00  0.000000e+00
   endloop
 endfacet
 facet normal  0.000000e+00  0.000000e+00 -1.000000e+00
   outer loop
     vertex  1.500000e+01  0.000000e+00  0.000000e+00
     vertex  1.498135e+01 -7.476883e-01  0.000000e+00
     vertex  1.483246e+01 -2.235634e+00  0.000000e+00
   endloop
 endfacet
 facet normal  0.000000e+00  0.000000e+00 -1.000000e+00
   outer loop
     vertex  1.500000e+01  0.000000e+00  0.000000e+00
     vertex  1.483246e+01 -2.235634e+00  0.000000e+00
     vertex  1.470259e+01 -2.972192e+00  0.000000e+00
   endloop
 endfacet
 facet normal -0.000000e+00  0.000000e+00 -1.000000e+00
   outer loop
     vertex  1.120951e+00  1.495806e+01  0.000000e+00
     vertex -1.433359e+01  4.421328e+00  0.000000e+00
     vertex -1.120951e+00  1.495806e+01  0.000000e+00
   endloop
 endfacet
 facet normal  0.000000e+00  0.000000e+00 -1.000000e+00
   outer loop
     vertex  1.120951e+00  1.495806e+01  0.000000e+00
     vertex -3.739604e-01  1.499534e+01  0.000000e+00
     vertex  3.739604e-01  1.499534e+01  0.000000e+00
   endloop
 endfacet
 facet normal  0.000000e+00  0.000000e+00 -1.000000e+00
   outer loop
     vertex  1.120951e+00  1.495806e+01  0.000000e+00
     vertex -1.120951e+00  1.495806e+01  0.000000e+00
     vertex -3.739604e-01  1.499534e+01  0.000000e+00
   endloop
 endfacet
 facet normal  0.000000e+00  0.000000e+00 -1.000000e+00
   outer loop
     vertex  1.492546e+01  1.493518e+00  0.000000e+00
     vertex  1.498135e+01  7.476883e-01  0.000000e+00
     vertex  1.500000e+01  0.000000e+00  0.000000e+00
   endloop
 endfacet
 facet normal  0.000000e+00  0.000000e+00 -1.000000e+00
   outer loop
     vertex  4.062607e+00  1.443936e+01  0.000000e+00
     vertex  2.604723e+00  1.477212e+01  0.000000e+00
     vertex  3.337814e+00  1.462392e+01  0.000000e+00
   endloop
 endfacet
 facet normal  0.000000e+00  0.000000e+00 -1.000000e+00
   outer loop
     vertex  4.062607e+00  1.443936e+01  0.000000e+00
     vertex  1.865156e+00  1.488359e+01  0.000000e+00
     vertex  2.604723e+00  1.477212e+01  0.000000e+00
   endloop
 endfacet
 facet normal  0.000000e+00  0.000000e+00 -1.000000e+00
   outer loop
     vertex  1.433359e+01  4.421328e+00  0.000000e+00
     vertex  1.483246e+01  2.235634e+00  0.000000e+00
     vertex  1.492546e+01  1.493518e+00  0.000000e+00
   endloop
 endfacet
 facet normal  0.000000e+00  0.000000e+00 -1.000000e+00
   outer loop
     vertex  1.433359e+01  4.421328e+00  0.000000e+00
     vertex  1.470259e+01  2.972192e+00  0.000000e+00
     vertex  1.483246e+01  2.235634e+00  0.000000e+00
   endloop
 endfacet
 facet normal  0.000000e+00  0.000000e+00 -1.000000e+00
   outer loop
     vertex  1.433359e+01  4.421328e+00  0.000000e+00
     vertex  1.453616e+01  3.701361e+00  0.000000e+00
     vertex  1.470259e+01  2.972192e+00  0.000000e+00
   endloop
 endfacet
 facet normal  0.000000e+00  0.000000e+00 -1.000000e+00
   outer loop
     vertex  1.433359e+01  4.421328e+00  0.000000e+00
     vertex  1.492546e+01  1.493518e+00  0.000000e+00
     vertex  1.500000e+01  0.000000e+00  0.000000e+00
   endloop
 endfacet
 facet normal  0.000000e+00  0.000000e+00 -1.000000e+00
   outer loop
     vertex  4.777300e+00  1.421891e+01  0.000000e+00
     vertex  1.865156e+00  1.488359e+01  0.000000e+00
     vertex  4.062607e+00  1.443936e+01  0.000000e+00
   endloop
 endfacet
 facet normal  0.000000e+00 -0.000000e+00 -1.000000e+00
   outer loop
     vertex  1.409539e+01  5.130302e+00  0.000000e+00
     vertex  1.470259e+01 -2.972192e+00  0.000000e+00
     vertex -1.433359e+01  4.421328e+00  0.000000e+00
   endloop
 endfacet
 facet normal  0.000000e+00  0.000000e+00 -1.000000e+00
   outer loop
     vertex  1.409539e+01  5.130302e+00  0.000000e+00
     vertex  1.500000e+01  0.000000e+00  0.000000e+00
     vertex  1.470259e+01 -2.972192e+00  0.000000e+00
   endloop
 endfacet
 facet normal  0.000000e+00  0.000000e+00 -1.000000e+00
   outer loop
     vertex  1.409539e+01  5.130302e+00  0.000000e+00
     vertex  1.433359e+01  4.421328e+00  0.000000e+00
     vertex  1.500000e+01  0.000000e+00  0.000000e+00
   endloop
 endfacet
 facet normal  0.000000e+00  0.000000e+00 -1.000000e+00
   outer loop
     vertex  6.169307e+00  1.367259e+01  0.000000e+00
     vertex  4.777300e+00  1.421891e+01  0.000000e+00
     vertex  5.480115e+00  1.396311e+01  0.000000e+00
   endloop
 endfacet
 facet normal  0.000000e+00  0.000000e+00 -1.000000e+00
   outer loop
     vertex  6.169307e+00  1.367259e+01  0.000000e+00
     vertex  1.120951e+00  1.495806e+01  0.000000e+00
     vertex  1.865156e+00  1.488359e+01  0.000000e+00
   endloop
 endfacet
 facet normal  0.000000e+00  0.000000e+00 -1.000000e+00
   outer loop
     vertex  6.169307e+00  1.367259e+01  0.000000e+00
     vertex  1.865156e+00  1.488359e+01  0.000000e+00
     vertex  4.777300e+00  1.421891e+01  0.000000e+00
   endloop
 endfacet
 facet normal  0.000000e+00  0.000000e+00 -1.000000e+00
   outer loop
     vertex  1.317332e+01  7.173810e+00  0.000000e+00
     vertex  1.382214e+01  5.826522e+00  0.000000e+00
     vertex  1.409539e+01  5.130302e+00  0.000000e+00
   endloop
 endfacet
 facet normal  0.000000e+00  0.000000e+00 -1.000000e+00
   outer loop
     vertex  1.317332e+01  7.173810e+00  0.000000e+00
     vertex  1.351453e+01  6.508256e+00  0.000000e+00
     vertex  1.382214e+01  5.826522e+00  0.000000e+00
   endloop
 endfacet
 facet normal  0.000000e+00  0.000000e+00 -1.000000e+00
   outer loop
     vertex  7.500000e+00  1.299038e+01  0.000000e+00
     vertex  6.169307e+00  1.367259e+01  0.000000e+00
     vertex  6.843160e+00  1.334808e+01  0.000000e+00
   endloop
 endfacet
 facet normal -0.000000e+00  0.000000e+00 -1.000000e+00
   outer loop
     vertex  8.138194e+00  1.260039e+01  0.000000e+00
     vertex -1.433359e+01  4.421328e+00  0.000000e+00
     vertex  1.120951e+00  1.495806e+01  0.000000e+00
   endloop
 endfacet
 facet normal  0.000000e+00  0.000000e+00 -1.000000e+00
   outer loop
     vertex  8.138194e+00  1.260039e+01  0.000000e+00
     vertex  1.120951e+00  1.495806e+01  0.000000e+00
     vertex  6.169307e+00  1.367259e+01  0.000000e+00
   endloop
 endfacet
 facet normal  0.000000e+00  0.000000e+00 -1.000000e+00
   outer loop
     vertex  8.138194e+00  1.260039e+01  0.000000e+00
     vertex  6.169307e+00  1.367259e+01  0.000000e+00
     vertex  7.500000e+00  1.299038e+01  0.000000e+00
   endloop
 endfacet
 facet normal  0.000000e+00  0.000000e+00 -1.000000e+00
   outer loop
     vertex  1.195699e+01  9.057066e+00  0.000000e+00
     vertex  1.279936e+01  7.821528e+00  0.000000e+00
     vertex  1.317332e+01  7.173810e+00  0.000000e+00
   endloop
 endfacet
 facet normal  0.000000e+00  0.000000e+00 -1.000000e+00
   outer loop
     vertex  1.195699e+01  9.057066e+00  0.000000e+00
     vertex  1.239358e+01  8.449801e+00  0.000000e+00
     vertex  1.279936e+01  7.821528e+00  0.000000e+00
   endloop
 endfacet
 facet normal  0.000000e+00  0.000000e+00 -1.000000e+00
   outer loop
     vertex  1.195699e+01  9.057066e+00  0.000000e+00
     vertex  1.317332e+01  7.173810e+00  0.000000e+00
     vertex  1.409539e+01  5.130302e+00  0.000000e+00
   endloop
 endfacet
 facet normal -0.000000e+00  0.000000e+00 -1.000000e+00
   outer loop
     vertex  9.352347e+00  1.172747e+01  0.000000e+00
     vertex -1.433359e+01  4.421328e+00  0.000000e+00
     vertex  8.138194e+00  1.260039e+01  0.000000e+00
   endloop
 endfacet
 facet normal  0.000000e+00  0.000000e+00 -1.000000e+00
   outer loop
     vertex  9.352347e+00  1.172747e+01  0.000000e+00
     vertex  8.138194e+00  1.260039e+01  0.000000e+00
     vertex  8.756155e+00  1.217907e+01  0.000000e+00
   endloop
 endfacet
 facet normal  0.000000e+00 -0.000000e+00 -1.000000e+00
   outer loop
     vertex  9.352347e+00  1.172747e+01  0.000000e+00
     vertex  1.409539e+01  5.130302e+00  0.000000e+00
     vertex -1.433359e+01  4.421328e+00  0.000000e+00
   endloop
 endfacet
 facet normal  0.000000e+00  0.000000e+00 -1.000000e+00
   outer loop
     vertex  1.149067e+01  9.641814e+00  0.000000e+00
     vertex  1.195699e+01  9.057066e+00  0.000000e+00
     vertex  1.409539e+01  5.130302e+00  0.000000e+00
   endloop
 endfacet
 facet normal  0.000000e+00  0.000000e+00 -1.000000e+00
   outer loop
     vertex  1.099578e+01  1.020259e+01  0.000000e+00
     vertex  1.149067e+01  9.641814e+00  0.000000e+00
     vertex  1.409539e+01  5.130302e+00  0.000000e+00
   endloop
 endfacet
 facet normal  0.000000e+00  0.000000e+00 -1.000000e+00
   outer loop
     vertex  1.047355e+01  1.073800e+01  0.000000e+00
     vertex  9.352347e+00  1.172747e+01  0.000000e+00
     vertex  9.925288e+00  1.124672e+01  0.000000e+00
   endloop
 endfacet
 facet normal -0.000000e+00 -0.000000e+00 -1.000000e+00
   outer loop
     vertex  1.047355e+01  1.073800e+01  0.000000e+00
     vertex  1.409539e+01  5.130302e+00  0.000000e+00
     vertex  9.352347e+00  1.172747e+01  0.000000e+00
   endloop
 endfacet
 facet normal  0.000000e+00  0.000000e+00 -1.000000e+00
   outer loop
     vertex  1.047355e+01  1.073800e+01  0.000000e+00
     vertex  1.099578e+01  1.020259e+01  0.000000e+00
     vertex  1.409539e+01  5.130302e+00  0.000000e+00
   endloop
 endfacet
 facet normal  0.000000e+00  0.000000e+00  1.000000e+00
   outer loop
     vertex -9.352347e+00 -1.172747e+01  2.000000e+00
     vertex -1.047355e+01 -1.073800e+01  2.000000e+00
     vertex -9.925288e+00 -1.124672e+01  2.000000e+00
   endloop
 endfacet
 facet normal  0.000000e+00  0.000000e+00  1.000000e+00
   outer loop
     vertex -1.195699e+01 -9.057066e+00  2.000000e+00
     vertex -1.149067e+01 -9.641814e+00  2.000000e+00
     vertex -1.099578e+01 -1.020259e+01  2.000000e+00
   endloop
 endfacet
 facet normal  0.000000e+00  0.000000e+00  1.000000e+00
   outer loop
     vertex -8.756155e+00 -1.217907e+01  2.000000e+00
     vertex -1.047355e+01 -1.073800e+01  2.000000e+00
     vertex -9.352347e+00 -1.172747e+01  2.000000e+00
   endloop
 endfacet
 facet normal  0.000000e+00  0.000000e+00  1.000000e+00
   outer loop
     vertex -8.756155e+00 -1.217907e+01  2.000000e+00
     vertex -1.195699e+01 -9.057066e+00  2.000000e+00
     vertex -1.099578e+01 -1.020259e+01  2.000000e+00
   endloop
 endfacet
 facet normal  0.000000e+00  0.000000e+00  1.000000e+00
   outer loop
     vertex -8.756155e+00 -1.217907e+01  2.000000e+00
     vertex -1.099578e+01 -1.020259e+01  2.000000e+00
     vertex -1.047355e+01 -1.073800e+01  2.000000e+00
   endloop
 endfacet
 facet normal  0.000000e+00  0.000000e+00  1.000000e+00
   outer loop
     vertex -1.279936e+01 -7.821528e+00  2.000000e+00
     vertex -1.239358e+01 -8.449801e+00  2.000000e+00
     vertex -1.195699e+01 -9.057066e+00  2.000000e+00
   endloop
 endfacet
 facet normal  0.000000e+00  0.000000e+00  1.000000e+00
   outer loop
     vertex -7.500000e+00 -1.299038e+01  2.000000e+00
     vertex -1.195699e+01 -9.057066e+00  2.000000e+00
     vertex -8.756155e+00 -1.217907e+01  2.000000e+00
   endloop
 endfacet
 facet normal  0.000000e+00  0.000000e+00  1.000000e+00
   outer loop
     vertex -7.500000e+00 -1.299038e+01  2.000000e+00
     vertex -8.756155e+00 -1.217907e+01  2.000000e+00
     vertex -8.138194e+00 -1.260039e+01  2.000000e+00
   endloop
 endfacet
 facet normal  0.000000e+00  0.000000e+00  1.000000e+00
   outer loop
     vertex -1.351453e+01 -6.508256e+00  2.000000e+00
     vertex -1.317332e+01 -7.173810e+00  2.000000e+00
     vertex -1.279936e+01 -7.821528e+00  2.000000e+00
   endloop
 endfacet
 facet normal  0.000000e+00  0.000000e+00  1.000000e+00
   outer loop
     vertex -4.777300e+00 -1.421891e+01  2.000000e+00
     vertex -7.500000e+00 -1.299038e+01  2.000000e+00
     vertex -6.843160e+00 -1.334808e+01  2.000000e+00
   endloop
 endfacet
 facet normal  0.000000e+00  0.000000e+00  1.000000e+00
   outer loop
     vertex -4.777300e+00 -1.421891e+01  2.000000e+00
     vertex -6.843160e+00 -1.334808e+01  2.000000e+00
     vertex -6.169307e+00 -1.367259e+01  2.000000e+00
   endloop
 endfacet
 facet normal  0.000000e+00  0.000000e+00  1.000000e+00
   outer loop
     vertex -4.777300e+00 -1.421891e+01  2.000000e+00
     vertex -6.169307e+00 -1.367259e+01  2.000000e+00
     vertex -5.480115e+00 -1.396311e+01  2.000000e+00
   endloop
 endfacet
 facet normal  0.000000e+00  0.000000e+00  1.000000e+00
   outer loop
     vertex -1.433359e+01 -4.421328e+00  2.000000e+00
     vertex -1.279936e+01 -7.821528e+00  2.000000e+00
     vertex -1.195699e+01 -9.057066e+00  2.000000e+00
   endloop
 endfacet
 facet normal  0.000000e+00  0.000000e+00  1.000000e+00
   outer loop
     vertex -1.433359e+01 -4.421328e+00  2.000000e+00
     vertex -1.195699e+01 -9.057066e+00  2.000000e+00
     vertex -7.500000e+00 -1.299038e+01  2.000000e+00
   endloop
 endfacet
 facet normal  0.000000e+00  0.000000e+00  1.000000e+00
   outer loop
     vertex -1.433359e+01 -4.421328e+00  2.000000e+00
     vertex -1.351453e+01 -6.508256e+00  2.000000e+00
     vertex -1.279936e+01 -7.821528e+00  2.000000e+00
   endloop
 endfacet
 facet normal  0.000000e+00  0.000000e+00  1.000000e+00
   outer loop
     vertex -1.433359e+01 -4.421328e+00  2.000000e+00
     vertex -1.409539e+01 -5.130302e+00  2.000000e+00
     vertex -1.382214e+01 -5.826522e+00  2.000000e+00
   endloop
 endfacet
 facet normal  0.000000e+00  0.000000e+00  1.000000e+00
   outer loop
     vertex -1.433359e+01 -4.421328e+00  2.000000e+00
     vertex -1.382214e+01 -5.826522e+00  2.000000e+00
     vertex -1.351453e+01 -6.508256e+00  2.000000e+00
   endloop
 endfacet
 facet normal  0.000000e+00  0.000000e+00  1.000000e+00
   outer loop
     vertex -3.337814e+00 -1.462392e+01  2.000000e+00
     vertex -4.777300e+00 -1.421891e+01  2.000000e+00
     vertex -4.062607e+00 -1.443936e+01  2.000000e+00
   endloop
 endfacet
 facet normal  0.000000e+00  0.000000e+00  1.000000e+00
   outer loop
     vertex -1.470259e+01 -2.972192e+00  2.000000e+00
     vertex -1.453616e+01 -3.701361e+00  2.000000e+00
     vertex -1.433359e+01 -4.421328e+00  2.000000e+00
   endloop
 endfacet
 facet normal  0.000000e+00  0.000000e+00  1.000000e+00
   outer loop
     vertex -1.120951e+00 -1.495806e+01  2.000000e+00
     vertex -4.777300e+00 -1.421891e+01  2.000000e+00
     vertex -3.337814e+00 -1.462392e+01  2.000000e+00
   endloop
 endfacet
 facet normal  0.000000e+00  0.000000e+00  1.000000e+00
   outer loop
     vertex -1.120951e+00 -1.495806e+01  2.000000e+00
     vertex -3.337814e+00 -1.462392e+01  2.000000e+00
     vertex -2.604723e+00 -1.477212e+01  2.000000e+00
   endloop
 endfacet
 facet normal  0.000000e+00  0.000000e+00  1.000000e+00
   outer loop
     vertex -1.120951e+00 -1.495806e+01  2.000000e+00
     vertex -2.604723e+00 -1.477212e+01  2.000000e+00
     vertex -1.865156e+00 -1.488359e+01  2.000000e+00
   endloop
 endfacet
 facet normal  0.000000e+00  0.000000e+00  1.000000e+00
   outer loop
     vertex -1.500000e+01 -5.145373e-14  2.000000e+00
     vertex -1.498135e+01 -7.476883e-01  2.000000e+00
     vertex -1.492546e+01 -1.493518e+00  2.000000e+00
   endloop
 endfacet
 facet normal  0.000000e+00  0.000000e+00  1.000000e+00
   outer loop
     vertex -1.500000e+01 -5.145373e-14  2.000000e+00
     vertex -1.492546e+01 -1.493518e+00  2.000000e+00
     vertex -1.483246e+01 -2.235634e+00  2.000000e+00
   endloop
 endfacet
 facet normal  0.000000e+00  0.000000e+00  1.000000e+00
   outer loop
     vertex -1.500000e+01 -5.145373e-14  2.000000e+00
     vertex -1.483246e+01 -2.235634e+00  2.000000e+00
     vertex -1.470259e+01 -2.972192e+00  2.000000e+00
   endloop
 endfacet
 facet normal  0.000000e+00  0.000000e+00  1.000000e+00
   outer loop
     vertex -1.500000e+01 -5.145373e-14  2.000000e+00
     vertex -1.470259e+01 -2.972192e+00  2.000000e+00
     vertex -1.433359e+01 -4.421328e+00  2.000000e+00
   endloop
 endfacet
 facet normal  0.000000e+00  0.000000e+00  1.000000e+00
   outer loop
     vertex -1.492546e+01  1.493518e+00  2.000000e+00
     vertex -1.498135e+01  7.476883e-01  2.000000e+00
     vertex -1.500000e+01 -5.145373e-14  2.000000e+00
   endloop
 endfacet
 facet normal  0.000000e+00  0.000000e+00  1.000000e+00
   outer loop
     vertex  1.865156e+00 -1.488359e+01  2.000000e+00
     vertex -3.739604e-01 -1.499534e+01  2.000000e+00
     vertex  3.739604e-01 -1.499534e+01  2.000000e+00
   endloop
 endfacet
 facet normal  0.000000e+00  0.000000e+00  1.000000e+00
   outer loop
     vertex  1.865156e+00 -1.488359e+01  2.000000e+00
     vertex  3.739604e-01 -1.499534e+01  2.000000e+00
     vertex  1.120951e+00 -1.495806e+01  2.000000e+00
   endloop
 endfacet
 facet normal  0.000000e+00  0.000000e+00  1.000000e+00
   outer loop
     vertex -1.483246e+01  2.235634e+00  2.000000e+00
     vertex -1.500000e+01 -5.145373e-14  2.000000e+00
     vertex -1.433359e+01 -4.421328e+00  2.000000e+00
   endloop
 endfacet
 facet normal  0.000000e+00  0.000000e+00  1.000000e+00
   outer loop
     vertex -1.483246e+01  2.235634e+00  2.000000e+00
     vertex -1.492546e+01  1.493518e+00  2.000000e+00
     vertex -1.500000e+01 -5.145373e-14  2.000000e+00
   endloop
 endfacet
 facet normal  0.000000e+00  0.000000e+00  1.000000e+00
   outer loop
     vertex  2.604723e+00 -1.477212e+01  2.000000e+00
     vertex -3.739604e-01 -1.499534e+01  2.000000e+00
     vertex  1.865156e+00 -1.488359e+01  2.000000e+00
   endloop
 endfacet
 facet normal  0.000000e+00  0.000000e+00  1.000000e+00
   outer loop
     vertex  2.604723e+00 -1.477212e+01  2.000000e+00
     vertex -7.500000e+00 -1.299038e+01  2.000000e+00
     vertex -4.777300e+00 -1.421891e+01  2.000000e+00
   endloop
 endfacet
 facet normal  0.000000e+00  0.000000e+00  1.000000e+00
   outer loop
     vertex  2.604723e+00 -1.477212e+01  2.000000e+00
     vertex -4.777300e+00 -1.421891e+01  2.000000e+00
     vertex -1.120951e+00 -1.495806e+01  2.000000e+00
   endloop
 endfacet
 facet normal  0.000000e+00  0.000000e+00  1.000000e+00
   outer loop
     vertex  2.604723e+00 -1.477212e+01  2.000000e+00
     vertex -1.120951e+00 -1.495806e+01  2.000000e+00
     vertex -3.739604e-01 -1.499534e+01  2.000000e+00
   endloop
 endfacet
 facet normal  0.000000e+00  0.000000e+00  1.000000e+00
   outer loop
     vertex -1.453616e+01  3.701361e+00  2.000000e+00
     vertex -1.470259e+01  2.972192e+00  2.000000e+00
     vertex -1.483246e+01  2.235634e+00  2.000000e+00
   endloop
 endfacet
 facet normal  0.000000e+00  0.000000e+00  1.000000e+00
   outer loop
     vertex -1.433359e+01  4.421328e+00  2.000000e+00
     vertex -1.483246e+01  2.235634e+00  2.000000e+00
     vertex -1.433359e+01 -4.421328e+00  2.000000e+00
   endloop
 endfacet
 facet normal  0.000000e+00  0.000000e+00  1.000000e+00
   outer loop
     vertex -1.433359e+01  4.421328e+00  2.000000e+00
     vertex -1.453616e+01  3.701361e+00  2.000000e+00
     vertex -1.483246e+01  2.235634e+00  2.000000e+00
   endloop
 endfacet
 facet normal  0.000000e+00  0.000000e+00  1.000000e+00
   outer loop
     vertex  4.777300e+00 -1.421891e+01  2.000000e+00
     vertex -1.433359e+01 -4.421328e+00  2.000000e+00
     vertex -7.500000e+00 -1.299038e+01  2.000000e+00
   endloop
 endfacet
 facet normal  0.000000e+00  0.000000e+00  1.000000e+00
   outer loop
     vertex  4.777300e+00 -1.421891e+01  2.000000e+00
     vertex -7.500000e+00 -1.299038e+01  2.000000e+00
     vertex  2.604723e+00 -1.477212e+01  2.000000e+00
   endloop
 endfacet
 facet normal  0.000000e+00  0.000000e+00  1.000000e+00
   outer loop
     vertex  4.777300e+00 -1.421891e+01  2.000000e+00
     vertex  2.604723e+00 -1.477212e+01  2.000000e+00
     vertex  3.337814e+00 -1.462392e+01  2.000000e+00
   endloop
 endfacet
 facet normal  0.000000e+00  0.000000e+00  1.000000e+00
   outer loop
     vertex  4.777300e+00 -1.421891e+01  2.000000e+00
     vertex  3.337814e+00 -1.462392e+01  2.000000e+00
     vertex  4.062607e+00 -1.443936e+01  2.000000e+00
   endloop
 endfacet
 facet normal  0.000000e+00  0.000000e+00  1.000000e+00
   outer loop
     vertex  6.169307e+00 -1.367259e+01  2.000000e+00
     vertex  4.777300e+00 -1.421891e+01  2.000000e+00
     vertex  5.480115e+00 -1.396311e+01  2.000000e+00
   endloop
 endfacet
 facet normal  0.000000e+00  0.000000e+00  1.000000e+00
   outer loop
     vertex  6.843160e+00 -1.334808e+01  2.000000e+00
     vertex  4.777300e+00 -1.421891e+01  2.000000e+00
     vertex  6.169307e+00 -1.367259e+01  2.000000e+00
   endloop
 endfacet
 facet normal  0.000000e+00  0.000000e+00  1.000000e+00
   outer loop
     vertex -1.317332e+01  7.173810e+00  2.000000e+00
     vertex -1.351453e+01  6.508256e+00  2.000000e+00
     vertex -1.382214e+01  5.826522e+00  2.000000e+00
   endloop
 endfacet
 facet normal  0.000000e+00  0.000000e+00  1.000000e+00
   outer loop
     vertex -1.317332e+01  7.173810e+00  2.000000e+00
     vertex -1.382214e+01  5.826522e+00  2.000000e+00
     vertex -1.409539e+01  5.130302e+00  2.000000e+00
   endloop
 endfacet
 facet normal  0.000000e+00  0.000000e+00  1.000000e+00
   outer loop
     vertex -1.317332e+01  7.173810e+00  2.000000e+00
     vertex -1.409539e+01  5.130302e+00  2.000000e+00
     vertex -1.433359e+01  4.421328e+00  2.000000e+00
   endloop
 endfacet
 facet normal  0.000000e+00  0.000000e+00  1.000000e+00
   outer loop
     vertex  8.138194e+00 -1.260039e+01  2.000000e+00
     vertex  6.843160e+00 -1.334808e+01  2.000000e+00
     vertex  7.500000e+00 -1.299038e+01  2.000000e+00
   endloop
 endfacet
 facet normal  0.000000e+00  0.000000e+00  1.000000e+00
   outer loop
     vertex  8.138194e+00 -1.260039e+01  2.000000e+00
     vertex  4.777300e+00 -1.421891e+01  2.000000e+00
     vertex  6.843160e+00 -1.334808e+01  2.000000e+00
   endloop
 endfacet
 facet normal  0.000000e+00  0.000000e+00  1.000000e+00
   outer loop
     vertex -1.239358e+01  8.449801e+00  2.000000e+00
     vertex -1.279936e+01  7.821528e+00  2.000000e+00
     vertex -1.317332e+01  7.173810e+00  2.000000e+00
   endloop
 endfacet
 facet normal  0.000000e+00  0.000000e+00  1.000000e+00
   outer loop
     vertex -1.195699e+01  9.057066e+00  2.000000e+00
     vertex -1.317332e+01  7.173810e+00  2.000000e+00
     vertex -1.433359e+01  4.421328e+00  2.000000e+00
   endloop
 endfacet
 facet normal  0.000000e+00  0.000000e+00  1.000000e+00
   outer loop
     vertex -1.195699e+01  9.057066e+00  2.000000e+00
     vertex -1.239358e+01  8.449801e+00  2.000000e+00
     vertex -1.317332e+01  7.173810e+00  2.000000e+00
   endloop
 endfacet
 facet normal  0.000000e+00  0.000000e+00  1.000000e+00
   outer loop
     vertex  9.352347e+00 -1.172747e+01  2.000000e+00
     vertex  8.138194e+00 -1.260039e+01  2.000000e+00
     vertex  8.756155e+00 -1.217907e+01  2.000000e+00
   endloop
 endfacet
 facet normal  0.000000e+00  0.000000e+00  1.000000e+00
   outer loop
     vertex  9.925288e+00 -1.124672e+01  2.000000e+00
     vertex  8.138194e+00 -1.260039e+01  2.000000e+00
     vertex  9.352347e+00 -1.172747e+01  2.000000e+00
   endloop
 endfacet
 facet normal  0.000000e+00  0.000000e+00  1.000000e+00
   outer loop
     vertex -1.047355e+01  1.073800e+01  2.000000e+00
     vertex -1.099578e+01  1.020259e+01  2.000000e+00
     vertex -1.149067e+01  9.641814e+00  2.000000e+00
   endloop
 endfacet
 facet normal  0.000000e+00  0.000000e+00  1.000000e+00
   outer loop
     vertex -1.047355e+01  1.073800e+01  2.000000e+00
     vertex -1.149067e+01  9.641814e+00  2.000000e+00
     vertex -1.195699e+01  9.057066e+00  2.000000e+00
   endloop
 endfacet
 facet normal  0.000000e+00  0.000000e+00  1.000000e+00
   outer loop
     vertex  1.149067e+01 -9.641814e+00  2.000000e+00
     vertex  9.925288e+00 -1.124672e+01  2.000000e+00
     vertex  1.047355e+01 -1.073800e+01  2.000000e+00
   endloop
 endfacet
 facet normal  0.000000e+00  0.000000e+00  1.000000e+00
   outer loop
     vertex  1.149067e+01 -9.641814e+00  2.000000e+00
     vertex  1.047355e+01 -1.073800e+01  2.000000e+00
     vertex  1.099578e+01 -1.020259e+01  2.000000e+00
   endloop
 endfacet
 facet normal  0.000000e+00  0.000000e+00  1.000000e+00
   outer loop
     vertex  1.149067e+01 -9.641814e+00  2.000000e+00
     vertex  4.777300e+00 -1.421891e+01  2.000000e+00
     vertex  8.138194e+00 -1.260039e+01  2.000000e+00
   endloop
 endfacet
 facet normal  0.000000e+00  0.000000e+00  1.000000e+00
   outer loop
     vertex  1.149067e+01 -9.641814e+00  2.000000e+00
     vertex  8.138194e+00 -1.260039e+01  2.000000e+00
     vertex  9.925288e+00 -1.124672e+01  2.000000e+00
   endloop
 endfacet
 facet normal  0.000000e+00  0.000000e+00  1.000000e+00
   outer loop
     vertex -9.352347e+00  1.172747e+01  2.000000e+00
     vertex -9.925288e+00  1.124672e+01  2.000000e+00
     vertex -1.047355e+01  1.073800e+01  2.000000e+00
   endloop
 endfacet
 facet normal  0.000000e+00  0.000000e+00  1.000000e+00
   outer loop
     vertex -8.138194e+00  1.260039e+01  2.000000e+00
     vertex -1.047355e+01  1.073800e+01  2.000000e+00
     vertex -1.195699e+01  9.057066e+00  2.000000e+00
   endloop
 endfacet
 facet normal  0.000000e+00  0.000000e+00  1.000000e+00
   outer loop
     vertex -8.138194e+00  1.260039e+01  2.000000e+00
     vertex -8.756155e+00  1.217907e+01  2.000000e+00
     vertex -9.352347e+00  1.172747e+01  2.000000e+00
   endloop
 endfacet
 facet normal  0.000000e+00  0.000000e+00  1.000000e+00
   outer loop
     vertex -8.138194e+00  1.260039e+01  2.000000e+00
     vertex -9.352347e+00  1.172747e+01  2.000000e+00
     vertex -1.047355e+01  1.073800e+01  2.000000e+00
   endloop
 endfacet
 facet normal  0.000000e+00  0.000000e+00  1.000000e+00
   outer loop
     vertex  1.279936e+01 -7.821528e+00  2.000000e+00
     vertex  1.149067e+01 -9.641814e+00  2.000000e+00
     vertex  1.195699e+01 -9.057066e+00  2.000000e+00
   endloop
 endfacet
 facet normal  0.000000e+00  0.000000e+00  1.000000e+00
   outer loop
     vertex  1.279936e+01 -7.821528e+00  2.000000e+00
     vertex  1.195699e+01 -9.057066e+00  2.000000e+00
     vertex  1.239358e+01 -8.449801e+00  2.000000e+00
   endloop
 endfacet
 facet normal  0.000000e+00  0.000000e+00  1.000000e+00
   outer loop
     vertex  1.279936e+01 -7.821528e+00  2.000000e+00
     vertex  4.777300e+00 -1.421891e+01  2.000000e+00
     vertex  1.149067e+01 -9.641814e+00  2.000000e+00
   endloop
 endfacet
 facet normal  0.000000e+00  0.000000e+00  1.000000e+00
   outer loop
     vertex  1.317332e+01 -7.173810e+00  2.000000e+00
     vertex  4.777300e+00 -1.421891e+01  2.000000e+00
     vertex  1.279936e+01 -7.821528e+00  2.000000e+00
   endloop
 endfacet
 facet normal  0.000000e+00  0.000000e+00  1.000000e+00
   outer loop
     vertex  1.351453e+01 -6.508256e+00  2.000000e+00
     vertex  4.777300e+00 -1.421891e+01  2.000000e+00
     vertex  1.317332e+01 -7.173810e+00  2.000000e+00
   endloop
 endfacet
 facet normal  0.000000e+00  0.000000e+00  1.000000e+00
   outer loop
     vertex -6.169307e+00  1.367259e+01  2.000000e+00
     vertex -6.843160e+00  1.334808e+01  2.000000e+00
     vertex -7.500000e+00  1.299038e+01  2.000000e+00
   endloop
 endfacet
 facet normal  0.000000e+00  0.000000e+00  1.000000e+00
   outer loop
     vertex -4.777300e+00  1.421891e+01  2.000000e+00
     vertex -5.480115e+00  1.396311e+01  2.000000e+00
     vertex -6.169307e+00  1.367259e+01  2.000000e+00
   endloop
 endfacet
 facet normal  0.000000e+00  0.000000e+00  1.000000e+00
   outer loop
     vertex  1.433359e+01 -4.421328e+00  2.000000e+00
     vertex -1.433359e+01  4.421328e+00  2.000000e+00
     vertex -1.433359e+01 -4.421328e+00  2.000000e+00
   endloop
 endfacet
 facet normal  0.000000e+00  0.000000e+00  1.000000e+00
   outer loop
     vertex  1.433359e+01 -4.421328e+00  2.000000e+00
     vertex -1.433359e+01 -4.421328e+00  2.000000e+00
     vertex  4.777300e+00 -1.421891e+01  2.000000e+00
   endloop
 endfacet
 facet normal  0.000000e+00  0.000000e+00  1.000000e+00
   outer loop
     vertex  1.433359e+01 -4.421328e+00  2.000000e+00
     vertex  1.351453e+01 -6.508256e+00  2.000000e+00
     vertex  1.382214e+01 -5.826522e+00  2.000000e+00
   endloop
 endfacet
 facet normal  0.000000e+00  0.000000e+00  1.000000e+00
   outer loop
     vertex  1.433359e+01 -4.421328e+00  2.000000e+00
     vertex  1.382214e+01 -5.826522e+00  2.000000e+00
     vertex  1.409539e+01 -5.130302e+00  2.000000e+00
   endloop
 endfacet
 facet normal  0.000000e+00  0.000000e+00  1.000000e+00
   outer loop
     vertex  1.433359e+01 -4.421328e+00  2.000000e+00
     vertex  4.777300e+00 -1.421891e+01  2.000000e+00
     vertex  1.351453e+01 -6.508256e+00  2.000000e+00
   endloop
 endfacet
 facet normal  0.000000e+00  0.000000e+00  1.000000e+00
   outer loop
     vertex -4.062607e+00  1.443936e+01  2.000000e+00
     vertex -7.500000e+00  1.299038e+01  2.000000e+00
     vertex -8.138194e+00  1.260039e+01  2.000000e+00
   endloop
 endfacet
 facet normal  0.000000e+00  0.000000e+00  1.000000e+00
   outer loop
     vertex -4.062607e+00  1.443936e+01  2.000000e+00
     vertex -6.169307e+00  1.367259e+01  2.000000e+00
     vertex -7.500000e+00  1.299038e+01  2.000000e+00
   endloop
 endfacet
 facet normal  0.000000e+00  0.000000e+00  1.000000e+00
   outer loop
     vertex -4.062607e+00  1.443936e+01  2.000000e+00
     vertex -4.777300e+00  1.421891e+01  2.000000e+00
     vertex -6.169307e+00  1.367259e+01  2.000000e+00
   endloop
 endfacet
 facet normal  0.000000e+00  0.000000e+00  1.000000e+00
   outer loop
     vertex  1.470259e+01 -2.972192e+00  2.000000e+00
     vertex  1.433359e+01 -4.421328e+00  2.000000e+00
     vertex  1.453616e+01 -3.701361e+00  2.000000e+00
   endloop
 endfacet
 facet normal  0.000000e+00  0.000000e+00  1.000000e+00
   outer loop
     vertex  1.470259e+01 -2.972192e+00  2.000000e+00
     vertex -1.433359e+01  4.421328e+00  2.000000e+00
     vertex  1.433359e+01 -4.421328e+00  2.000000e+00
   endloop
 endfacet
 facet normal  0.000000e+00  0.000000e+00  1.000000e+00
   outer loop
     vertex -1.120951e+00  1.495806e+01  2.000000e+00
     vertex -1.865156e+00  1.488359e+01  2.000000e+00
     vertex -2.604723e+00  1.477212e+01  2.000000e+00
   endloop
 endfacet
 facet normal  0.000000e+00  0.000000e+00  1.000000e+00
   outer loop
     vertex -1.120951e+00  1.495806e+01  2.000000e+00
     vertex -2.604723e+00  1.477212e+01  2.000000e+00
     vertex -3.337814e+00  1.462392e+01  2.000000e+00
   endloop
 endfacet
 facet normal  0.000000e+00  0.000000e+00  1.000000e+00
   outer loop
     vertex -1.120951e+00  1.495806e+01  2.000000e+00
     vertex -3.337814e+00  1.462392e+01  2.000000e+00
     vertex -4.062607e+00  1.443936e+01  2.000000e+00
   endloop
 endfacet
 facet normal  0.000000e+00  0.000000e+00  1.000000e+00
   outer loop
     vertex -1.120951e+00  1.495806e+01  2.000000e+00
     vertex -1.195699e+01  9.057066e+00  2.000000e+00
     vertex -1.433359e+01  4.421328e+00  2.000000e+00
   endloop
 endfacet
 facet normal  0.000000e+00  0.000000e+00  1.000000e+00
   outer loop
     vertex -1.120951e+00  1.495806e+01  2.000000e+00
     vertex -8.138194e+00  1.260039e+01  2.000000e+00
     vertex -1.195699e+01  9.057066e+00  2.000000e+00
   endloop
 endfacet
 facet normal  0.000000e+00  0.000000e+00  1.000000e+00
   outer loop
     vertex -1.120951e+00  1.495806e+01  2.000000e+00
     vertex -4.062607e+00  1.443936e+01  2.000000e+00
     vertex -8.138194e+00  1.260039e+01  2.000000e+00
   endloop
 endfacet
 facet normal  0.000000e+00  0.000000e+00  1.000000e+00
   outer loop
     vertex  1.498135e+01 -7.476883e-01  2.000000e+00
     vertex  1.483246e+01 -2.235634e+00  2.000000e+00
     vertex  1.492546e+01 -1.493518e+00  2.000000e+00
   endloop
 endfacet
 facet normal  0.000000e+00  0.000000e+00  1.000000e+00
   outer loop
     vertex  1.500000e+01  0.000000e+00  2.000000e+00
     vertex  1.483246e+01 -2.235634e+00  2.000000e+00
     vertex  1.498135e+01 -7.476883e-01  2.000000e+00
   endloop
 endfacet
 facet normal  0.000000e+00  0.000000e+00  1.000000e+00
   outer loop
     vertex  1.500000e+01  0.000000e+00  2.000000e+00
     vertex  1.470259e+01 -2.972192e+00  2.000000e+00
     vertex  1.483246e+01 -2.235634e+00  2.000000e+00
   endloop
 endfacet
 facet normal  0.000000e+00  0.000000e+00  1.000000e+00
   outer loop
     vertex  1.120951e+00  1.495806e+01  2.000000e+00
     vertex -1.120951e+00  1.495806e+01  2.000000e+00
     vertex -1.433359e+01  4.421328e+00  2.000000e+00
   endloop
 endfacet
 facet normal  0.000000e+00  0.000000e+00  1.000000e+00
   outer loop
     vertex  1.120951e+00  1.495806e+01  2.000000e+00
     vertex  3.739604e-01  1.499534e+01  2.000000e+00
     vertex -3.739604e-01  1.499534e+01  2.000000e+00
   endloop
 endfacet
 facet normal  0.000000e+00  0.000000e+00  1.000000e+00
   outer loop
     vertex  1.120951e+00  1.495806e+01  2.000000e+00
     vertex -3.739604e-01  1.499534e+01  2.000000e+00
     vertex -1.120951e+00  1.495806e+01  2.000000e+00
   endloop
 endfacet
 facet normal  0.000000e+00  0.000000e+00  1.000000e+00
   outer loop
     vertex  1.492546e+01  1.493518e+00  2.000000e+00
     vertex  1.500000e+01  0.000000e+00  2.000000e+00
     vertex  1.498135e+01  7.476883e-01  2.000000e+00
   endloop
 endfacet
 facet normal  0.000000e+00  0.000000e+00  1.000000e+00
   outer loop
     vertex  4.062607e+00  1.443936e+01  2.000000e+00
     vertex  3.337814e+00  1.462392e+01  2.000000e+00
     vertex  2.604723e+00  1.477212e+01  2.000000e+00
   endloop
 endfacet
 facet normal  0.000000e+00  0.000000e+00  1.000000e+00
   outer loop
     vertex  4.062607e+00  1.443936e+01  2.000000e+00
     vertex  2.604723e+00  1.477212e+01  2.000000e+00
     vertex  1.865156e+00  1.488359e+01  2.000000e+00
   endloop
 endfacet
 facet normal  0.000000e+00  0.000000e+00  1.000000e+00
   outer loop
     vertex  1.433359e+01  4.421328e+00  2.000000e+00
     vertex  1.492546e+01  1.493518e+00  2.000000e+00
     vertex  1.483246e+01  2.235634e+00  2.000000e+00
   endloop
 endfacet
 facet normal  0.000000e+00  0.000000e+00  1.000000e+00
   outer loop
     vertex  1.433359e+01  4.421328e+00  2.000000e+00
     vertex  1.483246e+01  2.235634e+00  2.000000e+00
     vertex  1.470259e+01  2.972192e+00  2.000000e+00
   endloop
 endfacet
 facet normal  0.000000e+00  0.000000e+00  1.000000e+00
   outer loop
     vertex  1.433359e+01  4.421328e+00  2.000000e+00
     vertex  1.470259e+01  2.972192e+00  2.000000e+00
     vertex  1.453616e+01  3.701361e+00  2.000000e+00
   endloop
 endfacet
 facet normal  0.000000e+00  0.000000e+00  1.000000e+00
   outer loop
     vertex  1.433359e+01  4.421328e+00  2.000000e+00
     vertex  1.500000e+01  0.000000e+00  2.000000e+00
     vertex  1.492546e+01  1.493518e+00  2.000000e+00
   endloop
 endfacet
 facet normal  0.000000e+00  0.000000e+00  1.000000e+00
   outer loop
     vertex  4.777300e+00  1.421891e+01  2.000000e+00
     vertex  4.062607e+00  1.443936e+01  2.000000e+00
     vertex  1.865156e+00  1.488359e+01  2.000000e+00
   endloop
 endfacet
 facet normal  0.000000e+00  0.000000e+00  1.000000e+00
   outer loop
     vertex  1.409539e+01  5.130302e+00  2.000000e+00
     vertex -1.433359e+01  4.421328e+00  2.000000e+00
     vertex  1.470259e+01 -2.972192e+00  2.000000e+00
   endloop
 endfacet
 facet normal  0.000000e+00  0.000000e+00  1.000000e+00
   outer loop
     vertex  1.409539e+01  5.130302e+00  2.000000e+00
     vertex  1.470259e+01 -2.972192e+00  2.000000e+00
     vertex  1.500000e+01  0.000000e+00  2.000000e+00
   endloop
 endfacet
 facet normal  0.000000e+00  0.000000e+00  1.000000e+00
   outer loop
     vertex  1.409539e+01  5.130302e+00  2.000000e+00
     vertex  1.500000e+01  0.000000e+00  2.000000e+00
     vertex  1.433359e+01  4.421328e+00  2.000000e+00
   endloop
 endfacet
 facet normal  0.000000e+00  0.000000e+00  1.000000e+00
   outer loop
     vertex  6.169307e+00  1.367259e+01  2.000000e+00
     vertex  5.480115e+00  1.396311e+01  2.000000e+00
     vertex  4.777300e+00  1.421891e+01  2.000000e+00
   endloop
 endfacet
 facet normal  0.000000e+00  0.000000e+00  1.000000e+00
   outer loop
     vertex  6.169307e+00  1.367259e+01  2.000000e+00
     vertex  1.865156e+00  1.488359e+01  2.000000e+00
     vertex  1.120951e+00  1.495806e+01  2.000000e+00
   endloop
 endfacet
 facet normal  0.000000e+00  0.000000e+00  1.000000e+00
   outer loop
     vertex  6.169307e+00  1.367259e+01  2.000000e+00
     vertex  4.777300e+00  1.421891e+01  2.000000e+00
     vertex  1.865156e+00  1.488359e+01  2.000000e+00
   endloop
 endfacet
 facet normal  0.000000e+00  0.000000e+00  1.000000e+00
   outer loop
     vertex  1.317332e+01  7.173810e+00  2.000000e+00
     vertex  1.409539e+01  5.130302e+00  2.000000e+00
     vertex  1.382214e+01  5.826522e+00  2.000000e+00
   endloop
 endfacet
 facet normal  0.000000e+00  0.000000e+00  1.000000e+00
   outer loop
     vertex  1.317332e+01  7.173810e+00  2.000000e+00
     vertex  1.382214e+01  5.826522e+00  2.000000e+00
     vertex  1.351453e+01  6.508256e+00  2.000000e+00
   endloop
 endfacet
 facet normal  0.000000e+00  0.000000e+00  1.000000e+00
   outer loop
     vertex  7.500000e+00  1.299038e+01  2.000000e+00
     vertex  6.843160e+00  1.334808e+01  2.000000e+00
     vertex  6.169307e+00  1.367259e+01  2.000000e+00
   endloop
 endfacet
 facet normal  0.000000e+00  0.000000e+00  1.000000e+00
   outer loop
     vertex  8.138194e+00  1.260039e+01  2.000000e+00
     vertex  1.120951e+00  1.495806e+01  2.000000e+00
     vertex -1.433359e+01  4.421328e+00  2.000000e+00
   endloop
 endfacet
 facet normal  0.000000e+00  0.000000e+00  1.000000e+00
   outer loop
     vertex  8.138194e+00  1.260039e+01  2.000000e+00
     vertex  6.169307e+00  1.367259e+01  2.000000e+00
     vertex  1.120951e+00  1.495806e+01  2.000000e+00
   endloop
 endfacet
 facet normal  0.000000e+00  0.000000e+00  1.000000e+00
   outer loop
     vertex  8.138194e+00  1.260039e+01  2.000000e+00
     vertex  7.500000e+00  1.299038e+01  2.000000e+00
     vertex  6.169307e+00  1.367259e+01  2.000000e+00
   endloop
 endfacet
 facet normal  0.000000e+00  0.000000e+00  1.000000e+00
   outer loop
     vertex  1.195699e+01  9.057066e+00  2.000000e+00
     vertex  1.317332e+01  7.173810e+00  2.000000e+00
     vertex  1.279936e+01  7.821528e+00  2.000000e+00
   endloop
 endfacet
 facet normal  0.000000e+00  0.000000e+00  1.000000e+00
   outer loop
     vertex  1.195699e+01  9.057066e+00  2.000000e+00
     vertex  1.279936e+01  7.821528e+00  2.000000e+00
     vertex  1.239358e+01  8.449801e+00  2.000000e+00
   endloop
 endfacet
 facet normal  0.000000e+00  0.000000e+00  1.000000e+00
   outer loop
     vertex  1.195699e+01  9.057066e+00  2.000000e+00
     vertex  1.409539e+01  5.130302e+00  2.000000e+00
     vertex  1.317332e+01  7.173810e+00  2.000000e+00
   endloop
 endfacet
 facet normal  0.000000e+00  0.000000e+00  1.000000e+00
   outer loop
     vertex  9.352347e+00  1.172747e+01  2.000000e+00
     vertex  8.138194e+00  1.260039e+01  2.000000e+00
     vertex -1.433359e+01  4.421328e+00  2.000000e+00
   endloop
 endfacet
 facet normal  0.000000e+00  0.000000e+00  1.000000e+00
   outer loop
     vertex  9.352347e+00  1.172747e+01  2.000000e+00
     vertex  8.756155e+00  1.217907e+01  2.000000e+00
     vertex  8.138194e+00  1.260039e+01  2.000000e+00
   endloop
 endfacet
 facet normal  0.000000e+00  0.000000e+00  1.000000e+00
   outer loop
     vertex  9.352347e+00  1.172747e+01  2.000000e+00
     vertex -1.433359e+01  4.421328e+00  2.000000e+00
     vertex  1.409539e+01  5.130302e+00  2.000000e+00
   endloop
 endfacet
 facet normal  0.000000e+00  0.000000e+00  1.000000e+00
   outer loop
     vertex  1.149067e+01  9.641814e+00  2.000000e+00
     vertex  1.409539e+01  5.130302e+00  2.000000e+00
     vertex  1.195699e+01  9.057066e+00  2.000000e+00
   endloop
 endfacet
 facet normal  0.000000e+00  0.000000e+00  1.000000e+00
   outer loop
     vertex  1.099578e+01  1.020259e+01  2.000000e+00
     vertex  1.409539e+01  5.130302e+00  2.000000e+00
     vertex  1.149067e+01  9.641814e+00  2.000000e+00
   endloop
 endfacet
 facet normal  0.000000e+00  0.000000e+00  1.000000e+00
   outer loop
     vertex  1.047355e+01  1.073800e+01  2.000000e+00
     vertex  9.925288e+00  1.124672e+01  2.000000e+00
     vertex  9.352347e+00  1.172747e+01  2.000000e+00
   endloop
 endfacet
 facet normal  0.000000e+00  0.000000e+00  1.000000e+00
   outer loop
     vertex  1.047355e+01  1.073800e+01  2.000000e+00
     vertex  9.352347e+00  1.172747e+01  2.000000e+00
     vertex  1.409539e+01  5.130302e+00  2.000000e+00
   endloop
 endfacet
 facet normal  0.000000e+00  0.000000e+00  1.000000e+00
   outer loop
     vertex  1.047355e+01  1.073800e+01  2.000000e+00
     vertex  1.409539e+01  5.130302e+00  2.000000e+00
     vertex  1.099578e+01  1.020259e+01  2.000000e+00
   endloop
 endfacet
endsolid
