solid CadrixAI_v2_1aed427d3d80_leaf_b
 facet normal -1.000000e+00  0.000000e+00 -0.000000e+00
   outer loop
     vertex -3.000000e+01 -6.364218e+00  3.000000e+00
     vertex -3.000000e+01  1.250000e+01  0.000000e+00
     vertex -3.000000e+01 -7.500000e+00  0.000000e+00
   endloop
 endfacet
 facet normal -1.000000e+00  0.000000e+00  0.000000e+00
   outer loop
     vertex -3.000000e+01 -6.364218e+00  3.000000e+00
     vertex -3.000000e+01  1.250000e+01  3.000000e+00
     vertex -3.000000e+01  1.250000e+01  0.000000e+00
   endloop
 endfacet
 facet normal -1.000000e+00  0.000000e+00 -0.000000e+00
   outer loop
     vertex -3.000000e+01 -6.459340e+00  2.948896e+00
     vertex -3.000000e+01 -6.364218e+00  3.000000e+00
     vertex -3.000000e+01 -7.500000e+00  0.000000e+00
   endloop
 endfacet
 facet normal -1.000000e+00  0.000000e+00 -0.000000e+00
   outer loop
     vertex -3.000000e+01 -6.556756e+00  2.902313e+00
     vertex -3.000000e+01 -6.459340e+00  2.948896e+00
     vertex -3.000000e+01 -7.500000e+00  0.000000e+00
   endloop
 endfacet
 facet normal -1.000000e+00  0.000000e+00 -0.000000e+00
   outer loop
     vertex -3.000000e+01 -6.656250e+00  2.860354e+00
     vertex -3.000000e+01 -6.556756e+00  2.902313e+00
     vertex -3.000000e+01 -7.500000e+00  0.000000e+00
   endloop
 endfacet
 facet normal -1.000000e+00  0.000000e+00 -0.000000e+00
   outer loop
     vertex -3.000000e+01 -6.757604e+00  2.823110e+00
     vertex -3.000000e+01 -6.656250e+00  2.860354e+00
     vertex -3.000000e+01 -7.500000e+00  0.000000e+00
   endloop
 endfacet
 facet normal -1.000000e+00  0.000000e+00 -0.000000e+00
   outer loop
     vertex -3.000000e+01 -6.860595e+00  2.790665e+00
     vertex -3.000000e+01 -6.757604e+00  2.823110e+00
     vertex -3.000000e+01 -7.500000e+00  0.000000e+00
   endloop
 endfacet
 facet normal -1.000000e+00  0.000000e+00 -0.000000e+00
   outer loop
     vertex -3.000000e+01 -6.964995e+00  2.763089e+00
     vertex -3.000000e+01 -6.860595e+00  2.790665e+00
     vertex -3.000000e+01 -7.500000e+00  0.000000e+00
   endloop
 endfacet
 facet normal -1.000000e+00  0.000000e+00 -0.000000e+00
   outer loop
     vertex -3.000000e+01 -7.070574e+00  2.740444e+00
     vertex -3.000000e+01 -6.964995e+00  2.763089e+00
     vertex -3.000000e+01 -7.500000e+00  0.000000e+00
   endloop
 endfacet
 facet normal -1.000000e+00  0.000000e+00 -0.000000e+00
   outer loop
     vertex -3.000000e+01 -7.177099e+00  2.722779e+00
     vertex -3.000000e+01 -7.070574e+00  2.740444e+00
     vertex -3.000000e+01 -7.500000e+00  0.000000e+00
   endloop
 endfacet
 facet normal -1.000000e+00  0.000000e+00 -0.000000e+00
   outer loop
     vertex -3.000000e+01 -7.284337e+00  2.710133e+00
     vertex -3.000000e+01 -7.177099e+00  2.722779e+00
     vertex -3.000000e+01 -7.500000e+00  0.000000e+00
   endloop
 endfacet
 facet normal -1.000000e+00  0.000000e+00 -0.000000e+00
   outer loop
     vertex -3.000000e+01 -7.392049e+00  2.702535e+00
     vertex -3.000000e+01 -7.284337e+00  2.710133e+00
     vertex -3.000000e+01 -7.500000e+00  0.000000e+00
   endloop
 endfacet
 facet normal -1.000000e+00  0.000000e+00  0.000000e+00
   outer loop
     vertex -3.000000e+01 -7.500000e+00  2.700000e+00
     vertex -3.000000e+01 -7.392049e+00  2.702535e+00
     vertex -3.000000e+01 -7.500000e+00  0.000000e+00
   endloop
 endfacet
 facet normal  3.088038e-15 -1.000000e+00 -1.381611e-14
   outer loop
     vertex -1.792000e+01 -7.500000e+00  2.700000e+00
     vertex -3.000000e+01 -7.500000e+00  0.000000e+00
     vertex -1.792000e+01 -7.500000e+00  0.000000e+00
   endloop
 endfacet
 facet normal -0.000000e+00 -1.000000e+00  0.000000e+00
   outer loop
     vertex -1.792000e+01 -7.500000e+00  2.700000e+00
     vertex -3.000000e+01 -7.500000e+00  2.700000e+00
     vertex -3.000000e+01 -7.500000e+00  0.000000e+00
   endloop
 endfacet
 facet normal  0.000000e+00 -9.996924e-01 -2.479950e-02
   outer loop
     vertex  6.240000e+00 -5.202829e+00  5.114043e+00
     vertex  1.792000e+01 -5.200000e+00  5.000000e+00
     vertex  1.792000e+01 -5.202829e+00  5.114043e+00
   endloop
 endfacet
 facet normal -5.777665e-21 -9.996924e-01 -2.479950e-02
   outer loop
     vertex  6.240000e+00 -5.202829e+00  5.114043e+00
     vertex  6.240000e+00 -5.200000e+00  5.000000e+00
     vertex  1.792000e+01 -5.200000e+00  5.000000e+00
   endloop
 endfacet
 facet normal  1.068439e-20 -9.972331e-01 -7.433751e-02
   outer loop
     vertex  1.792000e+01 -5.211309e+00  5.227805e+00
     vertex  6.240000e+00 -5.202829e+00  5.114043e+00
     vertex  1.792000e+01 -5.202829e+00  5.114043e+00
   endloop
 endfacet
 facet normal  0.000000e+00 -9.996924e-01 -2.479950e-02
   outer loop
     vertex -1.792000e+01 -5.202829e+00  5.114043e+00
     vertex -6.240000e+00 -5.200000e+00  5.000000e+00
     vertex -6.240000e+00 -5.202829e+00  5.114043e+00
   endloop
 endfacet
 facet normal -5.777665e-21 -9.996924e-01 -2.479950e-02
   outer loop
     vertex -1.792000e+01 -5.202829e+00  5.114043e+00
     vertex -1.792000e+01 -5.200000e+00  5.000000e+00
     vertex -6.240000e+00 -5.200000e+00  5.000000e+00
   endloop
 endfacet
 facet normal  0.000000e+00 -9.972331e-01 -7.433751e-02
   outer loop
     vertex  6.240000e+00 -5.211309e+00  5.227805e+00
     vertex  6.240000e+00 -5.202829e+00  5.114043e+00
     vertex  1.792000e+01 -5.211309e+00  5.227805e+00
   endloop
 endfacet
 facet normal  8.446351e-21 -9.923206e-01 -1.236926e-01
   outer loop
     vertex  1.792000e+01 -5.225420e+00  5.341006e+00
     vertex  6.240000e+00 -5.211309e+00  5.227805e+00
     vertex  1.792000e+01 -5.211309e+00  5.227805e+00
   endloop
 endfacet
 facet normal  1.068439e-20 -9.972331e-01 -7.433751e-02
   outer loop
     vertex -1.792000e+01 -5.211309e+00  5.227805e+00
     vertex -1.792000e+01 -5.202829e+00  5.114043e+00
     vertex -6.240000e+00 -5.202829e+00  5.114043e+00
   endloop
 endfacet
 facet normal  0.000000e+00 -9.972331e-01 -7.433751e-02
   outer loop
     vertex -1.792000e+01 -5.211309e+00  5.227805e+00
     vertex -6.240000e+00 -5.202829e+00  5.114043e+00
     vertex -6.240000e+00 -5.211309e+00  5.227805e+00
   endloop
 endfacet
 facet normal  0.000000e+00 -9.923206e-01 -1.236926e-01
   outer loop
     vertex  6.240000e+00 -5.225420e+00  5.341006e+00
     vertex  6.240000e+00 -5.211309e+00  5.227805e+00
     vertex  1.792000e+01 -5.225420e+00  5.341006e+00
   endloop
 endfacet
 facet normal  8.446351e-21 -9.923206e-01 -1.236926e-01
   outer loop
     vertex -1.792000e+01 -5.225420e+00  5.341006e+00
     vertex -1.792000e+01 -5.211309e+00  5.227805e+00
     vertex -6.240000e+00 -5.211309e+00  5.227805e+00
   endloop
 endfacet
 facet normal  0.000000e+00 -9.923206e-01 -1.236926e-01
   outer loop
     vertex -1.792000e+01 -5.225420e+00  5.341006e+00
     vertex -6.240000e+00 -5.211309e+00  5.227805e+00
     vertex -6.240000e+00 -5.225420e+00  5.341006e+00
   endloop
 endfacet
 facet normal  1.133530e-19 -9.849668e-01 -1.727435e-01
   outer loop
     vertex  6.240000e+00 -5.245126e+00  5.453369e+00
     vertex  6.240000e+00 -5.225420e+00  5.341006e+00
     vertex  1.792000e+01 -5.225420e+00  5.341006e+00
   endloop
 endfacet
 facet normal  0.000000e+00 -9.849668e-01 -1.727435e-01
   outer loop
     vertex  6.240000e+00 -5.245126e+00  5.453369e+00
     vertex  1.792000e+01 -5.225420e+00  5.341006e+00
     vertex  1.792000e+01 -5.245126e+00  5.453369e+00
   endloop
 endfacet
 facet normal  1.133530e-19 -9.849668e-01 -1.727435e-01
   outer loop
     vertex -1.792000e+01 -5.245126e+00  5.453369e+00
     vertex -1.792000e+01 -5.225420e+00  5.341006e+00
     vertex -6.240000e+00 -5.225420e+00  5.341006e+00
   endloop
 endfacet
 facet normal  0.000000e+00 -9.849668e-01 -1.727435e-01
   outer loop
     vertex -1.792000e+01 -5.245126e+00  5.453369e+00
     vertex -6.240000e+00 -5.225420e+00  5.341006e+00
     vertex -6.240000e+00 -5.245126e+00  5.453369e+00
   endloop
 endfacet
 facet normal  1.431776e-19 -9.751900e-01 -2.213693e-01
   outer loop
     vertex  6.240000e+00 -5.270379e+00  5.564617e+00
     vertex  6.240000e+00 -5.245126e+00  5.453369e+00
     vertex  1.792000e+01 -5.245126e+00  5.453369e+00
   endloop
 endfacet
 facet normal  0.000000e+00 -9.751900e-01 -2.213693e-01
   outer loop
     vertex  6.240000e+00 -5.270379e+00  5.564617e+00
     vertex  1.792000e+01 -5.245126e+00  5.453369e+00
     vertex  1.792000e+01 -5.270379e+00  5.564617e+00
   endloop
 endfacet
 facet normal  1.431776e-19 -9.751900e-01 -2.213693e-01
   outer loop
     vertex -1.792000e+01 -5.270379e+00  5.564617e+00
     vertex -1.792000e+01 -5.245126e+00  5.453369e+00
     vertex -6.240000e+00 -5.245126e+00  5.453369e+00
   endloop
 endfacet
 facet normal  0.000000e+00 -9.751900e-01 -2.213693e-01
   outer loop
     vertex -1.792000e+01 -5.270379e+00  5.564617e+00
     vertex -6.240000e+00 -5.245126e+00  5.453369e+00
     vertex -6.240000e+00 -5.270379e+00  5.564617e+00
   endloop
 endfacet
 facet normal -4.303347e-20 -9.630142e-01 -2.694506e-01
   outer loop
     vertex  6.240000e+00 -5.301118e+00  5.674475e+00
     vertex  6.240000e+00 -5.270379e+00  5.564617e+00
     vertex  1.792000e+01 -5.270379e+00  5.564617e+00
   endloop
 endfacet
 facet normal  0.000000e+00 -9.630142e-01 -2.694506e-01
   outer loop
     vertex  6.240000e+00 -5.301118e+00  5.674475e+00
     vertex  1.792000e+01 -5.270379e+00  5.564617e+00
     vertex  1.792000e+01 -5.301118e+00  5.674475e+00
   endloop
 endfacet
 facet normal -4.303347e-20 -9.630142e-01 -2.694506e-01
   outer loop
     vertex -1.792000e+01 -5.301118e+00  5.674475e+00
     vertex -1.792000e+01 -5.270379e+00  5.564617e+00
     vertex -6.240000e+00 -5.270379e+00  5.564617e+00
   endloop
 endfacet
 facet normal  0.000000e+00 -9.630142e-01 -2.694506e-01
   outer loop
     vertex -1.792000e+01 -5.301118e+00  5.674475e+00
     vertex -6.240000e+00 -5.270379e+00  5.564617e+00
     vertex -6.240000e+00 -5.301118e+00  5.674475e+00
   endloop
 endfacet
 facet normal -1.603347e-19 -9.484693e-01 -3.168691e-01
   outer loop
     vertex  6.240000e+00 -5.337265e+00  5.782674e+00
     vertex  6.240000e+00 -5.301118e+00  5.674475e+00
     vertex  1.792000e+01 -5.301118e+00  5.674475e+00
   endloop
 endfacet
 facet normal  0.000000e+00 -9.484693e-01 -3.168691e-01
   outer loop
     vertex  6.240000e+00 -5.337265e+00  5.782674e+00
     vertex  1.792000e+01 -5.301118e+00  5.674475e+00
     vertex  1.792000e+01 -5.337265e+00  5.782674e+00
   endloop
 endfacet
 facet normal -1.603347e-19 -9.484693e-01 -3.168691e-01
   outer loop
     vertex -1.792000e+01 -5.337265e+00  5.782674e+00
     vertex -1.792000e+01 -5.301118e+00  5.674475e+00
     vertex -6.240000e+00 -5.301118e+00  5.674475e+00
   endloop
 endfacet
 facet normal  0.000000e+00 -9.484693e-01 -3.168691e-01
   outer loop
     vertex -1.792000e+01 -5.337265e+00  5.782674e+00
     vertex -6.240000e+00 -5.301118e+00  5.674475e+00
     vertex -6.240000e+00 -5.337265e+00  5.782674e+00
   endloop
 endfacet
 facet normal  2.297021e-19 -9.315911e-01 -3.635080e-01
   outer loop
     vertex  6.240000e+00 -5.378734e+00  5.888948e+00
     vertex  6.240000e+00 -5.337265e+00  5.782674e+00
     vertex  1.792000e+01 -5.337265e+00  5.782674e+00
   endloop
 endfacet
 facet normal  0.000000e+00 -9.315911e-01 -3.635080e-01
   outer loop
     vertex  6.240000e+00 -5.378734e+00  5.888948e+00
     vertex  1.792000e+01 -5.337265e+00  5.782674e+00
     vertex  1.792000e+01 -5.378734e+00  5.888948e+00
   endloop
 endfacet
 facet normal  2.063361e-19 -9.124211e-01 -4.092526e-01
   outer loop
     vertex  1.792000e+01 -5.425420e+00  5.993035e+00
     vertex  6.240000e+00 -5.378734e+00  5.888948e+00
     vertex  1.792000e+01 -5.378734e+00  5.888948e+00
   endloop
 endfacet
 facet normal  2.297021e-19 -9.315911e-01 -3.635080e-01
   outer loop
     vertex -1.792000e+01 -5.378734e+00  5.888948e+00
     vertex -1.792000e+01 -5.337265e+00  5.782674e+00
     vertex -6.240000e+00 -5.337265e+00  5.782674e+00
   endloop
 endfacet
 facet normal  0.000000e+00 -9.315911e-01 -3.635080e-01
   outer loop
     vertex -1.792000e+01 -5.378734e+00  5.888948e+00
     vertex -6.240000e+00 -5.337265e+00  5.782674e+00
     vertex -6.240000e+00 -5.378734e+00  5.888948e+00
   endloop
 endfacet
 facet normal  0.000000e+00 -9.124211e-01 -4.092526e-01
   outer loop
     vertex  6.240000e+00 -5.425420e+00  5.993035e+00
     vertex  6.240000e+00 -5.378734e+00  5.888948e+00
     vertex  1.792000e+01 -5.425420e+00  5.993035e+00
   endloop
 endfacet
 facet normal  2.063361e-19 -9.124211e-01 -4.092526e-01
   outer loop
     vertex -1.792000e+01 -5.425420e+00  5.993035e+00
     vertex -1.792000e+01 -5.378734e+00  5.888948e+00
     vertex -6.240000e+00 -5.378734e+00  5.888948e+00
   endloop
 endfacet
 facet normal  0.000000e+00 -9.124211e-01 -4.092526e-01
   outer loop
     vertex -1.792000e+01 -5.425420e+00  5.993035e+00
     vertex -6.240000e+00 -5.378734e+00  5.888948e+00
     vertex -6.240000e+00 -5.425420e+00  5.993035e+00
   endloop
 endfacet
 facet normal  0.000000e+00 -8.910065e-01 -4.539905e-01
   outer loop
     vertex  6.240000e+00 -5.477210e+00  6.094679e+00
     vertex  1.792000e+01 -5.425420e+00  5.993035e+00
     vertex  1.792000e+01 -5.477210e+00  6.094679e+00
   endloop
 endfacet
 facet normal -8.658000e-20 -8.910065e-01 -4.539905e-01
   outer loop
     vertex  6.240000e+00 -5.477210e+00  6.094679e+00
     vertex  6.240000e+00 -5.425420e+00  5.993035e+00
     vertex  1.792000e+01 -5.425420e+00  5.993035e+00
   endloop
 endfacet
 facet normal -8.658000e-20 -8.910065e-01 -4.539905e-01
   outer loop
     vertex -6.240000e+00 -5.477210e+00  6.094679e+00
     vertex -1.792000e+01 -5.425420e+00  5.993035e+00
     vertex -6.240000e+00 -5.425420e+00  5.993035e+00
   endloop
 endfacet
 facet normal  0.000000e+00 -8.910065e-01 -4.539905e-01
   outer loop
     vertex -1.792000e+01 -5.477210e+00  6.094679e+00
     vertex -1.792000e+01 -5.425420e+00  5.993035e+00
     vertex -6.240000e+00 -5.477210e+00  6.094679e+00
   endloop
 endfacet
 facet normal  0.000000e+00 -8.674000e-01 -4.976115e-01
   outer loop
     vertex  6.240000e+00 -5.533977e+00  6.193630e+00
     vertex  1.792000e+01 -5.477210e+00  6.094679e+00
     vertex  1.792000e+01 -5.533977e+00  6.193630e+00
   endloop
 endfacet
 facet normal -1.890422e-19 -8.674000e-01 -4.976115e-01
   outer loop
     vertex  6.240000e+00 -5.533977e+00  6.193630e+00
     vertex  6.240000e+00 -5.477210e+00  6.094679e+00
     vertex  1.792000e+01 -5.477210e+00  6.094679e+00
   endloop
 endfacet
 facet normal  0.000000e+00 -8.674000e-01 -4.976115e-01
   outer loop
     vertex -1.792000e+01 -5.533977e+00  6.193630e+00
     vertex -6.240000e+00 -5.477210e+00  6.094679e+00
     vertex -6.240000e+00 -5.533977e+00  6.193630e+00
   endloop
 endfacet
 facet normal -1.890422e-19 -8.674000e-01 -4.976115e-01
   outer loop
     vertex -1.792000e+01 -5.533977e+00  6.193630e+00
     vertex -1.792000e+01 -5.477210e+00  6.094679e+00
     vertex -6.240000e+00 -5.477210e+00  6.094679e+00
   endloop
 endfacet
 facet normal  0.000000e+00 -8.416596e-01 -5.400084e-01
   outer loop
     vertex  6.240000e+00 -5.595580e+00  6.289645e+00
     vertex  1.792000e+01 -5.533977e+00  6.193630e+00
     vertex  1.792000e+01 -5.595580e+00  6.289645e+00
   endloop
 endfacet
 facet normal  1.355938e-19 -8.416596e-01 -5.400084e-01
   outer loop
     vertex  6.240000e+00 -5.595580e+00  6.289645e+00
     vertex  6.240000e+00 -5.533977e+00  6.193630e+00
     vertex  1.792000e+01 -5.533977e+00  6.193630e+00
   endloop
 endfacet
 facet normal -3.247949e-19 -8.138487e-01 -5.810768e-01
   outer loop
     vertex  1.792000e+01 -5.661868e+00  6.382487e+00
     vertex  6.240000e+00 -5.595580e+00  6.289645e+00
     vertex  1.792000e+01 -5.595580e+00  6.289645e+00
   endloop
 endfacet
 facet normal  0.000000e+00 -8.416596e-01 -5.400084e-01
   outer loop
     vertex -1.792000e+01 -5.595580e+00  6.289645e+00
     vertex -6.240000e+00 -5.533977e+00  6.193630e+00
     vertex -6.240000e+00 -5.595580e+00  6.289645e+00
   endloop
 endfacet
 facet normal  1.355938e-19 -8.416596e-01 -5.400084e-01
   outer loop
     vertex -1.792000e+01 -5.595580e+00  6.289645e+00
     vertex -1.792000e+01 -5.533977e+00  6.193630e+00
     vertex -6.240000e+00 -5.533977e+00  6.193630e+00
   endloop
 endfacet
 facet normal  0.000000e+00 -8.138487e-01 -5.810768e-01
   outer loop
     vertex  6.240000e+00 -5.661868e+00  6.382487e+00
     vertex  6.240000e+00 -5.595580e+00  6.289645e+00
     vertex  1.792000e+01 -5.661868e+00  6.382487e+00
   endloop
 endfacet
 facet normal -3.247949e-19 -8.138487e-01 -5.810768e-01
   outer loop
     vertex -6.240000e+00 -5.661868e+00  6.382487e+00
     vertex -1.792000e+01 -5.595580e+00  6.289645e+00
     vertex -6.240000e+00 -5.595580e+00  6.289645e+00
   endloop
 endfacet
 facet normal  0.000000e+00 -8.138487e-01 -5.810768e-01
   outer loop
     vertex -1.792000e+01 -5.661868e+00  6.382487e+00
     vertex -1.792000e+01 -5.595580e+00  6.289645e+00
     vertex -6.240000e+00 -5.661868e+00  6.382487e+00
   endloop
 endfacet
 facet normal -2.195057e-19 -7.840357e-01 -6.207157e-01
   outer loop
     vertex  6.240000e+00 -5.732677e+00  6.471928e+00
     vertex  6.240000e+00 -5.661868e+00  6.382487e+00
     vertex  1.792000e+01 -5.661868e+00  6.382487e+00
   endloop
 endfacet
 facet normal  0.000000e+00 -7.840357e-01 -6.207157e-01
   outer loop
     vertex  6.240000e+00 -5.732677e+00  6.471928e+00
     vertex  1.792000e+01 -5.661868e+00  6.382487e+00
     vertex  1.792000e+01 -5.732677e+00  6.471928e+00
   endloop
 endfacet
 facet normal -2.195057e-19 -7.840357e-01 -6.207157e-01
   outer loop
     vertex -1.792000e+01 -5.732677e+00  6.471928e+00
     vertex -1.792000e+01 -5.661868e+00  6.382487e+00
     vertex -6.240000e+00 -5.661868e+00  6.382487e+00
   endloop
 endfacet
 facet normal  0.000000e+00 -7.840357e-01 -6.207157e-01
   outer loop
     vertex -1.792000e+01 -5.732677e+00  6.471928e+00
     vertex -6.240000e+00 -5.661868e+00  6.382487e+00
     vertex -6.240000e+00 -5.732677e+00  6.471928e+00
   endloop
 endfacet
 facet normal -2.772982e-19 -7.522939e-01 -6.588277e-01
   outer loop
     vertex  6.240000e+00 -5.807835e+00  6.557748e+00
     vertex  6.240000e+00 -5.732677e+00  6.471928e+00
     vertex  1.792000e+01 -5.732677e+00  6.471928e+00
   endloop
 endfacet
 facet normal  0.000000e+00 -7.522939e-01 -6.588277e-01
   outer loop
     vertex  6.240000e+00 -5.807835e+00  6.557748e+00
     vertex  1.792000e+01 -5.732677e+00  6.471928e+00
     vertex  1.792000e+01 -5.807835e+00  6.557748e+00
   endloop
 endfacet
 facet normal -2.772982e-19 -7.522939e-01 -6.588277e-01
   outer loop
     vertex -6.240000e+00 -5.807835e+00  6.557748e+00
     vertex -1.792000e+01 -5.732677e+00  6.471928e+00
     vertex -6.240000e+00 -5.732677e+00  6.471928e+00
   endloop
 endfacet
 facet normal  0.000000e+00 -7.522939e-01 -6.588277e-01
   outer loop
     vertex -1.792000e+01 -5.807835e+00  6.557748e+00
     vertex -1.792000e+01 -5.732677e+00  6.471928e+00
     vertex -6.240000e+00 -5.807835e+00  6.557748e+00
   endloop
 endfacet
 facet normal  1.311168e-19 -7.187014e-01 -6.953189e-01
   outer loop
     vertex  6.240000e+00 -5.887155e+00  6.639735e+00
     vertex  6.240000e+00 -5.807835e+00  6.557748e+00
     vertex  1.792000e+01 -5.807835e+00  6.557748e+00
   endloop
 endfacet
 facet normal  0.000000e+00 -7.187014e-01 -6.953189e-01
   outer loop
     vertex  6.240000e+00 -5.887155e+00  6.639735e+00
     vertex  1.792000e+01 -5.807835e+00  6.557748e+00
     vertex  1.792000e+01 -5.887155e+00  6.639735e+00
   endloop
 endfacet
 facet normal  9.628037e-20 -6.833408e-01 -7.300995e-01
   outer loop
     vertex  1.792000e+01 -5.970443e+00  6.717689e+00
     vertex  6.240000e+00 -5.887155e+00  6.639735e+00
     vertex  1.792000e+01 -5.887155e+00  6.639735e+00
   endloop
 endfacet
 facet normal  1.311168e-19 -7.187014e-01 -6.953189e-01
   outer loop
     vertex -1.792000e+01 -5.887155e+00  6.639735e+00
     vertex -1.792000e+01 -5.807835e+00  6.557748e+00
     vertex -6.240000e+00 -5.807835e+00  6.557748e+00
   endloop
 endfacet
 facet normal  0.000000e+00 -7.187014e-01 -6.953189e-01
   outer loop
     vertex -1.792000e+01 -5.887155e+00  6.639735e+00
     vertex -6.240000e+00 -5.807835e+00  6.557748e+00
     vertex -6.240000e+00 -5.887155e+00  6.639735e+00
   endloop
 endfacet
 facet normal  0.000000e+00 -6.833408e-01 -7.300995e-01
   outer loop
     vertex  6.240000e+00 -5.970443e+00  6.717689e+00
     vertex  6.240000e+00 -5.887155e+00  6.639735e+00
     vertex  1.792000e+01 -5.970443e+00  6.717689e+00
   endloop
 endfacet
 facet normal  9.628037e-20 -6.833408e-01 -7.300995e-01
   outer loop
     vertex -1.792000e+01 -5.970443e+00  6.717689e+00
     vertex -1.792000e+01 -5.887155e+00  6.639735e+00
     vertex -6.240000e+00 -5.887155e+00  6.639735e+00
   endloop
 endfacet
 facet normal  0.000000e+00 -6.833408e-01 -7.300995e-01
   outer loop
     vertex -1.792000e+01 -5.970443e+00  6.717689e+00
     vertex -6.240000e+00 -5.887155e+00  6.639735e+00
     vertex -6.240000e+00 -5.970443e+00  6.717689e+00
   endloop
 endfacet
 facet normal -7.103967e-20 -6.462992e-01 -7.630841e-01
   outer loop
     vertex  6.240000e+00 -6.057494e+00  6.791418e+00
     vertex  6.240000e+00 -5.970443e+00  6.717689e+00
     vertex  1.792000e+01 -5.970443e+00  6.717689e+00
   endloop
 endfacet
 facet normal  0.000000e+00 -6.462992e-01 -7.630841e-01
   outer loop
     vertex  6.240000e+00 -6.057494e+00  6.791418e+00
     vertex  1.792000e+01 -5.970443e+00  6.717689e+00
     vertex  1.792000e+01 -6.057494e+00  6.791418e+00
   endloop
 endfacet
 facet normal -7.103967e-20 -6.462992e-01 -7.630841e-01
   outer loop
     vertex -1.792000e+01 -6.057494e+00  6.791418e+00
     vertex -1.792000e+01 -5.970443e+00  6.717689e+00
     vertex -6.240000e+00 -5.970443e+00  6.717689e+00
   endloop
 endfacet
 facet normal  0.000000e+00 -6.462992e-01 -7.630841e-01
   outer loop
     vertex -1.792000e+01 -6.057494e+00  6.791418e+00
     vertex -6.240000e+00 -5.970443e+00  6.717689e+00
     vertex -6.240000e+00 -6.057494e+00  6.791418e+00
   endloop
 endfacet
 facet normal -1.764947e-21 -6.076677e-01 -7.941914e-01
   outer loop
     vertex  6.240000e+00 -6.148094e+00  6.860739e+00
     vertex  6.240000e+00 -6.057494e+00  6.791418e+00
     vertex  1.792000e+01 -6.057494e+00  6.791418e+00
   endloop
 endfacet
 facet normal  0.000000e+00 -6.076677e-01 -7.941914e-01
   outer loop
     vertex  6.240000e+00 -6.148094e+00  6.860739e+00
     vertex  1.792000e+01 -6.057494e+00  6.791418e+00
     vertex  1.792000e+01 -6.148094e+00  6.860739e+00
   endloop
 endfacet
 facet normal -1.764947e-21 -6.076677e-01 -7.941914e-01
   outer loop
     vertex -6.240000e+00 -6.148094e+00  6.860739e+00
     vertex -1.792000e+01 -6.057494e+00  6.791418e+00
     vertex -6.240000e+00 -6.057494e+00  6.791418e+00
   endloop
 endfacet
 facet normal -3.142589e-19 -5.675413e-01 -8.233450e-01
   outer loop
     vertex  1.792000e+01 -6.242019e+00  6.925483e+00
     vertex  6.240000e+00 -6.148094e+00  6.860739e+00
     vertex  1.792000e+01 -6.148094e+00  6.860739e+00
   endloop
 endfacet
 facet normal  0.000000e+00 -6.076677e-01 -7.941914e-01
   outer loop
     vertex -1.792000e+01 -6.148094e+00  6.860739e+00
     vertex -1.792000e+01 -6.057494e+00  6.791418e+00
     vertex -6.240000e+00 -6.148094e+00  6.860739e+00
   endloop
 endfacet
 facet normal  0.000000e+00 -5.675413e-01 -8.233450e-01
   outer loop
     vertex  6.240000e+00 -6.242019e+00  6.925483e+00
     vertex  6.240000e+00 -6.148094e+00  6.860739e+00
     vertex  1.792000e+01 -6.242019e+00  6.925483e+00
   endloop
 endfacet
 facet normal -3.142589e-19 -5.675413e-01 -8.233450e-01
   outer loop
     vertex -6.240000e+00 -6.242019e+00  6.925483e+00
     vertex -1.792000e+01 -6.148094e+00  6.860739e+00
     vertex -6.240000e+00 -6.148094e+00  6.860739e+00
   endloop
 endfacet
 facet normal  0.000000e+00 -5.675413e-01 -8.233450e-01
   outer loop
     vertex -1.792000e+01 -6.242019e+00  6.925483e+00
     vertex -1.792000e+01 -6.148094e+00  6.860739e+00
     vertex -6.240000e+00 -6.242019e+00  6.925483e+00
   endloop
 endfacet
 facet normal -1.843633e-19 -5.260186e-01 -8.504730e-01
   outer loop
     vertex  6.240000e+00 -6.339039e+00  6.985490e+00
     vertex  6.240000e+00 -6.242019e+00  6.925483e+00
     vertex  1.792000e+01 -6.242019e+00  6.925483e+00
   endloop
 endfacet
 facet normal  0.000000e+00 -5.260186e-01 -8.504730e-01
   outer loop
     vertex  6.240000e+00 -6.339039e+00  6.985490e+00
     vertex  1.792000e+01 -6.242019e+00  6.925483e+00
     vertex  1.792000e+01 -6.339039e+00  6.985490e+00
   endloop
 endfacet
 facet normal  2.521316e-19 -4.832020e-01 -8.755089e-01
   outer loop
     vertex  1.792000e+01 -6.438915e+00  7.040612e+00
     vertex  6.240000e+00 -6.339039e+00  6.985490e+00
     vertex  1.792000e+01 -6.339039e+00  6.985490e+00
   endloop
 endfacet
 facet normal -1.843633e-19 -5.260186e-01 -8.504730e-01
   outer loop
     vertex -1.792000e+01 -6.339039e+00  6.985490e+00
     vertex -1.792000e+01 -6.242019e+00  6.925483e+00
     vertex -6.240000e+00 -6.242019e+00  6.925483e+00
   endloop
 endfacet
 facet normal  0.000000e+00 -5.260186e-01 -8.504730e-01
   outer loop
     vertex -1.792000e+01 -6.339039e+00  6.985490e+00
     vertex -6.240000e+00 -6.242019e+00  6.925483e+00
     vertex -6.240000e+00 -6.339039e+00  6.985490e+00
   endloop
 endfacet
 facet normal  0.000000e+00 -4.832020e-01 -8.755089e-01
   outer loop
     vertex  6.240000e+00 -6.438915e+00  7.040612e+00
     vertex  6.240000e+00 -6.339039e+00  6.985490e+00
     vertex  1.792000e+01 -6.438915e+00  7.040612e+00
   endloop
 endfacet
 facet normal -2.700200e-19 -4.391966e-01 -8.983910e-01
   outer loop
     vertex  1.792000e+01 -6.541402e+00  7.090715e+00
     vertex  6.240000e+00 -6.438915e+00  7.040612e+00
     vertex  1.792000e+01 -6.438915e+00  7.040612e+00
   endloop
 endfacet
 facet normal  0.000000e+00 -4.832020e-01 -8.755089e-01
   outer loop
     vertex -1.792000e+01 -6.438915e+00  7.040612e+00
     vertex -6.240000e+00 -6.339039e+00  6.985490e+00
     vertex -6.240000e+00 -6.438915e+00  7.040612e+00
   endloop
 endfacet
 facet normal  2.521316e-19 -4.832020e-01 -8.755089e-01
   outer loop
     vertex -1.792000e+01 -6.438915e+00  7.040612e+00
     vertex -1.792000e+01 -6.339039e+00  6.985490e+00
     vertex -6.240000e+00 -6.339039e+00  6.985490e+00
   endloop
 endfacet
 facet normal  0.000000e+00 -4.391966e-01 -8.983910e-01
   outer loop
     vertex  6.240000e+00 -6.541402e+00  7.090715e+00
     vertex  6.240000e+00 -6.438915e+00  7.040612e+00
     vertex  1.792000e+01 -6.541402e+00  7.090715e+00
   endloop
 endfacet
 facet normal  3.777876e-20 -3.941108e-01 -9.190629e-01
   outer loop
     vertex  1.792000e+01 -6.646246e+00  7.135674e+00
     vertex  6.240000e+00 -6.541402e+00  7.090715e+00
     vertex  1.792000e+01 -6.541402e+00  7.090715e+00
   endloop
 endfacet
 facet normal  0.000000e+00 -4.391966e-01 -8.983910e-01
   outer loop
     vertex -1.792000e+01 -6.541402e+00  7.090715e+00
     vertex -6.240000e+00 -6.438915e+00  7.040612e+00
     vertex -6.240000e+00 -6.541402e+00  7.090715e+00
   endloop
 endfacet
 facet normal -2.700200e-19 -4.391966e-01 -8.983910e-01
   outer loop
     vertex -1.792000e+01 -6.541402e+00  7.090715e+00
     vertex -1.792000e+01 -6.438915e+00  7.040612e+00
     vertex -6.240000e+00 -6.438915e+00  7.040612e+00
   endloop
 endfacet
 facet normal  0.000000e+00 -3.941108e-01 -9.190629e-01
   outer loop
     vertex  6.240000e+00 -6.646246e+00  7.135674e+00
     vertex  6.240000e+00 -6.541402e+00  7.090715e+00
     vertex  1.792000e+01 -6.646246e+00  7.135674e+00
   endloop
 endfacet
 facet normal  0.000000e+00 -3.941108e-01 -9.190629e-01
   outer loop
     vertex -1.792000e+01 -6.646246e+00  7.135674e+00
     vertex -6.240000e+00 -6.541402e+00  7.090715e+00
     vertex -6.240000e+00 -6.646246e+00  7.135674e+00
   endloop
 endfacet
 facet normal  3.777876e-20 -3.941108e-01 -9.190629e-01
   outer loop
     vertex -1.792000e+01 -6.646246e+00  7.135674e+00
     vertex -1.792000e+01 -6.541402e+00  7.090715e+00
     vertex -6.240000e+00 -6.541402e+00  7.090715e+00
   endloop
 endfacet
 facet normal  0.000000e+00 -3.480554e-01 -9.374740e-01
   outer loop
     vertex  6.240000e+00 -6.753191e+00  7.175380e+00
     vertex  1.792000e+01 -6.646246e+00  7.135674e+00
     vertex  1.792000e+01 -6.753191e+00  7.175380e+00
   endloop
 endfacet
 facet normal -2.240927e-19 -3.480554e-01 -9.374740e-01
   outer loop
     vertex  6.240000e+00 -6.753191e+00  7.175380e+00
     vertex  6.240000e+00 -6.646246e+00  7.135674e+00
     vertex  1.792000e+01 -6.646246e+00  7.135674e+00
   endloop
 endfacet
 facet normal  0.000000e+00 -3.480554e-01 -9.374740e-01
   outer loop
     vertex -1.792000e+01 -6.753191e+00  7.175380e+00
     vertex -6.240000e+00 -6.646246e+00  7.135674e+00
     vertex -6.240000e+00 -6.753191e+00  7.175380e+00
   endloop
 endfacet
 facet normal -2.240927e-19 -3.480554e-01 -9.374740e-01
   outer loop
     vertex -1.792000e+01 -6.753191e+00  7.175380e+00
     vertex -1.792000e+01 -6.646246e+00  7.135674e+00
     vertex -6.240000e+00 -6.646246e+00  7.135674e+00
   endloop
 endfacet
 facet normal  0.000000e+00 -3.011438e-01 -9.535787e-01
   outer loop
     vertex  6.240000e+00 -6.861973e+00  7.209733e+00
     vertex  1.792000e+01 -6.753191e+00  7.175380e+00
     vertex  1.792000e+01 -6.861973e+00  7.209733e+00
   endloop
 endfacet
 facet normal  1.607671e-19 -3.011438e-01 -9.535787e-01
   outer loop
     vertex  6.240000e+00 -6.861973e+00  7.209733e+00
     vertex  6.240000e+00 -6.753191e+00  7.175380e+00
     vertex  1.792000e+01 -6.753191e+00  7.175380e+00
   endloop
 endfacet
 facet normal  4.617978e-20 -2.534914e-01 -9.673376e-01
   outer loop
     vertex  1.792000e+01 -6.972325e+00  7.238651e+00
     vertex  6.240000e+00 -6.861973e+00  7.209733e+00
     vertex  1.792000e+01 -6.861973e+00  7.209733e+00
   endloop
 endfacet
 facet normal  0.000000e+00 -3.011438e-01 -9.535787e-01
   outer loop
     vertex -1.792000e+01 -6.861973e+00  7.209733e+00
     vertex -6.240000e+00 -6.753191e+00  7.175380e+00
     vertex -6.240000e+00 -6.861973e+00  7.209733e+00
   endloop
 endfacet
 facet normal  1.607671e-19 -3.011438e-01 -9.535787e-01
   outer loop
     vertex -1.792000e+01 -6.861973e+00  7.209733e+00
     vertex -1.792000e+01 -6.753191e+00  7.175380e+00
     vertex -6.240000e+00 -6.753191e+00  7.175380e+00
   endloop
 endfacet
 facet normal  0.000000e+00 -2.534914e-01 -9.673376e-01
   outer loop
     vertex  6.240000e+00 -6.972325e+00  7.238651e+00
     vertex  6.240000e+00 -6.861973e+00  7.209733e+00
     vertex  1.792000e+01 -6.972325e+00  7.238651e+00
   endloop
 endfacet
 facet normal  4.617978e-20 -2.534914e-01 -9.673376e-01
   outer loop
     vertex -6.240000e+00 -6.972325e+00  7.238651e+00
     vertex -1.792000e+01 -6.861973e+00  7.209733e+00
     vertex -6.240000e+00 -6.861973e+00  7.209733e+00
   endloop
 endfacet
 facet normal  0.000000e+00 -2.534914e-01 -9.673376e-01
   outer loop
     vertex -1.792000e+01 -6.972325e+00  7.238651e+00
     vertex -1.792000e+01 -6.861973e+00  7.209733e+00
     vertex -6.240000e+00 -6.972325e+00  7.238651e+00
   endloop
 endfacet
 facet normal -1.489378e-19 -2.052153e-01 -9.787168e-01
   outer loop
     vertex  6.240000e+00 -7.083975e+00  7.262062e+00
     vertex  6.240000e+00 -6.972325e+00  7.238651e+00
     vertex  1.792000e+01 -6.972325e+00  7.238651e+00
   endloop
 endfacet
 facet normal  0.000000e+00 -2.052153e-01 -9.787168e-01
   outer loop
     vertex  6.240000e+00 -7.083975e+00  7.262062e+00
     vertex  1.792000e+01 -6.972325e+00  7.238651e+00
     vertex  1.792000e+01 -7.083975e+00  7.262062e+00
   endloop
 endfacet
 facet normal -1.489378e-19 -2.052153e-01 -9.787168e-01
   outer loop
     vertex -1.792000e+01 -7.083975e+00  7.262062e+00
     vertex -1.792000e+01 -6.972325e+00  7.238651e+00
     vertex -6.240000e+00 -6.972325e+00  7.238651e+00
   endloop
 endfacet
 facet normal  0.000000e+00 -2.052153e-01 -9.787168e-01
   outer loop
     vertex -1.792000e+01 -7.083975e+00  7.262062e+00
     vertex -6.240000e+00 -6.972325e+00  7.238651e+00
     vertex -6.240000e+00 -7.083975e+00  7.262062e+00
   endloop
 endfacet
 facet normal  3.958340e-21 -1.564345e-01 -9.876883e-01
   outer loop
     vertex  6.240000e+00 -7.196648e+00  7.279907e+00
     vertex  6.240000e+00 -7.083975e+00  7.262062e+00
     vertex  1.792000e+01 -7.083975e+00  7.262062e+00
   endloop
 endfacet
 facet normal  0.000000e+00 -1.564345e-01 -9.876883e-01
   outer loop
     vertex  6.240000e+00 -7.196648e+00  7.279907e+00
     vertex  1.792000e+01 -7.083975e+00  7.262062e+00
     vertex  1.792000e+01 -7.196648e+00  7.279907e+00
   endloop
 endfacet
 facet normal  3.958340e-21 -1.564345e-01 -9.876883e-01
   outer loop
     vertex -6.240000e+00 -7.196648e+00  7.279907e+00
     vertex -1.792000e+01 -7.083975e+00  7.262062e+00
     vertex -6.240000e+00 -7.083975e+00  7.262062e+00
   endloop
 endfacet
 facet normal  0.000000e+00 -1.564345e-01 -9.876883e-01
   outer loop
     vertex -1.792000e+01 -7.196648e+00  7.279907e+00
     vertex -1.792000e+01 -7.083975e+00  7.262062e+00
     vertex -6.240000e+00 -7.196648e+00  7.279907e+00
   endloop
 endfacet
 facet normal  1.058312e-20 -1.072687e-01 -9.942301e-01
   outer loop
     vertex  6.240000e+00 -7.310068e+00  7.292144e+00
     vertex  6.240000e+00 -7.196648e+00  7.279907e+00
     vertex  1.792000e+01 -7.196648e+00  7.279907e+00
   endloop
 endfacet
 facet normal  0.000000e+00 -1.072687e-01 -9.942301e-01
   outer loop
     vertex  6.240000e+00 -7.310068e+00  7.292144e+00
     vertex  1.792000e+01 -7.196648e+00  7.279907e+00
     vertex  1.792000e+01 -7.310068e+00  7.292144e+00
   endloop
 endfacet
 facet normal  1.765453e-20 -5.783915e-02 -9.983259e-01
   outer loop
     vertex  1.792000e+01 -7.423954e+00  7.298742e+00
     vertex  6.240000e+00 -7.310068e+00  7.292144e+00
     vertex  1.792000e+01 -7.310068e+00  7.292144e+00
   endloop
 endfacet
 facet normal  1.058312e-20 -1.072687e-01 -9.942301e-01
   outer loop
     vertex -1.792000e+01 -7.310068e+00  7.292144e+00
     vertex -1.792000e+01 -7.196648e+00  7.279907e+00
     vertex -6.240000e+00 -7.196648e+00  7.279907e+00
   endloop
 endfacet
 facet normal  0.000000e+00 -1.072687e-01 -9.942301e-01
   outer loop
     vertex -1.792000e+01 -7.310068e+00  7.292144e+00
     vertex -6.240000e+00 -7.196648e+00  7.279907e+00
     vertex -6.240000e+00 -7.310068e+00  7.292144e+00
   endloop
 endfacet
 facet normal  0.000000e+00 -5.783915e-02 -9.983259e-01
   outer loop
     vertex  6.240000e+00 -7.423954e+00  7.298742e+00
     vertex  6.240000e+00 -7.310068e+00  7.292144e+00
     vertex  1.792000e+01 -7.423954e+00  7.298742e+00
   endloop
 endfacet
 facet normal  1.765453e-20 -5.783915e-02 -9.983259e-01
   outer loop
     vertex -1.792000e+01 -7.423954e+00  7.298742e+00
     vertex -1.792000e+01 -7.310068e+00  7.292144e+00
     vertex -6.240000e+00 -7.310068e+00  7.292144e+00
   endloop
 endfacet
 facet normal  0.000000e+00 -5.783915e-02 -9.983259e-01
   outer loop
     vertex -1.792000e+01 -7.423954e+00  7.298742e+00
     vertex -6.240000e+00 -7.310068e+00  7.292144e+00
     vertex -6.240000e+00 -7.423954e+00  7.298742e+00
   endloop
 endfacet
 facet normal  0.000000e+00 -8.267255e-03 -9.999658e-01
   outer loop
     vertex  6.240000e+00 -7.538028e+00  7.299686e+00
     vertex  1.792000e+01 -7.423954e+00  7.298742e+00
     vertex  1.792000e+01 -7.538028e+00  7.299686e+00
   endloop
 endfacet
 facet normal -4.568753e-21 -8.267255e-03 -9.999658e-01
   outer loop
     vertex  6.240000e+00 -7.538028e+00  7.299686e+00
     vertex  6.240000e+00 -7.423954e+00  7.298742e+00
     vertex  1.792000e+01 -7.423954e+00  7.298742e+00
   endloop
 endfacet
 facet normal -4.568753e-21 -8.267255e-03 -9.999658e-01
   outer loop
     vertex -1.792000e+01 -7.538028e+00  7.299686e+00
     vertex -1.792000e+01 -7.423954e+00  7.298742e+00
     vertex -6.240000e+00 -7.423954e+00  7.298742e+00
   endloop
 endfacet
 facet normal  0.000000e+00 -8.267255e-03 -9.999658e-01
   outer loop
     vertex -1.792000e+01 -7.538028e+00  7.299686e+00
     vertex -6.240000e+00 -7.423954e+00  7.298742e+00
     vertex -6.240000e+00 -7.538028e+00  7.299686e+00
   endloop
 endfacet
 facet normal  0.000000e+00  4.132497e-02 -9.991458e-01
   outer loop
     vertex  6.240000e+00 -7.652008e+00  7.294971e+00
     vertex  1.792000e+01 -7.538028e+00  7.299686e+00
     vertex  1.792000e+01 -7.652008e+00  7.294971e+00
   endloop
 endfacet
 facet normal  2.717470e-20  4.132497e-02 -9.991458e-01
   outer loop
     vertex  6.240000e+00 -7.652008e+00  7.294971e+00
     vertex  6.240000e+00 -7.538028e+00  7.299686e+00
     vertex  1.792000e+01 -7.538028e+00  7.299686e+00
   endloop
 endfacet
 facet normal -1.603151e-20  9.081554e-02 -9.958677e-01
   outer loop
     vertex  1.792000e+01 -7.765615e+00  7.284611e+00
     vertex  6.240000e+00 -7.652008e+00  7.294971e+00
     vertex  1.792000e+01 -7.652008e+00  7.294971e+00
   endloop
 endfacet
 facet normal  0.000000e+00  4.132497e-02 -9.991458e-01
   outer loop
     vertex -1.792000e+01 -7.652008e+00  7.294971e+00
     vertex -6.240000e+00 -7.538028e+00  7.299686e+00
     vertex -6.240000e+00 -7.652008e+00  7.294971e+00
   endloop
 endfacet
 facet normal  2.717470e-20  4.132497e-02 -9.991458e-01
   outer loop
     vertex -1.792000e+01 -7.652008e+00  7.294971e+00
     vertex -1.792000e+01 -7.538028e+00  7.299686e+00
     vertex -6.240000e+00 -7.538028e+00  7.299686e+00
   endloop
 endfacet
 facet normal  0.000000e+00  9.081554e-02 -9.958677e-01
   outer loop
     vertex  6.240000e+00 -7.765615e+00  7.284611e+00
     vertex  6.240000e+00 -7.652008e+00  7.294971e+00
     vertex  1.792000e+01 -7.765615e+00  7.284611e+00
   endloop
 endfacet
 facet normal -1.603151e-20  9.081554e-02 -9.958677e-01
   outer loop
     vertex -6.240000e+00 -7.765615e+00  7.284611e+00
     vertex -1.792000e+01 -7.652008e+00  7.294971e+00
     vertex -6.240000e+00 -7.652008e+00  7.294971e+00
   endloop
 endfacet
 facet normal  0.000000e+00  9.081554e-02 -9.958677e-01
   outer loop
     vertex -1.792000e+01 -7.765615e+00  7.284611e+00
     vertex -1.792000e+01 -7.652008e+00  7.294971e+00
     vertex -6.240000e+00 -7.765615e+00  7.284611e+00
   endloop
 endfacet
 facet normal  0.000000e+00  1.400827e-01 -9.901398e-01
   outer loop
     vertex  6.240000e+00 -7.878568e+00  7.268631e+00
     vertex  1.792000e+01 -7.765615e+00  7.284611e+00
     vertex  1.792000e+01 -7.878568e+00  7.268631e+00
   endloop
 endfacet
 facet normal  6.974197e-20  1.400827e-01 -9.901398e-01
   outer loop
     vertex  6.240000e+00 -7.878568e+00  7.268631e+00
     vertex  6.240000e+00 -7.765615e+00  7.284611e+00
     vertex  1.792000e+01 -7.765615e+00  7.284611e+00
   endloop
 endfacet
 facet normal  1.468906e-19  1.890052e-01 -9.819761e-01
   outer loop
     vertex  1.792000e+01 -7.990589e+00  7.247070e+00
     vertex  6.240000e+00 -7.878568e+00  7.268631e+00
     vertex  1.792000e+01 -7.878568e+00  7.268631e+00
   endloop
 endfacet
 facet normal  0.000000e+00  1.400827e-01 -9.901398e-01
   outer loop
     vertex -1.792000e+01 -7.878568e+00  7.268631e+00
     vertex -6.240000e+00 -7.765615e+00  7.284611e+00
     vertex -6.240000e+00 -7.878568e+00  7.268631e+00
   endloop
 endfacet
 facet normal  6.974197e-20  1.400827e-01 -9.901398e-01
   outer loop
     vertex -1.792000e+01 -7.878568e+00  7.268631e+00
     vertex -1.792000e+01 -7.765615e+00  7.284611e+00
     vertex -6.240000e+00 -7.765615e+00  7.284611e+00
   endloop
 endfacet
 facet normal  0.000000e+00  1.890052e-01 -9.819761e-01
   outer loop
     vertex  6.240000e+00 -7.990589e+00  7.247070e+00
     vertex  6.240000e+00 -7.878568e+00  7.268631e+00
     vertex  1.792000e+01 -7.990589e+00  7.247070e+00
   endloop
 endfacet
 facet normal  1.468906e-19  1.890052e-01 -9.819761e-01
   outer loop
     vertex -6.240000e+00 -7.990589e+00  7.247070e+00
     vertex -1.792000e+01 -7.878568e+00  7.268631e+00
     vertex -6.240000e+00 -7.878568e+00  7.268631e+00
   endloop
 endfacet
 facet normal  0.000000e+00  1.890052e-01 -9.819761e-01
   outer loop
     vertex -1.792000e+01 -7.990589e+00  7.247070e+00
     vertex -1.792000e+01 -7.878568e+00  7.268631e+00
     vertex -6.240000e+00 -7.990589e+00  7.247070e+00
   endloop
 endfacet
 facet normal  0.000000e+00  2.374628e-01 -9.713966e-01
   outer loop
     vertex  6.240000e+00 -8.101404e+00  7.219980e+00
     vertex  1.792000e+01 -7.990589e+00  7.247070e+00
     vertex  1.792000e+01 -8.101404e+00  7.219980e+00
   endloop
 endfacet
 facet normal -5.889150e-20  2.374628e-01 -9.713966e-01
   outer loop
     vertex  6.240000e+00 -8.101404e+00  7.219980e+00
     vertex  6.240000e+00 -7.990589e+00  7.247070e+00
     vertex  1.792000e+01 -7.990589e+00  7.247070e+00
   endloop
 endfacet
 facet normal  1.433306e-19  2.853362e-01 -9.584275e-01
   outer loop
     vertex  1.792000e+01 -8.210739e+00  7.187430e+00
     vertex  6.240000e+00 -8.101404e+00  7.219980e+00
     vertex  1.792000e+01 -8.101404e+00  7.219980e+00
   endloop
 endfacet
 facet normal  0.000000e+00  2.374628e-01 -9.713966e-01
   outer loop
     vertex -1.792000e+01 -8.101404e+00  7.219980e+00
     vertex -6.240000e+00 -7.990589e+00  7.247070e+00
     vertex -6.240000e+00 -8.101404e+00  7.219980e+00
   endloop
 endfacet
 facet normal -5.889150e-20  2.374628e-01 -9.713966e-01
   outer loop
     vertex -1.792000e+01 -8.101404e+00  7.219980e+00
     vertex -1.792000e+01 -7.990589e+00  7.247070e+00
     vertex -6.240000e+00 -7.990589e+00  7.247070e+00
   endloop
 endfacet
 facet normal  0.000000e+00  2.853362e-01 -9.584275e-01
   outer loop
     vertex  6.240000e+00 -8.210739e+00  7.187430e+00
     vertex  6.240000e+00 -8.101404e+00  7.219980e+00
     vertex  1.792000e+01 -8.210739e+00  7.187430e+00
   endloop
 endfacet
 facet normal  1.433306e-19  2.853362e-01 -9.584275e-01
   outer loop
     vertex -6.240000e+00 -8.210739e+00  7.187430e+00
     vertex -1.792000e+01 -8.101404e+00  7.219980e+00
     vertex -6.240000e+00 -8.101404e+00  7.219980e+00
   endloop
 endfacet
 facet normal  2.675534e-19  3.325077e-01 -9.431005e-01
   outer loop
     vertex  1.792000e+01 -8.318326e+00  7.149498e+00
     vertex  6.240000e+00 -8.210739e+00  7.187430e+00
     vertex  1.792000e+01 -8.210739e+00  7.187430e+00
   endloop
 endfacet
 facet normal  0.000000e+00  2.853362e-01 -9.584275e-01
   outer loop
     vertex -1.792000e+01 -8.210739e+00  7.187430e+00
     vertex -1.792000e+01 -8.101404e+00  7.219980e+00
     vertex -6.240000e+00 -8.210739e+00  7.187430e+00
   endloop
 endfacet
 facet normal  0.000000e+00  3.325077e-01 -9.431005e-01
   outer loop
     vertex  6.240000e+00 -8.318326e+00  7.149498e+00
     vertex  6.240000e+00 -8.210739e+00  7.187430e+00
     vertex  1.792000e+01 -8.318326e+00  7.149498e+00
   endloop
 endfacet
 facet normal  2.675534e-19  3.325077e-01 -9.431005e-01
   outer loop
     vertex -6.240000e+00 -8.318326e+00  7.149498e+00
     vertex -1.792000e+01 -8.210739e+00  7.187430e+00
     vertex -6.240000e+00 -8.210739e+00  7.187430e+00
   endloop
 endfacet
 facet normal  0.000000e+00  3.325077e-01 -9.431005e-01
   outer loop
     vertex -1.792000e+01 -8.318326e+00  7.149498e+00
     vertex -1.792000e+01 -8.210739e+00  7.187430e+00
     vertex -6.240000e+00 -8.318326e+00  7.149498e+00
   endloop
 endfacet
 facet normal  0.000000e+00  3.788612e-01 -9.254535e-01
   outer loop
     vertex  6.240000e+00 -8.423899e+00  7.106279e+00
     vertex  1.792000e+01 -8.318326e+00  7.149498e+00
     vertex  1.792000e+01 -8.423899e+00  7.106279e+00
   endloop
 endfacet
 facet normal -2.159937e-19  3.788612e-01 -9.254535e-01
   outer loop
     vertex  6.240000e+00 -8.423899e+00  7.106279e+00
     vertex  6.240000e+00 -8.318326e+00  7.149498e+00
     vertex  1.792000e+01 -8.318326e+00  7.149498e+00
   endloop
 endfacet
 facet normal  2.111312e-19  4.242826e-01 -9.055298e-01
   outer loop
     vertex  1.792000e+01 -8.527200e+00  7.057877e+00
     vertex  6.240000e+00 -8.423899e+00  7.106279e+00
     vertex  1.792000e+01 -8.423899e+00  7.106279e+00
   endloop
 endfacet
 facet normal -2.159937e-19  3.788612e-01 -9.254535e-01
   outer loop
     vertex -1.792000e+01 -8.423899e+00  7.106279e+00
     vertex -1.792000e+01 -8.318326e+00  7.149498e+00
     vertex -6.240000e+00 -8.318326e+00  7.149498e+00
   endloop
 endfacet
 facet normal  0.000000e+00  3.788612e-01 -9.254535e-01
   outer loop
     vertex -1.792000e+01 -8.423899e+00  7.106279e+00
     vertex -6.240000e+00 -8.318326e+00  7.149498e+00
     vertex -6.240000e+00 -8.423899e+00  7.106279e+00
   endloop
 endfacet
 facet normal  0.000000e+00  4.242826e-01 -9.055298e-01
   outer loop
     vertex  6.240000e+00 -8.527200e+00  7.057877e+00
     vertex  6.240000e+00 -8.423899e+00  7.106279e+00
     vertex  1.792000e+01 -8.527200e+00  7.057877e+00
   endloop
 endfacet
 facet normal  2.111312e-19  4.242826e-01 -9.055298e-01
   outer loop
     vertex -1.792000e+01 -8.527200e+00  7.057877e+00
     vertex -1.792000e+01 -8.423899e+00  7.106279e+00
     vertex -6.240000e+00 -8.423899e+00  7.106279e+00
   endloop
 endfacet
 facet normal  0.000000e+00  4.242826e-01 -9.055298e-01
   outer loop
     vertex -1.792000e+01 -8.527200e+00  7.057877e+00
     vertex -6.240000e+00 -8.423899e+00  7.106279e+00
     vertex -6.240000e+00 -8.527200e+00  7.057877e+00
   endloop
 endfacet
 facet normal  8.662271e-20  4.686603e-01 -8.833785e-01
   outer loop
     vertex  6.240000e+00 -8.627974e+00  7.004414e+00
     vertex  6.240000e+00 -8.527200e+00  7.057877e+00
     vertex  1.792000e+01 -8.527200e+00  7.057877e+00
   endloop
 endfacet
 facet normal  0.000000e+00  4.686603e-01 -8.833785e-01
   outer loop
     vertex  6.240000e+00 -8.627974e+00  7.004414e+00
     vertex  1.792000e+01 -8.527200e+00  7.057877e+00
     vertex  1.792000e+01 -8.627974e+00  7.004414e+00
   endloop
 endfacet
 facet normal  8.662271e-20  4.686603e-01 -8.833785e-01
   outer loop
     vertex -1.792000e+01 -8.627974e+00  7.004414e+00
     vertex -1.792000e+01 -8.527200e+00  7.057877e+00
     vertex -6.240000e+00 -8.527200e+00  7.057877e+00
   endloop
 endfacet
 facet normal  0.000000e+00  4.686603e-01 -8.833785e-01
   outer loop
     vertex -1.792000e+01 -8.627974e+00  7.004414e+00
     vertex -6.240000e+00 -8.527200e+00  7.057877e+00
     vertex -6.240000e+00 -8.627974e+00  7.004414e+00
   endloop
 endfacet
 facet normal -2.478906e-19  5.118850e-01 -8.590540e-01
   outer loop
     vertex  6.240000e+00 -8.725973e+00  6.946019e+00
     vertex  6.240000e+00 -8.627974e+00  7.004414e+00
     vertex  1.792000e+01 -8.627974e+00  7.004414e+00
   endloop
 endfacet
 facet normal  0.000000e+00  5.118850e-01 -8.590540e-01
   outer loop
     vertex  6.240000e+00 -8.725973e+00  6.946019e+00
     vertex  1.792000e+01 -8.627974e+00  7.004414e+00
     vertex  1.792000e+01 -8.725973e+00  6.946019e+00
   endloop
 endfacet
 facet normal -8.642369e-20  5.538505e-01 -8.326161e-01
   outer loop
     vertex  1.792000e+01 -8.820956e+00  6.882837e+00
     vertex  6.240000e+00 -8.725973e+00  6.946019e+00
     vertex  1.792000e+01 -8.725973e+00  6.946019e+00
   endloop
 endfacet
 facet normal -2.478906e-19  5.118850e-01 -8.590540e-01
   outer loop
     vertex -1.792000e+01 -8.725973e+00  6.946019e+00
     vertex -1.792000e+01 -8.627974e+00  7.004414e+00
     vertex -6.240000e+00 -8.627974e+00  7.004414e+00
   endloop
 endfacet
 facet normal  0.000000e+00  5.118850e-01 -8.590540e-01
   outer loop
     vertex -1.792000e+01 -8.725973e+00  6.946019e+00
     vertex -6.240000e+00 -8.627974e+00  7.004414e+00
     vertex -6.240000e+00 -8.725973e+00  6.946019e+00
   endloop
 endfacet
 facet normal  0.000000e+00  5.538505e-01 -8.326161e-01
   outer loop
     vertex  6.240000e+00 -8.820956e+00  6.882837e+00
     vertex  6.240000e+00 -8.725973e+00  6.946019e+00
     vertex  1.792000e+01 -8.820956e+00  6.882837e+00
   endloop
 endfacet
 facet normal  2.196194e-19  5.944535e-01 -8.041300e-01
   outer loop
     vertex  1.792000e+01 -8.912689e+00  6.815023e+00
     vertex  6.240000e+00 -8.820956e+00  6.882837e+00
     vertex  1.792000e+01 -8.820956e+00  6.882837e+00
   endloop
 endfacet
 facet normal  0.000000e+00  5.538505e-01 -8.326161e-01
   outer loop
     vertex -1.792000e+01 -8.820956e+00  6.882837e+00
     vertex -6.240000e+00 -8.725973e+00  6.946019e+00
     vertex -6.240000e+00 -8.820956e+00  6.882837e+00
   endloop
 endfacet
 facet normal -8.642369e-20  5.538505e-01 -8.326161e-01
   outer loop
     vertex -1.792000e+01 -8.820956e+00  6.882837e+00
     vertex -1.792000e+01 -8.725973e+00  6.946019e+00
     vertex -6.240000e+00 -8.725973e+00  6.946019e+00
   endloop
 endfacet
 facet normal  0.000000e+00  5.944535e-01 -8.041300e-01
   outer loop
     vertex  6.240000e+00 -8.912689e+00  6.815023e+00
     vertex  6.240000e+00 -8.820956e+00  6.882837e+00
     vertex  1.792000e+01 -8.912689e+00  6.815023e+00
   endloop
 endfacet
 facet normal  3.197254e-19  6.335941e-01 -7.736656e-01
   outer loop
     vertex  1.792000e+01 -9.000947e+00  6.742744e+00
     vertex  6.240000e+00 -8.912689e+00  6.815023e+00
     vertex  1.792000e+01 -8.912689e+00  6.815023e+00
   endloop
 endfacet
 facet normal  0.000000e+00  5.944535e-01 -8.041300e-01
   outer loop
     vertex -1.792000e+01 -8.912689e+00  6.815023e+00
     vertex -6.240000e+00 -8.820956e+00  6.882837e+00
     vertex -6.240000e+00 -8.912689e+00  6.815023e+00
   endloop
 endfacet
 facet normal  2.196194e-19  5.944535e-01 -8.041300e-01
   outer loop
     vertex -1.792000e+01 -8.912689e+00  6.815023e+00
     vertex -1.792000e+01 -8.820956e+00  6.882837e+00
     vertex -6.240000e+00 -8.820956e+00  6.882837e+00
   endloop
 endfacet
 facet normal  0.000000e+00  6.335941e-01 -7.736656e-01
   outer loop
     vertex  6.240000e+00 -9.000947e+00  6.742744e+00
     vertex  6.240000e+00 -8.912689e+00  6.815023e+00
     vertex  1.792000e+01 -9.000947e+00  6.742744e+00
   endloop
 endfacet
 facet normal  0.000000e+00  6.335941e-01 -7.736656e-01
   outer loop
     vertex -1.792000e+01 -9.000947e+00  6.742744e+00
     vertex -6.240000e+00 -8.912689e+00  6.815023e+00
     vertex -6.240000e+00 -9.000947e+00  6.742744e+00
   endloop
 endfacet
 facet normal  3.197254e-19  6.335941e-01 -7.736656e-01
   outer loop
     vertex -1.792000e+01 -9.000947e+00  6.742744e+00
     vertex -1.792000e+01 -8.912689e+00  6.815023e+00
     vertex -6.240000e+00 -8.912689e+00  6.815023e+00
   endloop
 endfacet
 facet normal  0.000000e+00  6.711760e-01 -7.412980e-01
   outer loop
     vertex  6.240000e+00 -9.085513e+00  6.666178e+00
     vertex  1.792000e+01 -9.000947e+00  6.742744e+00
     vertex  1.792000e+01 -9.085513e+00  6.666178e+00
   endloop
 endfacet
 facet normal -5.233534e-20  6.711760e-01 -7.412980e-01
   outer loop
     vertex  6.240000e+00 -9.085513e+00  6.666178e+00
     vertex  6.240000e+00 -9.000947e+00  6.742744e+00
     vertex  1.792000e+01 -9.000947e+00  6.742744e+00
   endloop
 endfacet
 facet normal -5.233534e-20  6.711760e-01 -7.412980e-01
   outer loop
     vertex -6.240000e+00 -9.085513e+00  6.666178e+00
     vertex -1.792000e+01 -9.000947e+00  6.742744e+00
     vertex -6.240000e+00 -9.000947e+00  6.742744e+00
   endloop
 endfacet
 facet normal  0.000000e+00  6.711760e-01 -7.412980e-01
   outer loop
     vertex -1.792000e+01 -9.085513e+00  6.666178e+00
     vertex -1.792000e+01 -9.000947e+00  6.742744e+00
     vertex -6.240000e+00 -9.085513e+00  6.666178e+00
   endloop
 endfacet
 facet normal  0.000000e+00  7.071068e-01 -7.071068e-01
   outer loop
     vertex  6.240000e+00 -9.166178e+00  6.585513e+00
     vertex  1.792000e+01 -9.085513e+00  6.666178e+00
     vertex  1.792000e+01 -9.166178e+00  6.585513e+00
   endloop
 endfacet
 facet normal -2.906345e-19  7.071068e-01 -7.071068e-01
   outer loop
     vertex  6.240000e+00 -9.166178e+00  6.585513e+00
     vertex  6.240000e+00 -9.085513e+00  6.666178e+00
     vertex  1.792000e+01 -9.085513e+00  6.666178e+00
   endloop
 endfacet
 facet normal  0.000000e+00  7.071068e-01 -7.071068e-01
   outer loop
     vertex -1.792000e+01 -9.166178e+00  6.585513e+00
     vertex -6.240000e+00 -9.085513e+00  6.666178e+00
     vertex -6.240000e+00 -9.166178e+00  6.585513e+00
   endloop
 endfacet
 facet normal -2.906345e-19  7.071068e-01 -7.071068e-01
   outer loop
     vertex -1.792000e+01 -9.166178e+00  6.585513e+00
     vertex -1.792000e+01 -9.085513e+00  6.666178e+00
     vertex -6.240000e+00 -9.085513e+00  6.666178e+00
   endloop
 endfacet
 facet normal  0.000000e+00  7.412980e-01 -6.711760e-01
   outer loop
     vertex  6.240000e+00 -9.242744e+00  6.500947e+00
     vertex  1.792000e+01 -9.166178e+00  6.585513e+00
     vertex  1.792000e+01 -9.242744e+00  6.500947e+00
   endloop
 endfacet
 facet normal  7.222304e-20  7.412980e-01 -6.711760e-01
   outer loop
     vertex  6.240000e+00 -9.242744e+00  6.500947e+00
     vertex  6.240000e+00 -9.166178e+00  6.585513e+00
     vertex  1.792000e+01 -9.166178e+00  6.585513e+00
   endloop
 endfacet
 facet normal -9.523900e-20  7.736656e-01 -6.335941e-01
   outer loop
     vertex  1.792000e+01 -9.315023e+00  6.412689e+00
     vertex  6.240000e+00 -9.242744e+00  6.500947e+00
     vertex  1.792000e+01 -9.242744e+00  6.500947e+00
   endloop
 endfacet
 facet normal  0.000000e+00  7.412980e-01 -6.711760e-01
   outer loop
     vertex -1.792000e+01 -9.242744e+00  6.500947e+00
     vertex -6.240000e+00 -9.166178e+00  6.585513e+00
     vertex -6.240000e+00 -9.242744e+00  6.500947e+00
   endloop
 endfacet
 facet normal  7.222304e-20  7.412980e-01 -6.711760e-01
   outer loop
     vertex -1.792000e+01 -9.242744e+00  6.500947e+00
     vertex -1.792000e+01 -9.166178e+00  6.585513e+00
     vertex -6.240000e+00 -9.166178e+00  6.585513e+00
   endloop
 endfacet
 facet normal  0.000000e+00  7.736656e-01 -6.335941e-01
   outer loop
     vertex  6.240000e+00 -9.315023e+00  6.412689e+00
     vertex  6.240000e+00 -9.242744e+00  6.500947e+00
     vertex  1.792000e+01 -9.315023e+00  6.412689e+00
   endloop
 endfacet
 facet normal -9.523900e-20  7.736656e-01 -6.335941e-01
   outer loop
     vertex -6.240000e+00 -9.315023e+00  6.412689e+00
     vertex -1.792000e+01 -9.242744e+00  6.500947e+00
     vertex -6.240000e+00 -9.242744e+00  6.500947e+00
   endloop
 endfacet
 facet normal  0.000000e+00  7.736656e-01 -6.335941e-01
   outer loop
     vertex -1.792000e+01 -9.315023e+00  6.412689e+00
     vertex -1.792000e+01 -9.242744e+00  6.500947e+00
     vertex -6.240000e+00 -9.315023e+00  6.412689e+00
   endloop
 endfacet
 facet normal  0.000000e+00  8.041300e-01 -5.944535e-01
   outer loop
     vertex  6.240000e+00 -9.382837e+00  6.320956e+00
     vertex  1.792000e+01 -9.315023e+00  6.412689e+00
     vertex  1.792000e+01 -9.382837e+00  6.320956e+00
   endloop
 endfacet
 facet normal  1.348829e-19  8.041300e-01 -5.944535e-01
   outer loop
     vertex  6.240000e+00 -9.382837e+00  6.320956e+00
     vertex  6.240000e+00 -9.315023e+00  6.412689e+00
     vertex  1.792000e+01 -9.315023e+00  6.412689e+00
   endloop
 endfacet
 facet normal  8.447950e-20  8.326161e-01 -5.538505e-01
   outer loop
     vertex  1.792000e+01 -9.446019e+00  6.225973e+00
     vertex  6.240000e+00 -9.382837e+00  6.320956e+00
     vertex  1.792000e+01 -9.382837e+00  6.320956e+00
   endloop
 endfacet
 facet normal  1.348829e-19  8.041300e-01 -5.944535e-01
   outer loop
     vertex -1.792000e+01 -9.382837e+00  6.320956e+00
     vertex -1.792000e+01 -9.315023e+00  6.412689e+00
     vertex -6.240000e+00 -9.315023e+00  6.412689e+00
   endloop
 endfacet
 facet normal  0.000000e+00  8.041300e-01 -5.944535e-01
   outer loop
     vertex -1.792000e+01 -9.382837e+00  6.320956e+00
     vertex -6.240000e+00 -9.315023e+00  6.412689e+00
     vertex -6.240000e+00 -9.382837e+00  6.320956e+00
   endloop
 endfacet
 facet normal  0.000000e+00  8.326161e-01 -5.538505e-01
   outer loop
     vertex  6.240000e+00 -9.446019e+00  6.225973e+00
     vertex  6.240000e+00 -9.382837e+00  6.320956e+00
     vertex  1.792000e+01 -9.446019e+00  6.225973e+00
   endloop
 endfacet
 facet normal  8.447950e-20  8.326161e-01 -5.538505e-01
   outer loop
     vertex -1.792000e+01 -9.446019e+00  6.225973e+00
     vertex -1.792000e+01 -9.382837e+00  6.320956e+00
     vertex -6.240000e+00 -9.382837e+00  6.320956e+00
   endloop
 endfacet
 facet normal  0.000000e+00  8.326161e-01 -5.538505e-01
   outer loop
     vertex -1.792000e+01 -9.446019e+00  6.225973e+00
     vertex -6.240000e+00 -9.382837e+00  6.320956e+00
     vertex -6.240000e+00 -9.446019e+00  6.225973e+00
   endloop
 endfacet
 facet normal  1.746555e-19  8.590540e-01 -5.118850e-01
   outer loop
     vertex  6.240000e+00 -9.504414e+00  6.127974e+00
     vertex  6.240000e+00 -9.446019e+00  6.225973e+00
     vertex  1.792000e+01 -9.446019e+00  6.225973e+00
   endloop
 endfacet
 facet normal  0.000000e+00  8.590540e-01 -5.118850e-01
   outer loop
     vertex  6.240000e+00 -9.504414e+00  6.127974e+00
     vertex  1.792000e+01 -9.446019e+00  6.225973e+00
     vertex  1.792000e+01 -9.504414e+00  6.127974e+00
   endloop
 endfacet
 facet normal  1.805357e-19  8.833785e-01 -4.686603e-01
   outer loop
     vertex  1.792000e+01 -9.557877e+00  6.027200e+00
     vertex  6.240000e+00 -9.504414e+00  6.127974e+00
     vertex  1.792000e+01 -9.504414e+00  6.127974e+00
   endloop
 endfacet
 facet normal  1.746555e-19  8.590540e-01 -5.118850e-01
   outer loop
     vertex -1.792000e+01 -9.504414e+00  6.127974e+00
     vertex -1.792000e+01 -9.446019e+00  6.225973e+00
     vertex -6.240000e+00 -9.446019e+00  6.225973e+00
   endloop
 endfacet
 facet normal  0.000000e+00  8.590540e-01 -5.118850e-01
   outer loop
     vertex -1.792000e+01 -9.504414e+00  6.127974e+00
     vertex -6.240000e+00 -9.446019e+00  6.225973e+00
     vertex -6.240000e+00 -9.504414e+00  6.127974e+00
   endloop
 endfacet
 facet normal  0.000000e+00  8.833785e-01 -4.686603e-01
   outer loop
     vertex  6.240000e+00 -9.557877e+00  6.027200e+00
     vertex  6.240000e+00 -9.504414e+00  6.127974e+00
     vertex  1.792000e+01 -9.557877e+00  6.027200e+00
   endloop
 endfacet
 facet normal  1.805357e-19  8.833785e-01 -4.686603e-01
   outer loop
     vertex -1.792000e+01 -9.557877e+00  6.027200e+00
     vertex -1.792000e+01 -9.504414e+00  6.127974e+00
     vertex -6.240000e+00 -9.504414e+00  6.127974e+00
   endloop
 endfacet
 facet normal  0.000000e+00  8.833785e-01 -4.686603e-01
   outer loop
     vertex -1.792000e+01 -9.557877e+00  6.027200e+00
     vertex -6.240000e+00 -9.504414e+00  6.127974e+00
     vertex -6.240000e+00 -9.557877e+00  6.027200e+00
   endloop
 endfacet
 facet normal -7.345612e-20  9.055298e-01 -4.242826e-01
   outer loop
     vertex  6.240000e+00 -9.606279e+00  5.923899e+00
     vertex  6.240000e+00 -9.557877e+00  6.027200e+00
     vertex  1.792000e+01 -9.557877e+00  6.027200e+00
   endloop
 endfacet
 facet normal  0.000000e+00  9.055298e-01 -4.242826e-01
   outer loop
     vertex  6.240000e+00 -9.606279e+00  5.923899e+00
     vertex  1.792000e+01 -9.557877e+00  6.027200e+00
     vertex  1.792000e+01 -9.606279e+00  5.923899e+00
   endloop
 endfacet
 facet normal -7.345612e-20  9.055298e-01 -4.242826e-01
   outer loop
     vertex -6.240000e+00 -9.606279e+00  5.923899e+00
     vertex -1.792000e+01 -9.557877e+00  6.027200e+00
     vertex -6.240000e+00 -9.557877e+00  6.027200e+00
   endloop
 endfacet
 facet normal -2.433969e-19  9.254535e-01 -3.788612e-01
   outer loop
     vertex  1.792000e+01 -9.649498e+00  5.818326e+00
     vertex  6.240000e+00 -9.606279e+00  5.923899e+00
     vertex  1.792000e+01 -9.606279e+00  5.923899e+00
   endloop
 endfacet
 facet normal  0.000000e+00  9.055298e-01 -4.242826e-01
   outer loop
     vertex -1.792000e+01 -9.606279e+00  5.923899e+00
     vertex -1.792000e+01 -9.557877e+00  6.027200e+00
     vertex -6.240000e+00 -9.606279e+00  5.923899e+00
   endloop
 endfacet
 facet normal  0.000000e+00  9.254535e-01 -3.788612e-01
   outer loop
     vertex  6.240000e+00 -9.649498e+00  5.818326e+00
     vertex  6.240000e+00 -9.606279e+00  5.923899e+00
     vertex  1.792000e+01 -9.649498e+00  5.818326e+00
   endloop
 endfacet
 facet normal  0.000000e+00  9.254535e-01 -3.788612e-01
   outer loop
     vertex -1.792000e+01 -9.649498e+00  5.818326e+00
     vertex -6.240000e+00 -9.606279e+00  5.923899e+00
     vertex -6.240000e+00 -9.649498e+00  5.818326e+00
   endloop
 endfacet
 facet normal -2.433969e-19  9.254535e-01 -3.788612e-01
   outer loop
     vertex -1.792000e+01 -9.649498e+00  5.818326e+00
     vertex -1.792000e+01 -9.606279e+00  5.923899e+00
     vertex -6.240000e+00 -9.606279e+00  5.923899e+00
   endloop
 endfacet
 facet normal  0.000000e+00  9.431005e-01 -3.325077e-01
   outer loop
     vertex  6.240000e+00 -9.687430e+00  5.710739e+00
     vertex  1.792000e+01 -9.649498e+00  5.818326e+00
     vertex  1.792000e+01 -9.687430e+00  5.710739e+00
   endloop
 endfacet
 facet normal -2.734993e-19  9.431005e-01 -3.325077e-01
   outer loop
     vertex  6.240000e+00 -9.687430e+00  5.710739e+00
     vertex  6.240000e+00 -9.649498e+00  5.818326e+00
     vertex  1.792000e+01 -9.649498e+00  5.818326e+00
   endloop
 endfacet
 facet normal  0.000000e+00  9.431005e-01 -3.325077e-01
   outer loop
     vertex -1.792000e+01 -9.687430e+00  5.710739e+00
     vertex -6.240000e+00 -9.649498e+00  5.818326e+00
     vertex -6.240000e+00 -9.687430e+00  5.710739e+00
   endloop
 endfacet
 facet normal -2.734993e-19  9.431005e-01 -3.325077e-01
   outer loop
     vertex -1.792000e+01 -9.687430e+00  5.710739e+00
     vertex -1.792000e+01 -9.649498e+00  5.818326e+00
     vertex -6.240000e+00 -9.649498e+00  5.818326e+00
   endloop
 endfacet
 facet normal  0.000000e+00  9.584275e-01 -2.853362e-01
   outer loop
     vertex  6.240000e+00 -9.719980e+00  5.601404e+00
     vertex  1.792000e+01 -9.687430e+00  5.710739e+00
     vertex  1.792000e+01 -9.719980e+00  5.601404e+00
   endloop
 endfacet
 facet normal  1.168157e-19  9.584275e-01 -2.853362e-01
   outer loop
     vertex  6.240000e+00 -9.719980e+00  5.601404e+00
     vertex  6.240000e+00 -9.687430e+00  5.710739e+00
     vertex  1.792000e+01 -9.687430e+00  5.710739e+00
   endloop
 endfacet
 facet normal  7.727367e-20  9.713966e-01 -2.374628e-01
   outer loop
     vertex  1.792000e+01 -9.747070e+00  5.490589e+00
     vertex  6.240000e+00 -9.719980e+00  5.601404e+00
     vertex  1.792000e+01 -9.719980e+00  5.601404e+00
   endloop
 endfacet
 facet normal  0.000000e+00  9.584275e-01 -2.853362e-01
   outer loop
     vertex -1.792000e+01 -9.719980e+00  5.601404e+00
     vertex -6.240000e+00 -9.687430e+00  5.710739e+00
     vertex -6.240000e+00 -9.719980e+00  5.601404e+00
   endloop
 endfacet
 facet normal  1.168157e-19  9.584275e-01 -2.853362e-01
   outer loop
     vertex -1.792000e+01 -9.719980e+00  5.601404e+00
     vertex -1.792000e+01 -9.687430e+00  5.710739e+00
     vertex -6.240000e+00 -9.687430e+00  5.710739e+00
   endloop
 endfacet
 facet normal  0.000000e+00  9.713966e-01 -2.374628e-01
   outer loop
     vertex  6.240000e+00 -9.747070e+00  5.490589e+00
     vertex  6.240000e+00 -9.719980e+00  5.601404e+00
     vertex  1.792000e+01 -9.747070e+00  5.490589e+00
   endloop
 endfacet
 facet normal  7.727367e-20  9.713966e-01 -2.374628e-01
   outer loop
     vertex -6.240000e+00 -9.747070e+00  5.490589e+00
     vertex -1.792000e+01 -9.719980e+00  5.601404e+00
     vertex -6.240000e+00 -9.719980e+00  5.601404e+00
   endloop
 endfacet
 facet normal  0.000000e+00  9.713966e-01 -2.374628e-01
   outer loop
     vertex -1.792000e+01 -9.747070e+00  5.490589e+00
     vertex -1.792000e+01 -9.719980e+00  5.601404e+00
     vertex -6.240000e+00 -9.747070e+00  5.490589e+00
   endloop
 endfacet
 facet normal  0.000000e+00  9.819761e-01 -1.890052e-01
   outer loop
     vertex  6.240000e+00 -9.768631e+00  5.378568e+00
     vertex  1.792000e+01 -9.747070e+00  5.490589e+00
     vertex  1.792000e+01 -9.768631e+00  5.378568e+00
   endloop
 endfacet
 facet normal -9.308483e-20  9.819761e-01 -1.890052e-01
   outer loop
     vertex  6.240000e+00 -9.768631e+00  5.378568e+00
     vertex  6.240000e+00 -9.747070e+00  5.490589e+00
     vertex  1.792000e+01 -9.747070e+00  5.490589e+00
   endloop
 endfacet
 facet normal  0.000000e+00  9.819761e-01 -1.890052e-01
   outer loop
     vertex -1.792000e+01 -9.768631e+00  5.378568e+00
     vertex -6.240000e+00 -9.747070e+00  5.490589e+00
     vertex -6.240000e+00 -9.768631e+00  5.378568e+00
   endloop
 endfacet
 facet normal -9.308483e-20  9.819761e-01 -1.890052e-01
   outer loop
     vertex -1.792000e+01 -9.768631e+00  5.378568e+00
     vertex -1.792000e+01 -9.747070e+00  5.490589e+00
     vertex -6.240000e+00 -9.747070e+00  5.490589e+00
   endloop
 endfacet
 facet normal  0.000000e+00  9.901398e-01 -1.400827e-01
   outer loop
     vertex  6.240000e+00 -9.784611e+00  5.265615e+00
     vertex  1.792000e+01 -9.768631e+00  5.378568e+00
     vertex  1.792000e+01 -9.784611e+00  5.265615e+00
   endloop
 endfacet
 facet normal  3.157365e-20  9.901398e-01 -1.400827e-01
   outer loop
     vertex  6.240000e+00 -9.784611e+00  5.265615e+00
     vertex  6.240000e+00 -9.768631e+00  5.378568e+00
     vertex  1.792000e+01 -9.768631e+00  5.378568e+00
   endloop
 endfacet
 facet normal  0.000000e+00  9.901398e-01 -1.400827e-01
   outer loop
     vertex -1.792000e+01 -9.784611e+00  5.265615e+00
     vertex -6.240000e+00 -9.768631e+00  5.378568e+00
     vertex -6.240000e+00 -9.784611e+00  5.265615e+00
   endloop
 endfacet
 facet normal  3.157365e-20  9.901398e-01 -1.400827e-01
   outer loop
     vertex -1.792000e+01 -9.784611e+00  5.265615e+00
     vertex -1.792000e+01 -9.768631e+00  5.378568e+00
     vertex -6.240000e+00 -9.768631e+00  5.378568e+00
   endloop
 endfacet
 facet normal  0.000000e+00  9.958677e-01 -9.081554e-02
   outer loop
     vertex  6.240000e+00 -9.794971e+00  5.152008e+00
     vertex  1.792000e+01 -9.784611e+00  5.265615e+00
     vertex  1.792000e+01 -9.794971e+00  5.152008e+00
   endloop
 endfacet
 facet normal  3.791564e-20  9.958677e-01 -9.081554e-02
   outer loop
     vertex  6.240000e+00 -9.794971e+00  5.152008e+00
     vertex  6.240000e+00 -9.784611e+00  5.265615e+00
     vertex  1.792000e+01 -9.784611e+00  5.265615e+00
   endloop
 endfacet
 facet normal  0.000000e+00  9.958677e-01 -9.081554e-02
   outer loop
     vertex -1.792000e+01 -9.794971e+00  5.152008e+00
     vertex -6.240000e+00 -9.784611e+00  5.265615e+00
     vertex -6.240000e+00 -9.794971e+00  5.152008e+00
   endloop
 endfacet
 facet normal  3.791564e-20  9.958677e-01 -9.081554e-02
   outer loop
     vertex -1.792000e+01 -9.794971e+00  5.152008e+00
     vertex -1.792000e+01 -9.784611e+00  5.265615e+00
     vertex -6.240000e+00 -9.784611e+00  5.265615e+00
   endloop
 endfacet
 facet normal  0.000000e+00  9.991458e-01 -4.132497e-02
   outer loop
     vertex  6.240000e+00 -9.799686e+00  5.038028e+00
     vertex  1.792000e+01 -9.794971e+00  5.152008e+00
     vertex  1.792000e+01 -9.799686e+00  5.038028e+00
   endloop
 endfacet
 facet normal  4.910119e-21  9.991458e-01 -4.132497e-02
   outer loop
     vertex  6.240000e+00 -9.799686e+00  5.038028e+00
     vertex  6.240000e+00 -9.794971e+00  5.152008e+00
     vertex  1.792000e+01 -9.794971e+00  5.152008e+00
   endloop
 endfacet
 facet normal  4.910119e-21  9.991458e-01 -4.132497e-02
   outer loop
     vertex -6.240000e+00 -9.799686e+00  5.038028e+00
     vertex -1.792000e+01 -9.794971e+00  5.152008e+00
     vertex -6.240000e+00 -9.794971e+00  5.152008e+00
   endloop
 endfacet
 facet normal  3.056215e-21  9.999658e-01  8.267255e-03
   outer loop
     vertex  1.792000e+01 -9.798742e+00  4.923954e+00
     vertex  6.240000e+00 -9.799686e+00  5.038028e+00
     vertex  1.792000e+01 -9.799686e+00  5.038028e+00
   endloop
 endfacet
 facet normal  0.000000e+00  9.991458e-01 -4.132497e-02
   outer loop
     vertex -1.792000e+01 -9.799686e+00  5.038028e+00
     vertex -1.792000e+01 -9.794971e+00  5.152008e+00
     vertex -6.240000e+00 -9.799686e+00  5.038028e+00
   endloop
 endfacet
 facet normal -0.000000e+00  9.999658e-01  8.267255e-03
   outer loop
     vertex  6.240000e+00 -9.798742e+00  4.923954e+00
     vertex  6.240000e+00 -9.799686e+00  5.038028e+00
     vertex  1.792000e+01 -9.798742e+00  4.923954e+00
   endloop
 endfacet
 facet normal  3.056215e-21  9.999658e-01  8.267255e-03
   outer loop
     vertex -6.240000e+00 -9.798742e+00  4.923954e+00
     vertex -1.792000e+01 -9.799686e+00  5.038028e+00
     vertex -6.240000e+00 -9.799686e+00  5.038028e+00
   endloop
 endfacet
 facet normal -0.000000e+00  9.999658e-01  8.267255e-03
   outer loop
     vertex -1.792000e+01 -9.798742e+00  4.923954e+00
     vertex -1.792000e+01 -9.799686e+00  5.038028e+00
     vertex -6.240000e+00 -9.798742e+00  4.923954e+00
   endloop
 endfacet
 facet normal  1.017710e-20  9.983259e-01  5.783915e-02
   outer loop
     vertex  6.240000e+00 -9.792144e+00  4.810068e+00
     vertex  6.240000e+00 -9.798742e+00  4.923954e+00
     vertex  1.792000e+01 -9.798742e+00  4.923954e+00
   endloop
 endfacet
 facet normal -0.000000e+00  9.983259e-01  5.783915e-02
   outer loop
     vertex  6.240000e+00 -9.792144e+00  4.810068e+00
     vertex  1.792000e+01 -9.798742e+00  4.923954e+00
     vertex  1.792000e+01 -9.792144e+00  4.810068e+00
   endloop
 endfacet
 facet normal  1.017710e-20  9.983259e-01  5.783915e-02
   outer loop
     vertex -6.240000e+00 -9.792144e+00  4.810068e+00
     vertex -1.792000e+01 -9.798742e+00  4.923954e+00
     vertex -6.240000e+00 -9.798742e+00  4.923954e+00
   endloop
 endfacet
 facet normal -0.000000e+00  9.983259e-01  5.783915e-02
   outer loop
     vertex -1.792000e+01 -9.792144e+00  4.810068e+00
     vertex -1.792000e+01 -9.798742e+00  4.923954e+00
     vertex -6.240000e+00 -9.792144e+00  4.810068e+00
   endloop
 endfacet
 facet normal -0.000000e+00  9.942301e-01  1.072687e-01
   outer loop
     vertex  6.240000e+00 -9.779907e+00  4.696648e+00
     vertex  1.792000e+01 -9.792144e+00  4.810068e+00
     vertex  1.792000e+01 -9.779907e+00  4.696648e+00
   endloop
 endfacet
 facet normal  1.058312e-20  9.942301e-01  1.072687e-01
   outer loop
     vertex  6.240000e+00 -9.779907e+00  4.696648e+00
     vertex  6.240000e+00 -9.792144e+00  4.810068e+00
     vertex  1.792000e+01 -9.792144e+00  4.810068e+00
   endloop
 endfacet
 facet normal  1.058312e-20  9.942301e-01  1.072687e-01
   outer loop
     vertex -1.792000e+01 -9.779907e+00  4.696648e+00
     vertex -1.792000e+01 -9.792144e+00  4.810068e+00
     vertex -6.240000e+00 -9.792144e+00  4.810068e+00
   endloop
 endfacet
 facet normal -0.000000e+00  9.942301e-01  1.072687e-01
   outer loop
     vertex -1.792000e+01 -9.779907e+00  4.696648e+00
     vertex -6.240000e+00 -9.792144e+00  4.810068e+00
     vertex -6.240000e+00 -9.779907e+00  4.696648e+00
   endloop
 endfacet
 facet normal -0.000000e+00  9.876883e-01  1.564345e-01
   outer loop
     vertex  6.240000e+00 -9.762062e+00  4.583975e+00
     vertex  1.792000e+01 -9.779907e+00  4.696648e+00
     vertex  1.792000e+01 -9.762062e+00  4.583975e+00
   endloop
 endfacet
 facet normal -1.556676e-19  9.876883e-01  1.564345e-01
   outer loop
     vertex  6.240000e+00 -9.762062e+00  4.583975e+00
     vertex  6.240000e+00 -9.779907e+00  4.696648e+00
     vertex  1.792000e+01 -9.779907e+00  4.696648e+00
   endloop
 endfacet
 facet normal -0.000000e+00  9.876883e-01  1.564345e-01
   outer loop
     vertex -1.792000e+01 -9.762062e+00  4.583975e+00
     vertex -6.240000e+00 -9.779907e+00  4.696648e+00
     vertex -6.240000e+00 -9.762062e+00  4.583975e+00
   endloop
 endfacet
 facet normal -1.556676e-19  9.876883e-01  1.564345e-01
   outer loop
     vertex -1.792000e+01 -9.762062e+00  4.583975e+00
     vertex -1.792000e+01 -9.779907e+00  4.696648e+00
     vertex -6.240000e+00 -9.779907e+00  4.696648e+00
   endloop
 endfacet
 facet normal -0.000000e+00  9.787168e-01  2.052153e-01
   outer loop
     vertex  6.240000e+00 -9.738651e+00  4.472325e+00
     vertex  1.792000e+01 -9.762062e+00  4.583975e+00
     vertex  1.792000e+01 -9.738651e+00  4.472325e+00
   endloop
 endfacet
 facet normal -1.566543e-19  9.787168e-01  2.052153e-01
   outer loop
     vertex  6.240000e+00 -9.738651e+00  4.472325e+00
     vertex  6.240000e+00 -9.762062e+00  4.583975e+00
     vertex  1.792000e+01 -9.762062e+00  4.583975e+00
   endloop
 endfacet
 facet normal -1.566543e-19  9.787168e-01  2.052153e-01
   outer loop
     vertex -6.240000e+00 -9.738651e+00  4.472325e+00
     vertex -1.792000e+01 -9.762062e+00  4.583975e+00
     vertex -6.240000e+00 -9.762062e+00  4.583975e+00
   endloop
 endfacet
 facet normal -0.000000e+00  9.787168e-01  2.052153e-01
   outer loop
     vertex -1.792000e+01 -9.738651e+00  4.472325e+00
     vertex -1.792000e+01 -9.762062e+00  4.583975e+00
     vertex -6.240000e+00 -9.738651e+00  4.472325e+00
   endloop
 endfacet
 facet normal -0.000000e+00  9.673376e-01  2.534914e-01
   outer loop
     vertex  6.240000e+00 -9.709733e+00  4.361973e+00
     vertex  1.792000e+01 -9.738651e+00  4.472325e+00
     vertex  1.792000e+01 -9.709733e+00  4.361973e+00
   endloop
 endfacet
 facet normal  4.610543e-20  9.673376e-01  2.534914e-01
   outer loop
     vertex  6.240000e+00 -9.709733e+00  4.361973e+00
     vertex  6.240000e+00 -9.738651e+00  4.472325e+00
     vertex  1.792000e+01 -9.738651e+00  4.472325e+00
   endloop
 endfacet
 facet normal -9.478293e-20  9.535787e-01  3.011438e-01
   outer loop
     vertex  1.792000e+01 -9.675380e+00  4.253191e+00
     vertex  6.240000e+00 -9.709733e+00  4.361973e+00
     vertex  1.792000e+01 -9.709733e+00  4.361973e+00
   endloop
 endfacet
 facet normal -0.000000e+00  9.673376e-01  2.534914e-01
   outer loop
     vertex -1.792000e+01 -9.709733e+00  4.361973e+00
     vertex -6.240000e+00 -9.738651e+00  4.472325e+00
     vertex -6.240000e+00 -9.709733e+00  4.361973e+00
   endloop
 endfacet
 facet normal  4.610543e-20  9.673376e-01  2.534914e-01
   outer loop
     vertex -1.792000e+01 -9.709733e+00  4.361973e+00
     vertex -1.792000e+01 -9.738651e+00  4.472325e+00
     vertex -6.240000e+00 -9.738651e+00  4.472325e+00
   endloop
 endfacet
 facet normal -0.000000e+00  9.535787e-01  3.011438e-01
   outer loop
     vertex  6.240000e+00 -9.675380e+00  4.253191e+00
     vertex  6.240000e+00 -9.709733e+00  4.361973e+00
     vertex  1.792000e+01 -9.675380e+00  4.253191e+00
   endloop
 endfacet
 facet normal -0.000000e+00  9.535787e-01  3.011438e-01
   outer loop
     vertex -1.792000e+01 -9.675380e+00  4.253191e+00
     vertex -6.240000e+00 -9.709733e+00  4.361973e+00
     vertex -6.240000e+00 -9.675380e+00  4.253191e+00
   endloop
 endfacet
 facet normal -9.478293e-20  9.535787e-01  3.011438e-01
   outer loop
     vertex -1.792000e+01 -9.675380e+00  4.253191e+00
     vertex -1.792000e+01 -9.709733e+00  4.361973e+00
     vertex -6.240000e+00 -9.709733e+00  4.361973e+00
   endloop
 endfacet
 facet normal -0.000000e+00  9.374740e-01  3.480554e-01
   outer loop
     vertex  6.240000e+00 -9.635674e+00  4.146246e+00
     vertex  1.792000e+01 -9.675380e+00  4.253191e+00
     vertex  1.792000e+01 -9.635674e+00  4.146246e+00
   endloop
 endfacet
 facet normal -3.196055e-19  9.374740e-01  3.480554e-01
   outer loop
     vertex  6.240000e+00 -9.635674e+00  4.146246e+00
     vertex  6.240000e+00 -9.675380e+00  4.253191e+00
     vertex  1.792000e+01 -9.675380e+00  4.253191e+00
   endloop
 endfacet
 facet normal -1.433490e-19  9.190629e-01  3.941108e-01
   outer loop
     vertex  1.792000e+01 -9.590715e+00  4.041402e+00
     vertex  6.240000e+00 -9.635674e+00  4.146246e+00
     vertex  1.792000e+01 -9.635674e+00  4.146246e+00
   endloop
 endfacet
 facet normal -0.000000e+00  9.374740e-01  3.480554e-01
   outer loop
     vertex -1.792000e+01 -9.635674e+00  4.146246e+00
     vertex -6.240000e+00 -9.675380e+00  4.253191e+00
     vertex -6.240000e+00 -9.635674e+00  4.146246e+00
   endloop
 endfacet
 facet normal -3.196055e-19  9.374740e-01  3.480554e-01
   outer loop
     vertex -1.792000e+01 -9.635674e+00  4.146246e+00
     vertex -1.792000e+01 -9.675380e+00  4.253191e+00
     vertex -6.240000e+00 -9.675380e+00  4.253191e+00
   endloop
 endfacet
 facet normal -0.000000e+00  9.190629e-01  3.941108e-01
   outer loop
     vertex  6.240000e+00 -9.590715e+00  4.041402e+00
     vertex  6.240000e+00 -9.635674e+00  4.146246e+00
     vertex  1.792000e+01 -9.590715e+00  4.041402e+00
   endloop
 endfacet
 facet normal -1.433490e-19  9.190629e-01  3.941108e-01
   outer loop
     vertex -6.240000e+00 -9.590715e+00  4.041402e+00
     vertex -1.792000e+01 -9.635674e+00  4.146246e+00
     vertex -6.240000e+00 -9.635674e+00  4.146246e+00
   endloop
 endfacet
 facet normal -0.000000e+00  9.190629e-01  3.941108e-01
   outer loop
     vertex -1.792000e+01 -9.590715e+00  4.041402e+00
     vertex -1.792000e+01 -9.635674e+00  4.146246e+00
     vertex -6.240000e+00 -9.590715e+00  4.041402e+00
   endloop
 endfacet
 facet normal -0.000000e+00  8.983910e-01  4.391966e-01
   outer loop
     vertex  6.240000e+00 -9.540612e+00  3.938915e+00
     vertex  1.792000e+01 -9.590715e+00  4.041402e+00
     vertex  1.792000e+01 -9.540612e+00  3.938915e+00
   endloop
 endfacet
 facet normal -3.051270e-19  8.983910e-01  4.391966e-01
   outer loop
     vertex  6.240000e+00 -9.540612e+00  3.938915e+00
     vertex  6.240000e+00 -9.590715e+00  4.041402e+00
     vertex  1.792000e+01 -9.590715e+00  4.041402e+00
   endloop
 endfacet
 facet normal -0.000000e+00  8.983910e-01  4.391966e-01
   outer loop
     vertex -1.792000e+01 -9.540612e+00  3.938915e+00
     vertex -6.240000e+00 -9.590715e+00  4.041402e+00
     vertex -6.240000e+00 -9.540612e+00  3.938915e+00
   endloop
 endfacet
 facet normal -3.051270e-19  8.983910e-01  4.391966e-01
   outer loop
     vertex -1.792000e+01 -9.540612e+00  3.938915e+00
     vertex -1.792000e+01 -9.590715e+00  4.041402e+00
     vertex -6.240000e+00 -9.590715e+00  4.041402e+00
   endloop
 endfacet
 facet normal -0.000000e+00  8.755089e-01  4.832020e-01
   outer loop
     vertex  6.240000e+00 -9.485490e+00  3.839039e+00
     vertex  1.792000e+01 -9.540612e+00  3.938915e+00
     vertex  1.792000e+01 -9.485490e+00  3.839039e+00
   endloop
 endfacet
 facet normal -3.788591e-20  8.755089e-01  4.832020e-01
   outer loop
     vertex  6.240000e+00 -9.485490e+00  3.839039e+00
     vertex  6.240000e+00 -9.540612e+00  3.938915e+00
     vertex  1.792000e+01 -9.540612e+00  3.938915e+00
   endloop
 endfacet
 facet normal -0.000000e+00  8.755089e-01  4.832020e-01
   outer loop
     vertex -1.792000e+01 -9.485490e+00  3.839039e+00
     vertex -6.240000e+00 -9.540612e+00  3.938915e+00
     vertex -6.240000e+00 -9.485490e+00  3.839039e+00
   endloop
 endfacet
 facet normal -3.788591e-20  8.755089e-01  4.832020e-01
   outer loop
     vertex -1.792000e+01 -9.485490e+00  3.839039e+00
     vertex -1.792000e+01 -9.540612e+00  3.938915e+00
     vertex -6.240000e+00 -9.540612e+00  3.938915e+00
   endloop
 endfacet
 facet normal -0.000000e+00  8.504730e-01  5.260186e-01
   outer loop
     vertex  6.240000e+00 -9.425483e+00  3.742019e+00
     vertex  1.792000e+01 -9.485490e+00  3.839039e+00
     vertex  1.792000e+01 -9.425483e+00  3.742019e+00
   endloop
 endfacet
 facet normal  2.693680e-19  8.504730e-01  5.260186e-01
   outer loop
     vertex  6.240000e+00 -9.425483e+00  3.742019e+00
     vertex  6.240000e+00 -9.485490e+00  3.839039e+00
     vertex  1.792000e+01 -9.485490e+00  3.839039e+00
   endloop
 endfacet
 facet normal -0.000000e+00  8.504730e-01  5.260186e-01
   outer loop
     vertex -1.792000e+01 -9.425483e+00  3.742019e+00
     vertex -6.240000e+00 -9.485490e+00  3.839039e+00
     vertex -6.240000e+00 -9.425483e+00  3.742019e+00
   endloop
 endfacet
 facet normal  2.693680e-19  8.504730e-01  5.260186e-01
   outer loop
     vertex -1.792000e+01 -9.425483e+00  3.742019e+00
     vertex -1.792000e+01 -9.485490e+00  3.839039e+00
     vertex -6.240000e+00 -9.485490e+00  3.839039e+00
   endloop
 endfacet
 facet normal -0.000000e+00  8.233450e-01  5.675413e-01
   outer loop
     vertex  6.240000e+00 -9.360739e+00  3.648094e+00
     vertex  1.792000e+01 -9.425483e+00  3.742019e+00
     vertex  1.792000e+01 -9.360739e+00  3.648094e+00
   endloop
 endfacet
 facet normal  2.597996e-19  8.233450e-01  5.675413e-01
   outer loop
     vertex  6.240000e+00 -9.360739e+00  3.648094e+00
     vertex  6.240000e+00 -9.425483e+00  3.742019e+00
     vertex  1.792000e+01 -9.425483e+00  3.742019e+00
   endloop
 endfacet
 facet normal  2.597996e-19  8.233450e-01  5.675413e-01
   outer loop
     vertex -6.240000e+00 -9.360739e+00  3.648094e+00
     vertex -1.792000e+01 -9.425483e+00  3.742019e+00
     vertex -6.240000e+00 -9.425483e+00  3.742019e+00
   endloop
 endfacet
 facet normal  7.961610e-21  7.941914e-01  6.076677e-01
   outer loop
     vertex  1.792000e+01 -9.291418e+00  3.557494e+00
     vertex  6.240000e+00 -9.360739e+00  3.648094e+00
     vertex  1.792000e+01 -9.360739e+00  3.648094e+00
   endloop
 endfacet
 facet normal -0.000000e+00  8.233450e-01  5.675413e-01
   outer loop
     vertex -1.792000e+01 -9.360739e+00  3.648094e+00
     vertex -1.792000e+01 -9.425483e+00  3.742019e+00
     vertex -6.240000e+00 -9.360739e+00  3.648094e+00
   endloop
 endfacet
 facet normal -0.000000e+00  7.941914e-01  6.076677e-01
   outer loop
     vertex  6.240000e+00 -9.291418e+00  3.557494e+00
     vertex  6.240000e+00 -9.360739e+00  3.648094e+00
     vertex  1.792000e+01 -9.291418e+00  3.557494e+00
   endloop
 endfacet
 facet normal  7.961610e-21  7.941914e-01  6.076677e-01
   outer loop
     vertex -6.240000e+00 -9.291418e+00  3.557494e+00
     vertex -1.792000e+01 -9.360739e+00  3.648094e+00
     vertex -6.240000e+00 -9.360739e+00  3.648094e+00
   endloop
 endfacet
 facet normal -0.000000e+00  7.941914e-01  6.076677e-01
   outer loop
     vertex -1.792000e+01 -9.291418e+00  3.557494e+00
     vertex -1.792000e+01 -9.360739e+00  3.648094e+00
     vertex -6.240000e+00 -9.291418e+00  3.557494e+00
   endloop
 endfacet
 facet normal -2.126885e-19  7.630841e-01  6.462992e-01
   outer loop
     vertex  6.240000e+00 -9.217689e+00  3.470443e+00
     vertex  6.240000e+00 -9.291418e+00  3.557494e+00
     vertex  1.792000e+01 -9.291418e+00  3.557494e+00
   endloop
 endfacet
 facet normal -0.000000e+00  7.630841e-01  6.462992e-01
   outer loop
     vertex  6.240000e+00 -9.217689e+00  3.470443e+00
     vertex  1.792000e+01 -9.291418e+00  3.557494e+00
     vertex  1.792000e+01 -9.217689e+00  3.470443e+00
   endloop
 endfacet
 facet normal -2.126885e-19  7.630841e-01  6.462992e-01
   outer loop
     vertex -6.240000e+00 -9.217689e+00  3.470443e+00
     vertex -1.792000e+01 -9.291418e+00  3.557494e+00
     vertex -6.240000e+00 -9.291418e+00  3.557494e+00
   endloop
 endfacet
 facet normal -0.000000e+00  7.630841e-01  6.462992e-01
   outer loop
     vertex -1.792000e+01 -9.217689e+00  3.470443e+00
     vertex -1.792000e+01 -9.291418e+00  3.557494e+00
     vertex -6.240000e+00 -9.217689e+00  3.470443e+00
   endloop
 endfacet
 facet normal -0.000000e+00  7.300995e-01  6.833408e-01
   outer loop
     vertex  6.240000e+00 -9.139735e+00  3.387155e+00
     vertex  1.792000e+01 -9.217689e+00  3.470443e+00
     vertex  1.792000e+01 -9.139735e+00  3.387155e+00
   endloop
 endfacet
 facet normal  2.102893e-19  7.300995e-01  6.833408e-01
   outer loop
     vertex  6.240000e+00 -9.139735e+00  3.387155e+00
     vertex  6.240000e+00 -9.217689e+00  3.470443e+00
     vertex  1.792000e+01 -9.217689e+00  3.470443e+00
   endloop
 endfacet
 facet normal -0.000000e+00  7.300995e-01  6.833408e-01
   outer loop
     vertex -1.792000e+01 -9.139735e+00  3.387155e+00
     vertex -6.240000e+00 -9.217689e+00  3.470443e+00
     vertex -6.240000e+00 -9.139735e+00  3.387155e+00
   endloop
 endfacet
 facet normal  2.102893e-19  7.300995e-01  6.833408e-01
   outer loop
     vertex -1.792000e+01 -9.139735e+00  3.387155e+00
     vertex -1.792000e+01 -9.217689e+00  3.470443e+00
     vertex -6.240000e+00 -9.217689e+00  3.470443e+00
   endloop
 endfacet
 facet normal -0.000000e+00  6.953189e-01  7.187014e-01
   outer loop
     vertex  6.240000e+00 -9.057748e+00  3.307835e+00
     vertex  1.792000e+01 -9.139735e+00  3.387155e+00
     vertex  1.792000e+01 -9.057748e+00  3.307835e+00
   endloop
 endfacet
 facet normal  1.600691e-19  6.953189e-01  7.187014e-01
   outer loop
     vertex  6.240000e+00 -9.057748e+00  3.307835e+00
     vertex  6.240000e+00 -9.139735e+00  3.387155e+00
     vertex  1.792000e+01 -9.139735e+00  3.387155e+00
   endloop
 endfacet
 facet normal -2.632918e-19  6.588277e-01  7.522939e-01
   outer loop
     vertex  1.792000e+01 -8.971928e+00  3.232677e+00
     vertex  6.240000e+00 -9.057748e+00  3.307835e+00
     vertex  1.792000e+01 -9.057748e+00  3.307835e+00
   endloop
 endfacet
 facet normal -0.000000e+00  6.953189e-01  7.187014e-01
   outer loop
     vertex -1.792000e+01 -9.057748e+00  3.307835e+00
     vertex -6.240000e+00 -9.139735e+00  3.387155e+00
     vertex -6.240000e+00 -9.057748e+00  3.307835e+00
   endloop
 endfacet
 facet normal  1.600691e-19  6.953189e-01  7.187014e-01
   outer loop
     vertex -1.792000e+01 -9.057748e+00  3.307835e+00
     vertex -1.792000e+01 -9.139735e+00  3.387155e+00
     vertex -6.240000e+00 -9.139735e+00  3.387155e+00
   endloop
 endfacet
 facet normal -0.000000e+00  6.588277e-01  7.522939e-01
   outer loop
     vertex  6.240000e+00 -8.971928e+00  3.232677e+00
     vertex  6.240000e+00 -9.057748e+00  3.307835e+00
     vertex  1.792000e+01 -8.971928e+00  3.232677e+00
   endloop
 endfacet
 facet normal -2.632918e-19  6.588277e-01  7.522939e-01
   outer loop
     vertex -6.240000e+00 -8.971928e+00  3.232677e+00
     vertex -1.792000e+01 -9.057748e+00  3.307835e+00
     vertex -6.240000e+00 -9.057748e+00  3.307835e+00
   endloop
 endfacet
 facet normal -0.000000e+00  6.588277e-01  7.522939e-01
   outer loop
     vertex -1.792000e+01 -8.971928e+00  3.232677e+00
     vertex -1.792000e+01 -9.057748e+00  3.307835e+00
     vertex -6.240000e+00 -8.971928e+00  3.232677e+00
   endloop
 endfacet
 facet normal -7.319928e-20  6.207157e-01  7.840357e-01
   outer loop
     vertex  6.240000e+00 -8.882487e+00  3.161868e+00
     vertex  6.240000e+00 -8.971928e+00  3.232677e+00
     vertex  1.792000e+01 -8.971928e+00  3.232677e+00
   endloop
 endfacet
 facet normal -0.000000e+00  6.207157e-01  7.840357e-01
   outer loop
     vertex  6.240000e+00 -8.882487e+00  3.161868e+00
     vertex  1.792000e+01 -8.971928e+00  3.232677e+00
     vertex  1.792000e+01 -8.882487e+00  3.161868e+00
   endloop
 endfacet
 facet normal -0.000000e+00  6.207157e-01  7.840357e-01
   outer loop
     vertex -1.792000e+01 -8.882487e+00  3.161868e+00
     vertex -6.240000e+00 -8.971928e+00  3.232677e+00
     vertex -6.240000e+00 -8.882487e+00  3.161868e+00
   endloop
 endfacet
 facet normal -7.319928e-20  6.207157e-01  7.840357e-01
   outer loop
     vertex -1.792000e+01 -8.882487e+00  3.161868e+00
     vertex -1.792000e+01 -8.971928e+00  3.232677e+00
     vertex -6.240000e+00 -8.971928e+00  3.232677e+00
   endloop
 endfacet
 facet normal -2.916244e-19  5.810768e-01  8.138487e-01
   outer loop
     vertex  6.240000e+00 -8.789645e+00  3.095580e+00
     vertex  6.240000e+00 -8.882487e+00  3.161868e+00
     vertex  1.792000e+01 -8.882487e+00  3.161868e+00
   endloop
 endfacet
 facet normal -0.000000e+00  5.810768e-01  8.138487e-01
   outer loop
     vertex  6.240000e+00 -8.789645e+00  3.095580e+00
     vertex  1.792000e+01 -8.882487e+00  3.161868e+00
     vertex  1.792000e+01 -8.789645e+00  3.095580e+00
   endloop
 endfacet
 facet normal -0.000000e+00  5.810768e-01  8.138487e-01
   outer loop
     vertex -1.792000e+01 -8.789645e+00  3.095580e+00
     vertex -6.240000e+00 -8.882487e+00  3.161868e+00
     vertex -6.240000e+00 -8.789645e+00  3.095580e+00
   endloop
 endfacet
 facet normal -2.916244e-19  5.810768e-01  8.138487e-01
   outer loop
     vertex -1.792000e+01 -8.789645e+00  3.095580e+00
     vertex -1.792000e+01 -8.882487e+00  3.161868e+00
     vertex -6.240000e+00 -8.882487e+00  3.161868e+00
   endloop
 endfacet
 facet normal -1.736988e-19  5.400084e-01  8.416596e-01
   outer loop
     vertex  6.240000e+00 -8.693630e+00  3.033977e+00
     vertex  6.240000e+00 -8.789645e+00  3.095580e+00
     vertex  1.792000e+01 -8.789645e+00  3.095580e+00
   endloop
 endfacet
 facet normal -0.000000e+00  5.400084e-01  8.416596e-01
   outer loop
     vertex  6.240000e+00 -8.693630e+00  3.033977e+00
     vertex  1.792000e+01 -8.789645e+00  3.095580e+00
     vertex  1.792000e+01 -8.693630e+00  3.033977e+00
   endloop
 endfacet
 facet normal -0.000000e+00  5.400084e-01  8.416596e-01
   outer loop
     vertex -1.792000e+01 -8.693630e+00  3.033977e+00
     vertex -6.240000e+00 -8.789645e+00  3.095580e+00
     vertex -6.240000e+00 -8.693630e+00  3.033977e+00
   endloop
 endfacet
 facet normal -1.736988e-19  5.400084e-01  8.416596e-01
   outer loop
     vertex -1.792000e+01 -8.693630e+00  3.033977e+00
     vertex -1.792000e+01 -8.789645e+00  3.095580e+00
     vertex -6.240000e+00 -8.789645e+00  3.095580e+00
   endloop
 endfacet
 facet normal -3.173197e-19  4.976115e-01  8.674000e-01
   outer loop
     vertex  6.240000e+00 -8.594679e+00  2.977210e+00
     vertex  6.240000e+00 -8.693630e+00  3.033977e+00
     vertex  1.792000e+01 -8.693630e+00  3.033977e+00
   endloop
 endfacet
 facet normal -0.000000e+00  4.976115e-01  8.674000e-01
   outer loop
     vertex  6.240000e+00 -8.594679e+00  2.977210e+00
     vertex  1.792000e+01 -8.693630e+00  3.033977e+00
     vertex  1.792000e+01 -8.594679e+00  2.977210e+00
   endloop
 endfacet
 facet normal -0.000000e+00  4.976115e-01  8.674000e-01
   outer loop
     vertex -1.792000e+01 -8.594679e+00  2.977210e+00
     vertex -6.240000e+00 -8.693630e+00  3.033977e+00
     vertex -6.240000e+00 -8.594679e+00  2.977210e+00
   endloop
 endfacet
 facet normal -3.173197e-19  4.976115e-01  8.674000e-01
   outer loop
     vertex -1.792000e+01 -8.594679e+00  2.977210e+00
     vertex -1.792000e+01 -8.693630e+00  3.033977e+00
     vertex -6.240000e+00 -8.693630e+00  3.033977e+00
   endloop
 endfacet
 facet normal -1.680638e-19  4.539905e-01  8.910065e-01
   outer loop
     vertex  6.240000e+00 -8.493035e+00  2.925420e+00
     vertex  6.240000e+00 -8.594679e+00  2.977210e+00
     vertex  1.792000e+01 -8.594679e+00  2.977210e+00
   endloop
 endfacet
 facet normal -0.000000e+00  4.539905e-01  8.910065e-01
   outer loop
     vertex  6.240000e+00 -8.493035e+00  2.925420e+00
     vertex  1.792000e+01 -8.594679e+00  2.977210e+00
     vertex  1.792000e+01 -8.493035e+00  2.925420e+00
   endloop
 endfacet
 facet normal -0.000000e+00  4.539905e-01  8.910065e-01
   outer loop
     vertex -1.792000e+01 -8.493035e+00  2.925420e+00
     vertex -6.240000e+00 -8.594679e+00  2.977210e+00
     vertex -6.240000e+00 -8.493035e+00  2.925420e+00
   endloop
 endfacet
 facet normal -1.680638e-19  4.539905e-01  8.910065e-01
   outer loop
     vertex -1.792000e+01 -8.493035e+00  2.925420e+00
     vertex -1.792000e+01 -8.594679e+00  2.977210e+00
     vertex -6.240000e+00 -8.594679e+00  2.977210e+00
   endloop
 endfacet
 facet normal -2.542182e-19  4.092526e-01  9.124211e-01
   outer loop
     vertex  6.240000e+00 -8.388948e+00  2.878734e+00
     vertex  6.240000e+00 -8.493035e+00  2.925420e+00
     vertex  1.792000e+01 -8.493035e+00  2.925420e+00
   endloop
 endfacet
 facet normal -0.000000e+00  4.092526e-01  9.124211e-01
   outer loop
     vertex  6.240000e+00 -8.388948e+00  2.878734e+00
     vertex  1.792000e+01 -8.493035e+00  2.925420e+00
     vertex  1.792000e+01 -8.388948e+00  2.878734e+00
   endloop
 endfacet
 facet normal  2.806925e-20  3.635080e-01  9.315911e-01
   outer loop
     vertex  1.792000e+01 -8.282674e+00  2.837265e+00
     vertex  6.240000e+00 -8.388948e+00  2.878734e+00
     vertex  1.792000e+01 -8.388948e+00  2.878734e+00
   endloop
 endfacet
 facet normal -0.000000e+00  4.092526e-01  9.124211e-01
   outer loop
     vertex -1.792000e+01 -8.388948e+00  2.878734e+00
     vertex -6.240000e+00 -8.493035e+00  2.925420e+00
     vertex -6.240000e+00 -8.388948e+00  2.878734e+00
   endloop
 endfacet
 facet normal -2.542182e-19  4.092526e-01  9.124211e-01
   outer loop
     vertex -1.792000e+01 -8.388948e+00  2.878734e+00
     vertex -1.792000e+01 -8.493035e+00  2.925420e+00
     vertex -6.240000e+00 -8.493035e+00  2.925420e+00
   endloop
 endfacet
 facet normal -0.000000e+00  3.635080e-01  9.315911e-01
   outer loop
     vertex  6.240000e+00 -8.282674e+00  2.837265e+00
     vertex  6.240000e+00 -8.388948e+00  2.878734e+00
     vertex  1.792000e+01 -8.282674e+00  2.837265e+00
   endloop
 endfacet
 facet normal  2.806925e-20  3.635080e-01  9.315911e-01
   outer loop
     vertex -6.240000e+00 -8.282674e+00  2.837265e+00
     vertex -1.792000e+01 -8.388948e+00  2.878734e+00
     vertex -6.240000e+00 -8.388948e+00  2.878734e+00
   endloop
 endfacet
 facet normal -1.761187e-20  3.168691e-01  9.484693e-01
   outer loop
     vertex  1.792000e+01 -8.174475e+00  2.801118e+00
     vertex  6.240000e+00 -8.282674e+00  2.837265e+00
     vertex  1.792000e+01 -8.282674e+00  2.837265e+00
   endloop
 endfacet
 facet normal -0.000000e+00  3.635080e-01  9.315911e-01
   outer loop
     vertex -1.792000e+01 -8.282674e+00  2.837265e+00
     vertex -1.792000e+01 -8.388948e+00  2.878734e+00
     vertex -6.240000e+00 -8.282674e+00  2.837265e+00
   endloop
 endfacet
 facet normal -0.000000e+00  3.168691e-01  9.484693e-01
   outer loop
     vertex  6.240000e+00 -8.174475e+00  2.801118e+00
     vertex  6.240000e+00 -8.282674e+00  2.837265e+00
     vertex  1.792000e+01 -8.174475e+00  2.801118e+00
   endloop
 endfacet
 facet normal -1.761187e-20  3.168691e-01  9.484693e-01
   outer loop
     vertex -6.240000e+00 -8.174475e+00  2.801118e+00
     vertex -1.792000e+01 -8.282674e+00  2.837265e+00
     vertex -6.240000e+00 -8.282674e+00  2.837265e+00
   endloop
 endfacet
 facet normal -0.000000e+00  3.168691e-01  9.484693e-01
   outer loop
     vertex -1.792000e+01 -8.174475e+00  2.801118e+00
     vertex -1.792000e+01 -8.282674e+00  2.837265e+00
     vertex -6.240000e+00 -8.174475e+00  2.801118e+00
   endloop
 endfacet
 facet normal -5.863467e-20  2.694506e-01  9.630142e-01
   outer loop
     vertex  6.240000e+00 -8.064617e+00  2.770379e+00
     vertex  6.240000e+00 -8.174475e+00  2.801118e+00
     vertex  1.792000e+01 -8.174475e+00  2.801118e+00
   endloop
 endfacet
 facet normal -0.000000e+00  2.694506e-01  9.630142e-01
   outer loop
     vertex  6.240000e+00 -8.064617e+00  2.770379e+00
     vertex  1.792000e+01 -8.174475e+00  2.801118e+00
     vertex  1.792000e+01 -8.064617e+00  2.770379e+00
   endloop
 endfacet
 facet normal -4.787405e-20  2.213693e-01  9.751900e-01
   outer loop
     vertex  1.792000e+01 -7.953369e+00  2.745126e+00
     vertex  6.240000e+00 -8.064617e+00  2.770379e+00
     vertex  1.792000e+01 -8.064617e+00  2.770379e+00
   endloop
 endfacet
 facet normal -0.000000e+00  2.694506e-01  9.630142e-01
   outer loop
     vertex -1.792000e+01 -8.064617e+00  2.770379e+00
     vertex -6.240000e+00 -8.174475e+00  2.801118e+00
     vertex -6.240000e+00 -8.064617e+00  2.770379e+00
   endloop
 endfacet
 facet normal -5.863467e-20  2.694506e-01  9.630142e-01
   outer loop
     vertex -1.792000e+01 -8.064617e+00  2.770379e+00
     vertex -1.792000e+01 -8.174475e+00  2.801118e+00
     vertex -6.240000e+00 -8.174475e+00  2.801118e+00
   endloop
 endfacet
 facet normal -0.000000e+00  2.213693e-01  9.751900e-01
   outer loop
     vertex  6.240000e+00 -7.953369e+00  2.745126e+00
     vertex  6.240000e+00 -8.064617e+00  2.770379e+00
     vertex  1.792000e+01 -7.953369e+00  2.745126e+00
   endloop
 endfacet
 facet normal -4.787405e-20  2.213693e-01  9.751900e-01
   outer loop
     vertex -6.240000e+00 -7.953369e+00  2.745126e+00
     vertex -1.792000e+01 -8.064617e+00  2.770379e+00
     vertex -6.240000e+00 -8.064617e+00  2.770379e+00
   endloop
 endfacet
 facet normal -0.000000e+00  2.213693e-01  9.751900e-01
   outer loop
     vertex -1.792000e+01 -7.953369e+00  2.745126e+00
     vertex -1.792000e+01 -8.064617e+00  2.770379e+00
     vertex -6.240000e+00 -7.953369e+00  2.745126e+00
   endloop
 endfacet
 facet normal -1.342415e-19  1.727435e-01  9.849668e-01
   outer loop
     vertex  6.240000e+00 -7.841006e+00  2.725420e+00
     vertex  6.240000e+00 -7.953369e+00  2.745126e+00
     vertex  1.792000e+01 -7.953369e+00  2.745126e+00
   endloop
 endfacet
 facet normal -0.000000e+00  1.727435e-01  9.849668e-01
   outer loop
     vertex  6.240000e+00 -7.841006e+00  2.725420e+00
     vertex  1.792000e+01 -7.953369e+00  2.745126e+00
     vertex  1.792000e+01 -7.841006e+00  2.725420e+00
   endloop
 endfacet
 facet normal  5.496541e-20  1.236926e-01  9.923206e-01
   outer loop
     vertex  1.792000e+01 -7.727805e+00  2.711309e+00
     vertex  6.240000e+00 -7.841006e+00  2.725420e+00
     vertex  1.792000e+01 -7.841006e+00  2.725420e+00
   endloop
 endfacet
 facet normal -1.342415e-19  1.727435e-01  9.849668e-01
   outer loop
     vertex -1.792000e+01 -7.841006e+00  2.725420e+00
     vertex -1.792000e+01 -7.953369e+00  2.745126e+00
     vertex -6.240000e+00 -7.953369e+00  2.745126e+00
   endloop
 endfacet
 facet normal -0.000000e+00  1.727435e-01  9.849668e-01
   outer loop
     vertex -1.792000e+01 -7.841006e+00  2.725420e+00
     vertex -6.240000e+00 -7.953369e+00  2.745126e+00
     vertex -6.240000e+00 -7.841006e+00  2.725420e+00
   endloop
 endfacet
 facet normal -0.000000e+00  1.236926e-01  9.923206e-01
   outer loop
     vertex  6.240000e+00 -7.727805e+00  2.711309e+00
     vertex  6.240000e+00 -7.841006e+00  2.725420e+00
     vertex  1.792000e+01 -7.727805e+00  2.711309e+00
   endloop
 endfacet
 facet normal  5.496541e-20  1.236926e-01  9.923206e-01
   outer loop
     vertex -6.240000e+00 -7.727805e+00  2.711309e+00
     vertex -1.792000e+01 -7.841006e+00  2.725420e+00
     vertex -6.240000e+00 -7.841006e+00  2.725420e+00
   endloop
 endfacet
 facet normal -0.000000e+00  1.236926e-01  9.923206e-01
   outer loop
     vertex -1.792000e+01 -7.727805e+00  2.711309e+00
     vertex -1.792000e+01 -7.841006e+00  2.725420e+00
     vertex -6.240000e+00 -7.727805e+00  2.711309e+00
   endloop
 endfacet
 facet normal  1.316656e-20  7.433751e-02  9.972331e-01
   outer loop
     vertex  6.240000e+00 -7.614043e+00  2.702829e+00
     vertex  6.240000e+00 -7.727805e+00  2.711309e+00
     vertex  1.792000e+01 -7.727805e+00  2.711309e+00
   endloop
 endfacet
 facet normal -0.000000e+00  7.433751e-02  9.972331e-01
   outer loop
     vertex  6.240000e+00 -7.614043e+00  2.702829e+00
     vertex  1.792000e+01 -7.727805e+00  2.711309e+00
     vertex  1.792000e+01 -7.614043e+00  2.702829e+00
   endloop
 endfacet
 facet normal  1.316656e-20  7.433751e-02  9.972331e-01
   outer loop
     vertex -6.240000e+00 -7.614043e+00  2.702829e+00
     vertex -1.792000e+01 -7.727805e+00  2.711309e+00
     vertex -6.240000e+00 -7.727805e+00  2.711309e+00
   endloop
 endfacet
 facet normal -0.000000e+00  7.433751e-02  9.972331e-01
   outer loop
     vertex -1.792000e+01 -7.614043e+00  2.702829e+00
     vertex -1.792000e+01 -7.727805e+00  2.711309e+00
     vertex -6.240000e+00 -7.614043e+00  2.702829e+00
   endloop
 endfacet
 facet normal  2.723562e-21  2.479950e-02  9.996924e-01
   outer loop
     vertex  6.240000e+00 -7.500000e+00  2.700000e+00
     vertex  6.240000e+00 -7.614043e+00  2.702829e+00
     vertex  1.792000e+01 -7.614043e+00  2.702829e+00
   endloop
 endfacet
 facet normal -0.000000e+00  2.479950e-02  9.996924e-01
   outer loop
     vertex  6.240000e+00 -7.500000e+00  2.700000e+00
     vertex  1.792000e+01 -7.614043e+00  2.702829e+00
     vertex  1.792000e+01 -7.500000e+00  2.700000e+00
   endloop
 endfacet
 facet normal  8.253561e-21 -2.347399e-02  9.997244e-01
   outer loop
     vertex  3.000000e+01 -7.392049e+00  2.702535e+00
     vertex  6.240000e+00 -7.500000e+00  2.700000e+00
     vertex  1.792000e+01 -7.500000e+00  2.700000e+00
   endloop
 endfacet
 facet normal  7.980264e-21 -2.347399e-02  9.997244e-01
   outer loop
     vertex  3.000000e+01 -7.392049e+00  2.702535e+00
     vertex  1.792000e+01 -7.500000e+00  2.700000e+00
     vertex  3.000000e+01 -7.500000e+00  2.700000e+00
   endloop
 endfacet
 facet normal  2.723562e-21  2.479950e-02  9.996924e-01
   outer loop
     vertex -1.792000e+01 -7.500000e+00  2.700000e+00
     vertex -1.792000e+01 -7.614043e+00  2.702829e+00
     vertex -6.240000e+00 -7.614043e+00  2.702829e+00
   endloop
 endfacet
 facet normal -0.000000e+00  2.479950e-02  9.996924e-01
   outer loop
     vertex -1.792000e+01 -7.500000e+00  2.700000e+00
     vertex -6.240000e+00 -7.614043e+00  2.702829e+00
     vertex -6.240000e+00 -7.500000e+00  2.700000e+00
   endloop
 endfacet
 facet normal  0.000000e+00 -2.347399e-02  9.997244e-01
   outer loop
     vertex -3.000000e+01 -7.392049e+00  2.702535e+00
     vertex  6.240000e+00 -7.500000e+00  2.700000e+00
     vertex  3.000000e+01 -7.392049e+00  2.702535e+00
   endloop
 endfacet
 facet normal  8.253561e-21 -2.347399e-02  9.997244e-01
   outer loop
     vertex -3.000000e+01 -7.392049e+00  2.702535e+00
     vertex -1.792000e+01 -7.500000e+00  2.700000e+00
     vertex -6.240000e+00 -7.500000e+00  2.700000e+00
   endloop
 endfacet
 facet normal  7.724487e-21 -2.347399e-02  9.997244e-01
   outer loop
     vertex -3.000000e+01 -7.392049e+00  2.702535e+00
     vertex -6.240000e+00 -7.500000e+00  2.700000e+00
     vertex  6.240000e+00 -7.500000e+00  2.700000e+00
   endloop
 endfacet
 facet normal  7.980264e-21 -2.347399e-02  9.997244e-01
   outer loop
     vertex -3.000000e+01 -7.392049e+00  2.702535e+00
     vertex -3.000000e+01 -7.500000e+00  2.700000e+00
     vertex -1.792000e+01 -7.500000e+00  2.700000e+00
   endloop
 endfacet
 facet normal  2.861444e-21 -7.037022e-02  9.975209e-01
   outer loop
     vertex -3.000000e+01 -7.284337e+00  2.710133e+00
     vertex -3.000000e+01 -7.392049e+00  2.702535e+00
     vertex  3.000000e+01 -7.392049e+00  2.702535e+00
   endloop
 endfacet
 facet normal  0.000000e+00 -7.037022e-02  9.975209e-01
   outer loop
     vertex -3.000000e+01 -7.284337e+00  2.710133e+00
     vertex  3.000000e+01 -7.392049e+00  2.702535e+00
     vertex  3.000000e+01 -7.284337e+00  2.710133e+00
   endloop
 endfacet
 facet normal -1.121068e-20 -1.171113e-01  9.931188e-01
   outer loop
     vertex -3.000000e+01 -7.177099e+00  2.722779e+00
     vertex -3.000000e+01 -7.284337e+00  2.710133e+00
     vertex  3.000000e+01 -7.284337e+00  2.710133e+00
   endloop
 endfacet
 facet normal  0.000000e+00 -1.635944e-01  9.865277e-01
   outer loop
     vertex -3.000000e+01 -7.177099e+00  2.722779e+00
     vertex  3.000000e+01 -7.177099e+00  2.722779e+00
     vertex  3.000000e+01 -7.070574e+00  2.740444e+00
   endloop
 endfacet
 facet normal  0.000000e+00 -1.171113e-01  9.931188e-01
   outer loop
     vertex -3.000000e+01 -7.177099e+00  2.722779e+00
     vertex  3.000000e+01 -7.284337e+00  2.710133e+00
     vertex  3.000000e+01 -7.177099e+00  2.722779e+00
   endloop
 endfacet
 facet normal  0.000000e+00 -1.635944e-01  9.865277e-01
   outer loop
     vertex -3.000000e+01 -7.070574e+00  2.740444e+00
     vertex -3.000000e+01 -7.177099e+00  2.722779e+00
     vertex  3.000000e+01 -7.070574e+00  2.740444e+00
   endloop
 endfacet
 facet normal  0.000000e+00 -2.097168e-01  9.777622e-01
   outer loop
     vertex -3.000000e+01 -7.070574e+00  2.740444e+00
     vertex  3.000000e+01 -7.070574e+00  2.740444e+00
     vertex  3.000000e+01 -6.964995e+00  2.763089e+00
   endloop
 endfacet
 facet normal  0.000000e+00 -2.097168e-01  9.777622e-01
   outer loop
     vertex -3.000000e+01 -6.964995e+00  2.763089e+00
     vertex -3.000000e+01 -7.070574e+00  2.740444e+00
     vertex  3.000000e+01 -6.964995e+00  2.763089e+00
   endloop
 endfacet
 facet normal -6.590803e-21 -2.553770e-01  9.668416e-01
   outer loop
     vertex -3.000000e+01 -6.860595e+00  2.790665e+00
     vertex -3.000000e+01 -6.964995e+00  2.763089e+00
     vertex  3.000000e+01 -6.964995e+00  2.763089e+00
   endloop
 endfacet
 facet normal  0.000000e+00 -2.553770e-01  9.668416e-01
   outer loop
     vertex -3.000000e+01 -6.860595e+00  2.790665e+00
     vertex  3.000000e+01 -6.964995e+00  2.763089e+00
     vertex  3.000000e+01 -6.860595e+00  2.790665e+00
   endloop
 endfacet
 facet normal  0.000000e+00 -3.004743e-01  9.537899e-01
   outer loop
     vertex -3.000000e+01 -6.757604e+00  2.823110e+00
     vertex  3.000000e+01 -6.860595e+00  2.790665e+00
     vertex  3.000000e+01 -6.757604e+00  2.823110e+00
   endloop
 endfacet
 facet normal  2.869751e-20 -3.004743e-01  9.537899e-01
   outer loop
     vertex -3.000000e+01 -6.757604e+00  2.823110e+00
     vertex -3.000000e+01 -6.860595e+00  2.790665e+00
     vertex  3.000000e+01 -6.860595e+00  2.790665e+00
   endloop
 endfacet
 facet normal  0.000000e+00 -3.449093e-01  9.386360e-01
   outer loop
     vertex -3.000000e+01 -6.656250e+00  2.860354e+00
     vertex  3.000000e+01 -6.757604e+00  2.823110e+00
     vertex  3.000000e+01 -6.656250e+00  2.860354e+00
   endloop
 endfacet
 facet normal  2.639160e-20 -3.449093e-01  9.386360e-01
   outer loop
     vertex -3.000000e+01 -6.656250e+00  2.860354e+00
     vertex -3.000000e+01 -6.757604e+00  2.823110e+00
     vertex  3.000000e+01 -6.757604e+00  2.823110e+00
   endloop
 endfacet
 facet normal  0.000000e+00 -3.885841e-01  9.214133e-01
   outer loop
     vertex -3.000000e+01 -6.556756e+00  2.902313e+00
     vertex  3.000000e+01 -6.656250e+00  2.860354e+00
     vertex  3.000000e+01 -6.556756e+00  2.902313e+00
   endloop
 endfacet
 facet normal  2.426313e-21 -3.885841e-01  9.214133e-01
   outer loop
     vertex -3.000000e+01 -6.556756e+00  2.902313e+00
     vertex -3.000000e+01 -6.656250e+00  2.860354e+00
     vertex  3.000000e+01 -6.656250e+00  2.860354e+00
   endloop
 endfacet
 facet normal  0.000000e+00 -4.732699e-01  8.809175e-01
   outer loop
     vertex  1.792000e+01 -6.364218e+00  3.000000e+00
     vertex  3.000000e+01 -6.459340e+00  2.948896e+00
     vertex  3.000000e+01 -6.364218e+00  3.000000e+00
   endloop
 endfacet
 facet normal  0.000000e+00 -4.732699e-01  8.809175e-01
   outer loop
     vertex  6.240000e+00 -6.364218e+00  3.000000e+00
     vertex  3.000000e+01 -6.459340e+00  2.948896e+00
     vertex  1.792000e+01 -6.364218e+00  3.000000e+00
   endloop
 endfacet
 facet normal  0.000000e+00 -4.314024e-01  9.021596e-01
   outer loop
     vertex -3.000000e+01 -6.459340e+00  2.948896e+00
     vertex  3.000000e+01 -6.556756e+00  2.902313e+00
     vertex  3.000000e+01 -6.459340e+00  2.948896e+00
   endloop
 endfacet
 facet normal  3.934597e-20 -4.314024e-01  9.021596e-01
   outer loop
     vertex -3.000000e+01 -6.459340e+00  2.948896e+00
     vertex -3.000000e+01 -6.556756e+00  2.902313e+00
     vertex  3.000000e+01 -6.556756e+00  2.902313e+00
   endloop
 endfacet
 facet normal  2.633095e-20 -4.732699e-01  8.809175e-01
   outer loop
     vertex -6.240000e+00 -6.364218e+00  3.000000e+00
     vertex -3.000000e+01 -6.459340e+00  2.948896e+00
     vertex  3.000000e+01 -6.459340e+00  2.948896e+00
   endloop
 endfacet
 facet normal  0.000000e+00 -4.732699e-01  8.809175e-01
   outer loop
     vertex -6.240000e+00 -6.364218e+00  3.000000e+00
     vertex  3.000000e+01 -6.459340e+00  2.948896e+00
     vertex  6.240000e+00 -6.364218e+00  3.000000e+00
   endloop
 endfacet
 facet normal  0.000000e+00 -4.732699e-01  8.809175e-01
   outer loop
     vertex -1.792000e+01 -6.364218e+00  3.000000e+00
     vertex -3.000000e+01 -6.459340e+00  2.948896e+00
     vertex -6.240000e+00 -6.364218e+00  3.000000e+00
   endloop
 endfacet
 facet normal -1.262882e-19 -5.145107e-01  8.574839e-01
   outer loop
     vertex  6.240000e+00 -6.269712e+00  3.056706e+00
     vertex  6.240000e+00 -6.364218e+00  3.000000e+00
     vertex  1.792000e+01 -6.364218e+00  3.000000e+00
   endloop
 endfacet
 facet normal  0.000000e+00 -5.145107e-01  8.574839e-01
   outer loop
     vertex  6.240000e+00 -6.269712e+00  3.056706e+00
     vertex  1.792000e+01 -6.364218e+00  3.000000e+00
     vertex  1.792000e+01 -6.269712e+00  3.056706e+00
   endloop
 endfacet
 facet normal  0.000000e+00 -4.732699e-01  8.809175e-01
   outer loop
     vertex -3.000000e+01 -6.364218e+00  3.000000e+00
     vertex -3.000000e+01 -6.459340e+00  2.948896e+00
     vertex -1.792000e+01 -6.364218e+00  3.000000e+00
   endloop
 endfacet
 facet normal -1.262882e-19 -5.145107e-01  8.574839e-01
   outer loop
     vertex -6.240000e+00 -6.269712e+00  3.056706e+00
     vertex -1.792000e+01 -6.364218e+00  3.000000e+00
     vertex -6.240000e+00 -6.364218e+00  3.000000e+00
   endloop
 endfacet
 facet normal  0.000000e+00 -5.145107e-01  8.574839e-01
   outer loop
     vertex -1.792000e+01 -6.269712e+00  3.056706e+00
     vertex -1.792000e+01 -6.364218e+00  3.000000e+00
     vertex -6.240000e+00 -6.269712e+00  3.056706e+00
   endloop
 endfacet
 facet normal -1.072923e-19 -5.549981e-01  8.318516e-01
   outer loop
     vertex  6.240000e+00 -6.178030e+00  3.117875e+00
     vertex  6.240000e+00 -6.269712e+00  3.056706e+00
     vertex  1.792000e+01 -6.269712e+00  3.056706e+00
   endloop
 endfacet
 facet normal  0.000000e+00 -5.549981e-01  8.318516e-01
   outer loop
     vertex  6.240000e+00 -6.178030e+00  3.117875e+00
     vertex  1.792000e+01 -6.269712e+00  3.056706e+00
     vertex  1.792000e+01 -6.178030e+00  3.117875e+00
   endloop
 endfacet
 facet normal -1.072923e-19 -5.549981e-01  8.318516e-01
   outer loop
     vertex -1.792000e+01 -6.178030e+00  3.117875e+00
     vertex -1.792000e+01 -6.269712e+00  3.056706e+00
     vertex -6.240000e+00 -6.269712e+00  3.056706e+00
   endloop
 endfacet
 facet normal  0.000000e+00 -5.549981e-01  8.318516e-01
   outer loop
     vertex -1.792000e+01 -6.178030e+00  3.117875e+00
     vertex -6.240000e+00 -6.269712e+00  3.056706e+00
     vertex -6.240000e+00 -6.178030e+00  3.117875e+00
   endloop
 endfacet
 facet normal  0.000000e+00 -5.942110e-01  8.043092e-01
   outer loop
     vertex  6.240000e+00 -6.089384e+00  3.183365e+00
     vertex  1.792000e+01 -6.178030e+00  3.117875e+00
     vertex  1.792000e+01 -6.089384e+00  3.183365e+00
   endloop
 endfacet
 facet normal  2.734573e-19 -5.942110e-01  8.043092e-01
   outer loop
     vertex  6.240000e+00 -6.089384e+00  3.183365e+00
     vertex  6.240000e+00 -6.178030e+00  3.117875e+00
     vertex  1.792000e+01 -6.178030e+00  3.117875e+00
   endloop
 endfacet
 facet normal  2.734573e-19 -5.942110e-01  8.043092e-01
   outer loop
     vertex -1.792000e+01 -6.089384e+00  3.183365e+00
     vertex -1.792000e+01 -6.178030e+00  3.117875e+00
     vertex -6.240000e+00 -6.178030e+00  3.117875e+00
   endloop
 endfacet
 facet normal  0.000000e+00 -5.942110e-01  8.043092e-01
   outer loop
     vertex -1.792000e+01 -6.089384e+00  3.183365e+00
     vertex -6.240000e+00 -6.178030e+00  3.117875e+00
     vertex -6.240000e+00 -6.089384e+00  3.183365e+00
   endloop
 endfacet
 facet normal  0.000000e+00 -6.320595e-01  7.749198e-01
   outer loop
     vertex  6.240000e+00 -6.003977e+00  3.253027e+00
     vertex  1.792000e+01 -6.089384e+00  3.183365e+00
     vertex  1.792000e+01 -6.003977e+00  3.253027e+00
   endloop
 endfacet
 facet normal  2.826508e-19 -6.320595e-01  7.749198e-01
   outer loop
     vertex  6.240000e+00 -6.003977e+00  3.253027e+00
     vertex  6.240000e+00 -6.089384e+00  3.183365e+00
     vertex  1.792000e+01 -6.089384e+00  3.183365e+00
   endloop
 endfacet
 facet normal  2.826508e-19 -6.320595e-01  7.749198e-01
   outer loop
     vertex -6.240000e+00 -6.003977e+00  3.253027e+00
     vertex -1.792000e+01 -6.089384e+00  3.183365e+00
     vertex -6.240000e+00 -6.089384e+00  3.183365e+00
   endloop
 endfacet
 facet normal  0.000000e+00 -6.320595e-01  7.749198e-01
   outer loop
     vertex -1.792000e+01 -6.003977e+00  3.253027e+00
     vertex -1.792000e+01 -6.089384e+00  3.183365e+00
     vertex -6.240000e+00 -6.003977e+00  3.253027e+00
   endloop
 endfacet
 facet normal  0.000000e+00 -6.684566e-01  7.437511e-01
   outer loop
     vertex  6.240000e+00 -5.922005e+00  3.326700e+00
     vertex  1.792000e+01 -6.003977e+00  3.253027e+00
     vertex  1.792000e+01 -5.922005e+00  3.326700e+00
   endloop
 endfacet
 facet normal -9.361604e-20 -6.684566e-01  7.437511e-01
   outer loop
     vertex  6.240000e+00 -5.922005e+00  3.326700e+00
     vertex  6.240000e+00 -6.003977e+00  3.253027e+00
     vertex  1.792000e+01 -6.003977e+00  3.253027e+00
   endloop
 endfacet
 facet normal -9.361604e-20 -6.684566e-01  7.437511e-01
   outer loop
     vertex -6.240000e+00 -5.922005e+00  3.326700e+00
     vertex -1.792000e+01 -6.003977e+00  3.253027e+00
     vertex -6.240000e+00 -6.003977e+00  3.253027e+00
   endloop
 endfacet
 facet normal  0.000000e+00 -6.684566e-01  7.437511e-01
   outer loop
     vertex -1.792000e+01 -5.922005e+00  3.326700e+00
     vertex -1.792000e+01 -6.003977e+00  3.253027e+00
     vertex -6.240000e+00 -5.922005e+00  3.326700e+00
   endloop
 endfacet
 facet normal  0.000000e+00 -7.033188e-01  7.108745e-01
   outer loop
     vertex  6.240000e+00 -5.843657e+00  3.404216e+00
     vertex  1.792000e+01 -5.922005e+00  3.326700e+00
     vertex  1.792000e+01 -5.843657e+00  3.404216e+00
   endloop
 endfacet
 facet normal -2.999061e-19 -7.033188e-01  7.108745e-01
   outer loop
     vertex  6.240000e+00 -5.843657e+00  3.404216e+00
     vertex  6.240000e+00 -5.922005e+00  3.326700e+00
     vertex  1.792000e+01 -5.922005e+00  3.326700e+00
   endloop
 endfacet
 facet normal  0.000000e+00 -7.033188e-01  7.108745e-01
   outer loop
     vertex -1.792000e+01 -5.843657e+00  3.404216e+00
     vertex -6.240000e+00 -5.922005e+00  3.326700e+00
     vertex -6.240000e+00 -5.843657e+00  3.404216e+00
   endloop
 endfacet
 facet normal -2.999061e-19 -7.033188e-01  7.108745e-01
   outer loop
     vertex -1.792000e+01 -5.843657e+00  3.404216e+00
     vertex -1.792000e+01 -5.922005e+00  3.326700e+00
     vertex -6.240000e+00 -5.922005e+00  3.326700e+00
   endloop
 endfacet
 facet normal  0.000000e+00 -7.365660e-01  6.763656e-01
   outer loop
     vertex  6.240000e+00 -5.769112e+00  3.485396e+00
     vertex  1.792000e+01 -5.843657e+00  3.404216e+00
     vertex  1.792000e+01 -5.769112e+00  3.485396e+00
   endloop
 endfacet
 facet normal -3.321946e-19 -7.365660e-01  6.763656e-01
   outer loop
     vertex  6.240000e+00 -5.769112e+00  3.485396e+00
     vertex  6.240000e+00 -5.843657e+00  3.404216e+00
     vertex  1.792000e+01 -5.843657e+00  3.404216e+00
   endloop
 endfacet
 facet normal  0.000000e+00 -7.365660e-01  6.763656e-01
   outer loop
     vertex -1.792000e+01 -5.769112e+00  3.485396e+00
     vertex -6.240000e+00 -5.843657e+00  3.404216e+00
     vertex -6.240000e+00 -5.769112e+00  3.485396e+00
   endloop
 endfacet
 facet normal -3.321946e-19 -7.365660e-01  6.763656e-01
   outer loop
     vertex -1.792000e+01 -5.769112e+00  3.485396e+00
     vertex -1.792000e+01 -5.843657e+00  3.404216e+00
     vertex -6.240000e+00 -5.843657e+00  3.404216e+00
   endloop
 endfacet
 facet normal  0.000000e+00 -7.681219e-01  6.403036e-01
   outer loop
     vertex  6.240000e+00 -5.698542e+00  3.570053e+00
     vertex  1.792000e+01 -5.769112e+00  3.485396e+00
     vertex  1.792000e+01 -5.698542e+00  3.570053e+00
   endloop
 endfacet
 facet normal  2.283019e-19 -7.681219e-01  6.403036e-01
   outer loop
     vertex  6.240000e+00 -5.698542e+00  3.570053e+00
     vertex  6.240000e+00 -5.769112e+00  3.485396e+00
     vertex  1.792000e+01 -5.769112e+00  3.485396e+00
   endloop
 endfacet
 facet normal  0.000000e+00 -7.681219e-01  6.403036e-01
   outer loop
     vertex -1.792000e+01 -5.698542e+00  3.570053e+00
     vertex -6.240000e+00 -5.769112e+00  3.485396e+00
     vertex -6.240000e+00 -5.698542e+00  3.570053e+00
   endloop
 endfacet
 facet normal  2.283019e-19 -7.681219e-01  6.403036e-01
   outer loop
     vertex -1.792000e+01 -5.698542e+00  3.570053e+00
     vertex -1.792000e+01 -5.769112e+00  3.485396e+00
     vertex -6.240000e+00 -5.769112e+00  3.485396e+00
   endloop
 endfacet
 facet normal  0.000000e+00 -7.979140e-01  6.027714e-01
   outer loop
     vertex  6.240000e+00 -5.632108e+00  3.657994e+00
     vertex  1.792000e+01 -5.698542e+00  3.570053e+00
     vertex  1.792000e+01 -5.632108e+00  3.657994e+00
   endloop
 endfacet
 facet normal -6.032406e-20 -7.979140e-01  6.027714e-01
   outer loop
     vertex  6.240000e+00 -5.632108e+00  3.657994e+00
     vertex  6.240000e+00 -5.698542e+00  3.570053e+00
     vertex  1.792000e+01 -5.698542e+00  3.570053e+00
   endloop
 endfacet
 facet normal -6.032406e-20 -7.979140e-01  6.027714e-01
   outer loop
     vertex -6.240000e+00 -5.632108e+00  3.657994e+00
     vertex -1.792000e+01 -5.698542e+00  3.570053e+00
     vertex -6.240000e+00 -5.698542e+00  3.570053e+00
   endloop
 endfacet
 facet normal  0.000000e+00 -7.979140e-01  6.027714e-01
   outer loop
     vertex -1.792000e+01 -5.632108e+00  3.657994e+00
     vertex -1.792000e+01 -5.698542e+00  3.570053e+00
     vertex -6.240000e+00 -5.632108e+00  3.657994e+00
   endloop
 endfacet
 facet normal  0.000000e+00 -8.258738e-01  5.638550e-01
   outer loop
     vertex  6.240000e+00 -5.569963e+00  3.749017e+00
     vertex  1.792000e+01 -5.632108e+00  3.657994e+00
     vertex  1.792000e+01 -5.569963e+00  3.749017e+00
   endloop
 endfacet
 facet normal -1.007492e-19 -8.258738e-01  5.638550e-01
   outer loop
     vertex  6.240000e+00 -5.569963e+00  3.749017e+00
     vertex  6.240000e+00 -5.632108e+00  3.657994e+00
     vertex  1.792000e+01 -5.632108e+00  3.657994e+00
   endloop
 endfacet
 facet normal  0.000000e+00 -8.258738e-01  5.638550e-01
   outer loop
     vertex -1.792000e+01 -5.569963e+00  3.749017e+00
     vertex -6.240000e+00 -5.632108e+00  3.657994e+00
     vertex -6.240000e+00 -5.569963e+00  3.749017e+00
   endloop
 endfacet
 facet normal -1.007492e-19 -8.258738e-01  5.638550e-01
   outer loop
     vertex -1.792000e+01 -5.569963e+00  3.749017e+00
     vertex -1.792000e+01 -5.632108e+00  3.657994e+00
     vertex -6.240000e+00 -5.632108e+00  3.657994e+00
   endloop
 endfacet
 facet normal  0.000000e+00 -8.519373e-01  5.236438e-01
   outer loop
     vertex  6.240000e+00 -5.512250e+00  3.842913e+00
     vertex  1.792000e+01 -5.569963e+00  3.749017e+00
     vertex  1.792000e+01 -5.512250e+00  3.842913e+00
   endloop
 endfacet
 facet normal -7.157179e-21 -8.519373e-01  5.236438e-01
   outer loop
     vertex  6.240000e+00 -5.512250e+00  3.842913e+00
     vertex  6.240000e+00 -5.569963e+00  3.749017e+00
     vertex  1.792000e+01 -5.569963e+00  3.749017e+00
   endloop
 endfacet
 facet normal  1.146744e-19 -8.760445e-01  4.822302e-01
   outer loop
     vertex  1.792000e+01 -5.459102e+00  3.939465e+00
     vertex  6.240000e+00 -5.512250e+00  3.842913e+00
     vertex  1.792000e+01 -5.512250e+00  3.842913e+00
   endloop
 endfacet
 facet normal  0.000000e+00 -8.519373e-01  5.236438e-01
   outer loop
     vertex -1.792000e+01 -5.512250e+00  3.842913e+00
     vertex -6.240000e+00 -5.569963e+00  3.749017e+00
     vertex -6.240000e+00 -5.512250e+00  3.842913e+00
   endloop
 endfacet
 facet normal -7.157179e-21 -8.519373e-01  5.236438e-01
   outer loop
     vertex -1.792000e+01 -5.512250e+00  3.842913e+00
     vertex -1.792000e+01 -5.569963e+00  3.749017e+00
     vertex -6.240000e+00 -5.569963e+00  3.749017e+00
   endloop
 endfacet
 facet normal  0.000000e+00 -8.760445e-01  4.822302e-01
   outer loop
     vertex  6.240000e+00 -5.459102e+00  3.939465e+00
     vertex  6.240000e+00 -5.512250e+00  3.842913e+00
     vertex  1.792000e+01 -5.459102e+00  3.939465e+00
   endloop
 endfacet
 facet normal  1.146744e-19 -8.760445e-01  4.822302e-01
   outer loop
     vertex -6.240000e+00 -5.459102e+00  3.939465e+00
     vertex -1.792000e+01 -5.512250e+00  3.842913e+00
     vertex -6.240000e+00 -5.512250e+00  3.842913e+00
   endloop
 endfacet
 facet normal -2.560001e-19 -8.981401e-01  4.397094e-01
   outer loop
     vertex  1.792000e+01 -5.410640e+00  4.038453e+00
     vertex  6.240000e+00 -5.459102e+00  3.939465e+00
     vertex  1.792000e+01 -5.459102e+00  3.939465e+00
   endloop
 endfacet
 facet normal  0.000000e+00 -8.760445e-01  4.822302e-01
   outer loop
     vertex -1.792000e+01 -5.459102e+00  3.939465e+00
     vertex -1.792000e+01 -5.512250e+00  3.842913e+00
     vertex -6.240000e+00 -5.459102e+00  3.939465e+00
   endloop
 endfacet
 facet normal  0.000000e+00 -8.981401e-01  4.397094e-01
   outer loop
     vertex  6.240000e+00 -5.410640e+00  4.038453e+00
     vertex  6.240000e+00 -5.459102e+00  3.939465e+00
     vertex  1.792000e+01 -5.410640e+00  4.038453e+00
   endloop
 endfacet
 facet normal -2.560001e-19 -8.981401e-01  4.397094e-01
   outer loop
     vertex -1.792000e+01 -5.410640e+00  4.038453e+00
     vertex -1.792000e+01 -5.459102e+00  3.939465e+00
     vertex -6.240000e+00 -5.459102e+00  3.939465e+00
   endloop
 endfacet
 facet normal  0.000000e+00 -8.981401e-01  4.397094e-01
   outer loop
     vertex -1.792000e+01 -5.410640e+00  4.038453e+00
     vertex -6.240000e+00 -5.459102e+00  3.939465e+00
     vertex -6.240000e+00 -5.410640e+00  4.038453e+00
   endloop
 endfacet
 facet normal  0.000000e+00 -9.181734e-01  3.961788e-01
   outer loop
     vertex  6.240000e+00 -5.366975e+00  4.139648e+00
     vertex  1.792000e+01 -5.410640e+00  4.038453e+00
     vertex  1.792000e+01 -5.366975e+00  4.139648e+00
   endloop
 endfacet
 facet normal -1.055347e-19 -9.181734e-01  3.961788e-01
   outer loop
     vertex  6.240000e+00 -5.366975e+00  4.139648e+00
     vertex  6.240000e+00 -5.410640e+00  4.038453e+00
     vertex  1.792000e+01 -5.410640e+00  4.038453e+00
   endloop
 endfacet
 facet normal -1.055347e-19 -9.181734e-01  3.961788e-01
   outer loop
     vertex -1.792000e+01 -5.366975e+00  4.139648e+00
     vertex -1.792000e+01 -5.410640e+00  4.038453e+00
     vertex -6.240000e+00 -5.410640e+00  4.038453e+00
   endloop
 endfacet
 facet normal  0.000000e+00 -9.181734e-01  3.961788e-01
   outer loop
     vertex -1.792000e+01 -5.366975e+00  4.139648e+00
     vertex -6.240000e+00 -5.410640e+00  4.038453e+00
     vertex -6.240000e+00 -5.366975e+00  4.139648e+00
   endloop
 endfacet
 facet normal  0.000000e+00 -9.360983e-01  3.517385e-01
   outer loop
     vertex  6.240000e+00 -5.328209e+00  4.242819e+00
     vertex  1.792000e+01 -5.366975e+00  4.139648e+00
     vertex  1.792000e+01 -5.328209e+00  4.242819e+00
   endloop
 endfacet
 facet normal  1.857489e-20 -9.360983e-01  3.517385e-01
   outer loop
     vertex  6.240000e+00 -5.328209e+00  4.242819e+00
     vertex  6.240000e+00 -5.366975e+00  4.139648e+00
     vertex  1.792000e+01 -5.366975e+00  4.139648e+00
   endloop
 endfacet
 facet normal -6.342785e-20 -9.518737e-01  3.064906e-01
   outer loop
     vertex  1.792000e+01 -5.294429e+00  4.347729e+00
     vertex  6.240000e+00 -5.328209e+00  4.242819e+00
     vertex  1.792000e+01 -5.328209e+00  4.242819e+00
   endloop
 endfacet
 facet normal  1.857489e-20 -9.360983e-01  3.517385e-01
   outer loop
     vertex -1.792000e+01 -5.328209e+00  4.242819e+00
     vertex -1.792000e+01 -5.366975e+00  4.139648e+00
     vertex -6.240000e+00 -5.366975e+00  4.139648e+00
   endloop
 endfacet
 facet normal  0.000000e+00 -9.360983e-01  3.517385e-01
   outer loop
     vertex -1.792000e+01 -5.328209e+00  4.242819e+00
     vertex -6.240000e+00 -5.366975e+00  4.139648e+00
     vertex -6.240000e+00 -5.328209e+00  4.242819e+00
   endloop
 endfacet
 facet normal  0.000000e+00 -9.518737e-01  3.064906e-01
   outer loop
     vertex  6.240000e+00 -5.294429e+00  4.347729e+00
     vertex  6.240000e+00 -5.328209e+00  4.242819e+00
     vertex  1.792000e+01 -5.294429e+00  4.347729e+00
   endloop
 endfacet
 facet normal -6.342785e-20 -9.518737e-01  3.064906e-01
   outer loop
     vertex -6.240000e+00 -5.294429e+00  4.347729e+00
     vertex -1.792000e+01 -5.328209e+00  4.242819e+00
     vertex -6.240000e+00 -5.328209e+00  4.242819e+00
   endloop
 endfacet
 facet normal  0.000000e+00 -9.518737e-01  3.064906e-01
   outer loop
     vertex -1.792000e+01 -5.294429e+00  4.347729e+00
     vertex -1.792000e+01 -5.328209e+00  4.242819e+00
     vertex -6.240000e+00 -5.294429e+00  4.347729e+00
   endloop
 endfacet
 facet normal  1.789466e-21 -9.654634e-01  2.605389e-01
   outer loop
     vertex  6.240000e+00 -5.265714e+00  4.454136e+00
     vertex  6.240000e+00 -5.294429e+00  4.347729e+00
     vertex  1.792000e+01 -5.294429e+00  4.347729e+00
   endloop
 endfacet
 facet normal  0.000000e+00 -9.654634e-01  2.605389e-01
   outer loop
     vertex  6.240000e+00 -5.265714e+00  4.454136e+00
     vertex  1.792000e+01 -5.294429e+00  4.347729e+00
     vertex  1.792000e+01 -5.265714e+00  4.454136e+00
   endloop
 endfacet
 facet normal  0.000000e+00 -9.654634e-01  2.605389e-01
   outer loop
     vertex -1.792000e+01 -5.265714e+00  4.454136e+00
     vertex -6.240000e+00 -5.294429e+00  4.347729e+00
     vertex -6.240000e+00 -5.265714e+00  4.454136e+00
   endloop
 endfacet
 facet normal  1.789466e-21 -9.654634e-01  2.605389e-01
   outer loop
     vertex -1.792000e+01 -5.265714e+00  4.454136e+00
     vertex -1.792000e+01 -5.294429e+00  4.347729e+00
     vertex -6.240000e+00 -5.294429e+00  4.347729e+00
   endloop
 endfacet
 facet normal -4.793008e-20 -9.768361e-01  2.139889e-01
   outer loop
     vertex  6.240000e+00 -5.242130e+00  4.561797e+00
     vertex  6.240000e+00 -5.265714e+00  4.454136e+00
     vertex  1.792000e+01 -5.265714e+00  4.454136e+00
   endloop
 endfacet
 facet normal  0.000000e+00 -9.768361e-01  2.139889e-01
   outer loop
     vertex  6.240000e+00 -5.242130e+00  4.561797e+00
     vertex  1.792000e+01 -5.265714e+00  4.454136e+00
     vertex  1.792000e+01 -5.242130e+00  4.561797e+00
   endloop
 endfacet
 facet normal  0.000000e+00 -9.768361e-01  2.139889e-01
   outer loop
     vertex -1.792000e+01 -5.242130e+00  4.561797e+00
     vertex -6.240000e+00 -5.265714e+00  4.454136e+00
     vertex -6.240000e+00 -5.242130e+00  4.561797e+00
   endloop
 endfacet
 facet normal -4.793008e-20 -9.768361e-01  2.139889e-01
   outer loop
     vertex -1.792000e+01 -5.242130e+00  4.561797e+00
     vertex -1.792000e+01 -5.265714e+00  4.454136e+00
     vertex -6.240000e+00 -5.265714e+00  4.454136e+00
   endloop
 endfacet
 facet normal -9.439035e-20 -9.859658e-01  1.669475e-01
   outer loop
     vertex  6.240000e+00 -5.223730e+00  4.670465e+00
     vertex  6.240000e+00 -5.242130e+00  4.561797e+00
     vertex  1.792000e+01 -5.242130e+00  4.561797e+00
   endloop
 endfacet
 facet normal  0.000000e+00 -9.859658e-01  1.669475e-01
   outer loop
     vertex  6.240000e+00 -5.223730e+00  4.670465e+00
     vertex  1.792000e+01 -5.242130e+00  4.561797e+00
     vertex  1.792000e+01 -5.223730e+00  4.670465e+00
   endloop
 endfacet
 facet normal -6.192669e-20 -9.928315e-01  1.195228e-01
   outer loop
     vertex  1.792000e+01 -5.210557e+00  4.779888e+00
     vertex  6.240000e+00 -5.223730e+00  4.670465e+00
     vertex  1.792000e+01 -5.223730e+00  4.670465e+00
   endloop
 endfacet
 facet normal  0.000000e+00 -9.859658e-01  1.669475e-01
   outer loop
     vertex -1.792000e+01 -5.223730e+00  4.670465e+00
     vertex -6.240000e+00 -5.242130e+00  4.561797e+00
     vertex -6.240000e+00 -5.223730e+00  4.670465e+00
   endloop
 endfacet
 facet normal -9.439035e-20 -9.859658e-01  1.669475e-01
   outer loop
     vertex -1.792000e+01 -5.223730e+00  4.670465e+00
     vertex -1.792000e+01 -5.242130e+00  4.561797e+00
     vertex -6.240000e+00 -5.242130e+00  4.561797e+00
   endloop
 endfacet
 facet normal  0.000000e+00 -9.928315e-01  1.195228e-01
   outer loop
     vertex  6.240000e+00 -5.210557e+00  4.779888e+00
     vertex  6.240000e+00 -5.223730e+00  4.670465e+00
     vertex  1.792000e+01 -5.210557e+00  4.779888e+00
   endloop
 endfacet
 facet normal -6.192669e-20 -9.928315e-01  1.195228e-01
   outer loop
     vertex -6.240000e+00 -5.210557e+00  4.779888e+00
     vertex -1.792000e+01 -5.223730e+00  4.670465e+00
     vertex -6.240000e+00 -5.223730e+00  4.670465e+00
   endloop
 endfacet
 facet normal  0.000000e+00 -9.928315e-01  1.195228e-01
   outer loop
     vertex -1.792000e+01 -5.210557e+00  4.779888e+00
     vertex -1.792000e+01 -5.223730e+00  4.670465e+00
     vertex -6.240000e+00 -5.210557e+00  4.779888e+00
   endloop
 endfacet
 facet normal -1.843821e-20 -9.974173e-01  7.182364e-02
   outer loop
     vertex  6.240000e+00 -5.202641e+00  4.889818e+00
     vertex  6.240000e+00 -5.210557e+00  4.779888e+00
     vertex  1.792000e+01 -5.210557e+00  4.779888e+00
   endloop
 endfacet
 facet normal  0.000000e+00 -9.974173e-01  7.182364e-02
   outer loop
     vertex  6.240000e+00 -5.202641e+00  4.889818e+00
     vertex  1.792000e+01 -5.210557e+00  4.779888e+00
     vertex  1.792000e+01 -5.202641e+00  4.889818e+00
   endloop
 endfacet
 facet normal  0.000000e+00 -9.974173e-01  7.182364e-02
   outer loop
     vertex -1.792000e+01 -5.202641e+00  4.889818e+00
     vertex -6.240000e+00 -5.210557e+00  4.779888e+00
     vertex -6.240000e+00 -5.202641e+00  4.889818e+00
   endloop
 endfacet
 facet normal -1.843821e-20 -9.974173e-01  7.182364e-02
   outer loop
     vertex -1.792000e+01 -5.202641e+00  4.889818e+00
     vertex -1.792000e+01 -5.210557e+00  4.779888e+00
     vertex -6.240000e+00 -5.210557e+00  4.779888e+00
   endloop
 endfacet
 facet normal  1.499867e-20 -9.997129e-01  2.395955e-02
   outer loop
     vertex  6.240000e+00 -5.200000e+00  5.000000e+00
     vertex  6.240000e+00 -5.202641e+00  4.889818e+00
     vertex  1.792000e+01 -5.202641e+00  4.889818e+00
   endloop
 endfacet
 facet normal  0.000000e+00 -9.997129e-01  2.395955e-02
   outer loop
     vertex  6.240000e+00 -5.200000e+00  5.000000e+00
     vertex  1.792000e+01 -5.202641e+00  4.889818e+00
     vertex  1.792000e+01 -5.200000e+00  5.000000e+00
   endloop
 endfacet
 facet normal  0.000000e+00 -9.997129e-01  2.395955e-02
   outer loop
     vertex -1.792000e+01 -5.200000e+00  5.000000e+00
     vertex -6.240000e+00 -5.202641e+00  4.889818e+00
     vertex -6.240000e+00 -5.200000e+00  5.000000e+00
   endloop
 endfacet
 facet normal  1.499867e-20 -9.997129e-01  2.395955e-02
   outer loop
     vertex -1.792000e+01 -5.200000e+00  5.000000e+00
     vertex -1.792000e+01 -5.202641e+00  4.889818e+00
     vertex -6.240000e+00 -5.202641e+00  4.889818e+00
   endloop
 endfacet
 facet normal  0.000000e+00  1.288412e-16  1.000000e+00
   outer loop
     vertex -1.792000e+01 -2.917424e+00  3.000000e+00
     vertex -3.000000e+01 -6.364218e+00  3.000000e+00
     vertex -1.792000e+01 -6.364218e+00  3.000000e+00
   endloop
 endfacet
 facet normal  3.676235e-17  0.000000e+00  1.000000e+00
   outer loop
     vertex -3.000000e+01  1.250000e+01  3.000000e+00
     vertex -3.000000e+01 -6.364218e+00  3.000000e+00
     vertex -1.792000e+01 -2.917424e+00  3.000000e+00
   endloop
 endfacet
 facet normal  0.000000e+00 -2.880437e-17  1.000000e+00
   outer loop
     vertex -6.240000e+00 -2.917424e+00  3.000000e+00
     vertex -3.000000e+01  1.250000e+01  3.000000e+00
     vertex -1.792000e+01 -2.917424e+00  3.000000e+00
   endloop
 endfacet
 facet normal  0.000000e+00  1.288412e-16  1.000000e+00
   outer loop
     vertex  6.240000e+00 -6.364218e+00  3.000000e+00
     vertex -6.240000e+00 -2.917424e+00  3.000000e+00
     vertex -6.240000e+00 -6.364218e+00  3.000000e+00
   endloop
 endfacet
 facet normal  0.000000e+00  1.288412e-16  1.000000e+00
   outer loop
     vertex  6.240000e+00 -2.917424e+00  3.000000e+00
     vertex -6.240000e+00 -2.917424e+00  3.000000e+00
     vertex  6.240000e+00 -6.364218e+00  3.000000e+00
   endloop
 endfacet
 facet normal  0.000000e+00 -2.880437e-17  1.000000e+00
   outer loop
     vertex  6.240000e+00 -2.917424e+00  3.000000e+00
     vertex -3.000000e+01  1.250000e+01  3.000000e+00
     vertex -6.240000e+00 -2.917424e+00  3.000000e+00
   endloop
 endfacet
 facet normal  0.000000e+00  1.288412e-16  1.000000e+00
   outer loop
     vertex  3.000000e+01 -6.364218e+00  3.000000e+00
     vertex  1.792000e+01 -2.917424e+00  3.000000e+00
     vertex  1.792000e+01 -6.364218e+00  3.000000e+00
   endloop
 endfacet
 facet normal  0.000000e+00 -2.880437e-17  1.000000e+00
   outer loop
     vertex  3.000000e+01  1.250000e+01  3.000000e+00
     vertex  6.240000e+00 -2.917424e+00  3.000000e+00
     vertex  1.792000e+01 -2.917424e+00  3.000000e+00
   endloop
 endfacet
 facet normal -3.676235e-17  0.000000e+00  1.000000e+00
   outer loop
     vertex  3.000000e+01  1.250000e+01  3.000000e+00
     vertex  1.792000e+01 -2.917424e+00  3.000000e+00
     vertex  3.000000e+01 -6.364218e+00  3.000000e+00
   endloop
 endfacet
 facet normal  0.000000e+00 -2.880437e-17  1.000000e+00
   outer loop
     vertex  3.000000e+01  1.250000e+01  3.000000e+00
     vertex -3.000000e+01  1.250000e+01  3.000000e+00
     vertex  6.240000e+00 -2.917424e+00  3.000000e+00
   endloop
 endfacet
 facet normal  0.000000e+00  1.000000e+00  0.000000e+00
   outer loop
     vertex  3.000000e+01  1.250000e+01  3.000000e+00
     vertex  3.000000e+01  1.250000e+01  0.000000e+00
     vertex -3.000000e+01  1.250000e+01  0.000000e+00
   endloop
 endfacet
 facet normal  0.000000e+00  1.000000e+00  0.000000e+00
   outer loop
     vertex  3.000000e+01  1.250000e+01  3.000000e+00
     vertex -3.000000e+01  1.250000e+01  0.000000e+00
     vertex -3.000000e+01  1.250000e+01  3.000000e+00
   endloop
 endfacet
 facet normal  0.000000e+00  0.000000e+00 -1.000000e+00
   outer loop
     vertex -3.000000e+01  1.250000e+01  0.000000e+00
     vertex -1.792000e+01 -7.500000e+00  0.000000e+00
     vertex -3.000000e+01 -7.500000e+00  0.000000e+00
   endloop
 endfacet
 facet normal  0.000000e+00  0.000000e+00 -1.000000e+00
   outer loop
     vertex -6.240000e+00 -7.500000e+00  0.000000e+00
     vertex -1.792000e+01 -7.500000e+00  0.000000e+00
     vertex -3.000000e+01  1.250000e+01  0.000000e+00
   endloop
 endfacet
 facet normal  0.000000e+00  0.000000e+00 -1.000000e+00
   outer loop
     vertex  6.240000e+00 -7.500000e+00  0.000000e+00
     vertex -6.240000e+00 -7.500000e+00  0.000000e+00
     vertex -3.000000e+01  1.250000e+01  0.000000e+00
   endloop
 endfacet
 facet normal  0.000000e+00  0.000000e+00 -1.000000e+00
   outer loop
     vertex  3.000000e+01  1.250000e+01  0.000000e+00
     vertex  1.792000e+01 -7.500000e+00  0.000000e+00
     vertex  6.240000e+00 -7.500000e+00  0.000000e+00
   endloop
 endfacet
 facet normal  0.000000e+00 -0.000000e+00 -1.000000e+00
   outer loop
     vertex  3.000000e+01  1.250000e+01  0.000000e+00
     vertex  3.000000e+01 -7.500000e+00  0.000000e+00
     vertex  1.792000e+01 -7.500000e+00  0.000000e+00
   endloop
 endfacet
 facet normal -0.000000e+00  0.000000e+00 -1.000000e+00
   outer loop
     vertex  3.000000e+01  1.250000e+01  0.000000e+00
     vertex  6.240000e+00 -7.500000e+00  0.000000e+00
     vertex -3.000000e+01  1.250000e+01  0.000000e+00
   endloop
 endfacet
 facet normal -1.000000e+00  0.000000e+00  0.000000e+00
   outer loop
     vertex -1.792000e+01 -5.922005e+00  3.326700e+00
     vertex -1.792000e+01 -5.843657e+00  3.404216e+00
     vertex -1.792000e+01 -2.917424e+00  3.000000e+00
   endloop
 endfacet
 facet normal -1.000000e+00  0.000000e+00 -0.000000e+00
   outer loop
     vertex -1.792000e+01 -5.769112e+00  3.485396e+00
     vertex -1.792000e+01 -2.917424e+00  3.000000e+00
     vertex -1.792000e+01 -5.843657e+00  3.404216e+00
   endloop
 endfacet
 facet normal -1.000000e+00  0.000000e+00  0.000000e+00
   outer loop
     vertex -1.792000e+01 -6.003977e+00  3.253027e+00
     vertex -1.792000e+01 -5.922005e+00  3.326700e+00
     vertex -1.792000e+01 -2.917424e+00  3.000000e+00
   endloop
 endfacet
 facet normal -1.000000e+00  0.000000e+00 -0.000000e+00
   outer loop
     vertex -1.792000e+01 -5.698542e+00  3.570053e+00
     vertex -1.792000e+01 -2.917424e+00  3.000000e+00
     vertex -1.792000e+01 -5.769112e+00  3.485396e+00
   endloop
 endfacet
 facet normal -1.000000e+00  0.000000e+00  0.000000e+00
   outer loop
     vertex -1.792000e+01 -6.089384e+00  3.183365e+00
     vertex -1.792000e+01 -6.003977e+00  3.253027e+00
     vertex -1.792000e+01 -2.917424e+00  3.000000e+00
   endloop
 endfacet
 facet normal -1.000000e+00  0.000000e+00 -0.000000e+00
   outer loop
     vertex -1.792000e+01 -5.632108e+00  3.657994e+00
     vertex -1.792000e+01 -2.917424e+00  3.000000e+00
     vertex -1.792000e+01 -5.698542e+00  3.570053e+00
   endloop
 endfacet
 facet normal -1.000000e+00  0.000000e+00  0.000000e+00
   outer loop
     vertex -1.792000e+01 -6.178030e+00  3.117875e+00
     vertex -1.792000e+01 -6.089384e+00  3.183365e+00
     vertex -1.792000e+01 -2.917424e+00  3.000000e+00
   endloop
 endfacet
 facet normal -1.000000e+00  0.000000e+00 -0.000000e+00
   outer loop
     vertex -1.792000e+01 -5.569963e+00  3.749017e+00
     vertex -1.792000e+01 -2.917424e+00  3.000000e+00
     vertex -1.792000e+01 -5.632108e+00  3.657994e+00
   endloop
 endfacet
 facet normal -1.000000e+00  0.000000e+00  0.000000e+00
   outer loop
     vertex -1.792000e+01 -6.269712e+00  3.056706e+00
     vertex -1.792000e+01 -6.178030e+00  3.117875e+00
     vertex -1.792000e+01 -2.917424e+00  3.000000e+00
   endloop
 endfacet
 facet normal -1.000000e+00  0.000000e+00 -0.000000e+00
   outer loop
     vertex -1.792000e+01 -5.512250e+00  3.842913e+00
     vertex -1.792000e+01 -2.917424e+00  3.000000e+00
     vertex -1.792000e+01 -5.569963e+00  3.749017e+00
   endloop
 endfacet
 facet normal -1.000000e+00  0.000000e+00 -0.000000e+00
   outer loop
     vertex -1.792000e+01 -5.459102e+00  3.939465e+00
     vertex -1.792000e+01 -2.917424e+00  3.000000e+00
     vertex -1.792000e+01 -5.512250e+00  3.842913e+00
   endloop
 endfacet
 facet normal -1.000000e+00  0.000000e+00 -0.000000e+00
   outer loop
     vertex -1.792000e+01 -5.410640e+00  4.038453e+00
     vertex -1.792000e+01 -2.917424e+00  3.000000e+00
     vertex -1.792000e+01 -5.459102e+00  3.939465e+00
   endloop
 endfacet
 facet normal -1.000000e+00  0.000000e+00  0.000000e+00
   outer loop
     vertex -1.792000e+01 -5.366975e+00  4.139648e+00
     vertex -1.792000e+01 -2.823641e+00  3.230348e+00
     vertex -1.792000e+01 -2.917424e+00  3.000000e+00
   endloop
 endfacet
 facet normal -1.000000e+00  0.000000e+00 -0.000000e+00
   outer loop
     vertex -1.792000e+01 -5.366975e+00  4.139648e+00
     vertex -1.792000e+01 -2.917424e+00  3.000000e+00
     vertex -1.792000e+01 -5.410640e+00  4.038453e+00
   endloop
 endfacet
 facet normal -1.000000e+00  0.000000e+00  0.000000e+00
   outer loop
     vertex -1.792000e+01 -5.328209e+00  4.242819e+00
     vertex -1.792000e+01 -2.741428e+00  3.465075e+00
     vertex -1.792000e+01 -2.823641e+00  3.230348e+00
   endloop
 endfacet
 facet normal -1.000000e+00  0.000000e+00 -0.000000e+00
   outer loop
     vertex -1.792000e+01 -5.328209e+00  4.242819e+00
     vertex -1.792000e+01 -2.823641e+00  3.230348e+00
     vertex -1.792000e+01 -5.366975e+00  4.139648e+00
   endloop
 endfacet
 facet normal -1.000000e+00  0.000000e+00  0.000000e+00
   outer loop
     vertex -1.792000e+01 -5.294429e+00  4.347729e+00
     vertex -1.792000e+01 -2.670989e+00  3.703599e+00
     vertex -1.792000e+01 -2.741428e+00  3.465075e+00
   endloop
 endfacet
 facet normal -1.000000e+00  0.000000e+00 -0.000000e+00
   outer loop
     vertex -1.792000e+01 -5.294429e+00  4.347729e+00
     vertex -1.792000e+01 -2.741428e+00  3.465075e+00
     vertex -1.792000e+01 -5.328209e+00  4.242819e+00
   endloop
 endfacet
 facet normal -1.000000e+00  0.000000e+00  0.000000e+00
   outer loop
     vertex -1.792000e+01 -5.265714e+00  4.454136e+00
     vertex -1.792000e+01 -2.612498e+00  3.945331e+00
     vertex -1.792000e+01 -2.670989e+00  3.703599e+00
   endloop
 endfacet
 facet normal -1.000000e+00  0.000000e+00 -0.000000e+00
   outer loop
     vertex -1.792000e+01 -5.265714e+00  4.454136e+00
     vertex -1.792000e+01 -2.670989e+00  3.703599e+00
     vertex -1.792000e+01 -5.294429e+00  4.347729e+00
   endloop
 endfacet
 facet normal -1.000000e+00  0.000000e+00  0.000000e+00
   outer loop
     vertex -1.792000e+01 -5.242130e+00  4.561797e+00
     vertex -1.792000e+01 -2.566100e+00  4.189672e+00
     vertex -1.792000e+01 -2.612498e+00  3.945331e+00
   endloop
 endfacet
 facet normal -1.000000e+00  0.000000e+00 -0.000000e+00
   outer loop
     vertex -1.792000e+01 -5.242130e+00  4.561797e+00
     vertex -1.792000e+01 -2.612498e+00  3.945331e+00
     vertex -1.792000e+01 -5.265714e+00  4.454136e+00
   endloop
 endfacet
 facet normal -1.000000e+00  0.000000e+00  0.000000e+00
   outer loop
     vertex -1.792000e+01 -5.223730e+00  4.670465e+00
     vertex -1.792000e+01 -2.531909e+00  4.436018e+00
     vertex -1.792000e+01 -2.566100e+00  4.189672e+00
   endloop
 endfacet
 facet normal -1.000000e+00  0.000000e+00 -0.000000e+00
   outer loop
     vertex -1.792000e+01 -5.223730e+00  4.670465e+00
     vertex -1.792000e+01 -2.566100e+00  4.189672e+00
     vertex -1.792000e+01 -5.242130e+00  4.561797e+00
   endloop
 endfacet
 facet normal -1.000000e+00  0.000000e+00  0.000000e+00
   outer loop
     vertex -1.792000e+01 -5.210557e+00  4.779888e+00
     vertex -1.792000e+01 -2.510011e+00  4.683760e+00
     vertex -1.792000e+01 -2.531909e+00  4.436018e+00
   endloop
 endfacet
 facet normal -1.000000e+00  0.000000e+00 -0.000000e+00
   outer loop
     vertex -1.792000e+01 -5.210557e+00  4.779888e+00
     vertex -1.792000e+01 -2.531909e+00  4.436018e+00
     vertex -1.792000e+01 -5.223730e+00  4.670465e+00
   endloop
 endfacet
 facet normal -1.000000e+00  0.000000e+00 -0.000000e+00
   outer loop
     vertex -1.792000e+01 -5.202641e+00  4.889818e+00
     vertex -1.792000e+01 -2.510011e+00  4.683760e+00
     vertex -1.792000e+01 -5.210557e+00  4.779888e+00
   endloop
 endfacet
 facet normal -1.000000e+00  0.000000e+00  0.000000e+00
   outer loop
     vertex -1.792000e+01 -5.202641e+00  4.889818e+00
     vertex -1.792000e+01 -2.500459e+00  4.932284e+00
     vertex -1.792000e+01 -2.510011e+00  4.683760e+00
   endloop
 endfacet
 facet normal -1.000000e+00  0.000000e+00  0.000000e+00
   outer loop
     vertex -1.792000e+01 -5.200000e+00  5.000000e+00
     vertex -1.792000e+01 -2.503276e+00  5.180976e+00
     vertex -1.792000e+01 -2.500459e+00  4.932284e+00
   endloop
 endfacet
 facet normal -1.000000e+00  0.000000e+00 -0.000000e+00
   outer loop
     vertex -1.792000e+01 -5.200000e+00  5.000000e+00
     vertex -1.792000e+01 -2.500459e+00  4.932284e+00
     vertex -1.792000e+01 -5.202641e+00  4.889818e+00
   endloop
 endfacet
 facet normal -1.000000e+00  0.000000e+00  0.000000e+00
   outer loop
     vertex -1.792000e+01 -5.202829e+00  5.114043e+00
     vertex -1.792000e+01 -2.503276e+00  5.180976e+00
     vertex -1.792000e+01 -5.200000e+00  5.000000e+00
   endloop
 endfacet
 facet normal -1.000000e+00  0.000000e+00  0.000000e+00
   outer loop
     vertex -1.792000e+01 -5.202829e+00  5.114043e+00
     vertex -1.792000e+01 -2.518457e+00  5.429220e+00
     vertex -1.792000e+01 -2.503276e+00  5.180976e+00
   endloop
 endfacet
 facet normal -1.000000e+00  0.000000e+00 -0.000000e+00
   outer loop
     vertex -1.792000e+01 -7.614043e+00  2.702829e+00
     vertex -1.792000e+01 -7.500000e+00  0.000000e+00
     vertex -1.792000e+01 -7.748631e+00  6.185549e-03
   endloop
 endfacet
 facet normal -1.000000e+00  0.000000e+00  0.000000e+00
   outer loop
     vertex -1.792000e+01 -7.614043e+00  2.702829e+00
     vertex -1.792000e+01 -7.500000e+00  2.700000e+00
     vertex -1.792000e+01 -7.500000e+00  0.000000e+00
   endloop
 endfacet
 facet normal -1.000000e+00  0.000000e+00  0.000000e+00
   outer loop
     vertex -1.792000e+01 -5.211309e+00  5.227805e+00
     vertex -1.792000e+01 -2.545963e+00  5.676402e+00
     vertex -1.792000e+01 -2.518457e+00  5.429220e+00
   endloop
 endfacet
 facet normal -1.000000e+00  0.000000e+00  0.000000e+00
   outer loop
     vertex -1.792000e+01 -5.211309e+00  5.227805e+00
     vertex -1.792000e+01 -2.518457e+00  5.429220e+00
     vertex -1.792000e+01 -5.202829e+00  5.114043e+00
   endloop
 endfacet
 facet normal -1.000000e+00  0.000000e+00  0.000000e+00
   outer loop
     vertex -1.792000e+01 -7.727805e+00  2.711309e+00
     vertex -1.792000e+01 -7.748631e+00  6.185549e-03
     vertex -1.792000e+01 -7.996646e+00  2.472689e-02
   endloop
 endfacet
 facet normal -1.000000e+00  0.000000e+00 -0.000000e+00
   outer loop
     vertex -1.792000e+01 -7.727805e+00  2.711309e+00
     vertex -1.792000e+01 -7.614043e+00  2.702829e+00
     vertex -1.792000e+01 -7.748631e+00  6.185549e-03
   endloop
 endfacet
 facet normal -1.000000e+00  0.000000e+00  0.000000e+00
   outer loop
     vertex -1.792000e+01 -5.225420e+00  5.341006e+00
     vertex -1.792000e+01 -2.585727e+00  5.921910e+00
     vertex -1.792000e+01 -2.545963e+00  5.676402e+00
   endloop
 endfacet
 facet normal -1.000000e+00  0.000000e+00  0.000000e+00
   outer loop
     vertex -1.792000e+01 -5.225420e+00  5.341006e+00
     vertex -1.792000e+01 -2.545963e+00  5.676402e+00
     vertex -1.792000e+01 -5.211309e+00  5.227805e+00
   endloop
 endfacet
 facet normal -1.000000e+00  0.000000e+00  0.000000e+00
   outer loop
     vertex -1.792000e+01 -7.841006e+00  2.725420e+00
     vertex -1.792000e+01 -7.996646e+00  2.472689e-02
     vertex -1.792000e+01 -8.243433e+00  5.557816e-02
   endloop
 endfacet
 facet normal -1.000000e+00  0.000000e+00 -0.000000e+00
   outer loop
     vertex -1.792000e+01 -7.841006e+00  2.725420e+00
     vertex -1.792000e+01 -7.727805e+00  2.711309e+00
     vertex -1.792000e+01 -7.996646e+00  2.472689e-02
   endloop
 endfacet
 facet normal -1.000000e+00  0.000000e+00  0.000000e+00
   outer loop
     vertex -1.792000e+01 -5.245126e+00  5.453369e+00
     vertex -1.792000e+01 -2.637649e+00  6.165137e+00
     vertex -1.792000e+01 -2.585727e+00  5.921910e+00
   endloop
 endfacet
 facet normal -1.000000e+00  0.000000e+00  0.000000e+00
   outer loop
     vertex -1.792000e+01 -5.245126e+00  5.453369e+00
     vertex -1.792000e+01 -2.585727e+00  5.921910e+00
     vertex -1.792000e+01 -5.225420e+00  5.341006e+00
   endloop
 endfacet
 facet normal -1.000000e+00  0.000000e+00  0.000000e+00
   outer loop
     vertex -1.792000e+01 -7.953369e+00  2.745126e+00
     vertex -1.792000e+01 -8.243433e+00  5.557816e-02
     vertex -1.792000e+01 -8.488380e+00  9.866300e-02
   endloop
 endfacet
 facet normal -1.000000e+00  0.000000e+00 -0.000000e+00
   outer loop
     vertex -1.792000e+01 -7.953369e+00  2.745126e+00
     vertex -1.792000e+01 -7.841006e+00  2.725420e+00
     vertex -1.792000e+01 -8.243433e+00  5.557816e-02
   endloop
 endfacet
 facet normal -1.000000e+00  0.000000e+00  0.000000e+00
   outer loop
     vertex -1.792000e+01 -5.270379e+00  5.564617e+00
     vertex -1.792000e+01 -2.701602e+00  6.405482e+00
     vertex -1.792000e+01 -2.637649e+00  6.165137e+00
   endloop
 endfacet
 facet normal -1.000000e+00  0.000000e+00  0.000000e+00
   outer loop
     vertex -1.792000e+01 -5.270379e+00  5.564617e+00
     vertex -1.792000e+01 -2.637649e+00  6.165137e+00
     vertex -1.792000e+01 -5.245126e+00  5.453369e+00
   endloop
 endfacet
 facet normal -1.000000e+00  0.000000e+00  0.000000e+00
   outer loop
     vertex -1.792000e+01 -8.064617e+00  2.770379e+00
     vertex -1.792000e+01 -8.488380e+00  9.866300e-02
     vertex -1.792000e+01 -8.730882e+00  1.538748e-01
   endloop
 endfacet
 facet normal -1.000000e+00  0.000000e+00 -0.000000e+00
   outer loop
     vertex -1.792000e+01 -8.064617e+00  2.770379e+00
     vertex -1.792000e+01 -7.953369e+00  2.745126e+00
     vertex -1.792000e+01 -8.488380e+00  9.866300e-02
   endloop
 endfacet
 facet normal -1.000000e+00  0.000000e+00  0.000000e+00
   outer loop
     vertex -1.792000e+01 -5.301118e+00  5.674475e+00
     vertex -1.792000e+01 -2.777428e+00  6.642349e+00
     vertex -1.792000e+01 -2.701602e+00  6.405482e+00
   endloop
 endfacet
 facet normal -1.000000e+00  0.000000e+00  0.000000e+00
   outer loop
     vertex -1.792000e+01 -5.301118e+00  5.674475e+00
     vertex -1.792000e+01 -2.701602e+00  6.405482e+00
     vertex -1.792000e+01 -5.270379e+00  5.564617e+00
   endloop
 endfacet
 facet normal -1.000000e+00  0.000000e+00  0.000000e+00
   outer loop
     vertex -1.792000e+01 -8.174475e+00  2.801118e+00
     vertex -1.792000e+01 -8.730882e+00  1.538748e-01
     vertex -1.792000e+01 -8.970339e+00  2.210770e-01
   endloop
 endfacet
 facet normal -1.000000e+00  0.000000e+00 -0.000000e+00
   outer loop
     vertex -1.792000e+01 -8.174475e+00  2.801118e+00
     vertex -1.792000e+01 -8.064617e+00  2.770379e+00
     vertex -1.792000e+01 -8.730882e+00  1.538748e-01
   endloop
 endfacet
 facet normal -1.000000e+00  0.000000e+00  0.000000e+00
   outer loop
     vertex -1.792000e+01 -5.337265e+00  5.782674e+00
     vertex -1.792000e+01 -2.864938e+00  6.875153e+00
     vertex -1.792000e+01 -2.777428e+00  6.642349e+00
   endloop
 endfacet
 facet normal -1.000000e+00  0.000000e+00  0.000000e+00
   outer loop
     vertex -1.792000e+01 -5.337265e+00  5.782674e+00
     vertex -1.792000e+01 -2.777428e+00  6.642349e+00
     vertex -1.792000e+01 -5.301118e+00  5.674475e+00
   endloop
 endfacet
 facet normal -1.000000e+00  0.000000e+00 -0.000000e+00
   outer loop
     vertex -1.792000e+01 -8.282674e+00  2.837265e+00
     vertex -1.792000e+01 -8.174475e+00  2.801118e+00
     vertex -1.792000e+01 -8.970339e+00  2.210770e-01
   endloop
 endfacet
 facet normal -1.000000e+00  0.000000e+00  0.000000e+00
   outer loop
     vertex -1.792000e+01 -8.282674e+00  2.837265e+00
     vertex -1.792000e+01 -8.970339e+00  2.210770e-01
     vertex -1.792000e+01 -9.206157e+00  3.001034e-01
   endloop
 endfacet
 facet normal -1.000000e+00  0.000000e+00  0.000000e+00
   outer loop
     vertex -1.792000e+01 -5.378734e+00  5.888948e+00
     vertex -1.792000e+01 -2.963916e+00  7.103317e+00
     vertex -1.792000e+01 -2.864938e+00  6.875153e+00
   endloop
 endfacet
 facet normal -1.000000e+00  0.000000e+00  0.000000e+00
   outer loop
     vertex -1.792000e+01 -5.378734e+00  5.888948e+00
     vertex -1.792000e+01 -2.864938e+00  6.875153e+00
     vertex -1.792000e+01 -5.337265e+00  5.782674e+00
   endloop
 endfacet
 facet normal -1.000000e+00  0.000000e+00  0.000000e+00
   outer loop
     vertex -1.792000e+01 -8.388948e+00  2.878734e+00
     vertex -1.792000e+01 -9.206157e+00  3.001034e-01
     vertex -1.792000e+01 -9.437754e+00  3.907583e-01
   endloop
 endfacet
 facet normal -1.000000e+00  0.000000e+00 -0.000000e+00
   outer loop
     vertex -1.792000e+01 -8.388948e+00  2.878734e+00
     vertex -1.792000e+01 -8.282674e+00  2.837265e+00
     vertex -1.792000e+01 -9.206157e+00  3.001034e-01
   endloop
 endfacet
 facet normal -1.000000e+00  0.000000e+00  0.000000e+00
   outer loop
     vertex -1.792000e+01 -5.425420e+00  5.993035e+00
     vertex -1.792000e+01 -3.074117e+00  7.326277e+00
     vertex -1.792000e+01 -2.963916e+00  7.103317e+00
   endloop
 endfacet
 facet normal -1.000000e+00  0.000000e+00  0.000000e+00
   outer loop
     vertex -1.792000e+01 -5.425420e+00  5.993035e+00
     vertex -1.792000e+01 -2.963916e+00  7.103317e+00
     vertex -1.792000e+01 -5.378734e+00  5.888948e+00
   endloop
 endfacet
 facet normal -1.000000e+00  0.000000e+00  0.000000e+00
   outer loop
     vertex -1.792000e+01 -8.493035e+00  2.925420e+00
     vertex -1.792000e+01 -9.437754e+00  3.907583e-01
     vertex -1.792000e+01 -9.664557e+00  4.928174e-01
   endloop
 endfacet
 facet normal -1.000000e+00  0.000000e+00 -0.000000e+00
   outer loop
     vertex -1.792000e+01 -8.493035e+00  2.925420e+00
     vertex -1.792000e+01 -8.388948e+00  2.878734e+00
     vertex -1.792000e+01 -9.437754e+00  3.907583e-01
   endloop
 endfacet
 facet normal -1.000000e+00  0.000000e+00  0.000000e+00
   outer loop
     vertex -1.792000e+01 -5.477210e+00  6.094679e+00
     vertex -1.792000e+01 -3.195269e+00  7.543481e+00
     vertex -1.792000e+01 -3.074117e+00  7.326277e+00
   endloop
 endfacet
 facet normal -1.000000e+00  0.000000e+00  0.000000e+00
   outer loop
     vertex -1.792000e+01 -5.477210e+00  6.094679e+00
     vertex -1.792000e+01 -3.074117e+00  7.326277e+00
     vertex -1.792000e+01 -5.425420e+00  5.993035e+00
   endloop
 endfacet
 facet normal -1.000000e+00  0.000000e+00  0.000000e+00
   outer loop
     vertex -1.792000e+01 -8.594679e+00  2.977210e+00
     vertex -1.792000e+01 -9.664557e+00  4.928174e-01
     vertex -1.792000e+01 -9.886004e+00  6.060284e-01
   endloop
 endfacet
 facet normal -1.000000e+00  0.000000e+00 -0.000000e+00
   outer loop
     vertex -1.792000e+01 -8.594679e+00  2.977210e+00
     vertex -1.792000e+01 -8.493035e+00  2.925420e+00
     vertex -1.792000e+01 -9.664557e+00  4.928174e-01
   endloop
 endfacet
 facet normal -1.000000e+00  0.000000e+00  0.000000e+00
   outer loop
     vertex -1.792000e+01 -5.533977e+00  6.193630e+00
     vertex -1.792000e+01 -3.327072e+00  7.754392e+00
     vertex -1.792000e+01 -3.195269e+00  7.543481e+00
   endloop
 endfacet
 facet normal -1.000000e+00  0.000000e+00  0.000000e+00
   outer loop
     vertex -1.792000e+01 -5.533977e+00  6.193630e+00
     vertex -1.792000e+01 -3.195269e+00  7.543481e+00
     vertex -1.792000e+01 -5.477210e+00  6.094679e+00
   endloop
 endfacet
 facet normal -1.000000e+00  0.000000e+00  0.000000e+00
   outer loop
     vertex -1.792000e+01 -8.693630e+00  3.033977e+00
     vertex -1.792000e+01 -9.886004e+00  6.060284e-01
     vertex -1.792000e+01 -1.010155e+01  7.301109e-01
   endloop
 endfacet
 facet normal -1.000000e+00  0.000000e+00 -0.000000e+00
   outer loop
     vertex -1.792000e+01 -8.693630e+00  3.033977e+00
     vertex -1.792000e+01 -8.594679e+00  2.977210e+00
     vertex -1.792000e+01 -9.886004e+00  6.060284e-01
   endloop
 endfacet
 facet normal -1.000000e+00  0.000000e+00  0.000000e+00
   outer loop
     vertex -1.792000e+01 -5.595580e+00  6.289645e+00
     vertex -1.792000e+01 -3.469200e+00  7.958488e+00
     vertex -1.792000e+01 -3.327072e+00  7.754392e+00
   endloop
 endfacet
 facet normal -1.000000e+00  0.000000e+00  0.000000e+00
   outer loop
     vertex -1.792000e+01 -5.595580e+00  6.289645e+00
     vertex -1.792000e+01 -3.327072e+00  7.754392e+00
     vertex -1.792000e+01 -5.533977e+00  6.193630e+00
   endloop
 endfacet
 facet normal -1.000000e+00  0.000000e+00  0.000000e+00
   outer loop
     vertex -1.792000e+01 -8.789645e+00  3.095580e+00
     vertex -1.792000e+01 -1.010155e+01  7.301109e-01
     vertex -1.792000e+01 -1.031065e+01  8.647582e-01
   endloop
 endfacet
 facet normal -1.000000e+00  0.000000e+00 -0.000000e+00
   outer loop
     vertex -1.792000e+01 -8.789645e+00  3.095580e+00
     vertex -1.792000e+01 -8.693630e+00  3.033977e+00
     vertex -1.792000e+01 -1.010155e+01  7.301109e-01
   endloop
 endfacet
 facet normal -1.000000e+00  0.000000e+00  0.000000e+00
   outer loop
     vertex -1.792000e+01 -5.661868e+00  6.382487e+00
     vertex -1.792000e+01 -3.621301e+00  8.155264e+00
     vertex -1.792000e+01 -3.469200e+00  7.958488e+00
   endloop
 endfacet
 facet normal -1.000000e+00  0.000000e+00  0.000000e+00
   outer loop
     vertex -1.792000e+01 -5.661868e+00  6.382487e+00
     vertex -1.792000e+01 -3.469200e+00  7.958488e+00
     vertex -1.792000e+01 -5.595580e+00  6.289645e+00
   endloop
 endfacet
 facet normal -1.000000e+00  0.000000e+00  0.000000e+00
   outer loop
     vertex -1.792000e+01 -8.882487e+00  3.161868e+00
     vertex -1.792000e+01 -1.031065e+01  8.647582e-01
     vertex -1.792000e+01 -1.051281e+01  1.009637e+00
   endloop
 endfacet
 facet normal -1.000000e+00  0.000000e+00 -0.000000e+00
   outer loop
     vertex -1.792000e+01 -8.882487e+00  3.161868e+00
     vertex -1.792000e+01 -8.789645e+00  3.095580e+00
     vertex -1.792000e+01 -1.031065e+01  8.647582e-01
   endloop
 endfacet
 facet normal -1.000000e+00  0.000000e+00  0.000000e+00
   outer loop
     vertex -1.792000e+01 -5.732677e+00  6.471928e+00
     vertex -1.792000e+01 -3.782998e+00  8.344233e+00
     vertex -1.792000e+01 -3.621301e+00  8.155264e+00
   endloop
 endfacet
 facet normal -1.000000e+00  0.000000e+00  0.000000e+00
   outer loop
     vertex -1.792000e+01 -5.732677e+00  6.471928e+00
     vertex -1.792000e+01 -3.621301e+00  8.155264e+00
     vertex -1.792000e+01 -5.661868e+00  6.382487e+00
   endloop
 endfacet
 facet normal -1.000000e+00  0.000000e+00  0.000000e+00
   outer loop
     vertex -1.792000e+01 -8.971928e+00  3.232677e+00
     vertex -1.792000e+01 -1.051281e+01  1.009637e+00
     vertex -1.792000e+01 -1.070750e+01  1.164389e+00
   endloop
 endfacet
 facet normal -1.000000e+00  0.000000e+00 -0.000000e+00
   outer loop
     vertex -1.792000e+01 -8.971928e+00  3.232677e+00
     vertex -1.792000e+01 -8.882487e+00  3.161868e+00
     vertex -1.792000e+01 -1.051281e+01  1.009637e+00
   endloop
 endfacet
 facet normal -1.000000e+00  0.000000e+00  0.000000e+00
   outer loop
     vertex -1.792000e+01 -5.807835e+00  6.557748e+00
     vertex -1.792000e+01 -3.782998e+00  8.344233e+00
     vertex -1.792000e+01 -5.732677e+00  6.471928e+00
   endloop
 endfacet
 facet normal -1.000000e+00  0.000000e+00  0.000000e+00
   outer loop
     vertex -1.792000e+01 -9.057748e+00  3.307835e+00
     vertex -1.792000e+01 -1.070750e+01  1.164389e+00
     vertex -1.792000e+01 -1.089427e+01  1.328631e+00
   endloop
 endfacet
 facet normal -1.000000e+00  0.000000e+00 -0.000000e+00
   outer loop
     vertex -1.792000e+01 -9.057748e+00  3.307835e+00
     vertex -1.792000e+01 -8.971928e+00  3.232677e+00
     vertex -1.792000e+01 -1.070750e+01  1.164389e+00
   endloop
 endfacet
 facet normal -1.000000e+00  0.000000e+00 -0.000000e+00
   outer loop
     vertex -1.792000e+01 -3.953892e+00  8.524928e+00
     vertex -1.792000e+01 -3.782998e+00  8.344233e+00
     vertex -1.792000e+01 -5.807835e+00  6.557748e+00
   endloop
 endfacet
 facet normal -1.000000e+00  0.000000e+00  0.000000e+00
   outer loop
     vertex -1.792000e+01 -5.887155e+00  6.639735e+00
     vertex -1.792000e+01 -3.953892e+00  8.524928e+00
     vertex -1.792000e+01 -5.807835e+00  6.557748e+00
   endloop
 endfacet
 facet normal -1.000000e+00  0.000000e+00 -0.000000e+00
   outer loop
     vertex -1.792000e+01 -9.139735e+00  3.387155e+00
     vertex -1.792000e+01 -9.057748e+00  3.307835e+00
     vertex -1.792000e+01 -1.089427e+01  1.328631e+00
   endloop
 endfacet
 facet normal -1.000000e+00  0.000000e+00  0.000000e+00
   outer loop
     vertex -1.792000e+01 -1.107263e+01  1.501956e+00
     vertex -1.792000e+01 -9.139735e+00  3.387155e+00
     vertex -1.792000e+01 -1.089427e+01  1.328631e+00
   endloop
 endfacet
 facet normal -1.000000e+00  0.000000e+00 -0.000000e+00
   outer loop
     vertex -1.792000e+01 -9.217689e+00  3.470443e+00
     vertex -1.792000e+01 -9.139735e+00  3.387155e+00
     vertex -1.792000e+01 -1.107263e+01  1.501956e+00
   endloop
 endfacet
 facet normal -1.000000e+00  0.000000e+00  0.000000e+00
   outer loop
     vertex -1.792000e+01 -4.133560e+00  8.696902e+00
     vertex -1.792000e+01 -5.887155e+00  6.639735e+00
     vertex -1.792000e+01 -5.970443e+00  6.717689e+00
   endloop
 endfacet
 facet normal -1.000000e+00  0.000000e+00 -0.000000e+00
   outer loop
     vertex -1.792000e+01 -4.133560e+00  8.696902e+00
     vertex -1.792000e+01 -3.953892e+00  8.524928e+00
     vertex -1.792000e+01 -5.887155e+00  6.639735e+00
   endloop
 endfacet
 facet normal -1.000000e+00  0.000000e+00  0.000000e+00
   outer loop
     vertex -1.792000e+01 -1.124216e+01  1.683937e+00
     vertex -1.792000e+01 -9.217689e+00  3.470443e+00
     vertex -1.792000e+01 -1.107263e+01  1.501956e+00
   endloop
 endfacet
 facet normal -1.000000e+00  0.000000e+00  0.000000e+00
   outer loop
     vertex -1.792000e+01 -1.124216e+01  1.683937e+00
     vertex -1.792000e+01 -9.291418e+00  3.557494e+00
     vertex -1.792000e+01 -9.217689e+00  3.470443e+00
   endloop
 endfacet
 facet normal -1.000000e+00  0.000000e+00  0.000000e+00
   outer loop
     vertex -1.792000e+01 -4.321558e+00  8.859729e+00
     vertex -1.792000e+01 -5.970443e+00  6.717689e+00
     vertex -1.792000e+01 -6.057494e+00  6.791418e+00
   endloop
 endfacet
 facet normal -1.000000e+00  0.000000e+00 -0.000000e+00
   outer loop
     vertex -1.792000e+01 -4.321558e+00  8.859729e+00
     vertex -1.792000e+01 -4.133560e+00  8.696902e+00
     vertex -1.792000e+01 -5.970443e+00  6.717689e+00
   endloop
 endfacet
 facet normal -1.000000e+00  0.000000e+00  0.000000e+00
   outer loop
     vertex -1.792000e+01 -1.140242e+01  1.874122e+00
     vertex -1.792000e+01 -9.291418e+00  3.557494e+00
     vertex -1.792000e+01 -1.124216e+01  1.683937e+00
   endloop
 endfacet
 facet normal -1.000000e+00  0.000000e+00  0.000000e+00
   outer loop
     vertex -1.792000e+01 -1.140242e+01  1.874122e+00
     vertex -1.792000e+01 -9.360739e+00  3.648094e+00
     vertex -1.792000e+01 -9.291418e+00  3.557494e+00
   endloop
 endfacet
 facet normal -1.000000e+00  0.000000e+00  0.000000e+00
   outer loop
     vertex -1.792000e+01 -4.517419e+00  9.013005e+00
     vertex -1.792000e+01 -6.057494e+00  6.791418e+00
     vertex -1.792000e+01 -6.148094e+00  6.860739e+00
   endloop
 endfacet
 facet normal -1.000000e+00  0.000000e+00 -0.000000e+00
   outer loop
     vertex -1.792000e+01 -4.517419e+00  9.013005e+00
     vertex -1.792000e+01 -4.321558e+00  8.859729e+00
     vertex -1.792000e+01 -6.057494e+00  6.791418e+00
   endloop
 endfacet
 facet normal -1.000000e+00  0.000000e+00  0.000000e+00
   outer loop
     vertex -1.792000e+01 -1.155303e+01  2.072041e+00
     vertex -1.792000e+01 -9.360739e+00  3.648094e+00
     vertex -1.792000e+01 -1.140242e+01  1.874122e+00
   endloop
 endfacet
 facet normal -1.000000e+00  0.000000e+00  0.000000e+00
   outer loop
     vertex -1.792000e+01 -1.155303e+01  2.072041e+00
     vertex -1.792000e+01 -9.425483e+00  3.742019e+00
     vertex -1.792000e+01 -9.360739e+00  3.648094e+00
   endloop
 endfacet
 facet normal -1.000000e+00  0.000000e+00  0.000000e+00
   outer loop
     vertex -1.792000e+01 -4.720660e+00  9.156353e+00
     vertex -1.792000e+01 -6.148094e+00  6.860739e+00
     vertex -1.792000e+01 -6.242019e+00  6.925483e+00
   endloop
 endfacet
 facet normal -1.000000e+00  0.000000e+00 -0.000000e+00
   outer loop
     vertex -1.792000e+01 -4.720660e+00  9.156353e+00
     vertex -1.792000e+01 -4.517419e+00  9.013005e+00
     vertex -1.792000e+01 -6.148094e+00  6.860739e+00
   endloop
 endfacet
 facet normal -1.000000e+00  0.000000e+00  0.000000e+00
   outer loop
     vertex -1.792000e+01 -1.169361e+01  2.277205e+00
     vertex -1.792000e+01 -9.425483e+00  3.742019e+00
     vertex -1.792000e+01 -1.155303e+01  2.072041e+00
   endloop
 endfacet
 facet normal -1.000000e+00  0.000000e+00  0.000000e+00
   outer loop
     vertex -1.792000e+01 -1.169361e+01  2.277205e+00
     vertex -1.792000e+01 -9.485490e+00  3.839039e+00
     vertex -1.792000e+01 -9.425483e+00  3.742019e+00
   endloop
 endfacet
 facet normal -1.000000e+00  0.000000e+00  0.000000e+00
   outer loop
     vertex -1.792000e+01 -4.930778e+00  9.289417e+00
     vertex -1.792000e+01 -6.242019e+00  6.925483e+00
     vertex -1.792000e+01 -6.339039e+00  6.985490e+00
   endloop
 endfacet
 facet normal -1.000000e+00  0.000000e+00 -0.000000e+00
   outer loop
     vertex -1.792000e+01 -4.930778e+00  9.289417e+00
     vertex -1.792000e+01 -4.720660e+00  9.156353e+00
     vertex -1.792000e+01 -6.242019e+00  6.925483e+00
   endloop
 endfacet
 facet normal -1.000000e+00  0.000000e+00  0.000000e+00
   outer loop
     vertex -1.792000e+01 -1.182382e+01  2.489106e+00
     vertex -1.792000e+01 -9.540612e+00  3.938915e+00
     vertex -1.792000e+01 -9.485490e+00  3.839039e+00
   endloop
 endfacet
 facet normal -1.000000e+00  0.000000e+00  0.000000e+00
   outer loop
     vertex -1.792000e+01 -1.182382e+01  2.489106e+00
     vertex -1.792000e+01 -9.485490e+00  3.839039e+00
     vertex -1.792000e+01 -1.169361e+01  2.277205e+00
   endloop
 endfacet
 facet normal -1.000000e+00  0.000000e+00 -0.000000e+00
   outer loop
     vertex -1.792000e+01 -5.147253e+00  9.411868e+00
     vertex -1.792000e+01 -4.930778e+00  9.289417e+00
     vertex -1.792000e+01 -6.339039e+00  6.985490e+00
   endloop
 endfacet
 facet normal -1.000000e+00  0.000000e+00  0.000000e+00
   outer loop
     vertex -1.792000e+01 -5.147253e+00  9.411868e+00
     vertex -1.792000e+01 -6.339039e+00  6.985490e+00
     vertex -1.792000e+01 -6.438915e+00  7.040612e+00
   endloop
 endfacet
 facet normal -1.000000e+00  0.000000e+00  0.000000e+00
   outer loop
     vertex -1.792000e+01 -1.194333e+01  2.707219e+00
     vertex -1.792000e+01 -9.590715e+00  4.041402e+00
     vertex -1.792000e+01 -9.540612e+00  3.938915e+00
   endloop
 endfacet
 facet normal -1.000000e+00  0.000000e+00  0.000000e+00
   outer loop
     vertex -1.792000e+01 -1.194333e+01  2.707219e+00
     vertex -1.792000e+01 -9.540612e+00  3.938915e+00
     vertex -1.792000e+01 -1.182382e+01  2.489106e+00
   endloop
 endfacet
 facet normal -1.000000e+00  0.000000e+00 -0.000000e+00
   outer loop
     vertex -1.792000e+01 -5.369548e+00  9.523403e+00
     vertex -1.792000e+01 -5.147253e+00  9.411868e+00
     vertex -1.792000e+01 -6.438915e+00  7.040612e+00
   endloop
 endfacet
 facet normal -1.000000e+00  0.000000e+00  0.000000e+00
   outer loop
     vertex -1.792000e+01 -5.369548e+00  9.523403e+00
     vertex -1.792000e+01 -6.438915e+00  7.040612e+00
     vertex -1.792000e+01 -6.541402e+00  7.090715e+00
   endloop
 endfacet
 facet normal -1.000000e+00  0.000000e+00  0.000000e+00
   outer loop
     vertex -1.792000e+01 -1.205184e+01  2.931005e+00
     vertex -1.792000e+01 -9.635674e+00  4.146246e+00
     vertex -1.792000e+01 -9.590715e+00  4.041402e+00
   endloop
 endfacet
 facet normal -1.000000e+00  0.000000e+00  0.000000e+00
   outer loop
     vertex -1.792000e+01 -1.205184e+01  2.931005e+00
     vertex -1.792000e+01 -9.590715e+00  4.041402e+00
     vertex -1.792000e+01 -1.194333e+01  2.707219e+00
   endloop
 endfacet
 facet normal -1.000000e+00  0.000000e+00 -0.000000e+00
   outer loop
     vertex -1.792000e+01 -5.597115e+00  9.623746e+00
     vertex -1.792000e+01 -5.369548e+00  9.523403e+00
     vertex -1.792000e+01 -6.541402e+00  7.090715e+00
   endloop
 endfacet
 facet normal -1.000000e+00  0.000000e+00  0.000000e+00
   outer loop
     vertex -1.792000e+01 -5.597115e+00  9.623746e+00
     vertex -1.792000e+01 -6.541402e+00  7.090715e+00
     vertex -1.792000e+01 -6.646246e+00  7.135674e+00
   endloop
 endfacet
 facet normal -1.000000e+00  0.000000e+00  0.000000e+00
   outer loop
     vertex -1.792000e+01 -1.214909e+01  3.159910e+00
     vertex -1.792000e+01 -9.635674e+00  4.146246e+00
     vertex -1.792000e+01 -1.205184e+01  2.931005e+00
   endloop
 endfacet
 facet normal -1.000000e+00  0.000000e+00  0.000000e+00
   outer loop
     vertex -1.792000e+01 -1.214909e+01  3.159910e+00
     vertex -1.792000e+01 -9.675380e+00  4.253191e+00
     vertex -1.792000e+01 -9.635674e+00  4.146246e+00
   endloop
 endfacet
 facet normal -1.000000e+00  0.000000e+00 -0.000000e+00
   outer loop
     vertex -1.792000e+01 -5.829390e+00  9.712649e+00
     vertex -1.792000e+01 -5.597115e+00  9.623746e+00
     vertex -1.792000e+01 -6.646246e+00  7.135674e+00
   endloop
 endfacet
 facet normal -1.000000e+00  0.000000e+00  0.000000e+00
   outer loop
     vertex -1.792000e+01 -5.829390e+00  9.712649e+00
     vertex -1.792000e+01 -6.646246e+00  7.135674e+00
     vertex -1.792000e+01 -6.753191e+00  7.175380e+00
   endloop
 endfacet
 facet normal -1.000000e+00  0.000000e+00  0.000000e+00
   outer loop
     vertex -1.792000e+01 -1.223484e+01  3.393368e+00
     vertex -1.792000e+01 -9.709733e+00  4.361973e+00
     vertex -1.792000e+01 -9.675380e+00  4.253191e+00
   endloop
 endfacet
 facet normal -1.000000e+00  0.000000e+00  0.000000e+00
   outer loop
     vertex -1.792000e+01 -1.223484e+01  3.393368e+00
     vertex -1.792000e+01 -9.675380e+00  4.253191e+00
     vertex -1.792000e+01 -1.214909e+01  3.159910e+00
   endloop
 endfacet
 facet normal -1.000000e+00  0.000000e+00 -0.000000e+00
   outer loop
     vertex -1.792000e+01 -6.065799e+00  9.789892e+00
     vertex -1.792000e+01 -5.829390e+00  9.712649e+00
     vertex -1.792000e+01 -6.753191e+00  7.175380e+00
   endloop
 endfacet
 facet normal -1.000000e+00  0.000000e+00  0.000000e+00
   outer loop
     vertex -1.792000e+01 -6.065799e+00  9.789892e+00
     vertex -1.792000e+01 -6.753191e+00  7.175380e+00
     vertex -1.792000e+01 -6.861973e+00  7.209733e+00
   endloop
 endfacet
 facet normal -1.000000e+00  0.000000e+00  0.000000e+00
   outer loop
     vertex -1.792000e+01 -1.230888e+01  3.630801e+00
     vertex -1.792000e+01 -9.709733e+00  4.361973e+00
     vertex -1.792000e+01 -1.223484e+01  3.393368e+00
   endloop
 endfacet
 facet normal -1.000000e+00  0.000000e+00  0.000000e+00
   outer loop
     vertex -1.792000e+01 -1.230888e+01  3.630801e+00
     vertex -1.792000e+01 -9.738651e+00  4.472325e+00
     vertex -1.792000e+01 -9.709733e+00  4.361973e+00
   endloop
 endfacet
 facet normal -1.000000e+00  0.000000e+00 -0.000000e+00
   outer loop
     vertex -1.792000e+01 -6.305756e+00  9.855284e+00
     vertex -1.792000e+01 -6.065799e+00  9.789892e+00
     vertex -1.792000e+01 -6.861973e+00  7.209733e+00
   endloop
 endfacet
 facet normal -1.000000e+00  0.000000e+00  0.000000e+00
   outer loop
     vertex -1.792000e+01 -6.305756e+00  9.855284e+00
     vertex -1.792000e+01 -6.861973e+00  7.209733e+00
     vertex -1.792000e+01 -6.972325e+00  7.238651e+00
   endloop
 endfacet
 facet normal -1.000000e+00  0.000000e+00  0.000000e+00
   outer loop
     vertex -1.792000e+01 -1.237101e+01  3.871622e+00
     vertex -1.792000e+01 -9.738651e+00  4.472325e+00
     vertex -1.792000e+01 -1.230888e+01  3.630801e+00
   endloop
 endfacet
 facet normal -1.000000e+00  0.000000e+00  0.000000e+00
   outer loop
     vertex -1.792000e+01 -1.237101e+01  3.871622e+00
     vertex -1.792000e+01 -9.762062e+00  4.583975e+00
     vertex -1.792000e+01 -9.738651e+00  4.472325e+00
   endloop
 endfacet
 facet normal -1.000000e+00  0.000000e+00 -0.000000e+00
   outer loop
     vertex -1.792000e+01 -6.548668e+00  9.908663e+00
     vertex -1.792000e+01 -6.305756e+00  9.855284e+00
     vertex -1.792000e+01 -6.972325e+00  7.238651e+00
   endloop
 endfacet
 facet normal -1.000000e+00  0.000000e+00  0.000000e+00
   outer loop
     vertex -1.792000e+01 -6.548668e+00  9.908663e+00
     vertex -1.792000e+01 -6.972325e+00  7.238651e+00
     vertex -1.792000e+01 -7.083975e+00  7.262062e+00
   endloop
 endfacet
 facet normal -1.000000e+00  0.000000e+00  0.000000e+00
   outer loop
     vertex -1.792000e+01 -1.242110e+01  4.115234e+00
     vertex -1.792000e+01 -9.779907e+00  4.696648e+00
     vertex -1.792000e+01 -9.762062e+00  4.583975e+00
   endloop
 endfacet
 facet normal -1.000000e+00  0.000000e+00  0.000000e+00
   outer loop
     vertex -1.792000e+01 -1.242110e+01  4.115234e+00
     vertex -1.792000e+01 -9.762062e+00  4.583975e+00
     vertex -1.792000e+01 -1.237101e+01  3.871622e+00
   endloop
 endfacet
 facet normal -1.000000e+00  0.000000e+00 -0.000000e+00
   outer loop
     vertex -1.792000e+01 -6.793934e+00  9.949896e+00
     vertex -1.792000e+01 -6.548668e+00  9.908663e+00
     vertex -1.792000e+01 -7.083975e+00  7.262062e+00
   endloop
 endfacet
 facet normal -1.000000e+00  0.000000e+00  0.000000e+00
   outer loop
     vertex -1.792000e+01 -6.793934e+00  9.949896e+00
     vertex -1.792000e+01 -7.083975e+00  7.262062e+00
     vertex -1.792000e+01 -7.196648e+00  7.279907e+00
   endloop
 endfacet
 facet normal -1.000000e+00  0.000000e+00  0.000000e+00
   outer loop
     vertex -1.792000e+01 -1.245900e+01  4.361036e+00
     vertex -1.792000e+01 -9.792144e+00  4.810068e+00
     vertex -1.792000e+01 -9.779907e+00  4.696648e+00
   endloop
 endfacet
 facet normal -1.000000e+00  0.000000e+00  0.000000e+00
   outer loop
     vertex -1.792000e+01 -1.245900e+01  4.361036e+00
     vertex -1.792000e+01 -9.779907e+00  4.696648e+00
     vertex -1.792000e+01 -1.242110e+01  4.115234e+00
   endloop
 endfacet
 facet normal -1.000000e+00  0.000000e+00 -0.000000e+00
   outer loop
     vertex -1.792000e+01 -7.040947e+00  9.978882e+00
     vertex -1.792000e+01 -6.793934e+00  9.949896e+00
     vertex -1.792000e+01 -7.196648e+00  7.279907e+00
   endloop
 endfacet
 facet normal -1.000000e+00  0.000000e+00  0.000000e+00
   outer loop
     vertex -1.792000e+01 -7.040947e+00  9.978882e+00
     vertex -1.792000e+01 -7.196648e+00  7.279907e+00
     vertex -1.792000e+01 -7.310068e+00  7.292144e+00
   endloop
 endfacet
 facet normal -1.000000e+00  0.000000e+00  0.000000e+00
   outer loop
     vertex -1.792000e+01 -1.248464e+01  4.608419e+00
     vertex -1.792000e+01 -9.798742e+00  4.923954e+00
     vertex -1.792000e+01 -9.792144e+00  4.810068e+00
   endloop
 endfacet
 facet normal -1.000000e+00  0.000000e+00  0.000000e+00
   outer loop
     vertex -1.792000e+01 -1.248464e+01  4.608419e+00
     vertex -1.792000e+01 -9.792144e+00  4.810068e+00
     vertex -1.792000e+01 -1.245900e+01  4.361036e+00
   endloop
 endfacet
 facet normal -1.000000e+00  0.000000e+00  0.000000e+00
   outer loop
     vertex -1.792000e+01 -7.289095e+00  9.995550e+00
     vertex -1.792000e+01 -7.310068e+00  7.292144e+00
     vertex -1.792000e+01 -7.423954e+00  7.298742e+00
   endloop
 endfacet
 facet normal -1.000000e+00  0.000000e+00 -0.000000e+00
   outer loop
     vertex -1.792000e+01 -7.289095e+00  9.995550e+00
     vertex -1.792000e+01 -7.040947e+00  9.978882e+00
     vertex -1.792000e+01 -7.310068e+00  7.292144e+00
   endloop
 endfacet
 facet normal -1.000000e+00  0.000000e+00  0.000000e+00
   outer loop
     vertex -1.792000e+01 -1.249795e+01  4.856770e+00
     vertex -1.792000e+01 -9.799686e+00  5.038028e+00
     vertex -1.792000e+01 -9.798742e+00  4.923954e+00
   endloop
 endfacet
 facet normal -1.000000e+00  0.000000e+00  0.000000e+00
   outer loop
     vertex -1.792000e+01 -1.249795e+01  4.856770e+00
     vertex -1.792000e+01 -9.798742e+00  4.923954e+00
     vertex -1.792000e+01 -1.248464e+01  4.608419e+00
   endloop
 endfacet
 facet normal -1.000000e+00  0.000000e+00 -0.000000e+00
   outer loop
     vertex -1.792000e+01 -7.537765e+00  9.999857e+00
     vertex -1.792000e+01 -7.423954e+00  7.298742e+00
     vertex -1.792000e+01 -7.538028e+00  7.299686e+00
   endloop
 endfacet
 facet normal -1.000000e+00  0.000000e+00  0.000000e+00
   outer loop
     vertex -1.792000e+01 -7.537765e+00  9.999857e+00
     vertex -1.792000e+01 -7.289095e+00  9.995550e+00
     vertex -1.792000e+01 -7.423954e+00  7.298742e+00
   endloop
 endfacet
 facet normal -1.000000e+00  0.000000e+00  0.000000e+00
   outer loop
     vertex -1.792000e+01 -1.249889e+01  5.105476e+00
     vertex -1.792000e+01 -9.794971e+00  5.152008e+00
     vertex -1.792000e+01 -9.799686e+00  5.038028e+00
   endloop
 endfacet
 facet normal -1.000000e+00  0.000000e+00  0.000000e+00
   outer loop
     vertex -1.792000e+01 -1.249889e+01  5.105476e+00
     vertex -1.792000e+01 -9.799686e+00  5.038028e+00
     vertex -1.792000e+01 -1.249795e+01  4.856770e+00
   endloop
 endfacet
 facet normal -1.000000e+00  0.000000e+00  0.000000e+00
   outer loop
     vertex -1.792000e+01 -7.786342e+00  9.991794e+00
     vertex -1.792000e+01 -7.537765e+00  9.999857e+00
     vertex -1.792000e+01 -7.538028e+00  7.299686e+00
   endloop
 endfacet
 facet normal -1.000000e+00  0.000000e+00  0.000000e+00
   outer loop
     vertex -1.792000e+01 -7.786342e+00  9.991794e+00
     vertex -1.792000e+01 -7.538028e+00  7.299686e+00
     vertex -1.792000e+01 -7.652008e+00  7.294971e+00
   endloop
 endfacet
 facet normal -1.000000e+00  0.000000e+00  0.000000e+00
   outer loop
     vertex -1.792000e+01 -1.248746e+01  5.353921e+00
     vertex -1.792000e+01 -9.784611e+00  5.265615e+00
     vertex -1.792000e+01 -9.794971e+00  5.152008e+00
   endloop
 endfacet
 facet normal -1.000000e+00  0.000000e+00 -0.000000e+00
   outer loop
     vertex -1.792000e+01 -1.248746e+01  5.353921e+00
     vertex -1.792000e+01 -9.794971e+00  5.152008e+00
     vertex -1.792000e+01 -1.249889e+01  5.105476e+00
   endloop
 endfacet
 facet normal -1.000000e+00  0.000000e+00  0.000000e+00
   outer loop
     vertex -1.792000e+01 -8.034211e+00  9.971380e+00
     vertex -1.792000e+01 -7.786342e+00  9.991794e+00
     vertex -1.792000e+01 -7.652008e+00  7.294971e+00
   endloop
 endfacet
 facet normal -1.000000e+00  0.000000e+00  0.000000e+00
   outer loop
     vertex -1.792000e+01 -8.034211e+00  9.971380e+00
     vertex -1.792000e+01 -7.652008e+00  7.294971e+00
     vertex -1.792000e+01 -7.765615e+00  7.284611e+00
   endloop
 endfacet
 facet normal -1.000000e+00  0.000000e+00  0.000000e+00
   outer loop
     vertex -1.792000e+01 -1.246369e+01  5.601490e+00
     vertex -1.792000e+01 -9.768631e+00  5.378568e+00
     vertex -1.792000e+01 -9.784611e+00  5.265615e+00
   endloop
 endfacet
 facet normal -1.000000e+00  0.000000e+00 -0.000000e+00
   outer loop
     vertex -1.792000e+01 -1.246369e+01  5.601490e+00
     vertex -1.792000e+01 -9.784611e+00  5.265615e+00
     vertex -1.792000e+01 -1.248746e+01  5.353921e+00
   endloop
 endfacet
 facet normal -1.000000e+00  0.000000e+00  0.000000e+00
   outer loop
     vertex -1.792000e+01 -8.280757e+00  9.938666e+00
     vertex -1.792000e+01 -8.034211e+00  9.971380e+00
     vertex -1.792000e+01 -7.765615e+00  7.284611e+00
   endloop
 endfacet
 facet normal -1.000000e+00  0.000000e+00  0.000000e+00
   outer loop
     vertex -1.792000e+01 -8.280757e+00  9.938666e+00
     vertex -1.792000e+01 -7.765615e+00  7.284611e+00
     vertex -1.792000e+01 -7.878568e+00  7.268631e+00
   endloop
 endfacet
 facet normal -1.000000e+00  0.000000e+00 -0.000000e+00
   outer loop
     vertex -1.792000e+01 -1.242764e+01  5.847571e+00
     vertex -1.792000e+01 -9.768631e+00  5.378568e+00
     vertex -1.792000e+01 -1.246369e+01  5.601490e+00
   endloop
 endfacet
 facet normal -1.000000e+00  0.000000e+00  0.000000e+00
   outer loop
     vertex -1.792000e+01 -1.242764e+01  5.847571e+00
     vertex -1.792000e+01 -9.747070e+00  5.490589e+00
     vertex -1.792000e+01 -9.768631e+00  5.378568e+00
   endloop
 endfacet
 facet normal -1.000000e+00  0.000000e+00  0.000000e+00
   outer loop
     vertex -1.792000e+01 -8.525372e+00  9.893732e+00
     vertex -1.792000e+01 -8.280757e+00  9.938666e+00
     vertex -1.792000e+01 -7.878568e+00  7.268631e+00
   endloop
 endfacet
 facet normal -1.000000e+00  0.000000e+00  0.000000e+00
   outer loop
     vertex -1.792000e+01 -8.525372e+00  9.893732e+00
     vertex -1.792000e+01 -7.878568e+00  7.268631e+00
     vertex -1.792000e+01 -7.990589e+00  7.247070e+00
   endloop
 endfacet
 facet normal -1.000000e+00  0.000000e+00 -0.000000e+00
   outer loop
     vertex -1.792000e+01 -1.237940e+01  6.091555e+00
     vertex -1.792000e+01 -9.747070e+00  5.490589e+00
     vertex -1.792000e+01 -1.242764e+01  5.847571e+00
   endloop
 endfacet
 facet normal -1.000000e+00  0.000000e+00  0.000000e+00
   outer loop
     vertex -1.792000e+01 -1.237940e+01  6.091555e+00
     vertex -1.792000e+01 -9.719980e+00  5.601404e+00
     vertex -1.792000e+01 -9.747070e+00  5.490589e+00
   endloop
 endfacet
 facet normal -1.000000e+00  0.000000e+00  0.000000e+00
   outer loop
     vertex -1.792000e+01 -8.767450e+00  9.836690e+00
     vertex -1.792000e+01 -8.525372e+00  9.893732e+00
     vertex -1.792000e+01 -7.990589e+00  7.247070e+00
   endloop
 endfacet
 facet normal -1.000000e+00  0.000000e+00  0.000000e+00
   outer loop
     vertex -1.792000e+01 -8.767450e+00  9.836690e+00
     vertex -1.792000e+01 -7.990589e+00  7.247070e+00
     vertex -1.792000e+01 -8.101404e+00  7.219980e+00
   endloop
 endfacet
 facet normal -1.000000e+00  0.000000e+00 -0.000000e+00
   outer loop
     vertex -1.792000e+01 -1.231908e+01  6.332838e+00
     vertex -1.792000e+01 -9.719980e+00  5.601404e+00
     vertex -1.792000e+01 -1.237940e+01  6.091555e+00
   endloop
 endfacet
 facet normal -1.000000e+00  0.000000e+00  0.000000e+00
   outer loop
     vertex -1.792000e+01 -1.231908e+01  6.332838e+00
     vertex -1.792000e+01 -9.687430e+00  5.710739e+00
     vertex -1.792000e+01 -9.719980e+00  5.601404e+00
   endloop
 endfacet
 facet normal -1.000000e+00  0.000000e+00  0.000000e+00
   outer loop
     vertex -1.792000e+01 -9.006392e+00  9.767681e+00
     vertex -1.792000e+01 -8.767450e+00  9.836690e+00
     vertex -1.792000e+01 -8.101404e+00  7.219980e+00
   endloop
 endfacet
 facet normal -1.000000e+00  0.000000e+00  0.000000e+00
   outer loop
     vertex -1.792000e+01 -9.006392e+00  9.767681e+00
     vertex -1.792000e+01 -8.101404e+00  7.219980e+00
     vertex -1.792000e+01 -8.210739e+00  7.187430e+00
   endloop
 endfacet
 facet normal -1.000000e+00  0.000000e+00 -0.000000e+00
   outer loop
     vertex -1.792000e+01 -1.224684e+01  6.570824e+00
     vertex -1.792000e+01 -9.687430e+00  5.710739e+00
     vertex -1.792000e+01 -1.231908e+01  6.332838e+00
   endloop
 endfacet
 facet normal -1.000000e+00  0.000000e+00  0.000000e+00
   outer loop
     vertex -1.792000e+01 -1.224684e+01  6.570824e+00
     vertex -1.792000e+01 -9.649498e+00  5.818326e+00
     vertex -1.792000e+01 -9.687430e+00  5.710739e+00
   endloop
 endfacet
 facet normal -1.000000e+00  0.000000e+00  0.000000e+00
   outer loop
     vertex -1.792000e+01 -9.241607e+00  9.686876e+00
     vertex -1.792000e+01 -9.006392e+00  9.767681e+00
     vertex -1.792000e+01 -8.210739e+00  7.187430e+00
   endloop
 endfacet
 facet normal -1.000000e+00  0.000000e+00  0.000000e+00
   outer loop
     vertex -1.792000e+01 -9.241607e+00  9.686876e+00
     vertex -1.792000e+01 -8.210739e+00  7.187430e+00
     vertex -1.792000e+01 -8.318326e+00  7.149498e+00
   endloop
 endfacet
 facet normal -1.000000e+00  0.000000e+00 -0.000000e+00
   outer loop
     vertex -1.792000e+01 -1.216286e+01  6.804922e+00
     vertex -1.792000e+01 -9.649498e+00  5.818326e+00
     vertex -1.792000e+01 -1.224684e+01  6.570824e+00
   endloop
 endfacet
 facet normal -1.000000e+00  0.000000e+00  0.000000e+00
   outer loop
     vertex -1.792000e+01 -1.216286e+01  6.804922e+00
     vertex -1.792000e+01 -9.606279e+00  5.923899e+00
     vertex -1.792000e+01 -9.649498e+00  5.818326e+00
   endloop
 endfacet
 facet normal -1.000000e+00  0.000000e+00  0.000000e+00
   outer loop
     vertex -1.792000e+01 -9.472513e+00  9.594474e+00
     vertex -1.792000e+01 -9.241607e+00  9.686876e+00
     vertex -1.792000e+01 -8.318326e+00  7.149498e+00
   endloop
 endfacet
 facet normal -1.000000e+00  0.000000e+00  0.000000e+00
   outer loop
     vertex -1.792000e+01 -9.472513e+00  9.594474e+00
     vertex -1.792000e+01 -8.318326e+00  7.149498e+00
     vertex -1.792000e+01 -8.423899e+00  7.106279e+00
   endloop
 endfacet
 facet normal -1.000000e+00  0.000000e+00 -0.000000e+00
   outer loop
     vertex -1.792000e+01 -1.206734e+01  7.034556e+00
     vertex -1.792000e+01 -9.606279e+00  5.923899e+00
     vertex -1.792000e+01 -1.216286e+01  6.804922e+00
   endloop
 endfacet
 facet normal -1.000000e+00  0.000000e+00  0.000000e+00
   outer loop
     vertex -1.792000e+01 -1.206734e+01  7.034556e+00
     vertex -1.792000e+01 -9.557877e+00  6.027200e+00
     vertex -1.792000e+01 -9.606279e+00  5.923899e+00
   endloop
 endfacet
 facet normal -1.000000e+00  0.000000e+00  0.000000e+00
   outer loop
     vertex -1.792000e+01 -9.698538e+00  9.490705e+00
     vertex -1.792000e+01 -9.472513e+00  9.594474e+00
     vertex -1.792000e+01 -8.423899e+00  7.106279e+00
   endloop
 endfacet
 facet normal -1.000000e+00  0.000000e+00  0.000000e+00
   outer loop
     vertex -1.792000e+01 -9.698538e+00  9.490705e+00
     vertex -1.792000e+01 -8.423899e+00  7.106279e+00
     vertex -1.792000e+01 -8.527200e+00  7.057877e+00
   endloop
 endfacet
 facet normal -1.000000e+00  0.000000e+00 -0.000000e+00
   outer loop
     vertex -1.792000e+01 -1.196052e+01  7.259155e+00
     vertex -1.792000e+01 -9.557877e+00  6.027200e+00
     vertex -1.792000e+01 -1.206734e+01  7.034556e+00
   endloop
 endfacet
 facet normal -1.000000e+00  0.000000e+00  0.000000e+00
   outer loop
     vertex -1.792000e+01 -1.196052e+01  7.259155e+00
     vertex -1.792000e+01 -9.504414e+00  6.127974e+00
     vertex -1.792000e+01 -9.557877e+00  6.027200e+00
   endloop
 endfacet
 facet normal -1.000000e+00  0.000000e+00  0.000000e+00
   outer loop
     vertex -1.792000e+01 -9.919124e+00  9.375825e+00
     vertex -1.792000e+01 -9.698538e+00  9.490705e+00
     vertex -1.792000e+01 -8.527200e+00  7.057877e+00
   endloop
 endfacet
 facet normal -1.000000e+00  0.000000e+00  0.000000e+00
   outer loop
     vertex -1.792000e+01 -9.919124e+00  9.375825e+00
     vertex -1.792000e+01 -8.527200e+00  7.057877e+00
     vertex -1.792000e+01 -8.627974e+00  7.004414e+00
   endloop
 endfacet
 facet normal -1.000000e+00  0.000000e+00 -0.000000e+00
   outer loop
     vertex -1.792000e+01 -1.184266e+01  7.478164e+00
     vertex -1.792000e+01 -9.504414e+00  6.127974e+00
     vertex -1.792000e+01 -1.196052e+01  7.259155e+00
   endloop
 endfacet
 facet normal -1.000000e+00  0.000000e+00  0.000000e+00
   outer loop
     vertex -1.792000e+01 -1.184266e+01  7.478164e+00
     vertex -1.792000e+01 -9.446019e+00  6.225973e+00
     vertex -1.792000e+01 -9.504414e+00  6.127974e+00
   endloop
 endfacet
 facet normal -1.000000e+00  0.000000e+00  0.000000e+00
   outer loop
     vertex -1.792000e+01 -1.013372e+01  9.250118e+00
     vertex -1.792000e+01 -9.919124e+00  9.375825e+00
     vertex -1.792000e+01 -8.627974e+00  7.004414e+00
   endloop
 endfacet
 facet normal -1.000000e+00  0.000000e+00  0.000000e+00
   outer loop
     vertex -1.792000e+01 -1.013372e+01  9.250118e+00
     vertex -1.792000e+01 -8.627974e+00  7.004414e+00
     vertex -1.792000e+01 -8.725973e+00  6.946019e+00
   endloop
 endfacet
 facet normal -1.000000e+00  0.000000e+00  0.000000e+00
   outer loop
     vertex -1.792000e+01 -1.171406e+01  7.691042e+00
     vertex -1.792000e+01 -9.382837e+00  6.320956e+00
     vertex -1.792000e+01 -9.446019e+00  6.225973e+00
   endloop
 endfacet
 facet normal -1.000000e+00  0.000000e+00 -0.000000e+00
   outer loop
     vertex -1.792000e+01 -1.171406e+01  7.691042e+00
     vertex -1.792000e+01 -9.446019e+00  6.225973e+00
     vertex -1.792000e+01 -1.184266e+01  7.478164e+00
   endloop
 endfacet
 facet normal -1.000000e+00  0.000000e+00  0.000000e+00
   outer loop
     vertex -1.792000e+01 -1.034181e+01  9.113895e+00
     vertex -1.792000e+01 -1.013372e+01  9.250118e+00
     vertex -1.792000e+01 -8.725973e+00  6.946019e+00
   endloop
 endfacet
 facet normal -1.000000e+00  0.000000e+00  0.000000e+00
   outer loop
     vertex -1.792000e+01 -1.034181e+01  9.113895e+00
     vertex -1.792000e+01 -8.725973e+00  6.946019e+00
     vertex -1.792000e+01 -8.820956e+00  6.882837e+00
   endloop
 endfacet
 facet normal -1.000000e+00  0.000000e+00 -0.000000e+00
   outer loop
     vertex -1.792000e+01 -1.157503e+01  7.897262e+00
     vertex -1.792000e+01 -9.382837e+00  6.320956e+00
     vertex -1.792000e+01 -1.171406e+01  7.691042e+00
   endloop
 endfacet
 facet normal -1.000000e+00  0.000000e+00  0.000000e+00
   outer loop
     vertex -1.792000e+01 -1.157503e+01  7.897262e+00
     vertex -1.792000e+01 -9.315023e+00  6.412689e+00
     vertex -1.792000e+01 -9.382837e+00  6.320956e+00
   endloop
 endfacet
 facet normal -1.000000e+00  0.000000e+00  0.000000e+00
   outer loop
     vertex -1.792000e+01 -1.054286e+01  8.967493e+00
     vertex -1.792000e+01 -1.034181e+01  9.113895e+00
     vertex -1.792000e+01 -8.820956e+00  6.882837e+00
   endloop
 endfacet
 facet normal -1.000000e+00  0.000000e+00  0.000000e+00
   outer loop
     vertex -1.792000e+01 -1.054286e+01  8.967493e+00
     vertex -1.792000e+01 -8.820956e+00  6.882837e+00
     vertex -1.792000e+01 -8.912689e+00  6.815023e+00
   endloop
 endfacet
 facet normal -1.000000e+00  0.000000e+00 -0.000000e+00
   outer loop
     vertex -1.792000e+01 -1.142592e+01  8.096313e+00
     vertex -1.792000e+01 -9.315023e+00  6.412689e+00
     vertex -1.792000e+01 -1.157503e+01  7.897262e+00
   endloop
 endfacet
 facet normal -1.000000e+00  0.000000e+00  0.000000e+00
   outer loop
     vertex -1.792000e+01 -1.142592e+01  8.096313e+00
     vertex -1.792000e+01 -9.242744e+00  6.500947e+00
     vertex -1.792000e+01 -9.315023e+00  6.412689e+00
   endloop
 endfacet
 facet normal -1.000000e+00  0.000000e+00  0.000000e+00
   outer loop
     vertex -1.792000e+01 -1.073638e+01  8.811275e+00
     vertex -1.792000e+01 -1.054286e+01  8.967493e+00
     vertex -1.792000e+01 -8.912689e+00  6.815023e+00
   endloop
 endfacet
 facet normal -1.000000e+00  0.000000e+00  0.000000e+00
   outer loop
     vertex -1.792000e+01 -1.073638e+01  8.811275e+00
     vertex -1.792000e+01 -8.912689e+00  6.815023e+00
     vertex -1.792000e+01 -9.000947e+00  6.742744e+00
   endloop
 endfacet
 facet normal -1.000000e+00  0.000000e+00 -0.000000e+00
   outer loop
     vertex -1.792000e+01 -1.126709e+01  8.287704e+00
     vertex -1.792000e+01 -9.242744e+00  6.500947e+00
     vertex -1.792000e+01 -1.142592e+01  8.096313e+00
   endloop
 endfacet
 facet normal -1.000000e+00  0.000000e+00  0.000000e+00
   outer loop
     vertex -1.792000e+01 -1.126709e+01  8.287704e+00
     vertex -1.792000e+01 -9.166178e+00  6.585513e+00
     vertex -1.792000e+01 -9.242744e+00  6.500947e+00
   endloop
 endfacet
 facet normal -1.000000e+00  0.000000e+00  0.000000e+00
   outer loop
     vertex -1.792000e+01 -1.092190e+01  8.645628e+00
     vertex -1.792000e+01 -1.073638e+01  8.811275e+00
     vertex -1.792000e+01 -9.000947e+00  6.742744e+00
   endloop
 endfacet
 facet normal -1.000000e+00  0.000000e+00  0.000000e+00
   outer loop
     vertex -1.792000e+01 -1.092190e+01  8.645628e+00
     vertex -1.792000e+01 -9.000947e+00  6.742744e+00
     vertex -1.792000e+01 -9.085513e+00  6.666178e+00
   endloop
 endfacet
 facet normal -1.000000e+00  0.000000e+00 -0.000000e+00
   outer loop
     vertex -1.792000e+01 -1.109895e+01  8.470960e+00
     vertex -1.792000e+01 -9.166178e+00  6.585513e+00
     vertex -1.792000e+01 -1.126709e+01  8.287704e+00
   endloop
 endfacet
 facet normal -1.000000e+00  0.000000e+00  0.000000e+00
   outer loop
     vertex -1.792000e+01 -1.109895e+01  8.470960e+00
     vertex -1.792000e+01 -1.092190e+01  8.645628e+00
     vertex -1.792000e+01 -9.085513e+00  6.666178e+00
   endloop
 endfacet
 facet normal -1.000000e+00  0.000000e+00  0.000000e+00
   outer loop
     vertex -1.792000e+01 -1.109895e+01  8.470960e+00
     vertex -1.792000e+01 -9.085513e+00  6.666178e+00
     vertex -1.792000e+01 -9.166178e+00  6.585513e+00
   endloop
 endfacet
 facet normal -1.000000e+00  0.000000e+00  0.000000e+00
   outer loop
     vertex -1.792000e+01 -6.364218e+00  3.000000e+00
     vertex -1.792000e+01 -6.269712e+00  3.056706e+00
     vertex -1.792000e+01 -2.917424e+00  3.000000e+00
   endloop
 endfacet
 facet normal  1.000000e+00 -0.000000e+00  0.000000e+00
   outer loop
     vertex -6.240000e+00 -5.922005e+00  3.326700e+00
     vertex -6.240000e+00 -2.917424e+00  3.000000e+00
     vertex -6.240000e+00 -5.843657e+00  3.404216e+00
   endloop
 endfacet
 facet normal  1.000000e+00  0.000000e+00  0.000000e+00
   outer loop
     vertex -6.240000e+00 -5.769112e+00  3.485396e+00
     vertex -6.240000e+00 -5.843657e+00  3.404216e+00
     vertex -6.240000e+00 -2.917424e+00  3.000000e+00
   endloop
 endfacet
 facet normal  1.000000e+00 -0.000000e+00  0.000000e+00
   outer loop
     vertex -6.240000e+00 -6.003977e+00  3.253027e+00
     vertex -6.240000e+00 -2.917424e+00  3.000000e+00
     vertex -6.240000e+00 -5.922005e+00  3.326700e+00
   endloop
 endfacet
 facet normal  1.000000e+00  0.000000e+00  0.000000e+00
   outer loop
     vertex -6.240000e+00 -5.698542e+00  3.570053e+00
     vertex -6.240000e+00 -5.769112e+00  3.485396e+00
     vertex -6.240000e+00 -2.917424e+00  3.000000e+00
   endloop
 endfacet
 facet normal  1.000000e+00 -0.000000e+00  0.000000e+00
   outer loop
     vertex -6.240000e+00 -6.089384e+00  3.183365e+00
     vertex -6.240000e+00 -2.917424e+00  3.000000e+00
     vertex -6.240000e+00 -6.003977e+00  3.253027e+00
   endloop
 endfacet
 facet normal  1.000000e+00  0.000000e+00  0.000000e+00
   outer loop
     vertex -6.240000e+00 -5.632108e+00  3.657994e+00
     vertex -6.240000e+00 -5.698542e+00  3.570053e+00
     vertex -6.240000e+00 -2.917424e+00  3.000000e+00
   endloop
 endfacet
 facet normal  1.000000e+00 -0.000000e+00  0.000000e+00
   outer loop
     vertex -6.240000e+00 -6.178030e+00  3.117875e+00
     vertex -6.240000e+00 -2.917424e+00  3.000000e+00
     vertex -6.240000e+00 -6.089384e+00  3.183365e+00
   endloop
 endfacet
 facet normal  1.000000e+00  0.000000e+00  0.000000e+00
   outer loop
     vertex -6.240000e+00 -5.569963e+00  3.749017e+00
     vertex -6.240000e+00 -5.632108e+00  3.657994e+00
     vertex -6.240000e+00 -2.917424e+00  3.000000e+00
   endloop
 endfacet
 facet normal  1.000000e+00 -0.000000e+00  0.000000e+00
   outer loop
     vertex -6.240000e+00 -6.269712e+00  3.056706e+00
     vertex -6.240000e+00 -2.917424e+00  3.000000e+00
     vertex -6.240000e+00 -6.178030e+00  3.117875e+00
   endloop
 endfacet
 facet normal  1.000000e+00  0.000000e+00  0.000000e+00
   outer loop
     vertex -6.240000e+00 -5.512250e+00  3.842913e+00
     vertex -6.240000e+00 -5.569963e+00  3.749017e+00
     vertex -6.240000e+00 -2.917424e+00  3.000000e+00
   endloop
 endfacet
 facet normal  1.000000e+00  0.000000e+00  0.000000e+00
   outer loop
     vertex -6.240000e+00 -5.459102e+00  3.939465e+00
     vertex -6.240000e+00 -5.512250e+00  3.842913e+00
     vertex -6.240000e+00 -2.917424e+00  3.000000e+00
   endloop
 endfacet
 facet normal  1.000000e+00  0.000000e+00  0.000000e+00
   outer loop
     vertex -6.240000e+00 -5.410640e+00  4.038453e+00
     vertex -6.240000e+00 -5.459102e+00  3.939465e+00
     vertex -6.240000e+00 -2.917424e+00  3.000000e+00
   endloop
 endfacet
 facet normal  1.000000e+00  0.000000e+00  0.000000e+00
   outer loop
     vertex -6.240000e+00 -5.366975e+00  4.139648e+00
     vertex -6.240000e+00 -2.917424e+00  3.000000e+00
     vertex -6.240000e+00 -2.823641e+00  3.230348e+00
   endloop
 endfacet
 facet normal  1.000000e+00  0.000000e+00  0.000000e+00
   outer loop
     vertex -6.240000e+00 -5.366975e+00  4.139648e+00
     vertex -6.240000e+00 -5.410640e+00  4.038453e+00
     vertex -6.240000e+00 -2.917424e+00  3.000000e+00
   endloop
 endfacet
 facet normal  1.000000e+00  0.000000e+00  0.000000e+00
   outer loop
     vertex -6.240000e+00 -5.328209e+00  4.242819e+00
     vertex -6.240000e+00 -2.823641e+00  3.230348e+00
     vertex -6.240000e+00 -2.741428e+00  3.465075e+00
   endloop
 endfacet
 facet normal  1.000000e+00  0.000000e+00  0.000000e+00
   outer loop
     vertex -6.240000e+00 -5.328209e+00  4.242819e+00
     vertex -6.240000e+00 -5.366975e+00  4.139648e+00
     vertex -6.240000e+00 -2.823641e+00  3.230348e+00
   endloop
 endfacet
 facet normal  1.000000e+00  0.000000e+00  0.000000e+00
   outer loop
     vertex -6.240000e+00 -5.294429e+00  4.347729e+00
     vertex -6.240000e+00 -5.328209e+00  4.242819e+00
     vertex -6.240000e+00 -2.741428e+00  3.465075e+00
   endloop
 endfacet
 facet normal  1.000000e+00  0.000000e+00  0.000000e+00
   outer loop
     vertex -6.240000e+00 -5.294429e+00  4.347729e+00
     vertex -6.240000e+00 -2.741428e+00  3.465075e+00
     vertex -6.240000e+00 -2.670989e+00  3.703599e+00
   endloop
 endfacet
 facet normal  1.000000e+00  0.000000e+00  0.000000e+00
   outer loop
     vertex -6.240000e+00 -5.265714e+00  4.454136e+00
     vertex -6.240000e+00 -2.670989e+00  3.703599e+00
     vertex -6.240000e+00 -2.612498e+00  3.945331e+00
   endloop
 endfacet
 facet normal  1.000000e+00  0.000000e+00  0.000000e+00
   outer loop
     vertex -6.240000e+00 -5.265714e+00  4.454136e+00
     vertex -6.240000e+00 -5.294429e+00  4.347729e+00
     vertex -6.240000e+00 -2.670989e+00  3.703599e+00
   endloop
 endfacet
 facet normal  1.000000e+00  0.000000e+00  0.000000e+00
   outer loop
     vertex -6.240000e+00 -5.242130e+00  4.561797e+00
     vertex -6.240000e+00 -2.612498e+00  3.945331e+00
     vertex -6.240000e+00 -2.566100e+00  4.189672e+00
   endloop
 endfacet
 facet normal  1.000000e+00  0.000000e+00  0.000000e+00
   outer loop
     vertex -6.240000e+00 -5.242130e+00  4.561797e+00
     vertex -6.240000e+00 -5.265714e+00  4.454136e+00
     vertex -6.240000e+00 -2.612498e+00  3.945331e+00
   endloop
 endfacet
 facet normal  1.000000e+00  0.000000e+00  0.000000e+00
   outer loop
     vertex -6.240000e+00 -5.223730e+00  4.670465e+00
     vertex -6.240000e+00 -2.566100e+00  4.189672e+00
     vertex -6.240000e+00 -2.531909e+00  4.436018e+00
   endloop
 endfacet
 facet normal  1.000000e+00  0.000000e+00  0.000000e+00
   outer loop
     vertex -6.240000e+00 -5.223730e+00  4.670465e+00
     vertex -6.240000e+00 -5.242130e+00  4.561797e+00
     vertex -6.240000e+00 -2.566100e+00  4.189672e+00
   endloop
 endfacet
 facet normal  1.000000e+00  0.000000e+00  0.000000e+00
   outer loop
     vertex -6.240000e+00 -5.210557e+00  4.779888e+00
     vertex -6.240000e+00 -2.531909e+00  4.436018e+00
     vertex -6.240000e+00 -2.510011e+00  4.683760e+00
   endloop
 endfacet
 facet normal  1.000000e+00  0.000000e+00  0.000000e+00
   outer loop
     vertex -6.240000e+00 -5.210557e+00  4.779888e+00
     vertex -6.240000e+00 -5.223730e+00  4.670465e+00
     vertex -6.240000e+00 -2.531909e+00  4.436018e+00
   endloop
 endfacet
 facet normal  1.000000e+00 -0.000000e+00  0.000000e+00
   outer loop
     vertex -6.240000e+00 -5.202641e+00  4.889818e+00
     vertex -6.240000e+00 -2.510011e+00  4.683760e+00
     vertex -6.240000e+00 -2.500459e+00  4.932284e+00
   endloop
 endfacet
 facet normal  1.000000e+00  0.000000e+00  0.000000e+00
   outer loop
     vertex -6.240000e+00 -5.202641e+00  4.889818e+00
     vertex -6.240000e+00 -5.210557e+00  4.779888e+00
     vertex -6.240000e+00 -2.510011e+00  4.683760e+00
   endloop
 endfacet
 facet normal  1.000000e+00 -0.000000e+00  0.000000e+00
   outer loop
     vertex -6.240000e+00 -5.200000e+00  5.000000e+00
     vertex -6.240000e+00 -2.500459e+00  4.932284e+00
     vertex -6.240000e+00 -2.503276e+00  5.180976e+00
   endloop
 endfacet
 facet normal  1.000000e+00  0.000000e+00  0.000000e+00
   outer loop
     vertex -6.240000e+00 -5.200000e+00  5.000000e+00
     vertex -6.240000e+00 -5.202641e+00  4.889818e+00
     vertex -6.240000e+00 -2.500459e+00  4.932284e+00
   endloop
 endfacet
 facet normal  1.000000e+00  0.000000e+00  0.000000e+00
   outer loop
     vertex -6.240000e+00 -5.202829e+00  5.114043e+00
     vertex -6.240000e+00 -2.503276e+00  5.180976e+00
     vertex -6.240000e+00 -2.518457e+00  5.429220e+00
   endloop
 endfacet
 facet normal  1.000000e+00 -0.000000e+00  0.000000e+00
   outer loop
     vertex -6.240000e+00 -5.202829e+00  5.114043e+00
     vertex -6.240000e+00 -5.200000e+00  5.000000e+00
     vertex -6.240000e+00 -2.503276e+00  5.180976e+00
   endloop
 endfacet
 facet normal  1.000000e+00  0.000000e+00  0.000000e+00
   outer loop
     vertex -6.240000e+00 -7.614043e+00  2.702829e+00
     vertex -6.240000e+00 -7.748631e+00  6.185549e-03
     vertex -6.240000e+00 -7.500000e+00  0.000000e+00
   endloop
 endfacet
 facet normal  1.000000e+00  0.000000e+00  0.000000e+00
   outer loop
     vertex -6.240000e+00 -7.614043e+00  2.702829e+00
     vertex -6.240000e+00 -7.500000e+00  0.000000e+00
     vertex -6.240000e+00 -7.500000e+00  2.700000e+00
   endloop
 endfacet
 facet normal  1.000000e+00  0.000000e+00  0.000000e+00
   outer loop
     vertex -6.240000e+00 -5.211309e+00  5.227805e+00
     vertex -6.240000e+00 -2.518457e+00  5.429220e+00
     vertex -6.240000e+00 -2.545963e+00  5.676402e+00
   endloop
 endfacet
 facet normal  1.000000e+00 -0.000000e+00  0.000000e+00
   outer loop
     vertex -6.240000e+00 -5.211309e+00  5.227805e+00
     vertex -6.240000e+00 -5.202829e+00  5.114043e+00
     vertex -6.240000e+00 -2.518457e+00  5.429220e+00
   endloop
 endfacet
 facet normal  1.000000e+00  0.000000e+00  0.000000e+00
   outer loop
     vertex -6.240000e+00 -7.727805e+00  2.711309e+00
     vertex -6.240000e+00 -7.996646e+00  2.472689e-02
     vertex -6.240000e+00 -7.748631e+00  6.185549e-03
   endloop
 endfacet
 facet normal  1.000000e+00  0.000000e+00  0.000000e+00
   outer loop
     vertex -6.240000e+00 -7.727805e+00  2.711309e+00
     vertex -6.240000e+00 -7.748631e+00  6.185549e-03
     vertex -6.240000e+00 -7.614043e+00  2.702829e+00
   endloop
 endfacet
 facet normal  1.000000e+00  0.000000e+00  0.000000e+00
   outer loop
     vertex -6.240000e+00 -5.225420e+00  5.341006e+00
     vertex -6.240000e+00 -2.545963e+00  5.676402e+00
     vertex -6.240000e+00 -2.585727e+00  5.921910e+00
   endloop
 endfacet
 facet normal  1.000000e+00 -0.000000e+00  0.000000e+00
   outer loop
     vertex -6.240000e+00 -5.225420e+00  5.341006e+00
     vertex -6.240000e+00 -5.211309e+00  5.227805e+00
     vertex -6.240000e+00 -2.545963e+00  5.676402e+00
   endloop
 endfacet
 facet normal  1.000000e+00  0.000000e+00  0.000000e+00
   outer loop
     vertex -6.240000e+00 -7.841006e+00  2.725420e+00
     vertex -6.240000e+00 -8.243433e+00  5.557816e-02
     vertex -6.240000e+00 -7.996646e+00  2.472689e-02
   endloop
 endfacet
 facet normal  1.000000e+00  0.000000e+00  0.000000e+00
   outer loop
     vertex -6.240000e+00 -7.841006e+00  2.725420e+00
     vertex -6.240000e+00 -7.996646e+00  2.472689e-02
     vertex -6.240000e+00 -7.727805e+00  2.711309e+00
   endloop
 endfacet
 facet normal  1.000000e+00  0.000000e+00  0.000000e+00
   outer loop
     vertex -6.240000e+00 -5.245126e+00  5.453369e+00
     vertex -6.240000e+00 -2.585727e+00  5.921910e+00
     vertex -6.240000e+00 -2.637649e+00  6.165137e+00
   endloop
 endfacet
 facet normal  1.000000e+00 -0.000000e+00  0.000000e+00
   outer loop
     vertex -6.240000e+00 -5.245126e+00  5.453369e+00
     vertex -6.240000e+00 -5.225420e+00  5.341006e+00
     vertex -6.240000e+00 -2.585727e+00  5.921910e+00
   endloop
 endfacet
 facet normal  1.000000e+00  0.000000e+00  0.000000e+00
   outer loop
     vertex -6.240000e+00 -7.953369e+00  2.745126e+00
     vertex -6.240000e+00 -8.488380e+00  9.866300e-02
     vertex -6.240000e+00 -8.243433e+00  5.557816e-02
   endloop
 endfacet
 facet normal  1.000000e+00  0.000000e+00  0.000000e+00
   outer loop
     vertex -6.240000e+00 -7.953369e+00  2.745126e+00
     vertex -6.240000e+00 -8.243433e+00  5.557816e-02
     vertex -6.240000e+00 -7.841006e+00  2.725420e+00
   endloop
 endfacet
 facet normal  1.000000e+00  0.000000e+00  0.000000e+00
   outer loop
     vertex -6.240000e+00 -5.270379e+00  5.564617e+00
     vertex -6.240000e+00 -2.637649e+00  6.165137e+00
     vertex -6.240000e+00 -2.701602e+00  6.405482e+00
   endloop
 endfacet
 facet normal  1.000000e+00 -0.000000e+00  0.000000e+00
   outer loop
     vertex -6.240000e+00 -5.270379e+00  5.564617e+00
     vertex -6.240000e+00 -5.245126e+00  5.453369e+00
     vertex -6.240000e+00 -2.637649e+00  6.165137e+00
   endloop
 endfacet
 facet normal  1.000000e+00  0.000000e+00  0.000000e+00
   outer loop
     vertex -6.240000e+00 -8.064617e+00  2.770379e+00
     vertex -6.240000e+00 -8.488380e+00  9.866300e-02
     vertex -6.240000e+00 -7.953369e+00  2.745126e+00
   endloop
 endfacet
 facet normal  1.000000e+00  0.000000e+00  0.000000e+00
   outer loop
     vertex -6.240000e+00 -8.064617e+00  2.770379e+00
     vertex -6.240000e+00 -8.730882e+00  1.538748e-01
     vertex -6.240000e+00 -8.488380e+00  9.866300e-02
   endloop
 endfacet
 facet normal  1.000000e+00  0.000000e+00  0.000000e+00
   outer loop
     vertex -6.240000e+00 -5.301118e+00  5.674475e+00
     vertex -6.240000e+00 -2.701602e+00  6.405482e+00
     vertex -6.240000e+00 -2.777428e+00  6.642349e+00
   endloop
 endfacet
 facet normal  1.000000e+00 -0.000000e+00  0.000000e+00
   outer loop
     vertex -6.240000e+00 -5.301118e+00  5.674475e+00
     vertex -6.240000e+00 -5.270379e+00  5.564617e+00
     vertex -6.240000e+00 -2.701602e+00  6.405482e+00
   endloop
 endfacet
 facet normal  1.000000e+00  0.000000e+00  0.000000e+00
   outer loop
     vertex -6.240000e+00 -8.174475e+00  2.801118e+00
     vertex -6.240000e+00 -8.730882e+00  1.538748e-01
     vertex -6.240000e+00 -8.064617e+00  2.770379e+00
   endloop
 endfacet
 facet normal  1.000000e+00  0.000000e+00  0.000000e+00
   outer loop
     vertex -6.240000e+00 -8.174475e+00  2.801118e+00
     vertex -6.240000e+00 -8.970339e+00  2.210770e-01
     vertex -6.240000e+00 -8.730882e+00  1.538748e-01
   endloop
 endfacet
 facet normal  1.000000e+00 -0.000000e+00  0.000000e+00
   outer loop
     vertex -6.240000e+00 -5.337265e+00  5.782674e+00
     vertex -6.240000e+00 -5.301118e+00  5.674475e+00
     vertex -6.240000e+00 -2.777428e+00  6.642349e+00
   endloop
 endfacet
 facet normal  1.000000e+00  0.000000e+00  0.000000e+00
   outer loop
     vertex -6.240000e+00 -5.337265e+00  5.782674e+00
     vertex -6.240000e+00 -2.777428e+00  6.642349e+00
     vertex -6.240000e+00 -2.864938e+00  6.875153e+00
   endloop
 endfacet
 facet normal  1.000000e+00  0.000000e+00  0.000000e+00
   outer loop
     vertex -6.240000e+00 -8.282674e+00  2.837265e+00
     vertex -6.240000e+00 -8.970339e+00  2.210770e-01
     vertex -6.240000e+00 -8.174475e+00  2.801118e+00
   endloop
 endfacet
 facet normal  1.000000e+00  0.000000e+00  0.000000e+00
   outer loop
     vertex -6.240000e+00 -8.282674e+00  2.837265e+00
     vertex -6.240000e+00 -9.206157e+00  3.001034e-01
     vertex -6.240000e+00 -8.970339e+00  2.210770e-01
   endloop
 endfacet
 facet normal  1.000000e+00  0.000000e+00  0.000000e+00
   outer loop
     vertex -6.240000e+00 -5.378734e+00  5.888948e+00
     vertex -6.240000e+00 -2.864938e+00  6.875153e+00
     vertex -6.240000e+00 -2.963916e+00  7.103317e+00
   endloop
 endfacet
 facet normal  1.000000e+00 -0.000000e+00  0.000000e+00
   outer loop
     vertex -6.240000e+00 -5.378734e+00  5.888948e+00
     vertex -6.240000e+00 -5.337265e+00  5.782674e+00
     vertex -6.240000e+00 -2.864938e+00  6.875153e+00
   endloop
 endfacet
 facet normal  1.000000e+00  0.000000e+00  0.000000e+00
   outer loop
     vertex -6.240000e+00 -8.388948e+00  2.878734e+00
     vertex -6.240000e+00 -9.206157e+00  3.001034e-01
     vertex -6.240000e+00 -8.282674e+00  2.837265e+00
   endloop
 endfacet
 facet normal  1.000000e+00  0.000000e+00  0.000000e+00
   outer loop
     vertex -6.240000e+00 -8.388948e+00  2.878734e+00
     vertex -6.240000e+00 -9.437754e+00  3.907583e-01
     vertex -6.240000e+00 -9.206157e+00  3.001034e-01
   endloop
 endfacet
 facet normal  1.000000e+00  0.000000e+00  0.000000e+00
   outer loop
     vertex -6.240000e+00 -5.425420e+00  5.993035e+00
     vertex -6.240000e+00 -2.963916e+00  7.103317e+00
     vertex -6.240000e+00 -3.074117e+00  7.326277e+00
   endloop
 endfacet
 facet normal  1.000000e+00 -0.000000e+00  0.000000e+00
   outer loop
     vertex -6.240000e+00 -5.425420e+00  5.993035e+00
     vertex -6.240000e+00 -5.378734e+00  5.888948e+00
     vertex -6.240000e+00 -2.963916e+00  7.103317e+00
   endloop
 endfacet
 facet normal  1.000000e+00  0.000000e+00  0.000000e+00
   outer loop
     vertex -6.240000e+00 -8.493035e+00  2.925420e+00
     vertex -6.240000e+00 -9.437754e+00  3.907583e-01
     vertex -6.240000e+00 -8.388948e+00  2.878734e+00
   endloop
 endfacet
 facet normal  1.000000e+00  0.000000e+00  0.000000e+00
   outer loop
     vertex -6.240000e+00 -8.493035e+00  2.925420e+00
     vertex -6.240000e+00 -9.664557e+00  4.928174e-01
     vertex -6.240000e+00 -9.437754e+00  3.907583e-01
   endloop
 endfacet
 facet normal  1.000000e+00  0.000000e+00  0.000000e+00
   outer loop
     vertex -6.240000e+00 -5.477210e+00  6.094679e+00
     vertex -6.240000e+00 -3.074117e+00  7.326277e+00
     vertex -6.240000e+00 -3.195269e+00  7.543481e+00
   endloop
 endfacet
 facet normal  1.000000e+00 -0.000000e+00  0.000000e+00
   outer loop
     vertex -6.240000e+00 -5.477210e+00  6.094679e+00
     vertex -6.240000e+00 -5.425420e+00  5.993035e+00
     vertex -6.240000e+00 -3.074117e+00  7.326277e+00
   endloop
 endfacet
 facet normal  1.000000e+00  0.000000e+00  0.000000e+00
   outer loop
     vertex -6.240000e+00 -8.594679e+00  2.977210e+00
     vertex -6.240000e+00 -9.664557e+00  4.928174e-01
     vertex -6.240000e+00 -8.493035e+00  2.925420e+00
   endloop
 endfacet
 facet normal  1.000000e+00  0.000000e+00  0.000000e+00
   outer loop
     vertex -6.240000e+00 -8.594679e+00  2.977210e+00
     vertex -6.240000e+00 -9.886004e+00  6.060284e-01
     vertex -6.240000e+00 -9.664557e+00  4.928174e-01
   endloop
 endfacet
 facet normal  1.000000e+00  0.000000e+00  0.000000e+00
   outer loop
     vertex -6.240000e+00 -5.533977e+00  6.193630e+00
     vertex -6.240000e+00 -3.195269e+00  7.543481e+00
     vertex -6.240000e+00 -3.327072e+00  7.754392e+00
   endloop
 endfacet
 facet normal  1.000000e+00 -0.000000e+00  0.000000e+00
   outer loop
     vertex -6.240000e+00 -5.533977e+00  6.193630e+00
     vertex -6.240000e+00 -5.477210e+00  6.094679e+00
     vertex -6.240000e+00 -3.195269e+00  7.543481e+00
   endloop
 endfacet
 facet normal  1.000000e+00  0.000000e+00  0.000000e+00
   outer loop
     vertex -6.240000e+00 -8.693630e+00  3.033977e+00
     vertex -6.240000e+00 -9.886004e+00  6.060284e-01
     vertex -6.240000e+00 -8.594679e+00  2.977210e+00
   endloop
 endfacet
 facet normal  1.000000e+00  0.000000e+00  0.000000e+00
   outer loop
     vertex -6.240000e+00 -8.693630e+00  3.033977e+00
     vertex -6.240000e+00 -1.010155e+01  7.301109e-01
     vertex -6.240000e+00 -9.886004e+00  6.060284e-01
   endloop
 endfacet
 facet normal  1.000000e+00  0.000000e+00  0.000000e+00
   outer loop
     vertex -6.240000e+00 -5.595580e+00  6.289645e+00
     vertex -6.240000e+00 -3.327072e+00  7.754392e+00
     vertex -6.240000e+00 -3.469200e+00  7.958488e+00
   endloop
 endfacet
 facet normal  1.000000e+00 -0.000000e+00  0.000000e+00
   outer loop
     vertex -6.240000e+00 -5.595580e+00  6.289645e+00
     vertex -6.240000e+00 -5.533977e+00  6.193630e+00
     vertex -6.240000e+00 -3.327072e+00  7.754392e+00
   endloop
 endfacet
 facet normal  1.000000e+00  0.000000e+00  0.000000e+00
   outer loop
     vertex -6.240000e+00 -8.789645e+00  3.095580e+00
     vertex -6.240000e+00 -1.010155e+01  7.301109e-01
     vertex -6.240000e+00 -8.693630e+00  3.033977e+00
   endloop
 endfacet
 facet normal  1.000000e+00  0.000000e+00  0.000000e+00
   outer loop
     vertex -6.240000e+00 -8.789645e+00  3.095580e+00
     vertex -6.240000e+00 -1.031065e+01  8.647582e-01
     vertex -6.240000e+00 -1.010155e+01  7.301109e-01
   endloop
 endfacet
 facet normal  1.000000e+00  0.000000e+00  0.000000e+00
   outer loop
     vertex -6.240000e+00 -5.661868e+00  6.382487e+00
     vertex -6.240000e+00 -3.469200e+00  7.958488e+00
     vertex -6.240000e+00 -3.621301e+00  8.155264e+00
   endloop
 endfacet
 facet normal  1.000000e+00 -0.000000e+00  0.000000e+00
   outer loop
     vertex -6.240000e+00 -5.661868e+00  6.382487e+00
     vertex -6.240000e+00 -5.595580e+00  6.289645e+00
     vertex -6.240000e+00 -3.469200e+00  7.958488e+00
   endloop
 endfacet
 facet normal  1.000000e+00  0.000000e+00  0.000000e+00
   outer loop
     vertex -6.240000e+00 -8.882487e+00  3.161868e+00
     vertex -6.240000e+00 -1.051281e+01  1.009637e+00
     vertex -6.240000e+00 -1.031065e+01  8.647582e-01
   endloop
 endfacet
 facet normal  1.000000e+00  0.000000e+00  0.000000e+00
   outer loop
     vertex -6.240000e+00 -8.882487e+00  3.161868e+00
     vertex -6.240000e+00 -1.031065e+01  8.647582e-01
     vertex -6.240000e+00 -8.789645e+00  3.095580e+00
   endloop
 endfacet
 facet normal  1.000000e+00  0.000000e+00  0.000000e+00
   outer loop
     vertex -6.240000e+00 -5.732677e+00  6.471928e+00
     vertex -6.240000e+00 -3.621301e+00  8.155264e+00
     vertex -6.240000e+00 -3.782998e+00  8.344233e+00
   endloop
 endfacet
 facet normal  1.000000e+00 -0.000000e+00  0.000000e+00
   outer loop
     vertex -6.240000e+00 -5.732677e+00  6.471928e+00
     vertex -6.240000e+00 -5.661868e+00  6.382487e+00
     vertex -6.240000e+00 -3.621301e+00  8.155264e+00
   endloop
 endfacet
 facet normal  1.000000e+00  0.000000e+00  0.000000e+00
   outer loop
     vertex -6.240000e+00 -8.971928e+00  3.232677e+00
     vertex -6.240000e+00 -1.051281e+01  1.009637e+00
     vertex -6.240000e+00 -8.882487e+00  3.161868e+00
   endloop
 endfacet
 facet normal  1.000000e+00  0.000000e+00  0.000000e+00
   outer loop
     vertex -6.240000e+00 -8.971928e+00  3.232677e+00
     vertex -6.240000e+00 -1.070750e+01  1.164389e+00
     vertex -6.240000e+00 -1.051281e+01  1.009637e+00
   endloop
 endfacet
 facet normal  1.000000e+00 -0.000000e+00  0.000000e+00
   outer loop
     vertex -6.240000e+00 -5.807835e+00  6.557748e+00
     vertex -6.240000e+00 -5.732677e+00  6.471928e+00
     vertex -6.240000e+00 -3.782998e+00  8.344233e+00
   endloop
 endfacet
 facet normal  1.000000e+00  0.000000e+00  0.000000e+00
   outer loop
     vertex -6.240000e+00 -9.057748e+00  3.307835e+00
     vertex -6.240000e+00 -1.070750e+01  1.164389e+00
     vertex -6.240000e+00 -8.971928e+00  3.232677e+00
   endloop
 endfacet
 facet normal  1.000000e+00  0.000000e+00  0.000000e+00
   outer loop
     vertex -6.240000e+00 -9.057748e+00  3.307835e+00
     vertex -6.240000e+00 -1.089427e+01  1.328631e+00
     vertex -6.240000e+00 -1.070750e+01  1.164389e+00
   endloop
 endfacet
 facet normal  1.000000e+00  0.000000e+00  0.000000e+00
   outer loop
     vertex -6.240000e+00 -3.953892e+00  8.524928e+00
     vertex -6.240000e+00 -5.807835e+00  6.557748e+00
     vertex -6.240000e+00 -3.782998e+00  8.344233e+00
   endloop
 endfacet
 facet normal  1.000000e+00 -0.000000e+00  0.000000e+00
   outer loop
     vertex -6.240000e+00 -5.887155e+00  6.639735e+00
     vertex -6.240000e+00 -5.807835e+00  6.557748e+00
     vertex -6.240000e+00 -3.953892e+00  8.524928e+00
   endloop
 endfacet
 facet normal  1.000000e+00  0.000000e+00  0.000000e+00
   outer loop
     vertex -6.240000e+00 -9.139735e+00  3.387155e+00
     vertex -6.240000e+00 -1.089427e+01  1.328631e+00
     vertex -6.240000e+00 -9.057748e+00  3.307835e+00
   endloop
 endfacet
 facet normal  1.000000e+00 -0.000000e+00  0.000000e+00
   outer loop
     vertex -6.240000e+00 -1.107263e+01  1.501956e+00
     vertex -6.240000e+00 -1.089427e+01  1.328631e+00
     vertex -6.240000e+00 -9.139735e+00  3.387155e+00
   endloop
 endfacet
 facet normal  1.000000e+00  0.000000e+00  0.000000e+00
   outer loop
     vertex -6.240000e+00 -9.217689e+00  3.470443e+00
     vertex -6.240000e+00 -1.107263e+01  1.501956e+00
     vertex -6.240000e+00 -9.139735e+00  3.387155e+00
   endloop
 endfacet
 facet normal  1.000000e+00  0.000000e+00  0.000000e+00
   outer loop
     vertex -6.240000e+00 -4.133560e+00  8.696902e+00
     vertex -6.240000e+00 -5.970443e+00  6.717689e+00
     vertex -6.240000e+00 -5.887155e+00  6.639735e+00
   endloop
 endfacet
 facet normal  1.000000e+00  0.000000e+00  0.000000e+00
   outer loop
     vertex -6.240000e+00 -4.133560e+00  8.696902e+00
     vertex -6.240000e+00 -5.887155e+00  6.639735e+00
     vertex -6.240000e+00 -3.953892e+00  8.524928e+00
   endloop
 endfacet
 facet normal  1.000000e+00 -0.000000e+00  0.000000e+00
   outer loop
     vertex -6.240000e+00 -1.124216e+01  1.683937e+00
     vertex -6.240000e+00 -1.107263e+01  1.501956e+00
     vertex -6.240000e+00 -9.217689e+00  3.470443e+00
   endloop
 endfacet
 facet normal  1.000000e+00  0.000000e+00  0.000000e+00
   outer loop
     vertex -6.240000e+00 -1.124216e+01  1.683937e+00
     vertex -6.240000e+00 -9.217689e+00  3.470443e+00
     vertex -6.240000e+00 -9.291418e+00  3.557494e+00
   endloop
 endfacet
 facet normal  1.000000e+00  0.000000e+00  0.000000e+00
   outer loop
     vertex -6.240000e+00 -4.321558e+00  8.859729e+00
     vertex -6.240000e+00 -5.970443e+00  6.717689e+00
     vertex -6.240000e+00 -4.133560e+00  8.696902e+00
   endloop
 endfacet
 facet normal  1.000000e+00  0.000000e+00  0.000000e+00
   outer loop
     vertex -6.240000e+00 -4.321558e+00  8.859729e+00
     vertex -6.240000e+00 -6.057494e+00  6.791418e+00
     vertex -6.240000e+00 -5.970443e+00  6.717689e+00
   endloop
 endfacet
 facet normal  1.000000e+00  0.000000e+00  0.000000e+00
   outer loop
     vertex -6.240000e+00 -1.140242e+01  1.874122e+00
     vertex -6.240000e+00 -9.291418e+00  3.557494e+00
     vertex -6.240000e+00 -9.360739e+00  3.648094e+00
   endloop
 endfacet
 facet normal  1.000000e+00 -0.000000e+00  0.000000e+00
   outer loop
     vertex -6.240000e+00 -1.140242e+01  1.874122e+00
     vertex -6.240000e+00 -1.124216e+01  1.683937e+00
     vertex -6.240000e+00 -9.291418e+00  3.557494e+00
   endloop
 endfacet
 facet normal  1.000000e+00  0.000000e+00  0.000000e+00
   outer loop
     vertex -6.240000e+00 -4.517419e+00  9.013005e+00
     vertex -6.240000e+00 -6.057494e+00  6.791418e+00
     vertex -6.240000e+00 -4.321558e+00  8.859729e+00
   endloop
 endfacet
 facet normal  1.000000e+00  0.000000e+00  0.000000e+00
   outer loop
     vertex -6.240000e+00 -4.517419e+00  9.013005e+00
     vertex -6.240000e+00 -6.148094e+00  6.860739e+00
     vertex -6.240000e+00 -6.057494e+00  6.791418e+00
   endloop
 endfacet
 facet normal  1.000000e+00  0.000000e+00  0.000000e+00
   outer loop
     vertex -6.240000e+00 -1.155303e+01  2.072041e+00
     vertex -6.240000e+00 -9.360739e+00  3.648094e+00
     vertex -6.240000e+00 -9.425483e+00  3.742019e+00
   endloop
 endfacet
 facet normal  1.000000e+00 -0.000000e+00  0.000000e+00
   outer loop
     vertex -6.240000e+00 -1.155303e+01  2.072041e+00
     vertex -6.240000e+00 -1.140242e+01  1.874122e+00
     vertex -6.240000e+00 -9.360739e+00  3.648094e+00
   endloop
 endfacet
 facet normal  1.000000e+00  0.000000e+00  0.000000e+00
   outer loop
     vertex -6.240000e+00 -4.720660e+00  9.156353e+00
     vertex -6.240000e+00 -6.148094e+00  6.860739e+00
     vertex -6.240000e+00 -4.517419e+00  9.013005e+00
   endloop
 endfacet
 facet normal  1.000000e+00  0.000000e+00  0.000000e+00
   outer loop
     vertex -6.240000e+00 -4.720660e+00  9.156353e+00
     vertex -6.240000e+00 -6.242019e+00  6.925483e+00
     vertex -6.240000e+00 -6.148094e+00  6.860739e+00
   endloop
 endfacet
 facet normal  1.000000e+00  0.000000e+00  0.000000e+00
   outer loop
     vertex -6.240000e+00 -1.169361e+01  2.277205e+00
     vertex -6.240000e+00 -9.425483e+00  3.742019e+00
     vertex -6.240000e+00 -9.485490e+00  3.839039e+00
   endloop
 endfacet
 facet normal  1.000000e+00 -0.000000e+00  0.000000e+00
   outer loop
     vertex -6.240000e+00 -1.169361e+01  2.277205e+00
     vertex -6.240000e+00 -1.155303e+01  2.072041e+00
     vertex -6.240000e+00 -9.425483e+00  3.742019e+00
   endloop
 endfacet
 facet normal  1.000000e+00  0.000000e+00  0.000000e+00
   outer loop
     vertex -6.240000e+00 -4.930778e+00  9.289417e+00
     vertex -6.240000e+00 -6.242019e+00  6.925483e+00
     vertex -6.240000e+00 -4.720660e+00  9.156353e+00
   endloop
 endfacet
 facet normal  1.000000e+00  0.000000e+00  0.000000e+00
   outer loop
     vertex -6.240000e+00 -4.930778e+00  9.289417e+00
     vertex -6.240000e+00 -6.339039e+00  6.985490e+00
     vertex -6.240000e+00 -6.242019e+00  6.925483e+00
   endloop
 endfacet
 facet normal  1.000000e+00  0.000000e+00  0.000000e+00
   outer loop
     vertex -6.240000e+00 -1.182382e+01  2.489106e+00
     vertex -6.240000e+00 -9.485490e+00  3.839039e+00
     vertex -6.240000e+00 -9.540612e+00  3.938915e+00
   endloop
 endfacet
 facet normal  1.000000e+00 -0.000000e+00  0.000000e+00
   outer loop
     vertex -6.240000e+00 -1.182382e+01  2.489106e+00
     vertex -6.240000e+00 -1.169361e+01  2.277205e+00
     vertex -6.240000e+00 -9.485490e+00  3.839039e+00
   endloop
 endfacet
 facet normal  1.000000e+00  0.000000e+00  0.000000e+00
   outer loop
     vertex -6.240000e+00 -5.147253e+00  9.411868e+00
     vertex -6.240000e+00 -6.438915e+00  7.040612e+00
     vertex -6.240000e+00 -6.339039e+00  6.985490e+00
   endloop
 endfacet
 facet normal  1.000000e+00  0.000000e+00  0.000000e+00
   outer loop
     vertex -6.240000e+00 -5.147253e+00  9.411868e+00
     vertex -6.240000e+00 -6.339039e+00  6.985490e+00
     vertex -6.240000e+00 -4.930778e+00  9.289417e+00
   endloop
 endfacet
 facet normal  1.000000e+00  0.000000e+00  0.000000e+00
   outer loop
     vertex -6.240000e+00 -1.194333e+01  2.707219e+00
     vertex -6.240000e+00 -9.540612e+00  3.938915e+00
     vertex -6.240000e+00 -9.590715e+00  4.041402e+00
   endloop
 endfacet
 facet normal  1.000000e+00 -0.000000e+00  0.000000e+00
   outer loop
     vertex -6.240000e+00 -1.194333e+01  2.707219e+00
     vertex -6.240000e+00 -1.182382e+01  2.489106e+00
     vertex -6.240000e+00 -9.540612e+00  3.938915e+00
   endloop
 endfacet
 facet normal  1.000000e+00  0.000000e+00  0.000000e+00
   outer loop
     vertex -6.240000e+00 -5.369548e+00  9.523403e+00
     vertex -6.240000e+00 -6.541402e+00  7.090715e+00
     vertex -6.240000e+00 -6.438915e+00  7.040612e+00
   endloop
 endfacet
 facet normal  1.000000e+00  0.000000e+00  0.000000e+00
   outer loop
     vertex -6.240000e+00 -5.369548e+00  9.523403e+00
     vertex -6.240000e+00 -6.438915e+00  7.040612e+00
     vertex -6.240000e+00 -5.147253e+00  9.411868e+00
   endloop
 endfacet
 facet normal  1.000000e+00  0.000000e+00  0.000000e+00
   outer loop
     vertex -6.240000e+00 -1.205184e+01  2.931005e+00
     vertex -6.240000e+00 -9.590715e+00  4.041402e+00
     vertex -6.240000e+00 -9.635674e+00  4.146246e+00
   endloop
 endfacet
 facet normal  1.000000e+00 -0.000000e+00  0.000000e+00
   outer loop
     vertex -6.240000e+00 -1.205184e+01  2.931005e+00
     vertex -6.240000e+00 -1.194333e+01  2.707219e+00
     vertex -6.240000e+00 -9.590715e+00  4.041402e+00
   endloop
 endfacet
 facet normal  1.000000e+00  0.000000e+00  0.000000e+00
   outer loop
     vertex -6.240000e+00 -5.597115e+00  9.623746e+00
     vertex -6.240000e+00 -6.541402e+00  7.090715e+00
     vertex -6.240000e+00 -5.369548e+00  9.523403e+00
   endloop
 endfacet
 facet normal  1.000000e+00  0.000000e+00  0.000000e+00
   outer loop
     vertex -6.240000e+00 -5.597115e+00  9.623746e+00
     vertex -6.240000e+00 -6.646246e+00  7.135674e+00
     vertex -6.240000e+00 -6.541402e+00  7.090715e+00
   endloop
 endfacet
 facet normal  1.000000e+00  0.000000e+00  0.000000e+00
   outer loop
     vertex -6.240000e+00 -1.214909e+01  3.159910e+00
     vertex -6.240000e+00 -9.635674e+00  4.146246e+00
     vertex -6.240000e+00 -9.675380e+00  4.253191e+00
   endloop
 endfacet
 facet normal  1.000000e+00 -0.000000e+00  0.000000e+00
   outer loop
     vertex -6.240000e+00 -1.214909e+01  3.159910e+00
     vertex -6.240000e+00 -1.205184e+01  2.931005e+00
     vertex -6.240000e+00 -9.635674e+00  4.146246e+00
   endloop
 endfacet
 facet normal  1.000000e+00  0.000000e+00  0.000000e+00
   outer loop
     vertex -6.240000e+00 -5.829390e+00  9.712649e+00
     vertex -6.240000e+00 -6.646246e+00  7.135674e+00
     vertex -6.240000e+00 -5.597115e+00  9.623746e+00
   endloop
 endfacet
 facet normal  1.000000e+00  0.000000e+00  0.000000e+00
   outer loop
     vertex -6.240000e+00 -5.829390e+00  9.712649e+00
     vertex -6.240000e+00 -6.753191e+00  7.175380e+00
     vertex -6.240000e+00 -6.646246e+00  7.135674e+00
   endloop
 endfacet
 facet normal  1.000000e+00 -0.000000e+00  0.000000e+00
   outer loop
     vertex -6.240000e+00 -1.223484e+01  3.393368e+00
     vertex -6.240000e+00 -1.214909e+01  3.159910e+00
     vertex -6.240000e+00 -9.675380e+00  4.253191e+00
   endloop
 endfacet
 facet normal  1.000000e+00  0.000000e+00  0.000000e+00
   outer loop
     vertex -6.240000e+00 -1.223484e+01  3.393368e+00
     vertex -6.240000e+00 -9.675380e+00  4.253191e+00
     vertex -6.240000e+00 -9.709733e+00  4.361973e+00
   endloop
 endfacet
 facet normal  1.000000e+00  0.000000e+00  0.000000e+00
   outer loop
     vertex -6.240000e+00 -6.065799e+00  9.789892e+00
     vertex -6.240000e+00 -6.753191e+00  7.175380e+00
     vertex -6.240000e+00 -5.829390e+00  9.712649e+00
   endloop
 endfacet
 facet normal  1.000000e+00  0.000000e+00  0.000000e+00
   outer loop
     vertex -6.240000e+00 -6.065799e+00  9.789892e+00
     vertex -6.240000e+00 -6.861973e+00  7.209733e+00
     vertex -6.240000e+00 -6.753191e+00  7.175380e+00
   endloop
 endfacet
 facet normal  1.000000e+00  0.000000e+00  0.000000e+00
   outer loop
     vertex -6.240000e+00 -1.230888e+01  3.630801e+00
     vertex -6.240000e+00 -9.709733e+00  4.361973e+00
     vertex -6.240000e+00 -9.738651e+00  4.472325e+00
   endloop
 endfacet
 facet normal  1.000000e+00 -0.000000e+00  0.000000e+00
   outer loop
     vertex -6.240000e+00 -1.230888e+01  3.630801e+00
     vertex -6.240000e+00 -1.223484e+01  3.393368e+00
     vertex -6.240000e+00 -9.709733e+00  4.361973e+00
   endloop
 endfacet
 facet normal  1.000000e+00  0.000000e+00  0.000000e+00
   outer loop
     vertex -6.240000e+00 -6.305756e+00  9.855284e+00
     vertex -6.240000e+00 -6.972325e+00  7.238651e+00
     vertex -6.240000e+00 -6.861973e+00  7.209733e+00
   endloop
 endfacet
 facet normal  1.000000e+00  0.000000e+00  0.000000e+00
   outer loop
     vertex -6.240000e+00 -6.305756e+00  9.855284e+00
     vertex -6.240000e+00 -6.861973e+00  7.209733e+00
     vertex -6.240000e+00 -6.065799e+00  9.789892e+00
   endloop
 endfacet
 facet normal  1.000000e+00  0.000000e+00  0.000000e+00
   outer loop
     vertex -6.240000e+00 -1.237101e+01  3.871622e+00
     vertex -6.240000e+00 -9.738651e+00  4.472325e+00
     vertex -6.240000e+00 -9.762062e+00  4.583975e+00
   endloop
 endfacet
 facet normal  1.000000e+00 -0.000000e+00  0.000000e+00
   outer loop
     vertex -6.240000e+00 -1.237101e+01  3.871622e+00
     vertex -6.240000e+00 -1.230888e+01  3.630801e+00
     vertex -6.240000e+00 -9.738651e+00  4.472325e+00
   endloop
 endfacet
 facet normal  1.000000e+00  0.000000e+00  0.000000e+00
   outer loop
     vertex -6.240000e+00 -6.548668e+00  9.908663e+00
     vertex -6.240000e+00 -7.083975e+00  7.262062e+00
     vertex -6.240000e+00 -6.972325e+00  7.238651e+00
   endloop
 endfacet
 facet normal  1.000000e+00  0.000000e+00  0.000000e+00
   outer loop
     vertex -6.240000e+00 -6.548668e+00  9.908663e+00
     vertex -6.240000e+00 -6.972325e+00  7.238651e+00
     vertex -6.240000e+00 -6.305756e+00  9.855284e+00
   endloop
 endfacet
 facet normal  1.000000e+00  0.000000e+00  0.000000e+00
   outer loop
     vertex -6.240000e+00 -1.242110e+01  4.115234e+00
     vertex -6.240000e+00 -9.762062e+00  4.583975e+00
     vertex -6.240000e+00 -9.779907e+00  4.696648e+00
   endloop
 endfacet
 facet normal  1.000000e+00 -0.000000e+00  0.000000e+00
   outer loop
     vertex -6.240000e+00 -1.242110e+01  4.115234e+00
     vertex -6.240000e+00 -1.237101e+01  3.871622e+00
     vertex -6.240000e+00 -9.762062e+00  4.583975e+00
   endloop
 endfacet
 facet normal  1.000000e+00  0.000000e+00  0.000000e+00
   outer loop
     vertex -6.240000e+00 -6.793934e+00  9.949896e+00
     vertex -6.240000e+00 -7.196648e+00  7.279907e+00
     vertex -6.240000e+00 -7.083975e+00  7.262062e+00
   endloop
 endfacet
 facet normal  1.000000e+00  0.000000e+00  0.000000e+00
   outer loop
     vertex -6.240000e+00 -6.793934e+00  9.949896e+00
     vertex -6.240000e+00 -7.083975e+00  7.262062e+00
     vertex -6.240000e+00 -6.548668e+00  9.908663e+00
   endloop
 endfacet
 facet normal  1.000000e+00  0.000000e+00  0.000000e+00
   outer loop
     vertex -6.240000e+00 -1.245900e+01  4.361036e+00
     vertex -6.240000e+00 -9.779907e+00  4.696648e+00
     vertex -6.240000e+00 -9.792144e+00  4.810068e+00
   endloop
 endfacet
 facet normal  1.000000e+00 -0.000000e+00  0.000000e+00
   outer loop
     vertex -6.240000e+00 -1.245900e+01  4.361036e+00
     vertex -6.240000e+00 -1.242110e+01  4.115234e+00
     vertex -6.240000e+00 -9.779907e+00  4.696648e+00
   endloop
 endfacet
 facet normal  1.000000e+00  0.000000e+00  0.000000e+00
   outer loop
     vertex -6.240000e+00 -7.040947e+00  9.978882e+00
     vertex -6.240000e+00 -7.310068e+00  7.292144e+00
     vertex -6.240000e+00 -7.196648e+00  7.279907e+00
   endloop
 endfacet
 facet normal  1.000000e+00  0.000000e+00  0.000000e+00
   outer loop
     vertex -6.240000e+00 -7.040947e+00  9.978882e+00
     vertex -6.240000e+00 -7.196648e+00  7.279907e+00
     vertex -6.240000e+00 -6.793934e+00  9.949896e+00
   endloop
 endfacet
 facet normal  1.000000e+00  0.000000e+00  0.000000e+00
   outer loop
     vertex -6.240000e+00 -1.248464e+01  4.608419e+00
     vertex -6.240000e+00 -9.792144e+00  4.810068e+00
     vertex -6.240000e+00 -9.798742e+00  4.923954e+00
   endloop
 endfacet
 facet normal  1.000000e+00 -0.000000e+00  0.000000e+00
   outer loop
     vertex -6.240000e+00 -1.248464e+01  4.608419e+00
     vertex -6.240000e+00 -1.245900e+01  4.361036e+00
     vertex -6.240000e+00 -9.792144e+00  4.810068e+00
   endloop
 endfacet
 facet normal  1.000000e+00  0.000000e+00  0.000000e+00
   outer loop
     vertex -6.240000e+00 -7.289095e+00  9.995550e+00
     vertex -6.240000e+00 -7.310068e+00  7.292144e+00
     vertex -6.240000e+00 -7.040947e+00  9.978882e+00
   endloop
 endfacet
 facet normal  1.000000e+00  0.000000e+00  0.000000e+00
   outer loop
     vertex -6.240000e+00 -7.289095e+00  9.995550e+00
     vertex -6.240000e+00 -7.423954e+00  7.298742e+00
     vertex -6.240000e+00 -7.310068e+00  7.292144e+00
   endloop
 endfacet
 facet normal  1.000000e+00  0.000000e+00  0.000000e+00
   outer loop
     vertex -6.240000e+00 -1.249795e+01  4.856770e+00
     vertex -6.240000e+00 -9.798742e+00  4.923954e+00
     vertex -6.240000e+00 -9.799686e+00  5.038028e+00
   endloop
 endfacet
 facet normal  1.000000e+00 -0.000000e+00  0.000000e+00
   outer loop
     vertex -6.240000e+00 -1.249795e+01  4.856770e+00
     vertex -6.240000e+00 -1.248464e+01  4.608419e+00
     vertex -6.240000e+00 -9.798742e+00  4.923954e+00
   endloop
 endfacet
 facet normal  1.000000e+00  0.000000e+00  0.000000e+00
   outer loop
     vertex -6.240000e+00 -7.537765e+00  9.999857e+00
     vertex -6.240000e+00 -7.423954e+00  7.298742e+00
     vertex -6.240000e+00 -7.289095e+00  9.995550e+00
   endloop
 endfacet
 facet normal  1.000000e+00  0.000000e+00  0.000000e+00
   outer loop
     vertex -6.240000e+00 -7.537765e+00  9.999857e+00
     vertex -6.240000e+00 -7.538028e+00  7.299686e+00
     vertex -6.240000e+00 -7.423954e+00  7.298742e+00
   endloop
 endfacet
 facet normal  1.000000e+00 -0.000000e+00  0.000000e+00
   outer loop
     vertex -6.240000e+00 -1.249889e+01  5.105476e+00
     vertex -6.240000e+00 -9.799686e+00  5.038028e+00
     vertex -6.240000e+00 -9.794971e+00  5.152008e+00
   endloop
 endfacet
 facet normal  1.000000e+00  0.000000e+00  0.000000e+00
   outer loop
     vertex -6.240000e+00 -1.249889e+01  5.105476e+00
     vertex -6.240000e+00 -1.249795e+01  4.856770e+00
     vertex -6.240000e+00 -9.799686e+00  5.038028e+00
   endloop
 endfacet
 facet normal  1.000000e+00 -0.000000e+00  0.000000e+00
   outer loop
     vertex -6.240000e+00 -7.786342e+00  9.991794e+00
     vertex -6.240000e+00 -7.538028e+00  7.299686e+00
     vertex -6.240000e+00 -7.537765e+00  9.999857e+00
   endloop
 endfacet
 facet normal  1.000000e+00  0.000000e+00  0.000000e+00
   outer loop
     vertex -6.240000e+00 -7.786342e+00  9.991794e+00
     vertex -6.240000e+00 -7.652008e+00  7.294971e+00
     vertex -6.240000e+00 -7.538028e+00  7.299686e+00
   endloop
 endfacet
 facet normal  1.000000e+00  0.000000e+00  0.000000e+00
   outer loop
     vertex -6.240000e+00 -1.248746e+01  5.353921e+00
     vertex -6.240000e+00 -9.794971e+00  5.152008e+00
     vertex -6.240000e+00 -9.784611e+00  5.265615e+00
   endloop
 endfacet
 facet normal  1.000000e+00  0.000000e+00  0.000000e+00
   outer loop
     vertex -6.240000e+00 -1.248746e+01  5.353921e+00
     vertex -6.240000e+00 -1.249889e+01  5.105476e+00
     vertex -6.240000e+00 -9.794971e+00  5.152008e+00
   endloop
 endfacet
 facet normal  1.000000e+00 -0.000000e+00  0.000000e+00
   outer loop
     vertex -6.240000e+00 -8.034211e+00  9.971380e+00
     vertex -6.240000e+00 -7.652008e+00  7.294971e+00
     vertex -6.240000e+00 -7.786342e+00  9.991794e+00
   endloop
 endfacet
 facet normal  1.000000e+00  0.000000e+00  0.000000e+00
   outer loop
     vertex -6.240000e+00 -8.034211e+00  9.971380e+00
     vertex -6.240000e+00 -7.765615e+00  7.284611e+00
     vertex -6.240000e+00 -7.652008e+00  7.294971e+00
   endloop
 endfacet
 facet normal  1.000000e+00  0.000000e+00  0.000000e+00
   outer loop
     vertex -6.240000e+00 -1.246369e+01  5.601490e+00
     vertex -6.240000e+00 -1.248746e+01  5.353921e+00
     vertex -6.240000e+00 -9.784611e+00  5.265615e+00
   endloop
 endfacet
 facet normal  1.000000e+00  0.000000e+00  0.000000e+00
   outer loop
     vertex -6.240000e+00 -1.246369e+01  5.601490e+00
     vertex -6.240000e+00 -9.784611e+00  5.265615e+00
     vertex -6.240000e+00 -9.768631e+00  5.378568e+00
   endloop
 endfacet
 facet normal  1.000000e+00 -0.000000e+00  0.000000e+00
   outer loop
     vertex -6.240000e+00 -8.280757e+00  9.938666e+00
     vertex -6.240000e+00 -7.765615e+00  7.284611e+00
     vertex -6.240000e+00 -8.034211e+00  9.971380e+00
   endloop
 endfacet
 facet normal  1.000000e+00  0.000000e+00  0.000000e+00
   outer loop
     vertex -6.240000e+00 -8.280757e+00  9.938666e+00
     vertex -6.240000e+00 -7.878568e+00  7.268631e+00
     vertex -6.240000e+00 -7.765615e+00  7.284611e+00
   endloop
 endfacet
 facet normal  1.000000e+00  0.000000e+00  0.000000e+00
   outer loop
     vertex -6.240000e+00 -1.242764e+01  5.847571e+00
     vertex -6.240000e+00 -1.246369e+01  5.601490e+00
     vertex -6.240000e+00 -9.768631e+00  5.378568e+00
   endloop
 endfacet
 facet normal  1.000000e+00  0.000000e+00  0.000000e+00
   outer loop
     vertex -6.240000e+00 -1.242764e+01  5.847571e+00
     vertex -6.240000e+00 -9.768631e+00  5.378568e+00
     vertex -6.240000e+00 -9.747070e+00  5.490589e+00
   endloop
 endfacet
 facet normal  1.000000e+00 -0.000000e+00  0.000000e+00
   outer loop
     vertex -6.240000e+00 -8.525372e+00  9.893732e+00
     vertex -6.240000e+00 -7.878568e+00  7.268631e+00
     vertex -6.240000e+00 -8.280757e+00  9.938666e+00
   endloop
 endfacet
 facet normal  1.000000e+00  0.000000e+00  0.000000e+00
   outer loop
     vertex -6.240000e+00 -8.525372e+00  9.893732e+00
     vertex -6.240000e+00 -7.990589e+00  7.247070e+00
     vertex -6.240000e+00 -7.878568e+00  7.268631e+00
   endloop
 endfacet
 facet normal  1.000000e+00  0.000000e+00  0.000000e+00
   outer loop
     vertex -6.240000e+00 -1.237940e+01  6.091555e+00
     vertex -6.240000e+00 -9.747070e+00  5.490589e+00
     vertex -6.240000e+00 -9.719980e+00  5.601404e+00
   endloop
 endfacet
 facet normal  1.000000e+00  0.000000e+00  0.000000e+00
   outer loop
     vertex -6.240000e+00 -1.237940e+01  6.091555e+00
     vertex -6.240000e+00 -1.242764e+01  5.847571e+00
     vertex -6.240000e+00 -9.747070e+00  5.490589e+00
   endloop
 endfacet
 facet normal  1.000000e+00 -0.000000e+00  0.000000e+00
   outer loop
     vertex -6.240000e+00 -8.767450e+00  9.836690e+00
     vertex -6.240000e+00 -7.990589e+00  7.247070e+00
     vertex -6.240000e+00 -8.525372e+00  9.893732e+00
   endloop
 endfacet
 facet normal  1.000000e+00  0.000000e+00  0.000000e+00
   outer loop
     vertex -6.240000e+00 -8.767450e+00  9.836690e+00
     vertex -6.240000e+00 -8.101404e+00  7.219980e+00
     vertex -6.240000e+00 -7.990589e+00  7.247070e+00
   endloop
 endfacet
 facet normal  1.000000e+00  0.000000e+00  0.000000e+00
   outer loop
     vertex -6.240000e+00 -1.231908e+01  6.332838e+00
     vertex -6.240000e+00 -1.237940e+01  6.091555e+00
     vertex -6.240000e+00 -9.719980e+00  5.601404e+00
   endloop
 endfacet
 facet normal  1.000000e+00  0.000000e+00  0.000000e+00
   outer loop
     vertex -6.240000e+00 -1.231908e+01  6.332838e+00
     vertex -6.240000e+00 -9.719980e+00  5.601404e+00
     vertex -6.240000e+00 -9.687430e+00  5.710739e+00
   endloop
 endfacet
 facet normal  1.000000e+00 -0.000000e+00  0.000000e+00
   outer loop
     vertex -6.240000e+00 -9.006392e+00  9.767681e+00
     vertex -6.240000e+00 -8.101404e+00  7.219980e+00
     vertex -6.240000e+00 -8.767450e+00  9.836690e+00
   endloop
 endfacet
 facet normal  1.000000e+00  0.000000e+00  0.000000e+00
   outer loop
     vertex -6.240000e+00 -9.006392e+00  9.767681e+00
     vertex -6.240000e+00 -8.210739e+00  7.187430e+00
     vertex -6.240000e+00 -8.101404e+00  7.219980e+00
   endloop
 endfacet
 facet normal  1.000000e+00  0.000000e+00  0.000000e+00
   outer loop
     vertex -6.240000e+00 -1.224684e+01  6.570824e+00
     vertex -6.240000e+00 -1.231908e+01  6.332838e+00
     vertex -6.240000e+00 -9.687430e+00  5.710739e+00
   endloop
 endfacet
 facet normal  1.000000e+00  0.000000e+00  0.000000e+00
   outer loop
     vertex -6.240000e+00 -1.224684e+01  6.570824e+00
     vertex -6.240000e+00 -9.687430e+00  5.710739e+00
     vertex -6.240000e+00 -9.649498e+00  5.818326e+00
   endloop
 endfacet
 facet normal  1.000000e+00 -0.000000e+00  0.000000e+00
   outer loop
     vertex -6.240000e+00 -9.241607e+00  9.686876e+00
     vertex -6.240000e+00 -8.210739e+00  7.187430e+00
     vertex -6.240000e+00 -9.006392e+00  9.767681e+00
   endloop
 endfacet
 facet normal  1.000000e+00  0.000000e+00  0.000000e+00
   outer loop
     vertex -6.240000e+00 -9.241607e+00  9.686876e+00
     vertex -6.240000e+00 -8.318326e+00  7.149498e+00
     vertex -6.240000e+00 -8.210739e+00  7.187430e+00
   endloop
 endfacet
 facet normal  1.000000e+00  0.000000e+00  0.000000e+00
   outer loop
     vertex -6.240000e+00 -1.216286e+01  6.804922e+00
     vertex -6.240000e+00 -1.224684e+01  6.570824e+00
     vertex -6.240000e+00 -9.649498e+00  5.818326e+00
   endloop
 endfacet
 facet normal  1.000000e+00  0.000000e+00  0.000000e+00
   outer loop
     vertex -6.240000e+00 -1.216286e+01  6.804922e+00
     vertex -6.240000e+00 -9.649498e+00  5.818326e+00
     vertex -6.240000e+00 -9.606279e+00  5.923899e+00
   endloop
 endfacet
 facet normal  1.000000e+00 -0.000000e+00  0.000000e+00
   outer loop
     vertex -6.240000e+00 -9.472513e+00  9.594474e+00
     vertex -6.240000e+00 -8.318326e+00  7.149498e+00
     vertex -6.240000e+00 -9.241607e+00  9.686876e+00
   endloop
 endfacet
 facet normal  1.000000e+00  0.000000e+00  0.000000e+00
   outer loop
     vertex -6.240000e+00 -9.472513e+00  9.594474e+00
     vertex -6.240000e+00 -8.423899e+00  7.106279e+00
     vertex -6.240000e+00 -8.318326e+00  7.149498e+00
   endloop
 endfacet
 facet normal  1.000000e+00  0.000000e+00  0.000000e+00
   outer loop
     vertex -6.240000e+00 -1.206734e+01  7.034556e+00
     vertex -6.240000e+00 -1.216286e+01  6.804922e+00
     vertex -6.240000e+00 -9.606279e+00  5.923899e+00
   endloop
 endfacet
 facet normal  1.000000e+00  0.000000e+00  0.000000e+00
   outer loop
     vertex -6.240000e+00 -1.206734e+01  7.034556e+00
     vertex -6.240000e+00 -9.606279e+00  5.923899e+00
     vertex -6.240000e+00 -9.557877e+00  6.027200e+00
   endloop
 endfacet
 facet normal  1.000000e+00 -0.000000e+00  0.000000e+00
   outer loop
     vertex -6.240000e+00 -9.698538e+00  9.490705e+00
     vertex -6.240000e+00 -8.423899e+00  7.106279e+00
     vertex -6.240000e+00 -9.472513e+00  9.594474e+00
   endloop
 endfacet
 facet normal  1.000000e+00  0.000000e+00  0.000000e+00
   outer loop
     vertex -6.240000e+00 -9.698538e+00  9.490705e+00
     vertex -6.240000e+00 -8.527200e+00  7.057877e+00
     vertex -6.240000e+00 -8.423899e+00  7.106279e+00
   endloop
 endfacet
 facet normal  1.000000e+00  0.000000e+00  0.000000e+00
   outer loop
     vertex -6.240000e+00 -1.196052e+01  7.259155e+00
     vertex -6.240000e+00 -1.206734e+01  7.034556e+00
     vertex -6.240000e+00 -9.557877e+00  6.027200e+00
   endloop
 endfacet
 facet normal  1.000000e+00  0.000000e+00  0.000000e+00
   outer loop
     vertex -6.240000e+00 -1.196052e+01  7.259155e+00
     vertex -6.240000e+00 -9.557877e+00  6.027200e+00
     vertex -6.240000e+00 -9.504414e+00  6.127974e+00
   endloop
 endfacet
 facet normal  1.000000e+00 -0.000000e+00  0.000000e+00
   outer loop
     vertex -6.240000e+00 -9.919124e+00  9.375825e+00
     vertex -6.240000e+00 -8.527200e+00  7.057877e+00
     vertex -6.240000e+00 -9.698538e+00  9.490705e+00
   endloop
 endfacet
 facet normal  1.000000e+00  0.000000e+00  0.000000e+00
   outer loop
     vertex -6.240000e+00 -9.919124e+00  9.375825e+00
     vertex -6.240000e+00 -8.627974e+00  7.004414e+00
     vertex -6.240000e+00 -8.527200e+00  7.057877e+00
   endloop
 endfacet
 facet normal  1.000000e+00  0.000000e+00  0.000000e+00
   outer loop
     vertex -6.240000e+00 -1.184266e+01  7.478164e+00
     vertex -6.240000e+00 -9.504414e+00  6.127974e+00
     vertex -6.240000e+00 -9.446019e+00  6.225973e+00
   endloop
 endfacet
 facet normal  1.000000e+00  0.000000e+00  0.000000e+00
   outer loop
     vertex -6.240000e+00 -1.184266e+01  7.478164e+00
     vertex -6.240000e+00 -1.196052e+01  7.259155e+00
     vertex -6.240000e+00 -9.504414e+00  6.127974e+00
   endloop
 endfacet
 facet normal  1.000000e+00 -0.000000e+00  0.000000e+00
   outer loop
     vertex -6.240000e+00 -1.013372e+01  9.250118e+00
     vertex -6.240000e+00 -8.627974e+00  7.004414e+00
     vertex -6.240000e+00 -9.919124e+00  9.375825e+00
   endloop
 endfacet
 facet normal  1.000000e+00  0.000000e+00  0.000000e+00
   outer loop
     vertex -6.240000e+00 -1.013372e+01  9.250118e+00
     vertex -6.240000e+00 -8.725973e+00  6.946019e+00
     vertex -6.240000e+00 -8.627974e+00  7.004414e+00
   endloop
 endfacet
 facet normal  1.000000e+00  0.000000e+00  0.000000e+00
   outer loop
     vertex -6.240000e+00 -1.171406e+01  7.691042e+00
     vertex -6.240000e+00 -9.446019e+00  6.225973e+00
     vertex -6.240000e+00 -9.382837e+00  6.320956e+00
   endloop
 endfacet
 facet normal  1.000000e+00  0.000000e+00  0.000000e+00
   outer loop
     vertex -6.240000e+00 -1.171406e+01  7.691042e+00
     vertex -6.240000e+00 -1.184266e+01  7.478164e+00
     vertex -6.240000e+00 -9.446019e+00  6.225973e+00
   endloop
 endfacet
 facet normal  1.000000e+00 -0.000000e+00  0.000000e+00
   outer loop
     vertex -6.240000e+00 -1.034181e+01  9.113895e+00
     vertex -6.240000e+00 -8.725973e+00  6.946019e+00
     vertex -6.240000e+00 -1.013372e+01  9.250118e+00
   endloop
 endfacet
 facet normal  1.000000e+00  0.000000e+00  0.000000e+00
   outer loop
     vertex -6.240000e+00 -1.034181e+01  9.113895e+00
     vertex -6.240000e+00 -8.820956e+00  6.882837e+00
     vertex -6.240000e+00 -8.725973e+00  6.946019e+00
   endloop
 endfacet
 facet normal  1.000000e+00  0.000000e+00  0.000000e+00
   outer loop
     vertex -6.240000e+00 -1.157503e+01  7.897262e+00
     vertex -6.240000e+00 -1.171406e+01  7.691042e+00
     vertex -6.240000e+00 -9.382837e+00  6.320956e+00
   endloop
 endfacet
 facet normal  1.000000e+00  0.000000e+00  0.000000e+00
   outer loop
     vertex -6.240000e+00 -1.157503e+01  7.897262e+00
     vertex -6.240000e+00 -9.382837e+00  6.320956e+00
     vertex -6.240000e+00 -9.315023e+00  6.412689e+00
   endloop
 endfacet
 facet normal  1.000000e+00 -0.000000e+00  0.000000e+00
   outer loop
     vertex -6.240000e+00 -1.054286e+01  8.967493e+00
     vertex -6.240000e+00 -8.820956e+00  6.882837e+00
     vertex -6.240000e+00 -1.034181e+01  9.113895e+00
   endloop
 endfacet
 facet normal  1.000000e+00  0.000000e+00  0.000000e+00
   outer loop
     vertex -6.240000e+00 -1.054286e+01  8.967493e+00
     vertex -6.240000e+00 -8.912689e+00  6.815023e+00
     vertex -6.240000e+00 -8.820956e+00  6.882837e+00
   endloop
 endfacet
 facet normal  1.000000e+00  0.000000e+00  0.000000e+00
   outer loop
     vertex -6.240000e+00 -1.142592e+01  8.096313e+00
     vertex -6.240000e+00 -9.315023e+00  6.412689e+00
     vertex -6.240000e+00 -9.242744e+00  6.500947e+00
   endloop
 endfacet
 facet normal  1.000000e+00  0.000000e+00  0.000000e+00
   outer loop
     vertex -6.240000e+00 -1.142592e+01  8.096313e+00
     vertex -6.240000e+00 -1.157503e+01  7.897262e+00
     vertex -6.240000e+00 -9.315023e+00  6.412689e+00
   endloop
 endfacet
 facet normal  1.000000e+00  0.000000e+00  0.000000e+00
   outer loop
     vertex -6.240000e+00 -1.073638e+01  8.811275e+00
     vertex -6.240000e+00 -9.000947e+00  6.742744e+00
     vertex -6.240000e+00 -8.912689e+00  6.815023e+00
   endloop
 endfacet
 facet normal  1.000000e+00 -0.000000e+00  0.000000e+00
   outer loop
     vertex -6.240000e+00 -1.073638e+01  8.811275e+00
     vertex -6.240000e+00 -8.912689e+00  6.815023e+00
     vertex -6.240000e+00 -1.054286e+01  8.967493e+00
   endloop
 endfacet
 facet normal  1.000000e+00  0.000000e+00  0.000000e+00
   outer loop
     vertex -6.240000e+00 -1.126709e+01  8.287704e+00
     vertex -6.240000e+00 -9.242744e+00  6.500947e+00
     vertex -6.240000e+00 -9.166178e+00  6.585513e+00
   endloop
 endfacet
 facet normal  1.000000e+00  0.000000e+00  0.000000e+00
   outer loop
     vertex -6.240000e+00 -1.126709e+01  8.287704e+00
     vertex -6.240000e+00 -1.142592e+01  8.096313e+00
     vertex -6.240000e+00 -9.242744e+00  6.500947e+00
   endloop
 endfacet
 facet normal  1.000000e+00  0.000000e+00  0.000000e+00
   outer loop
     vertex -6.240000e+00 -1.092190e+01  8.645628e+00
     vertex -6.240000e+00 -9.085513e+00  6.666178e+00
     vertex -6.240000e+00 -9.000947e+00  6.742744e+00
   endloop
 endfacet
 facet normal  1.000000e+00 -0.000000e+00  0.000000e+00
   outer loop
     vertex -6.240000e+00 -1.092190e+01  8.645628e+00
     vertex -6.240000e+00 -9.000947e+00  6.742744e+00
     vertex -6.240000e+00 -1.073638e+01  8.811275e+00
   endloop
 endfacet
 facet normal  1.000000e+00  0.000000e+00  0.000000e+00
   outer loop
     vertex -6.240000e+00 -1.109895e+01  8.470960e+00
     vertex -6.240000e+00 -9.166178e+00  6.585513e+00
     vertex -6.240000e+00 -9.085513e+00  6.666178e+00
   endloop
 endfacet
 facet normal  1.000000e+00  0.000000e+00  0.000000e+00
   outer loop
     vertex -6.240000e+00 -1.109895e+01  8.470960e+00
     vertex -6.240000e+00 -1.126709e+01  8.287704e+00
     vertex -6.240000e+00 -9.166178e+00  6.585513e+00
   endloop
 endfacet
 facet normal  1.000000e+00 -0.000000e+00  0.000000e+00
   outer loop
     vertex -6.240000e+00 -1.109895e+01  8.470960e+00
     vertex -6.240000e+00 -9.085513e+00  6.666178e+00
     vertex -6.240000e+00 -1.092190e+01  8.645628e+00
   endloop
 endfacet
 facet normal  1.000000e+00 -0.000000e+00  0.000000e+00
   outer loop
     vertex -6.240000e+00 -6.364218e+00  3.000000e+00
     vertex -6.240000e+00 -2.917424e+00  3.000000e+00
     vertex -6.240000e+00 -6.269712e+00  3.056706e+00
   endloop
 endfacet
 facet normal -1.000000e+00  0.000000e+00  0.000000e+00
   outer loop
     vertex  6.240000e+00 -5.922005e+00  3.326700e+00
     vertex  6.240000e+00 -5.843657e+00  3.404216e+00
     vertex  6.240000e+00 -2.917424e+00  3.000000e+00
   endloop
 endfacet
 facet normal -1.000000e+00  0.000000e+00 -0.000000e+00
   outer loop
     vertex  6.240000e+00 -5.769112e+00  3.485396e+00
     vertex  6.240000e+00 -2.917424e+00  3.000000e+00
     vertex  6.240000e+00 -5.843657e+00  3.404216e+00
   endloop
 endfacet
 facet normal -1.000000e+00  0.000000e+00  0.000000e+00
   outer loop
     vertex  6.240000e+00 -6.003977e+00  3.253027e+00
     vertex  6.240000e+00 -5.922005e+00  3.326700e+00
     vertex  6.240000e+00 -2.917424e+00  3.000000e+00
   endloop
 endfacet
 facet normal -1.000000e+00  0.000000e+00 -0.000000e+00
   outer loop
     vertex  6.240000e+00 -5.698542e+00  3.570053e+00
     vertex  6.240000e+00 -2.917424e+00  3.000000e+00
     vertex  6.240000e+00 -5.769112e+00  3.485396e+00
   endloop
 endfacet
 facet normal -1.000000e+00  0.000000e+00  0.000000e+00
   outer loop
     vertex  6.240000e+00 -6.089384e+00  3.183365e+00
     vertex  6.240000e+00 -6.003977e+00  3.253027e+00
     vertex  6.240000e+00 -2.917424e+00  3.000000e+00
   endloop
 endfacet
 facet normal -1.000000e+00  0.000000e+00 -0.000000e+00
   outer loop
     vertex  6.240000e+00 -5.632108e+00  3.657994e+00
     vertex  6.240000e+00 -2.917424e+00  3.000000e+00
     vertex  6.240000e+00 -5.698542e+00  3.570053e+00
   endloop
 endfacet
 facet normal -1.000000e+00  0.000000e+00  0.000000e+00
   outer loop
     vertex  6.240000e+00 -6.178030e+00  3.117875e+00
     vertex  6.240000e+00 -6.089384e+00  3.183365e+00
     vertex  6.240000e+00 -2.917424e+00  3.000000e+00
   endloop
 endfacet
 facet normal -1.000000e+00  0.000000e+00 -0.000000e+00
   outer loop
     vertex  6.240000e+00 -5.569963e+00  3.749017e+00
     vertex  6.240000e+00 -2.917424e+00  3.000000e+00
     vertex  6.240000e+00 -5.632108e+00  3.657994e+00
   endloop
 endfacet
 facet normal -1.000000e+00  0.000000e+00  0.000000e+00
   outer loop
     vertex  6.240000e+00 -6.269712e+00  3.056706e+00
     vertex  6.240000e+00 -6.178030e+00  3.117875e+00
     vertex  6.240000e+00 -2.917424e+00  3.000000e+00
   endloop
 endfacet
 facet normal -1.000000e+00  0.000000e+00 -0.000000e+00
   outer loop
     vertex  6.240000e+00 -5.512250e+00  3.842913e+00
     vertex  6.240000e+00 -2.917424e+00  3.000000e+00
     vertex  6.240000e+00 -5.569963e+00  3.749017e+00
   endloop
 endfacet
 facet normal -1.000000e+00  0.000000e+00 -0.000000e+00
   outer loop
     vertex  6.240000e+00 -5.459102e+00  3.939465e+00
     vertex  6.240000e+00 -2.917424e+00  3.000000e+00
     vertex  6.240000e+00 -5.512250e+00  3.842913e+00
   endloop
 endfacet
 facet normal -1.000000e+00  0.000000e+00 -0.000000e+00
   outer loop
     vertex  6.240000e+00 -5.410640e+00  4.038453e+00
     vertex  6.240000e+00 -2.917424e+00  3.000000e+00
     vertex  6.240000e+00 -5.459102e+00  3.939465e+00
   endloop
 endfacet
 facet normal -1.000000e+00  0.000000e+00  0.000000e+00
   outer loop
     vertex  6.240000e+00 -5.366975e+00  4.139648e+00
     vertex  6.240000e+00 -2.823641e+00  3.230348e+00
     vertex  6.240000e+00 -2.917424e+00  3.000000e+00
   endloop
 endfacet
 facet normal -1.000000e+00  0.000000e+00 -0.000000e+00
   outer loop
     vertex  6.240000e+00 -5.366975e+00  4.139648e+00
     vertex  6.240000e+00 -2.917424e+00  3.000000e+00
     vertex  6.240000e+00 -5.410640e+00  4.038453e+00
   endloop
 endfacet
 facet normal -1.000000e+00  0.000000e+00  0.000000e+00
   outer loop
     vertex  6.240000e+00 -5.328209e+00  4.242819e+00
     vertex  6.240000e+00 -2.741428e+00  3.465075e+00
     vertex  6.240000e+00 -2.823641e+00  3.230348e+00
   endloop
 endfacet
 facet normal -1.000000e+00  0.000000e+00 -0.000000e+00
   outer loop
     vertex  6.240000e+00 -5.328209e+00  4.242819e+00
     vertex  6.240000e+00 -2.823641e+00  3.230348e+00
     vertex  6.240000e+00 -5.366975e+00  4.139648e+00
   endloop
 endfacet
 facet normal -1.000000e+00  0.000000e+00 -0.000000e+00
   outer loop
     vertex  6.240000e+00 -5.294429e+00  4.347729e+00
     vertex  6.240000e+00 -2.741428e+00  3.465075e+00
     vertex  6.240000e+00 -5.328209e+00  4.242819e+00
   endloop
 endfacet
 facet normal -1.000000e+00  0.000000e+00  0.000000e+00
   outer loop
     vertex  6.240000e+00 -5.294429e+00  4.347729e+00
     vertex  6.240000e+00 -2.670989e+00  3.703599e+00
     vertex  6.240000e+00 -2.741428e+00  3.465075e+00
   endloop
 endfacet
 facet normal -1.000000e+00  0.000000e+00  0.000000e+00
   outer loop
     vertex  6.240000e+00 -5.265714e+00  4.454136e+00
     vertex  6.240000e+00 -2.612498e+00  3.945331e+00
     vertex  6.240000e+00 -2.670989e+00  3.703599e+00
   endloop
 endfacet
 facet normal -1.000000e+00  0.000000e+00 -0.000000e+00
   outer loop
     vertex  6.240000e+00 -5.265714e+00  4.454136e+00
     vertex  6.240000e+00 -2.670989e+00  3.703599e+00
     vertex  6.240000e+00 -5.294429e+00  4.347729e+00
   endloop
 endfacet
 facet normal -1.000000e+00  0.000000e+00  0.000000e+00
   outer loop
     vertex  6.240000e+00 -5.242130e+00  4.561797e+00
     vertex  6.240000e+00 -2.566100e+00  4.189672e+00
     vertex  6.240000e+00 -2.612498e+00  3.945331e+00
   endloop
 endfacet
 facet normal -1.000000e+00  0.000000e+00 -0.000000e+00
   outer loop
     vertex  6.240000e+00 -5.242130e+00  4.561797e+00
     vertex  6.240000e+00 -2.612498e+00  3.945331e+00
     vertex  6.240000e+00 -5.265714e+00  4.454136e+00
   endloop
 endfacet
 facet normal -1.000000e+00  0.000000e+00  0.000000e+00
   outer loop
     vertex  6.240000e+00 -5.223730e+00  4.670465e+00
     vertex  6.240000e+00 -2.531909e+00  4.436018e+00
     vertex  6.240000e+00 -2.566100e+00  4.189672e+00
   endloop
 endfacet
 facet normal -1.000000e+00  0.000000e+00 -0.000000e+00
   outer loop
     vertex  6.240000e+00 -5.223730e+00  4.670465e+00
     vertex  6.240000e+00 -2.566100e+00  4.189672e+00
     vertex  6.240000e+00 -5.242130e+00  4.561797e+00
   endloop
 endfacet
 facet normal -1.000000e+00  0.000000e+00  0.000000e+00
   outer loop
     vertex  6.240000e+00 -5.210557e+00  4.779888e+00
     vertex  6.240000e+00 -2.510011e+00  4.683760e+00
     vertex  6.240000e+00 -2.531909e+00  4.436018e+00
   endloop
 endfacet
 facet normal -1.000000e+00  0.000000e+00 -0.000000e+00
   outer loop
     vertex  6.240000e+00 -5.210557e+00  4.779888e+00
     vertex  6.240000e+00 -2.531909e+00  4.436018e+00
     vertex  6.240000e+00 -5.223730e+00  4.670465e+00
   endloop
 endfacet
 facet normal -1.000000e+00  0.000000e+00  0.000000e+00
   outer loop
     vertex  6.240000e+00 -5.202641e+00  4.889818e+00
     vertex  6.240000e+00 -2.500459e+00  4.932284e+00
     vertex  6.240000e+00 -2.510011e+00  4.683760e+00
   endloop
 endfacet
 facet normal -1.000000e+00  0.000000e+00 -0.000000e+00
   outer loop
     vertex  6.240000e+00 -5.202641e+00  4.889818e+00
     vertex  6.240000e+00 -2.510011e+00  4.683760e+00
     vertex  6.240000e+00 -5.210557e+00  4.779888e+00
   endloop
 endfacet
 facet normal -1.000000e+00  0.000000e+00  0.000000e+00
   outer loop
     vertex  6.240000e+00 -5.200000e+00  5.000000e+00
     vertex  6.240000e+00 -2.503276e+00  5.180976e+00
     vertex  6.240000e+00 -2.500459e+00  4.932284e+00
   endloop
 endfacet
 facet normal -1.000000e+00  0.000000e+00 -0.000000e+00
   outer loop
     vertex  6.240000e+00 -5.200000e+00  5.000000e+00
     vertex  6.240000e+00 -2.500459e+00  4.932284e+00
     vertex  6.240000e+00 -5.202641e+00  4.889818e+00
   endloop
 endfacet
 facet normal -1.000000e+00  0.000000e+00  0.000000e+00
   outer loop
     vertex  6.240000e+00 -5.202829e+00  5.114043e+00
     vertex  6.240000e+00 -2.518457e+00  5.429220e+00
     vertex  6.240000e+00 -2.503276e+00  5.180976e+00
   endloop
 endfacet
 facet normal -1.000000e+00  0.000000e+00  0.000000e+00
   outer loop
     vertex  6.240000e+00 -5.202829e+00  5.114043e+00
     vertex  6.240000e+00 -2.503276e+00  5.180976e+00
     vertex  6.240000e+00 -5.200000e+00  5.000000e+00
   endloop
 endfacet
 facet normal -1.000000e+00  0.000000e+00 -0.000000e+00
   outer loop
     vertex  6.240000e+00 -7.614043e+00  2.702829e+00
     vertex  6.240000e+00 -7.500000e+00  0.000000e+00
     vertex  6.240000e+00 -7.748631e+00  6.185549e-03
   endloop
 endfacet
 facet normal -1.000000e+00  0.000000e+00  0.000000e+00
   outer loop
     vertex  6.240000e+00 -7.614043e+00  2.702829e+00
     vertex  6.240000e+00 -7.500000e+00  2.700000e+00
     vertex  6.240000e+00 -7.500000e+00  0.000000e+00
   endloop
 endfacet
 facet normal -1.000000e+00  0.000000e+00  0.000000e+00
   outer loop
     vertex  6.240000e+00 -5.211309e+00  5.227805e+00
     vertex  6.240000e+00 -2.545963e+00  5.676402e+00
     vertex  6.240000e+00 -2.518457e+00  5.429220e+00
   endloop
 endfacet
 facet normal -1.000000e+00  0.000000e+00  0.000000e+00
   outer loop
     vertex  6.240000e+00 -5.211309e+00  5.227805e+00
     vertex  6.240000e+00 -2.518457e+00  5.429220e+00
     vertex  6.240000e+00 -5.202829e+00  5.114043e+00
   endloop
 endfacet
 facet normal -1.000000e+00  0.000000e+00  0.000000e+00
   outer loop
     vertex  6.240000e+00 -7.727805e+00  2.711309e+00
     vertex  6.240000e+00 -7.748631e+00  6.185549e-03
     vertex  6.240000e+00 -7.996646e+00  2.472689e-02
   endloop
 endfacet
 facet normal -1.000000e+00  0.000000e+00 -0.000000e+00
   outer loop
     vertex  6.240000e+00 -7.727805e+00  2.711309e+00
     vertex  6.240000e+00 -7.614043e+00  2.702829e+00
     vertex  6.240000e+00 -7.748631e+00  6.185549e-03
   endloop
 endfacet
 facet normal -1.000000e+00  0.000000e+00  0.000000e+00
   outer loop
     vertex  6.240000e+00 -5.225420e+00  5.341006e+00
     vertex  6.240000e+00 -2.585727e+00  5.921910e+00
     vertex  6.240000e+00 -2.545963e+00  5.676402e+00
   endloop
 endfacet
 facet normal -1.000000e+00  0.000000e+00  0.000000e+00
   outer loop
     vertex  6.240000e+00 -5.225420e+00  5.341006e+00
     vertex  6.240000e+00 -2.545963e+00  5.676402e+00
     vertex  6.240000e+00 -5.211309e+00  5.227805e+00
   endloop
 endfacet
 facet normal -1.000000e+00  0.000000e+00  0.000000e+00
   outer loop
     vertex  6.240000e+00 -7.841006e+00  2.725420e+00
     vertex  6.240000e+00 -7.996646e+00  2.472689e-02
     vertex  6.240000e+00 -8.243433e+00  5.557816e-02
   endloop
 endfacet
 facet normal -1.000000e+00  0.000000e+00 -0.000000e+00
   outer loop
     vertex  6.240000e+00 -7.841006e+00  2.725420e+00
     vertex  6.240000e+00 -7.727805e+00  2.711309e+00
     vertex  6.240000e+00 -7.996646e+00  2.472689e-02
   endloop
 endfacet
 facet normal -1.000000e+00  0.000000e+00  0.000000e+00
   outer loop
     vertex  6.240000e+00 -5.245126e+00  5.453369e+00
     vertex  6.240000e+00 -2.637649e+00  6.165137e+00
     vertex  6.240000e+00 -2.585727e+00  5.921910e+00
   endloop
 endfacet
 facet normal -1.000000e+00  0.000000e+00  0.000000e+00
   outer loop
     vertex  6.240000e+00 -5.245126e+00  5.453369e+00
     vertex  6.240000e+00 -2.585727e+00  5.921910e+00
     vertex  6.240000e+00 -5.225420e+00  5.341006e+00
   endloop
 endfacet
 facet normal -1.000000e+00  0.000000e+00  0.000000e+00
   outer loop
     vertex  6.240000e+00 -7.953369e+00  2.745126e+00
     vertex  6.240000e+00 -8.243433e+00  5.557816e-02
     vertex  6.240000e+00 -8.488380e+00  9.866300e-02
   endloop
 endfacet
 facet normal -1.000000e+00  0.000000e+00 -0.000000e+00
   outer loop
     vertex  6.240000e+00 -7.953369e+00  2.745126e+00
     vertex  6.240000e+00 -7.841006e+00  2.725420e+00
     vertex  6.240000e+00 -8.243433e+00  5.557816e-02
   endloop
 endfacet
 facet normal -1.000000e+00  0.000000e+00  0.000000e+00
   outer loop
     vertex  6.240000e+00 -5.270379e+00  5.564617e+00
     vertex  6.240000e+00 -2.701602e+00  6.405482e+00
     vertex  6.240000e+00 -2.637649e+00  6.165137e+00
   endloop
 endfacet
 facet normal -1.000000e+00  0.000000e+00  0.000000e+00
   outer loop
     vertex  6.240000e+00 -5.270379e+00  5.564617e+00
     vertex  6.240000e+00 -2.637649e+00  6.165137e+00
     vertex  6.240000e+00 -5.245126e+00  5.453369e+00
   endloop
 endfacet
 facet normal -1.000000e+00  0.000000e+00 -0.000000e+00
   outer loop
     vertex  6.240000e+00 -8.064617e+00  2.770379e+00
     vertex  6.240000e+00 -7.953369e+00  2.745126e+00
     vertex  6.240000e+00 -8.488380e+00  9.866300e-02
   endloop
 endfacet
 facet normal -1.000000e+00  0.000000e+00  0.000000e+00
   outer loop
     vertex  6.240000e+00 -8.064617e+00  2.770379e+00
     vertex  6.240000e+00 -8.488380e+00  9.866300e-02
     vertex  6.240000e+00 -8.730882e+00  1.538748e-01
   endloop
 endfacet
 facet normal -1.000000e+00  0.000000e+00  0.000000e+00
   outer loop
     vertex  6.240000e+00 -5.301118e+00  5.674475e+00
     vertex  6.240000e+00 -2.777428e+00  6.642349e+00
     vertex  6.240000e+00 -2.701602e+00  6.405482e+00
   endloop
 endfacet
 facet normal -1.000000e+00  0.000000e+00  0.000000e+00
   outer loop
     vertex  6.240000e+00 -5.301118e+00  5.674475e+00
     vertex  6.240000e+00 -2.701602e+00  6.405482e+00
     vertex  6.240000e+00 -5.270379e+00  5.564617e+00
   endloop
 endfacet
 facet normal -1.000000e+00  0.000000e+00 -0.000000e+00
   outer loop
     vertex  6.240000e+00 -8.174475e+00  2.801118e+00
     vertex  6.240000e+00 -8.064617e+00  2.770379e+00
     vertex  6.240000e+00 -8.730882e+00  1.538748e-01
   endloop
 endfacet
 facet normal -1.000000e+00  0.000000e+00  0.000000e+00
   outer loop
     vertex  6.240000e+00 -8.174475e+00  2.801118e+00
     vertex  6.240000e+00 -8.730882e+00  1.538748e-01
     vertex  6.240000e+00 -8.970339e+00  2.210770e-01
   endloop
 endfacet
 facet normal -1.000000e+00  0.000000e+00  0.000000e+00
   outer loop
     vertex  6.240000e+00 -5.337265e+00  5.782674e+00
     vertex  6.240000e+00 -2.777428e+00  6.642349e+00
     vertex  6.240000e+00 -5.301118e+00  5.674475e+00
   endloop
 endfacet
 facet normal -1.000000e+00  0.000000e+00  0.000000e+00
   outer loop
     vertex  6.240000e+00 -5.337265e+00  5.782674e+00
     vertex  6.240000e+00 -2.864938e+00  6.875153e+00
     vertex  6.240000e+00 -2.777428e+00  6.642349e+00
   endloop
 endfacet
 facet normal -1.000000e+00  0.000000e+00 -0.000000e+00
   outer loop
     vertex  6.240000e+00 -8.282674e+00  2.837265e+00
     vertex  6.240000e+00 -8.174475e+00  2.801118e+00
     vertex  6.240000e+00 -8.970339e+00  2.210770e-01
   endloop
 endfacet
 facet normal -1.000000e+00  0.000000e+00  0.000000e+00
   outer loop
     vertex  6.240000e+00 -8.282674e+00  2.837265e+00
     vertex  6.240000e+00 -8.970339e+00  2.210770e-01
     vertex  6.240000e+00 -9.206157e+00  3.001034e-01
   endloop
 endfacet
 facet normal -1.000000e+00  0.000000e+00  0.000000e+00
   outer loop
     vertex  6.240000e+00 -5.378734e+00  5.888948e+00
     vertex  6.240000e+00 -2.963916e+00  7.103317e+00
     vertex  6.240000e+00 -2.864938e+00  6.875153e+00
   endloop
 endfacet
 facet normal -1.000000e+00  0.000000e+00  0.000000e+00
   outer loop
     vertex  6.240000e+00 -5.378734e+00  5.888948e+00
     vertex  6.240000e+00 -2.864938e+00  6.875153e+00
     vertex  6.240000e+00 -5.337265e+00  5.782674e+00
   endloop
 endfacet
 facet normal -1.000000e+00  0.000000e+00 -0.000000e+00
   outer loop
     vertex  6.240000e+00 -8.388948e+00  2.878734e+00
     vertex  6.240000e+00 -8.282674e+00  2.837265e+00
     vertex  6.240000e+00 -9.206157e+00  3.001034e-01
   endloop
 endfacet
 facet normal -1.000000e+00  0.000000e+00  0.000000e+00
   outer loop
     vertex  6.240000e+00 -8.388948e+00  2.878734e+00
     vertex  6.240000e+00 -9.206157e+00  3.001034e-01
     vertex  6.240000e+00 -9.437754e+00  3.907583e-01
   endloop
 endfacet
 facet normal -1.000000e+00  0.000000e+00  0.000000e+00
   outer loop
     vertex  6.240000e+00 -5.425420e+00  5.993035e+00
     vertex  6.240000e+00 -3.074117e+00  7.326277e+00
     vertex  6.240000e+00 -2.963916e+00  7.103317e+00
   endloop
 endfacet
 facet normal -1.000000e+00  0.000000e+00  0.000000e+00
   outer loop
     vertex  6.240000e+00 -5.425420e+00  5.993035e+00
     vertex  6.240000e+00 -2.963916e+00  7.103317e+00
     vertex  6.240000e+00 -5.378734e+00  5.888948e+00
   endloop
 endfacet
 facet normal -1.000000e+00  0.000000e+00 -0.000000e+00
   outer loop
     vertex  6.240000e+00 -8.493035e+00  2.925420e+00
     vertex  6.240000e+00 -8.388948e+00  2.878734e+00
     vertex  6.240000e+00 -9.437754e+00  3.907583e-01
   endloop
 endfacet
 facet normal -1.000000e+00  0.000000e+00  0.000000e+00
   outer loop
     vertex  6.240000e+00 -8.493035e+00  2.925420e+00
     vertex  6.240000e+00 -9.437754e+00  3.907583e-01
     vertex  6.240000e+00 -9.664557e+00  4.928174e-01
   endloop
 endfacet
 facet normal -1.000000e+00  0.000000e+00  0.000000e+00
   outer loop
     vertex  6.240000e+00 -5.477210e+00  6.094679e+00
     vertex  6.240000e+00 -3.195269e+00  7.543481e+00
     vertex  6.240000e+00 -3.074117e+00  7.326277e+00
   endloop
 endfacet
 facet normal -1.000000e+00  0.000000e+00  0.000000e+00
   outer loop
     vertex  6.240000e+00 -5.477210e+00  6.094679e+00
     vertex  6.240000e+00 -3.074117e+00  7.326277e+00
     vertex  6.240000e+00 -5.425420e+00  5.993035e+00
   endloop
 endfacet
 facet normal -1.000000e+00  0.000000e+00 -0.000000e+00
   outer loop
     vertex  6.240000e+00 -8.594679e+00  2.977210e+00
     vertex  6.240000e+00 -8.493035e+00  2.925420e+00
     vertex  6.240000e+00 -9.664557e+00  4.928174e-01
   endloop
 endfacet
 facet normal -1.000000e+00  0.000000e+00  0.000000e+00
   outer loop
     vertex  6.240000e+00 -8.594679e+00  2.977210e+00
     vertex  6.240000e+00 -9.664557e+00  4.928174e-01
     vertex  6.240000e+00 -9.886004e+00  6.060284e-01
   endloop
 endfacet
 facet normal -1.000000e+00  0.000000e+00  0.000000e+00
   outer loop
     vertex  6.240000e+00 -5.533977e+00  6.193630e+00
     vertex  6.240000e+00 -3.327072e+00  7.754392e+00
     vertex  6.240000e+00 -3.195269e+00  7.543481e+00
   endloop
 endfacet
 facet normal -1.000000e+00  0.000000e+00  0.000000e+00
   outer loop
     vertex  6.240000e+00 -5.533977e+00  6.193630e+00
     vertex  6.240000e+00 -3.195269e+00  7.543481e+00
     vertex  6.240000e+00 -5.477210e+00  6.094679e+00
   endloop
 endfacet
 facet normal -1.000000e+00  0.000000e+00 -0.000000e+00
   outer loop
     vertex  6.240000e+00 -8.693630e+00  3.033977e+00
     vertex  6.240000e+00 -8.594679e+00  2.977210e+00
     vertex  6.240000e+00 -9.886004e+00  6.060284e-01
   endloop
 endfacet
 facet normal -1.000000e+00  0.000000e+00  0.000000e+00
   outer loop
     vertex  6.240000e+00 -8.693630e+00  3.033977e+00
     vertex  6.240000e+00 -9.886004e+00  6.060284e-01
     vertex  6.240000e+00 -1.010155e+01  7.301109e-01
   endloop
 endfacet
 facet normal -1.000000e+00  0.000000e+00  0.000000e+00
   outer loop
     vertex  6.240000e+00 -5.595580e+00  6.289645e+00
     vertex  6.240000e+00 -3.469200e+00  7.958488e+00
     vertex  6.240000e+00 -3.327072e+00  7.754392e+00
   endloop
 endfacet
 facet normal -1.000000e+00  0.000000e+00  0.000000e+00
   outer loop
     vertex  6.240000e+00 -5.595580e+00  6.289645e+00
     vertex  6.240000e+00 -3.327072e+00  7.754392e+00
     vertex  6.240000e+00 -5.533977e+00  6.193630e+00
   endloop
 endfacet
 facet normal -1.000000e+00  0.000000e+00 -0.000000e+00
   outer loop
     vertex  6.240000e+00 -8.789645e+00  3.095580e+00
     vertex  6.240000e+00 -8.693630e+00  3.033977e+00
     vertex  6.240000e+00 -1.010155e+01  7.301109e-01
   endloop
 endfacet
 facet normal -1.000000e+00  0.000000e+00  0.000000e+00
   outer loop
     vertex  6.240000e+00 -8.789645e+00  3.095580e+00
     vertex  6.240000e+00 -1.010155e+01  7.301109e-01
     vertex  6.240000e+00 -1.031065e+01  8.647582e-01
   endloop
 endfacet
 facet normal -1.000000e+00  0.000000e+00  0.000000e+00
   outer loop
     vertex  6.240000e+00 -5.661868e+00  6.382487e+00
     vertex  6.240000e+00 -3.621301e+00  8.155264e+00
     vertex  6.240000e+00 -3.469200e+00  7.958488e+00
   endloop
 endfacet
 facet normal -1.000000e+00  0.000000e+00  0.000000e+00
   outer loop
     vertex  6.240000e+00 -5.661868e+00  6.382487e+00
     vertex  6.240000e+00 -3.469200e+00  7.958488e+00
     vertex  6.240000e+00 -5.595580e+00  6.289645e+00
   endloop
 endfacet
 facet normal -1.000000e+00  0.000000e+00  0.000000e+00
   outer loop
     vertex  6.240000e+00 -8.882487e+00  3.161868e+00
     vertex  6.240000e+00 -1.031065e+01  8.647582e-01
     vertex  6.240000e+00 -1.051281e+01  1.009637e+00
   endloop
 endfacet
 facet normal -1.000000e+00  0.000000e+00 -0.000000e+00
   outer loop
     vertex  6.240000e+00 -8.882487e+00  3.161868e+00
     vertex  6.240000e+00 -8.789645e+00  3.095580e+00
     vertex  6.240000e+00 -1.031065e+01  8.647582e-01
   endloop
 endfacet
 facet normal -1.000000e+00  0.000000e+00  0.000000e+00
   outer loop
     vertex  6.240000e+00 -5.732677e+00  6.471928e+00
     vertex  6.240000e+00 -3.782998e+00  8.344233e+00
     vertex  6.240000e+00 -3.621301e+00  8.155264e+00
   endloop
 endfacet
 facet normal -1.000000e+00  0.000000e+00  0.000000e+00
   outer loop
     vertex  6.240000e+00 -5.732677e+00  6.471928e+00
     vertex  6.240000e+00 -3.621301e+00  8.155264e+00
     vertex  6.240000e+00 -5.661868e+00  6.382487e+00
   endloop
 endfacet
 facet normal -1.000000e+00  0.000000e+00 -0.000000e+00
   outer loop
     vertex  6.240000e+00 -8.971928e+00  3.232677e+00
     vertex  6.240000e+00 -8.882487e+00  3.161868e+00
     vertex  6.240000e+00 -1.051281e+01  1.009637e+00
   endloop
 endfacet
 facet normal -1.000000e+00  0.000000e+00  0.000000e+00
   outer loop
     vertex  6.240000e+00 -8.971928e+00  3.232677e+00
     vertex  6.240000e+00 -1.051281e+01  1.009637e+00
     vertex  6.240000e+00 -1.070750e+01  1.164389e+00
   endloop
 endfacet
 facet normal -1.000000e+00  0.000000e+00  0.000000e+00
   outer loop
     vertex  6.240000e+00 -5.807835e+00  6.557748e+00
     vertex  6.240000e+00 -3.782998e+00  8.344233e+00
     vertex  6.240000e+00 -5.732677e+00  6.471928e+00
   endloop
 endfacet
 facet normal -1.000000e+00  0.000000e+00 -0.000000e+00
   outer loop
     vertex  6.240000e+00 -9.057748e+00  3.307835e+00
     vertex  6.240000e+00 -8.971928e+00  3.232677e+00
     vertex  6.240000e+00 -1.070750e+01  1.164389e+00
   endloop
 endfacet
 facet normal -1.000000e+00  0.000000e+00  0.000000e+00
   outer loop
     vertex  6.240000e+00 -9.057748e+00  3.307835e+00
     vertex  6.240000e+00 -1.070750e+01  1.164389e+00
     vertex  6.240000e+00 -1.089427e+01  1.328631e+00
   endloop
 endfacet
 facet normal -1.000000e+00  0.000000e+00 -0.000000e+00
   outer loop
     vertex  6.240000e+00 -3.953892e+00  8.524928e+00
     vertex  6.240000e+00 -3.782998e+00  8.344233e+00
     vertex  6.240000e+00 -5.807835e+00  6.557748e+00
   endloop
 endfacet
 facet normal -1.000000e+00  0.000000e+00  0.000000e+00
   outer loop
     vertex  6.240000e+00 -5.887155e+00  6.639735e+00
     vertex  6.240000e+00 -3.953892e+00  8.524928e+00
     vertex  6.240000e+00 -5.807835e+00  6.557748e+00
   endloop
 endfacet
 facet normal -1.000000e+00  0.000000e+00 -0.000000e+00
   outer loop
     vertex  6.240000e+00 -9.139735e+00  3.387155e+00
     vertex  6.240000e+00 -9.057748e+00  3.307835e+00
     vertex  6.240000e+00 -1.089427e+01  1.328631e+00
   endloop
 endfacet
 facet normal -1.000000e+00  0.000000e+00  0.000000e+00
   outer loop
     vertex  6.240000e+00 -1.107263e+01  1.501956e+00
     vertex  6.240000e+00 -9.139735e+00  3.387155e+00
     vertex  6.240000e+00 -1.089427e+01  1.328631e+00
   endloop
 endfacet
 facet normal -1.000000e+00  0.000000e+00 -0.000000e+00
   outer loop
     vertex  6.240000e+00 -9.217689e+00  3.470443e+00
     vertex  6.240000e+00 -9.139735e+00  3.387155e+00
     vertex  6.240000e+00 -1.107263e+01  1.501956e+00
   endloop
 endfacet
 facet normal -1.000000e+00  0.000000e+00  0.000000e+00
   outer loop
     vertex  6.240000e+00 -4.133560e+00  8.696902e+00
     vertex  6.240000e+00 -5.887155e+00  6.639735e+00
     vertex  6.240000e+00 -5.970443e+00  6.717689e+00
   endloop
 endfacet
 facet normal -1.000000e+00  0.000000e+00 -0.000000e+00
   outer loop
     vertex  6.240000e+00 -4.133560e+00  8.696902e+00
     vertex  6.240000e+00 -3.953892e+00  8.524928e+00
     vertex  6.240000e+00 -5.887155e+00  6.639735e+00
   endloop
 endfacet
 facet normal -1.000000e+00  0.000000e+00  0.000000e+00
   outer loop
     vertex  6.240000e+00 -1.124216e+01  1.683937e+00
     vertex  6.240000e+00 -9.217689e+00  3.470443e+00
     vertex  6.240000e+00 -1.107263e+01  1.501956e+00
   endloop
 endfacet
 facet normal -1.000000e+00  0.000000e+00  0.000000e+00
   outer loop
     vertex  6.240000e+00 -1.124216e+01  1.683937e+00
     vertex  6.240000e+00 -9.291418e+00  3.557494e+00
     vertex  6.240000e+00 -9.217689e+00  3.470443e+00
   endloop
 endfacet
 facet normal -1.000000e+00  0.000000e+00 -0.000000e+00
   outer loop
     vertex  6.240000e+00 -4.321558e+00  8.859729e+00
     vertex  6.240000e+00 -4.133560e+00  8.696902e+00
     vertex  6.240000e+00 -5.970443e+00  6.717689e+00
   endloop
 endfacet
 facet normal -1.000000e+00  0.000000e+00  0.000000e+00
   outer loop
     vertex  6.240000e+00 -4.321558e+00  8.859729e+00
     vertex  6.240000e+00 -5.970443e+00  6.717689e+00
     vertex  6.240000e+00 -6.057494e+00  6.791418e+00
   endloop
 endfacet
 facet normal -1.000000e+00  0.000000e+00  0.000000e+00
   outer loop
     vertex  6.240000e+00 -1.140242e+01  1.874122e+00
     vertex  6.240000e+00 -9.360739e+00  3.648094e+00
     vertex  6.240000e+00 -9.291418e+00  3.557494e+00
   endloop
 endfacet
 facet normal -1.000000e+00  0.000000e+00  0.000000e+00
   outer loop
     vertex  6.240000e+00 -1.140242e+01  1.874122e+00
     vertex  6.240000e+00 -9.291418e+00  3.557494e+00
     vertex  6.240000e+00 -1.124216e+01  1.683937e+00
   endloop
 endfacet
 facet normal -1.000000e+00  0.000000e+00 -0.000000e+00
   outer loop
     vertex  6.240000e+00 -4.517419e+00  9.013005e+00
     vertex  6.240000e+00 -4.321558e+00  8.859729e+00
     vertex  6.240000e+00 -6.057494e+00  6.791418e+00
   endloop
 endfacet
 facet normal -1.000000e+00  0.000000e+00  0.000000e+00
   outer loop
     vertex  6.240000e+00 -4.517419e+00  9.013005e+00
     vertex  6.240000e+00 -6.057494e+00  6.791418e+00
     vertex  6.240000e+00 -6.148094e+00  6.860739e+00
   endloop
 endfacet
 facet normal -1.000000e+00  0.000000e+00  0.000000e+00
   outer loop
     vertex  6.240000e+00 -1.155303e+01  2.072041e+00
     vertex  6.240000e+00 -9.425483e+00  3.742019e+00
     vertex  6.240000e+00 -9.360739e+00  3.648094e+00
   endloop
 endfacet
 facet normal -1.000000e+00  0.000000e+00  0.000000e+00
   outer loop
     vertex  6.240000e+00 -1.155303e+01  2.072041e+00
     vertex  6.240000e+00 -9.360739e+00  3.648094e+00
     vertex  6.240000e+00 -1.140242e+01  1.874122e+00
   endloop
 endfacet
 facet normal -1.000000e+00  0.000000e+00 -0.000000e+00
   outer loop
     vertex  6.240000e+00 -4.720660e+00  9.156353e+00
     vertex  6.240000e+00 -4.517419e+00  9.013005e+00
     vertex  6.240000e+00 -6.148094e+00  6.860739e+00
   endloop
 endfacet
 facet normal -1.000000e+00  0.000000e+00  0.000000e+00
   outer loop
     vertex  6.240000e+00 -4.720660e+00  9.156353e+00
     vertex  6.240000e+00 -6.148094e+00  6.860739e+00
     vertex  6.240000e+00 -6.242019e+00  6.925483e+00
   endloop
 endfacet
 facet normal -1.000000e+00  0.000000e+00  0.000000e+00
   outer loop
     vertex  6.240000e+00 -1.169361e+01  2.277205e+00
     vertex  6.240000e+00 -9.485490e+00  3.839039e+00
     vertex  6.240000e+00 -9.425483e+00  3.742019e+00
   endloop
 endfacet
 facet normal -1.000000e+00  0.000000e+00  0.000000e+00
   outer loop
     vertex  6.240000e+00 -1.169361e+01  2.277205e+00
     vertex  6.240000e+00 -9.425483e+00  3.742019e+00
     vertex  6.240000e+00 -1.155303e+01  2.072041e+00
   endloop
 endfacet
 facet normal -1.000000e+00  0.000000e+00 -0.000000e+00
   outer loop
     vertex  6.240000e+00 -4.930778e+00  9.289417e+00
     vertex  6.240000e+00 -4.720660e+00  9.156353e+00
     vertex  6.240000e+00 -6.242019e+00  6.925483e+00
   endloop
 endfacet
 facet normal -1.000000e+00  0.000000e+00  0.000000e+00
   outer loop
     vertex  6.240000e+00 -4.930778e+00  9.289417e+00
     vertex  6.240000e+00 -6.242019e+00  6.925483e+00
     vertex  6.240000e+00 -6.339039e+00  6.985490e+00
   endloop
 endfacet
 facet normal -1.000000e+00  0.000000e+00  0.000000e+00
   outer loop
     vertex  6.240000e+00 -1.182382e+01  2.489106e+00
     vertex  6.240000e+00 -9.540612e+00  3.938915e+00
     vertex  6.240000e+00 -9.485490e+00  3.839039e+00
   endloop
 endfacet
 facet normal -1.000000e+00  0.000000e+00  0.000000e+00
   outer loop
     vertex  6.240000e+00 -1.182382e+01  2.489106e+00
     vertex  6.240000e+00 -9.485490e+00  3.839039e+00
     vertex  6.240000e+00 -1.169361e+01  2.277205e+00
   endloop
 endfacet
 facet normal -1.000000e+00  0.000000e+00  0.000000e+00
   outer loop
     vertex  6.240000e+00 -5.147253e+00  9.411868e+00
     vertex  6.240000e+00 -6.339039e+00  6.985490e+00
     vertex  6.240000e+00 -6.438915e+00  7.040612e+00
   endloop
 endfacet
 facet normal -1.000000e+00  0.000000e+00 -0.000000e+00
   outer loop
     vertex  6.240000e+00 -5.147253e+00  9.411868e+00
     vertex  6.240000e+00 -4.930778e+00  9.289417e+00
     vertex  6.240000e+00 -6.339039e+00  6.985490e+00
   endloop
 endfacet
 facet normal -1.000000e+00  0.000000e+00  0.000000e+00
   outer loop
     vertex  6.240000e+00 -1.194333e+01  2.707219e+00
     vertex  6.240000e+00 -9.590715e+00  4.041402e+00
     vertex  6.240000e+00 -9.540612e+00  3.938915e+00
   endloop
 endfacet
 facet normal -1.000000e+00  0.000000e+00  0.000000e+00
   outer loop
     vertex  6.240000e+00 -1.194333e+01  2.707219e+00
     vertex  6.240000e+00 -9.540612e+00  3.938915e+00
     vertex  6.240000e+00 -1.182382e+01  2.489106e+00
   endloop
 endfacet
 facet normal -1.000000e+00  0.000000e+00  0.000000e+00
   outer loop
     vertex  6.240000e+00 -5.369548e+00  9.523403e+00
     vertex  6.240000e+00 -6.438915e+00  7.040612e+00
     vertex  6.240000e+00 -6.541402e+00  7.090715e+00
   endloop
 endfacet
 facet normal -1.000000e+00  0.000000e+00 -0.000000e+00
   outer loop
     vertex  6.240000e+00 -5.369548e+00  9.523403e+00
     vertex  6.240000e+00 -5.147253e+00  9.411868e+00
     vertex  6.240000e+00 -6.438915e+00  7.040612e+00
   endloop
 endfacet
 facet normal -1.000000e+00  0.000000e+00  0.000000e+00
   outer loop
     vertex  6.240000e+00 -1.205184e+01  2.931005e+00
     vertex  6.240000e+00 -9.635674e+00  4.146246e+00
     vertex  6.240000e+00 -9.590715e+00  4.041402e+00
   endloop
 endfacet
 facet normal -1.000000e+00  0.000000e+00  0.000000e+00
   outer loop
     vertex  6.240000e+00 -1.205184e+01  2.931005e+00
     vertex  6.240000e+00 -9.590715e+00  4.041402e+00
     vertex  6.240000e+00 -1.194333e+01  2.707219e+00
   endloop
 endfacet
 facet normal -1.000000e+00  0.000000e+00 -0.000000e+00
   outer loop
     vertex  6.240000e+00 -5.597115e+00  9.623746e+00
     vertex  6.240000e+00 -5.369548e+00  9.523403e+00
     vertex  6.240000e+00 -6.541402e+00  7.090715e+00
   endloop
 endfacet
 facet normal -1.000000e+00  0.000000e+00  0.000000e+00
   outer loop
     vertex  6.240000e+00 -5.597115e+00  9.623746e+00
     vertex  6.240000e+00 -6.541402e+00  7.090715e+00
     vertex  6.240000e+00 -6.646246e+00  7.135674e+00
   endloop
 endfacet
 facet normal -1.000000e+00  0.000000e+00  0.000000e+00
   outer loop
     vertex  6.240000e+00 -1.214909e+01  3.159910e+00
     vertex  6.240000e+00 -9.675380e+00  4.253191e+00
     vertex  6.240000e+00 -9.635674e+00  4.146246e+00
   endloop
 endfacet
 facet normal -1.000000e+00  0.000000e+00  0.000000e+00
   outer loop
     vertex  6.240000e+00 -1.214909e+01  3.159910e+00
     vertex  6.240000e+00 -9.635674e+00  4.146246e+00
     vertex  6.240000e+00 -1.205184e+01  2.931005e+00
   endloop
 endfacet
 facet normal -1.000000e+00  0.000000e+00 -0.000000e+00
   outer loop
     vertex  6.240000e+00 -5.829390e+00  9.712649e+00
     vertex  6.240000e+00 -5.597115e+00  9.623746e+00
     vertex  6.240000e+00 -6.646246e+00  7.135674e+00
   endloop
 endfacet
 facet normal -1.000000e+00  0.000000e+00  0.000000e+00
   outer loop
     vertex  6.240000e+00 -5.829390e+00  9.712649e+00
     vertex  6.240000e+00 -6.646246e+00  7.135674e+00
     vertex  6.240000e+00 -6.753191e+00  7.175380e+00
   endloop
 endfacet
 facet normal -1.000000e+00  0.000000e+00  0.000000e+00
   outer loop
     vertex  6.240000e+00 -1.223484e+01  3.393368e+00
     vertex  6.240000e+00 -9.675380e+00  4.253191e+00
     vertex  6.240000e+00 -1.214909e+01  3.159910e+00
   endloop
 endfacet
 facet normal -1.000000e+00  0.000000e+00  0.000000e+00
   outer loop
     vertex  6.240000e+00 -1.223484e+01  3.393368e+00
     vertex  6.240000e+00 -9.709733e+00  4.361973e+00
     vertex  6.240000e+00 -9.675380e+00  4.253191e+00
   endloop
 endfacet
 facet normal -1.000000e+00  0.000000e+00 -0.000000e+00
   outer loop
     vertex  6.240000e+00 -6.065799e+00  9.789892e+00
     vertex  6.240000e+00 -5.829390e+00  9.712649e+00
     vertex  6.240000e+00 -6.753191e+00  7.175380e+00
   endloop
 endfacet
 facet normal -1.000000e+00  0.000000e+00  0.000000e+00
   outer loop
     vertex  6.240000e+00 -6.065799e+00  9.789892e+00
     vertex  6.240000e+00 -6.753191e+00  7.175380e+00
     vertex  6.240000e+00 -6.861973e+00  7.209733e+00
   endloop
 endfacet
 facet normal -1.000000e+00  0.000000e+00  0.000000e+00
   outer loop
     vertex  6.240000e+00 -1.230888e+01  3.630801e+00
     vertex  6.240000e+00 -9.738651e+00  4.472325e+00
     vertex  6.240000e+00 -9.709733e+00  4.361973e+00
   endloop
 endfacet
 facet normal -1.000000e+00  0.000000e+00  0.000000e+00
   outer loop
     vertex  6.240000e+00 -1.230888e+01  3.630801e+00
     vertex  6.240000e+00 -9.709733e+00  4.361973e+00
     vertex  6.240000e+00 -1.223484e+01  3.393368e+00
   endloop
 endfacet
 facet normal -1.000000e+00  0.000000e+00  0.000000e+00
   outer loop
     vertex  6.240000e+00 -6.305756e+00  9.855284e+00
     vertex  6.240000e+00 -6.861973e+00  7.209733e+00
     vertex  6.240000e+00 -6.972325e+00  7.238651e+00
   endloop
 endfacet
 facet normal -1.000000e+00  0.000000e+00 -0.000000e+00
   outer loop
     vertex  6.240000e+00 -6.305756e+00  9.855284e+00
     vertex  6.240000e+00 -6.065799e+00  9.789892e+00
     vertex  6.240000e+00 -6.861973e+00  7.209733e+00
   endloop
 endfacet
 facet normal -1.000000e+00  0.000000e+00  0.000000e+00
   outer loop
     vertex  6.240000e+00 -1.237101e+01  3.871622e+00
     vertex  6.240000e+00 -9.762062e+00  4.583975e+00
     vertex  6.240000e+00 -9.738651e+00  4.472325e+00
   endloop
 endfacet
 facet normal -1.000000e+00  0.000000e+00  0.000000e+00
   outer loop
     vertex  6.240000e+00 -1.237101e+01  3.871622e+00
     vertex  6.240000e+00 -9.738651e+00  4.472325e+00
     vertex  6.240000e+00 -1.230888e+01  3.630801e+00
   endloop
 endfacet
 facet normal -1.000000e+00  0.000000e+00  0.000000e+00
   outer loop
     vertex  6.240000e+00 -6.548668e+00  9.908663e+00
     vertex  6.240000e+00 -6.972325e+00  7.238651e+00
     vertex  6.240000e+00 -7.083975e+00  7.262062e+00
   endloop
 endfacet
 facet normal -1.000000e+00  0.000000e+00 -0.000000e+00
   outer loop
     vertex  6.240000e+00 -6.548668e+00  9.908663e+00
     vertex  6.240000e+00 -6.305756e+00  9.855284e+00
     vertex  6.240000e+00 -6.972325e+00  7.238651e+00
   endloop
 endfacet
 facet normal -1.000000e+00  0.000000e+00  0.000000e+00
   outer loop
     vertex  6.240000e+00 -1.242110e+01  4.115234e+00
     vertex  6.240000e+00 -9.779907e+00  4.696648e+00
     vertex  6.240000e+00 -9.762062e+00  4.583975e+00
   endloop
 endfacet
 facet normal -1.000000e+00  0.000000e+00  0.000000e+00
   outer loop
     vertex  6.240000e+00 -1.242110e+01  4.115234e+00
     vertex  6.240000e+00 -9.762062e+00  4.583975e+00
     vertex  6.240000e+00 -1.237101e+01  3.871622e+00
   endloop
 endfacet
 facet normal -1.000000e+00  0.000000e+00  0.000000e+00
   outer loop
     vertex  6.240000e+00 -6.793934e+00  9.949896e+00
     vertex  6.240000e+00 -7.083975e+00  7.262062e+00
     vertex  6.240000e+00 -7.196648e+00  7.279907e+00
   endloop
 endfacet
 facet normal -1.000000e+00  0.000000e+00 -0.000000e+00
   outer loop
     vertex  6.240000e+00 -6.793934e+00  9.949896e+00
     vertex  6.240000e+00 -6.548668e+00  9.908663e+00
     vertex  6.240000e+00 -7.083975e+00  7.262062e+00
   endloop
 endfacet
 facet normal -1.000000e+00  0.000000e+00  0.000000e+00
   outer loop
     vertex  6.240000e+00 -1.245900e+01  4.361036e+00
     vertex  6.240000e+00 -9.792144e+00  4.810068e+00
     vertex  6.240000e+00 -9.779907e+00  4.696648e+00
   endloop
 endfacet
 facet normal -1.000000e+00  0.000000e+00  0.000000e+00
   outer loop
     vertex  6.240000e+00 -1.245900e+01  4.361036e+00
     vertex  6.240000e+00 -9.779907e+00  4.696648e+00
     vertex  6.240000e+00 -1.242110e+01  4.115234e+00
   endloop
 endfacet
 facet normal -1.000000e+00  0.000000e+00  0.000000e+00
   outer loop
     vertex  6.240000e+00 -7.040947e+00  9.978882e+00
     vertex  6.240000e+00 -7.196648e+00  7.279907e+00
     vertex  6.240000e+00 -7.310068e+00  7.292144e+00
   endloop
 endfacet
 facet normal -1.000000e+00  0.000000e+00 -0.000000e+00
   outer loop
     vertex  6.240000e+00 -7.040947e+00  9.978882e+00
     vertex  6.240000e+00 -6.793934e+00  9.949896e+00
     vertex  6.240000e+00 -7.196648e+00  7.279907e+00
   endloop
 endfacet
 facet normal -1.000000e+00  0.000000e+00  0.000000e+00
   outer loop
     vertex  6.240000e+00 -1.248464e+01  4.608419e+00
     vertex  6.240000e+00 -9.798742e+00  4.923954e+00
     vertex  6.240000e+00 -9.792144e+00  4.810068e+00
   endloop
 endfacet
 facet normal -1.000000e+00  0.000000e+00  0.000000e+00
   outer loop
     vertex  6.240000e+00 -1.248464e+01  4.608419e+00
     vertex  6.240000e+00 -9.792144e+00  4.810068e+00
     vertex  6.240000e+00 -1.245900e+01  4.361036e+00
   endloop
 endfacet
 facet normal -1.000000e+00  0.000000e+00 -0.000000e+00
   outer loop
     vertex  6.240000e+00 -7.289095e+00  9.995550e+00
     vertex  6.240000e+00 -7.040947e+00  9.978882e+00
     vertex  6.240000e+00 -7.310068e+00  7.292144e+00
   endloop
 endfacet
 facet normal -1.000000e+00  0.000000e+00  0.000000e+00
   outer loop
     vertex  6.240000e+00 -7.289095e+00  9.995550e+00
     vertex  6.240000e+00 -7.310068e+00  7.292144e+00
     vertex  6.240000e+00 -7.423954e+00  7.298742e+00
   endloop
 endfacet
 facet normal -1.000000e+00  0.000000e+00  0.000000e+00
   outer loop
     vertex  6.240000e+00 -1.249795e+01  4.856770e+00
     vertex  6.240000e+00 -9.799686e+00  5.038028e+00
     vertex  6.240000e+00 -9.798742e+00  4.923954e+00
   endloop
 endfacet
 facet normal -1.000000e+00  0.000000e+00  0.000000e+00
   outer loop
     vertex  6.240000e+00 -1.249795e+01  4.856770e+00
     vertex  6.240000e+00 -9.798742e+00  4.923954e+00
     vertex  6.240000e+00 -1.248464e+01  4.608419e+00
   endloop
 endfacet
 facet normal -1.000000e+00  0.000000e+00  0.000000e+00
   outer loop
     vertex  6.240000e+00 -7.537765e+00  9.999857e+00
     vertex  6.240000e+00 -7.289095e+00  9.995550e+00
     vertex  6.240000e+00 -7.423954e+00  7.298742e+00
   endloop
 endfacet
 facet normal -1.000000e+00  0.000000e+00 -0.000000e+00
   outer loop
     vertex  6.240000e+00 -7.537765e+00  9.999857e+00
     vertex  6.240000e+00 -7.423954e+00  7.298742e+00
     vertex  6.240000e+00 -7.538028e+00  7.299686e+00
   endloop
 endfacet
 facet normal -1.000000e+00  0.000000e+00  0.000000e+00
   outer loop
     vertex  6.240000e+00 -1.249889e+01  5.105476e+00
     vertex  6.240000e+00 -9.794971e+00  5.152008e+00
     vertex  6.240000e+00 -9.799686e+00  5.038028e+00
   endloop
 endfacet
 facet normal -1.000000e+00  0.000000e+00  0.000000e+00
   outer loop
     vertex  6.240000e+00 -1.249889e+01  5.105476e+00
     vertex  6.240000e+00 -9.799686e+00  5.038028e+00
     vertex  6.240000e+00 -1.249795e+01  4.856770e+00
   endloop
 endfacet
 facet normal -1.000000e+00  0.000000e+00  0.000000e+00
   outer loop
     vertex  6.240000e+00 -7.786342e+00  9.991794e+00
     vertex  6.240000e+00 -7.537765e+00  9.999857e+00
     vertex  6.240000e+00 -7.538028e+00  7.299686e+00
   endloop
 endfacet
 facet normal -1.000000e+00  0.000000e+00  0.000000e+00
   outer loop
     vertex  6.240000e+00 -7.786342e+00  9.991794e+00
     vertex  6.240000e+00 -7.538028e+00  7.299686e+00
     vertex  6.240000e+00 -7.652008e+00  7.294971e+00
   endloop
 endfacet
 facet normal -1.000000e+00  0.000000e+00  0.000000e+00
   outer loop
     vertex  6.240000e+00 -1.248746e+01  5.353921e+00
     vertex  6.240000e+00 -9.784611e+00  5.265615e+00
     vertex  6.240000e+00 -9.794971e+00  5.152008e+00
   endloop
 endfacet
 facet normal -1.000000e+00  0.000000e+00 -0.000000e+00
   outer loop
     vertex  6.240000e+00 -1.248746e+01  5.353921e+00
     vertex  6.240000e+00 -9.794971e+00  5.152008e+00
     vertex  6.240000e+00 -1.249889e+01  5.105476e+00
   endloop
 endfacet
 facet normal -1.000000e+00  0.000000e+00  0.000000e+00
   outer loop
     vertex  6.240000e+00 -8.034211e+00  9.971380e+00
     vertex  6.240000e+00 -7.786342e+00  9.991794e+00
     vertex  6.240000e+00 -7.652008e+00  7.294971e+00
   endloop
 endfacet
 facet normal -1.000000e+00  0.000000e+00  0.000000e+00
   outer loop
     vertex  6.240000e+00 -8.034211e+00  9.971380e+00
     vertex  6.240000e+00 -7.652008e+00  7.294971e+00
     vertex  6.240000e+00 -7.765615e+00  7.284611e+00
   endloop
 endfacet
 facet normal -1.000000e+00  0.000000e+00 -0.000000e+00
   outer loop
     vertex  6.240000e+00 -1.246369e+01  5.601490e+00
     vertex  6.240000e+00 -9.784611e+00  5.265615e+00
     vertex  6.240000e+00 -1.248746e+01  5.353921e+00
   endloop
 endfacet
 facet normal -1.000000e+00  0.000000e+00  0.000000e+00
   outer loop
     vertex  6.240000e+00 -1.246369e+01  5.601490e+00
     vertex  6.240000e+00 -9.768631e+00  5.378568e+00
     vertex  6.240000e+00 -9.784611e+00  5.265615e+00
   endloop
 endfacet
 facet normal -1.000000e+00  0.000000e+00  0.000000e+00
   outer loop
     vertex  6.240000e+00 -8.280757e+00  9.938666e+00
     vertex  6.240000e+00 -8.034211e+00  9.971380e+00
     vertex  6.240000e+00 -7.765615e+00  7.284611e+00
   endloop
 endfacet
 facet normal -1.000000e+00  0.000000e+00  0.000000e+00
   outer loop
     vertex  6.240000e+00 -8.280757e+00  9.938666e+00
     vertex  6.240000e+00 -7.765615e+00  7.284611e+00
     vertex  6.240000e+00 -7.878568e+00  7.268631e+00
   endloop
 endfacet
 facet normal -1.000000e+00  0.000000e+00 -0.000000e+00
   outer loop
     vertex  6.240000e+00 -1.242764e+01  5.847571e+00
     vertex  6.240000e+00 -9.768631e+00  5.378568e+00
     vertex  6.240000e+00 -1.246369e+01  5.601490e+00
   endloop
 endfacet
 facet normal -1.000000e+00  0.000000e+00  0.000000e+00
   outer loop
     vertex  6.240000e+00 -1.242764e+01  5.847571e+00
     vertex  6.240000e+00 -9.747070e+00  5.490589e+00
     vertex  6.240000e+00 -9.768631e+00  5.378568e+00
   endloop
 endfacet
 facet normal -1.000000e+00  0.000000e+00  0.000000e+00
   outer loop
     vertex  6.240000e+00 -8.525372e+00  9.893732e+00
     vertex  6.240000e+00 -8.280757e+00  9.938666e+00
     vertex  6.240000e+00 -7.878568e+00  7.268631e+00
   endloop
 endfacet
 facet normal -1.000000e+00  0.000000e+00  0.000000e+00
   outer loop
     vertex  6.240000e+00 -8.525372e+00  9.893732e+00
     vertex  6.240000e+00 -7.878568e+00  7.268631e+00
     vertex  6.240000e+00 -7.990589e+00  7.247070e+00
   endloop
 endfacet
 facet normal -1.000000e+00  0.000000e+00  0.000000e+00
   outer loop
     vertex  6.240000e+00 -1.237940e+01  6.091555e+00
     vertex  6.240000e+00 -9.719980e+00  5.601404e+00
     vertex  6.240000e+00 -9.747070e+00  5.490589e+00
   endloop
 endfacet
 facet normal -1.000000e+00  0.000000e+00 -0.000000e+00
   outer loop
     vertex  6.240000e+00 -1.237940e+01  6.091555e+00
     vertex  6.240000e+00 -9.747070e+00  5.490589e+00
     vertex  6.240000e+00 -1.242764e+01  5.847571e+00
   endloop
 endfacet
 facet normal -1.000000e+00  0.000000e+00  0.000000e+00
   outer loop
     vertex  6.240000e+00 -8.767450e+00  9.836690e+00
     vertex  6.240000e+00 -8.525372e+00  9.893732e+00
     vertex  6.240000e+00 -7.990589e+00  7.247070e+00
   endloop
 endfacet
 facet normal -1.000000e+00  0.000000e+00  0.000000e+00
   outer loop
     vertex  6.240000e+00 -8.767450e+00  9.836690e+00
     vertex  6.240000e+00 -7.990589e+00  7.247070e+00
     vertex  6.240000e+00 -8.101404e+00  7.219980e+00
   endloop
 endfacet
 facet normal -1.000000e+00  0.000000e+00 -0.000000e+00
   outer loop
     vertex  6.240000e+00 -1.231908e+01  6.332838e+00
     vertex  6.240000e+00 -9.719980e+00  5.601404e+00
     vertex  6.240000e+00 -1.237940e+01  6.091555e+00
   endloop
 endfacet
 facet normal -1.000000e+00  0.000000e+00  0.000000e+00
   outer loop
     vertex  6.240000e+00 -1.231908e+01  6.332838e+00
     vertex  6.240000e+00 -9.687430e+00  5.710739e+00
     vertex  6.240000e+00 -9.719980e+00  5.601404e+00
   endloop
 endfacet
 facet normal -1.000000e+00  0.000000e+00  0.000000e+00
   outer loop
     vertex  6.240000e+00 -9.006392e+00  9.767681e+00
     vertex  6.240000e+00 -8.767450e+00  9.836690e+00
     vertex  6.240000e+00 -8.101404e+00  7.219980e+00
   endloop
 endfacet
 facet normal -1.000000e+00  0.000000e+00  0.000000e+00
   outer loop
     vertex  6.240000e+00 -9.006392e+00  9.767681e+00
     vertex  6.240000e+00 -8.101404e+00  7.219980e+00
     vertex  6.240000e+00 -8.210739e+00  7.187430e+00
   endloop
 endfacet
 facet normal -1.000000e+00  0.000000e+00 -0.000000e+00
   outer loop
     vertex  6.240000e+00 -1.224684e+01  6.570824e+00
     vertex  6.240000e+00 -9.687430e+00  5.710739e+00
     vertex  6.240000e+00 -1.231908e+01  6.332838e+00
   endloop
 endfacet
 facet normal -1.000000e+00  0.000000e+00  0.000000e+00
   outer loop
     vertex  6.240000e+00 -1.224684e+01  6.570824e+00
     vertex  6.240000e+00 -9.649498e+00  5.818326e+00
     vertex  6.240000e+00 -9.687430e+00  5.710739e+00
   endloop
 endfacet
 facet normal -1.000000e+00  0.000000e+00  0.000000e+00
   outer loop
     vertex  6.240000e+00 -9.241607e+00  9.686876e+00
     vertex  6.240000e+00 -9.006392e+00  9.767681e+00
     vertex  6.240000e+00 -8.210739e+00  7.187430e+00
   endloop
 endfacet
 facet normal -1.000000e+00  0.000000e+00  0.000000e+00
   outer loop
     vertex  6.240000e+00 -9.241607e+00  9.686876e+00
     vertex  6.240000e+00 -8.210739e+00  7.187430e+00
     vertex  6.240000e+00 -8.318326e+00  7.149498e+00
   endloop
 endfacet
 facet normal -1.000000e+00  0.000000e+00 -0.000000e+00
   outer loop
     vertex  6.240000e+00 -1.216286e+01  6.804922e+00
     vertex  6.240000e+00 -9.649498e+00  5.818326e+00
     vertex  6.240000e+00 -1.224684e+01  6.570824e+00
   endloop
 endfacet
 facet normal -1.000000e+00  0.000000e+00  0.000000e+00
   outer loop
     vertex  6.240000e+00 -1.216286e+01  6.804922e+00
     vertex  6.240000e+00 -9.606279e+00  5.923899e+00
     vertex  6.240000e+00 -9.649498e+00  5.818326e+00
   endloop
 endfacet
 facet normal -1.000000e+00  0.000000e+00  0.000000e+00
   outer loop
     vertex  6.240000e+00 -9.472513e+00  9.594474e+00
     vertex  6.240000e+00 -9.241607e+00  9.686876e+00
     vertex  6.240000e+00 -8.318326e+00  7.149498e+00
   endloop
 endfacet
 facet normal -1.000000e+00  0.000000e+00  0.000000e+00
   outer loop
     vertex  6.240000e+00 -9.472513e+00  9.594474e+00
     vertex  6.240000e+00 -8.318326e+00  7.149498e+00
     vertex  6.240000e+00 -8.423899e+00  7.106279e+00
   endloop
 endfacet
 facet normal -1.000000e+00  0.000000e+00 -0.000000e+00
   outer loop
     vertex  6.240000e+00 -1.206734e+01  7.034556e+00
     vertex  6.240000e+00 -9.606279e+00  5.923899e+00
     vertex  6.240000e+00 -1.216286e+01  6.804922e+00
   endloop
 endfacet
 facet normal -1.000000e+00  0.000000e+00  0.000000e+00
   outer loop
     vertex  6.240000e+00 -1.206734e+01  7.034556e+00
     vertex  6.240000e+00 -9.557877e+00  6.027200e+00
     vertex  6.240000e+00 -9.606279e+00  5.923899e+00
   endloop
 endfacet
 facet normal -1.000000e+00  0.000000e+00  0.000000e+00
   outer loop
     vertex  6.240000e+00 -9.698538e+00  9.490705e+00
     vertex  6.240000e+00 -9.472513e+00  9.594474e+00
     vertex  6.240000e+00 -8.423899e+00  7.106279e+00
   endloop
 endfacet
 facet normal -1.000000e+00  0.000000e+00  0.000000e+00
   outer loop
     vertex  6.240000e+00 -9.698538e+00  9.490705e+00
     vertex  6.240000e+00 -8.423899e+00  7.106279e+00
     vertex  6.240000e+00 -8.527200e+00  7.057877e+00
   endloop
 endfacet
 facet normal -1.000000e+00  0.000000e+00 -0.000000e+00
   outer loop
     vertex  6.240000e+00 -1.196052e+01  7.259155e+00
     vertex  6.240000e+00 -9.557877e+00  6.027200e+00
     vertex  6.240000e+00 -1.206734e+01  7.034556e+00
   endloop
 endfacet
 facet normal -1.000000e+00  0.000000e+00  0.000000e+00
   outer loop
     vertex  6.240000e+00 -1.196052e+01  7.259155e+00
     vertex  6.240000e+00 -9.504414e+00  6.127974e+00
     vertex  6.240000e+00 -9.557877e+00  6.027200e+00
   endloop
 endfacet
 facet normal -1.000000e+00  0.000000e+00  0.000000e+00
   outer loop
     vertex  6.240000e+00 -9.919124e+00  9.375825e+00
     vertex  6.240000e+00 -9.698538e+00  9.490705e+00
     vertex  6.240000e+00 -8.527200e+00  7.057877e+00
   endloop
 endfacet
 facet normal -1.000000e+00  0.000000e+00  0.000000e+00
   outer loop
     vertex  6.240000e+00 -9.919124e+00  9.375825e+00
     vertex  6.240000e+00 -8.527200e+00  7.057877e+00
     vertex  6.240000e+00 -8.627974e+00  7.004414e+00
   endloop
 endfacet
 facet normal -1.000000e+00  0.000000e+00  0.000000e+00
   outer loop
     vertex  6.240000e+00 -1.184266e+01  7.478164e+00
     vertex  6.240000e+00 -9.446019e+00  6.225973e+00
     vertex  6.240000e+00 -9.504414e+00  6.127974e+00
   endloop
 endfacet
 facet normal -1.000000e+00  0.000000e+00 -0.000000e+00
   outer loop
     vertex  6.240000e+00 -1.184266e+01  7.478164e+00
     vertex  6.240000e+00 -9.504414e+00  6.127974e+00
     vertex  6.240000e+00 -1.196052e+01  7.259155e+00
   endloop
 endfacet
 facet normal -1.000000e+00  0.000000e+00  0.000000e+00
   outer loop
     vertex  6.240000e+00 -1.013372e+01  9.250118e+00
     vertex  6.240000e+00 -9.919124e+00  9.375825e+00
     vertex  6.240000e+00 -8.627974e+00  7.004414e+00
   endloop
 endfacet
 facet normal -1.000000e+00  0.000000e+00  0.000000e+00
   outer loop
     vertex  6.240000e+00 -1.013372e+01  9.250118e+00
     vertex  6.240000e+00 -8.627974e+00  7.004414e+00
     vertex  6.240000e+00 -8.725973e+00  6.946019e+00
   endloop
 endfacet
 facet normal -1.000000e+00  0.000000e+00  0.000000e+00
   outer loop
     vertex  6.240000e+00 -1.171406e+01  7.691042e+00
     vertex  6.240000e+00 -9.382837e+00  6.320956e+00
     vertex  6.240000e+00 -9.446019e+00  6.225973e+00
   endloop
 endfacet
 facet normal -1.000000e+00  0.000000e+00 -0.000000e+00
   outer loop
     vertex  6.240000e+00 -1.171406e+01  7.691042e+00
     vertex  6.240000e+00 -9.446019e+00  6.225973e+00
     vertex  6.240000e+00 -1.184266e+01  7.478164e+00
   endloop
 endfacet
 facet normal -1.000000e+00  0.000000e+00  0.000000e+00
   outer loop
     vertex  6.240000e+00 -1.034181e+01  9.113895e+00
     vertex  6.240000e+00 -1.013372e+01  9.250118e+00
     vertex  6.240000e+00 -8.725973e+00  6.946019e+00
   endloop
 endfacet
 facet normal -1.000000e+00  0.000000e+00  0.000000e+00
   outer loop
     vertex  6.240000e+00 -1.034181e+01  9.113895e+00
     vertex  6.240000e+00 -8.725973e+00  6.946019e+00
     vertex  6.240000e+00 -8.820956e+00  6.882837e+00
   endloop
 endfacet
 facet normal -1.000000e+00  0.000000e+00 -0.000000e+00
   outer loop
     vertex  6.240000e+00 -1.157503e+01  7.897262e+00
     vertex  6.240000e+00 -9.382837e+00  6.320956e+00
     vertex  6.240000e+00 -1.171406e+01  7.691042e+00
   endloop
 endfacet
 facet normal -1.000000e+00  0.000000e+00  0.000000e+00
   outer loop
     vertex  6.240000e+00 -1.157503e+01  7.897262e+00
     vertex  6.240000e+00 -9.315023e+00  6.412689e+00
     vertex  6.240000e+00 -9.382837e+00  6.320956e+00
   endloop
 endfacet
 facet normal -1.000000e+00  0.000000e+00  0.000000e+00
   outer loop
     vertex  6.240000e+00 -1.054286e+01  8.967493e+00
     vertex  6.240000e+00 -1.034181e+01  9.113895e+00
     vertex  6.240000e+00 -8.820956e+00  6.882837e+00
   endloop
 endfacet
 facet normal -1.000000e+00  0.000000e+00  0.000000e+00
   outer loop
     vertex  6.240000e+00 -1.054286e+01  8.967493e+00
     vertex  6.240000e+00 -8.820956e+00  6.882837e+00
     vertex  6.240000e+00 -8.912689e+00  6.815023e+00
   endloop
 endfacet
 facet normal -1.000000e+00  0.000000e+00  0.000000e+00
   outer loop
     vertex  6.240000e+00 -1.142592e+01  8.096313e+00
     vertex  6.240000e+00 -9.242744e+00  6.500947e+00
     vertex  6.240000e+00 -9.315023e+00  6.412689e+00
   endloop
 endfacet
 facet normal -1.000000e+00  0.000000e+00 -0.000000e+00
   outer loop
     vertex  6.240000e+00 -1.142592e+01  8.096313e+00
     vertex  6.240000e+00 -9.315023e+00  6.412689e+00
     vertex  6.240000e+00 -1.157503e+01  7.897262e+00
   endloop
 endfacet
 facet normal -1.000000e+00  0.000000e+00  0.000000e+00
   outer loop
     vertex  6.240000e+00 -1.073638e+01  8.811275e+00
     vertex  6.240000e+00 -8.912689e+00  6.815023e+00
     vertex  6.240000e+00 -9.000947e+00  6.742744e+00
   endloop
 endfacet
 facet normal -1.000000e+00  0.000000e+00  0.000000e+00
   outer loop
     vertex  6.240000e+00 -1.073638e+01  8.811275e+00
     vertex  6.240000e+00 -1.054286e+01  8.967493e+00
     vertex  6.240000e+00 -8.912689e+00  6.815023e+00
   endloop
 endfacet
 facet normal -1.000000e+00  0.000000e+00  0.000000e+00
   outer loop
     vertex  6.240000e+00 -1.126709e+01  8.287704e+00
     vertex  6.240000e+00 -9.166178e+00  6.585513e+00
     vertex  6.240000e+00 -9.242744e+00  6.500947e+00
   endloop
 endfacet
 facet normal -1.000000e+00  0.000000e+00 -0.000000e+00
   outer loop
     vertex  6.240000e+00 -1.126709e+01  8.287704e+00
     vertex  6.240000e+00 -9.242744e+00  6.500947e+00
     vertex  6.240000e+00 -1.142592e+01  8.096313e+00
   endloop
 endfacet
 facet normal -1.000000e+00  0.000000e+00  0.000000e+00
   outer loop
     vertex  6.240000e+00 -1.092190e+01  8.645628e+00
     vertex  6.240000e+00 -9.000947e+00  6.742744e+00
     vertex  6.240000e+00 -9.085513e+00  6.666178e+00
   endloop
 endfacet
 facet normal -1.000000e+00  0.000000e+00  0.000000e+00
   outer loop
     vertex  6.240000e+00 -1.092190e+01  8.645628e+00
     vertex  6.240000e+00 -1.073638e+01  8.811275e+00
     vertex  6.240000e+00 -9.000947e+00  6.742744e+00
   endloop
 endfacet
 facet normal -1.000000e+00  0.000000e+00  0.000000e+00
   outer loop
     vertex  6.240000e+00 -1.109895e+01  8.470960e+00
     vertex  6.240000e+00 -9.085513e+00  6.666178e+00
     vertex  6.240000e+00 -9.166178e+00  6.585513e+00
   endloop
 endfacet
 facet normal -1.000000e+00  0.000000e+00 -0.000000e+00
   outer loop
     vertex  6.240000e+00 -1.109895e+01  8.470960e+00
     vertex  6.240000e+00 -9.166178e+00  6.585513e+00
     vertex  6.240000e+00 -1.126709e+01  8.287704e+00
   endloop
 endfacet
 facet normal -1.000000e+00  0.000000e+00  0.000000e+00
   outer loop
     vertex  6.240000e+00 -1.109895e+01  8.470960e+00
     vertex  6.240000e+00 -1.092190e+01  8.645628e+00
     vertex  6.240000e+00 -9.085513e+00  6.666178e+00
   endloop
 endfacet
 facet normal -1.000000e+00  0.000000e+00  0.000000e+00
   outer loop
     vertex  6.240000e+00 -6.364218e+00  3.000000e+00
     vertex  6.240000e+00 -6.269712e+00  3.056706e+00
     vertex  6.240000e+00 -2.917424e+00  3.000000e+00
   endloop
 endfacet
 facet normal  1.000000e+00 -0.000000e+00  0.000000e+00
   outer loop
     vertex  1.792000e+01 -5.922005e+00  3.326700e+00
     vertex  1.792000e+01 -2.917424e+00  3.000000e+00
     vertex  1.792000e+01 -5.843657e+00  3.404216e+00
   endloop
 endfacet
 facet normal  1.000000e+00  0.000000e+00  0.000000e+00
   outer loop
     vertex  1.792000e+01 -5.769112e+00  3.485396e+00
     vertex  1.792000e+01 -5.843657e+00  3.404216e+00
     vertex  1.792000e+01 -2.917424e+00  3.000000e+00
   endloop
 endfacet
 facet normal  1.000000e+00 -0.000000e+00  0.000000e+00
   outer loop
     vertex  1.792000e+01 -6.003977e+00  3.253027e+00
     vertex  1.792000e+01 -2.917424e+00  3.000000e+00
     vertex  1.792000e+01 -5.922005e+00  3.326700e+00
   endloop
 endfacet
 facet normal  1.000000e+00  0.000000e+00  0.000000e+00
   outer loop
     vertex  1.792000e+01 -5.698542e+00  3.570053e+00
     vertex  1.792000e+01 -5.769112e+00  3.485396e+00
     vertex  1.792000e+01 -2.917424e+00  3.000000e+00
   endloop
 endfacet
 facet normal  1.000000e+00 -0.000000e+00  0.000000e+00
   outer loop
     vertex  1.792000e+01 -6.089384e+00  3.183365e+00
     vertex  1.792000e+01 -2.917424e+00  3.000000e+00
     vertex  1.792000e+01 -6.003977e+00  3.253027e+00
   endloop
 endfacet
 facet normal  1.000000e+00  0.000000e+00  0.000000e+00
   outer loop
     vertex  1.792000e+01 -5.632108e+00  3.657994e+00
     vertex  1.792000e+01 -5.698542e+00  3.570053e+00
     vertex  1.792000e+01 -2.917424e+00  3.000000e+00
   endloop
 endfacet
 facet normal  1.000000e+00 -0.000000e+00  0.000000e+00
   outer loop
     vertex  1.792000e+01 -6.178030e+00  3.117875e+00
     vertex  1.792000e+01 -2.917424e+00  3.000000e+00
     vertex  1.792000e+01 -6.089384e+00  3.183365e+00
   endloop
 endfacet
 facet normal  1.000000e+00  0.000000e+00  0.000000e+00
   outer loop
     vertex  1.792000e+01 -5.569963e+00  3.749017e+00
     vertex  1.792000e+01 -5.632108e+00  3.657994e+00
     vertex  1.792000e+01 -2.917424e+00  3.000000e+00
   endloop
 endfacet
 facet normal  1.000000e+00 -0.000000e+00  0.000000e+00
   outer loop
     vertex  1.792000e+01 -6.269712e+00  3.056706e+00
     vertex  1.792000e+01 -2.917424e+00  3.000000e+00
     vertex  1.792000e+01 -6.178030e+00  3.117875e+00
   endloop
 endfacet
 facet normal  1.000000e+00  0.000000e+00  0.000000e+00
   outer loop
     vertex  1.792000e+01 -5.512250e+00  3.842913e+00
     vertex  1.792000e+01 -5.569963e+00  3.749017e+00
     vertex  1.792000e+01 -2.917424e+00  3.000000e+00
   endloop
 endfacet
 facet normal  1.000000e+00  0.000000e+00  0.000000e+00
   outer loop
     vertex  1.792000e+01 -5.459102e+00  3.939465e+00
     vertex  1.792000e+01 -5.512250e+00  3.842913e+00
     vertex  1.792000e+01 -2.917424e+00  3.000000e+00
   endloop
 endfacet
 facet normal  1.000000e+00  0.000000e+00  0.000000e+00
   outer loop
     vertex  1.792000e+01 -5.410640e+00  4.038453e+00
     vertex  1.792000e+01 -5.459102e+00  3.939465e+00
     vertex  1.792000e+01 -2.917424e+00  3.000000e+00
   endloop
 endfacet
 facet normal  1.000000e+00  0.000000e+00  0.000000e+00
   outer loop
     vertex  1.792000e+01 -5.366975e+00  4.139648e+00
     vertex  1.792000e+01 -2.917424e+00  3.000000e+00
     vertex  1.792000e+01 -2.823641e+00  3.230348e+00
   endloop
 endfacet
 facet normal  1.000000e+00  0.000000e+00  0.000000e+00
   outer loop
     vertex  1.792000e+01 -5.366975e+00  4.139648e+00
     vertex  1.792000e+01 -5.410640e+00  4.038453e+00
     vertex  1.792000e+01 -2.917424e+00  3.000000e+00
   endloop
 endfacet
 facet normal  1.000000e+00  0.000000e+00  0.000000e+00
   outer loop
     vertex  1.792000e+01 -5.328209e+00  4.242819e+00
     vertex  1.792000e+01 -2.823641e+00  3.230348e+00
     vertex  1.792000e+01 -2.741428e+00  3.465075e+00
   endloop
 endfacet
 facet normal  1.000000e+00  0.000000e+00  0.000000e+00
   outer loop
     vertex  1.792000e+01 -5.328209e+00  4.242819e+00
     vertex  1.792000e+01 -5.366975e+00  4.139648e+00
     vertex  1.792000e+01 -2.823641e+00  3.230348e+00
   endloop
 endfacet
 facet normal  1.000000e+00  0.000000e+00  0.000000e+00
   outer loop
     vertex  1.792000e+01 -5.294429e+00  4.347729e+00
     vertex  1.792000e+01 -5.328209e+00  4.242819e+00
     vertex  1.792000e+01 -2.741428e+00  3.465075e+00
   endloop
 endfacet
 facet normal  1.000000e+00  0.000000e+00  0.000000e+00
   outer loop
     vertex  1.792000e+01 -5.294429e+00  4.347729e+00
     vertex  1.792000e+01 -2.741428e+00  3.465075e+00
     vertex  1.792000e+01 -2.670989e+00  3.703599e+00
   endloop
 endfacet
 facet normal  1.000000e+00  0.000000e+00  0.000000e+00
   outer loop
     vertex  1.792000e+01 -5.265714e+00  4.454136e+00
     vertex  1.792000e+01 -2.670989e+00  3.703599e+00
     vertex  1.792000e+01 -2.612498e+00  3.945331e+00
   endloop
 endfacet
 facet normal  1.000000e+00  0.000000e+00  0.000000e+00
   outer loop
     vertex  1.792000e+01 -5.265714e+00  4.454136e+00
     vertex  1.792000e+01 -5.294429e+00  4.347729e+00
     vertex  1.792000e+01 -2.670989e+00  3.703599e+00
   endloop
 endfacet
 facet normal  1.000000e+00  0.000000e+00  0.000000e+00
   outer loop
     vertex  1.792000e+01 -5.242130e+00  4.561797e+00
     vertex  1.792000e+01 -2.612498e+00  3.945331e+00
     vertex  1.792000e+01 -2.566100e+00  4.189672e+00
   endloop
 endfacet
 facet normal  1.000000e+00  0.000000e+00  0.000000e+00
   outer loop
     vertex  1.792000e+01 -5.242130e+00  4.561797e+00
     vertex  1.792000e+01 -5.265714e+00  4.454136e+00
     vertex  1.792000e+01 -2.612498e+00  3.945331e+00
   endloop
 endfacet
 facet normal  1.000000e+00  0.000000e+00  0.000000e+00
   outer loop
     vertex  1.792000e+01 -5.223730e+00  4.670465e+00
     vertex  1.792000e+01 -2.566100e+00  4.189672e+00
     vertex  1.792000e+01 -2.531909e+00  4.436018e+00
   endloop
 endfacet
 facet normal  1.000000e+00  0.000000e+00  0.000000e+00
   outer loop
     vertex  1.792000e+01 -5.223730e+00  4.670465e+00
     vertex  1.792000e+01 -5.242130e+00  4.561797e+00
     vertex  1.792000e+01 -2.566100e+00  4.189672e+00
   endloop
 endfacet
 facet normal  1.000000e+00  0.000000e+00  0.000000e+00
   outer loop
     vertex  1.792000e+01 -5.210557e+00  4.779888e+00
     vertex  1.792000e+01 -2.531909e+00  4.436018e+00
     vertex  1.792000e+01 -2.510011e+00  4.683760e+00
   endloop
 endfacet
 facet normal  1.000000e+00  0.000000e+00  0.000000e+00
   outer loop
     vertex  1.792000e+01 -5.210557e+00  4.779888e+00
     vertex  1.792000e+01 -5.223730e+00  4.670465e+00
     vertex  1.792000e+01 -2.531909e+00  4.436018e+00
   endloop
 endfacet
 facet normal  1.000000e+00 -0.000000e+00  0.000000e+00
   outer loop
     vertex  1.792000e+01 -5.202641e+00  4.889818e+00
     vertex  1.792000e+01 -2.510011e+00  4.683760e+00
     vertex  1.792000e+01 -2.500459e+00  4.932284e+00
   endloop
 endfacet
 facet normal  1.000000e+00  0.000000e+00  0.000000e+00
   outer loop
     vertex  1.792000e+01 -5.202641e+00  4.889818e+00
     vertex  1.792000e+01 -5.210557e+00  4.779888e+00
     vertex  1.792000e+01 -2.510011e+00  4.683760e+00
   endloop
 endfacet
 facet normal  1.000000e+00 -0.000000e+00  0.000000e+00
   outer loop
     vertex  1.792000e+01 -5.200000e+00  5.000000e+00
     vertex  1.792000e+01 -2.500459e+00  4.932284e+00
     vertex  1.792000e+01 -2.503276e+00  5.180976e+00
   endloop
 endfacet
 facet normal  1.000000e+00  0.000000e+00  0.000000e+00
   outer loop
     vertex  1.792000e+01 -5.200000e+00  5.000000e+00
     vertex  1.792000e+01 -5.202641e+00  4.889818e+00
     vertex  1.792000e+01 -2.500459e+00  4.932284e+00
   endloop
 endfacet
 facet normal  1.000000e+00  0.000000e+00  0.000000e+00
   outer loop
     vertex  1.792000e+01 -5.202829e+00  5.114043e+00
     vertex  1.792000e+01 -2.503276e+00  5.180976e+00
     vertex  1.792000e+01 -2.518457e+00  5.429220e+00
   endloop
 endfacet
 facet normal  1.000000e+00 -0.000000e+00  0.000000e+00
   outer loop
     vertex  1.792000e+01 -5.202829e+00  5.114043e+00
     vertex  1.792000e+01 -5.200000e+00  5.000000e+00
     vertex  1.792000e+01 -2.503276e+00  5.180976e+00
   endloop
 endfacet
 facet normal  1.000000e+00  0.000000e+00  0.000000e+00
   outer loop
     vertex  1.792000e+01 -7.614043e+00  2.702829e+00
     vertex  1.792000e+01 -7.748631e+00  6.185549e-03
     vertex  1.792000e+01 -7.500000e+00  0.000000e+00
   endloop
 endfacet
 facet normal  1.000000e+00  0.000000e+00  0.000000e+00
   outer loop
     vertex  1.792000e+01 -7.614043e+00  2.702829e+00
     vertex  1.792000e+01 -7.500000e+00  0.000000e+00
     vertex  1.792000e+01 -7.500000e+00  2.700000e+00
   endloop
 endfacet
 facet normal  1.000000e+00  0.000000e+00  0.000000e+00
   outer loop
     vertex  1.792000e+01 -5.211309e+00  5.227805e+00
     vertex  1.792000e+01 -2.518457e+00  5.429220e+00
     vertex  1.792000e+01 -2.545963e+00  5.676402e+00
   endloop
 endfacet
 facet normal  1.000000e+00 -0.000000e+00  0.000000e+00
   outer loop
     vertex  1.792000e+01 -5.211309e+00  5.227805e+00
     vertex  1.792000e+01 -5.202829e+00  5.114043e+00
     vertex  1.792000e+01 -2.518457e+00  5.429220e+00
   endloop
 endfacet
 facet normal  1.000000e+00  0.000000e+00  0.000000e+00
   outer loop
     vertex  1.792000e+01 -7.727805e+00  2.711309e+00
     vertex  1.792000e+01 -7.996646e+00  2.472689e-02
     vertex  1.792000e+01 -7.748631e+00  6.185549e-03
   endloop
 endfacet
 facet normal  1.000000e+00  0.000000e+00  0.000000e+00
   outer loop
     vertex  1.792000e+01 -7.727805e+00  2.711309e+00
     vertex  1.792000e+01 -7.748631e+00  6.185549e-03
     vertex  1.792000e+01 -7.614043e+00  2.702829e+00
   endloop
 endfacet
 facet normal  1.000000e+00  0.000000e+00  0.000000e+00
   outer loop
     vertex  1.792000e+01 -5.225420e+00  5.341006e+00
     vertex  1.792000e+01 -2.545963e+00  5.676402e+00
     vertex  1.792000e+01 -2.585727e+00  5.921910e+00
   endloop
 endfacet
 facet normal  1.000000e+00 -0.000000e+00  0.000000e+00
   outer loop
     vertex  1.792000e+01 -5.225420e+00  5.341006e+00
     vertex  1.792000e+01 -5.211309e+00  5.227805e+00
     vertex  1.792000e+01 -2.545963e+00  5.676402e+00
   endloop
 endfacet
 facet normal  1.000000e+00  0.000000e+00  0.000000e+00
   outer loop
     vertex  1.792000e+01 -7.841006e+00  2.725420e+00
     vertex  1.792000e+01 -8.243433e+00  5.557816e-02
     vertex  1.792000e+01 -7.996646e+00  2.472689e-02
   endloop
 endfacet
 facet normal  1.000000e+00  0.000000e+00  0.000000e+00
   outer loop
     vertex  1.792000e+01 -7.841006e+00  2.725420e+00
     vertex  1.792000e+01 -7.996646e+00  2.472689e-02
     vertex  1.792000e+01 -7.727805e+00  2.711309e+00
   endloop
 endfacet
 facet normal  1.000000e+00  0.000000e+00  0.000000e+00
   outer loop
     vertex  1.792000e+01 -5.245126e+00  5.453369e+00
     vertex  1.792000e+01 -2.585727e+00  5.921910e+00
     vertex  1.792000e+01 -2.637649e+00  6.165137e+00
   endloop
 endfacet
 facet normal  1.000000e+00 -0.000000e+00  0.000000e+00
   outer loop
     vertex  1.792000e+01 -5.245126e+00  5.453369e+00
     vertex  1.792000e+01 -5.225420e+00  5.341006e+00
     vertex  1.792000e+01 -2.585727e+00  5.921910e+00
   endloop
 endfacet
 facet normal  1.000000e+00  0.000000e+00  0.000000e+00
   outer loop
     vertex  1.792000e+01 -7.953369e+00  2.745126e+00
     vertex  1.792000e+01 -8.488380e+00  9.866300e-02
     vertex  1.792000e+01 -8.243433e+00  5.557816e-02
   endloop
 endfacet
 facet normal  1.000000e+00  0.000000e+00  0.000000e+00
   outer loop
     vertex  1.792000e+01 -7.953369e+00  2.745126e+00
     vertex  1.792000e+01 -8.243433e+00  5.557816e-02
     vertex  1.792000e+01 -7.841006e+00  2.725420e+00
   endloop
 endfacet
 facet normal  1.000000e+00  0.000000e+00  0.000000e+00
   outer loop
     vertex  1.792000e+01 -5.270379e+00  5.564617e+00
     vertex  1.792000e+01 -2.637649e+00  6.165137e+00
     vertex  1.792000e+01 -2.701602e+00  6.405482e+00
   endloop
 endfacet
 facet normal  1.000000e+00 -0.000000e+00  0.000000e+00
   outer loop
     vertex  1.792000e+01 -5.270379e+00  5.564617e+00
     vertex  1.792000e+01 -5.245126e+00  5.453369e+00
     vertex  1.792000e+01 -2.637649e+00  6.165137e+00
   endloop
 endfacet
 facet normal  1.000000e+00  0.000000e+00  0.000000e+00
   outer loop
     vertex  1.792000e+01 -8.064617e+00  2.770379e+00
     vertex  1.792000e+01 -8.488380e+00  9.866300e-02
     vertex  1.792000e+01 -7.953369e+00  2.745126e+00
   endloop
 endfacet
 facet normal  1.000000e+00  0.000000e+00  0.000000e+00
   outer loop
     vertex  1.792000e+01 -8.064617e+00  2.770379e+00
     vertex  1.792000e+01 -8.730882e+00  1.538748e-01
     vertex  1.792000e+01 -8.488380e+00  9.866300e-02
   endloop
 endfacet
 facet normal  1.000000e+00  0.000000e+00  0.000000e+00
   outer loop
     vertex  1.792000e+01 -5.301118e+00  5.674475e+00
     vertex  1.792000e+01 -2.701602e+00  6.405482e+00
     vertex  1.792000e+01 -2.777428e+00  6.642349e+00
   endloop
 endfacet
 facet normal  1.000000e+00 -0.000000e+00  0.000000e+00
   outer loop
     vertex  1.792000e+01 -5.301118e+00  5.674475e+00
     vertex  1.792000e+01 -5.270379e+00  5.564617e+00
     vertex  1.792000e+01 -2.701602e+00  6.405482e+00
   endloop
 endfacet
 facet normal  1.000000e+00  0.000000e+00  0.000000e+00
   outer loop
     vertex  1.792000e+01 -8.174475e+00  2.801118e+00
     vertex  1.792000e+01 -8.730882e+00  1.538748e-01
     vertex  1.792000e+01 -8.064617e+00  2.770379e+00
   endloop
 endfacet
 facet normal  1.000000e+00  0.000000e+00  0.000000e+00
   outer loop
     vertex  1.792000e+01 -8.174475e+00  2.801118e+00
     vertex  1.792000e+01 -8.970339e+00  2.210770e-01
     vertex  1.792000e+01 -8.730882e+00  1.538748e-01
   endloop
 endfacet
 facet normal  1.000000e+00 -0.000000e+00  0.000000e+00
   outer loop
     vertex  1.792000e+01 -5.337265e+00  5.782674e+00
     vertex  1.792000e+01 -5.301118e+00  5.674475e+00
     vertex  1.792000e+01 -2.777428e+00  6.642349e+00
   endloop
 endfacet
 facet normal  1.000000e+00  0.000000e+00  0.000000e+00
   outer loop
     vertex  1.792000e+01 -5.337265e+00  5.782674e+00
     vertex  1.792000e+01 -2.777428e+00  6.642349e+00
     vertex  1.792000e+01 -2.864938e+00  6.875153e+00
   endloop
 endfacet
 facet normal  1.000000e+00  0.000000e+00  0.000000e+00
   outer loop
     vertex  1.792000e+01 -8.282674e+00  2.837265e+00
     vertex  1.792000e+01 -8.970339e+00  2.210770e-01
     vertex  1.792000e+01 -8.174475e+00  2.801118e+00
   endloop
 endfacet
 facet normal  1.000000e+00  0.000000e+00  0.000000e+00
   outer loop
     vertex  1.792000e+01 -8.282674e+00  2.837265e+00
     vertex  1.792000e+01 -9.206157e+00  3.001034e-01
     vertex  1.792000e+01 -8.970339e+00  2.210770e-01
   endloop
 endfacet
 facet normal  1.000000e+00  0.000000e+00  0.000000e+00
   outer loop
     vertex  1.792000e+01 -5.378734e+00  5.888948e+00
     vertex  1.792000e+01 -2.864938e+00  6.875153e+00
     vertex  1.792000e+01 -2.963916e+00  7.103317e+00
   endloop
 endfacet
 facet normal  1.000000e+00 -0.000000e+00  0.000000e+00
   outer loop
     vertex  1.792000e+01 -5.378734e+00  5.888948e+00
     vertex  1.792000e+01 -5.337265e+00  5.782674e+00
     vertex  1.792000e+01 -2.864938e+00  6.875153e+00
   endloop
 endfacet
 facet normal  1.000000e+00  0.000000e+00  0.000000e+00
   outer loop
     vertex  1.792000e+01 -8.388948e+00  2.878734e+00
     vertex  1.792000e+01 -9.206157e+00  3.001034e-01
     vertex  1.792000e+01 -8.282674e+00  2.837265e+00
   endloop
 endfacet
 facet normal  1.000000e+00  0.000000e+00  0.000000e+00
   outer loop
     vertex  1.792000e+01 -8.388948e+00  2.878734e+00
     vertex  1.792000e+01 -9.437754e+00  3.907583e-01
     vertex  1.792000e+01 -9.206157e+00  3.001034e-01
   endloop
 endfacet
 facet normal  1.000000e+00  0.000000e+00  0.000000e+00
   outer loop
     vertex  1.792000e+01 -5.425420e+00  5.993035e+00
     vertex  1.792000e+01 -2.963916e+00  7.103317e+00
     vertex  1.792000e+01 -3.074117e+00  7.326277e+00
   endloop
 endfacet
 facet normal  1.000000e+00 -0.000000e+00  0.000000e+00
   outer loop
     vertex  1.792000e+01 -5.425420e+00  5.993035e+00
     vertex  1.792000e+01 -5.378734e+00  5.888948e+00
     vertex  1.792000e+01 -2.963916e+00  7.103317e+00
   endloop
 endfacet
 facet normal  1.000000e+00  0.000000e+00  0.000000e+00
   outer loop
     vertex  1.792000e+01 -8.493035e+00  2.925420e+00
     vertex  1.792000e+01 -9.437754e+00  3.907583e-01
     vertex  1.792000e+01 -8.388948e+00  2.878734e+00
   endloop
 endfacet
 facet normal  1.000000e+00  0.000000e+00  0.000000e+00
   outer loop
     vertex  1.792000e+01 -8.493035e+00  2.925420e+00
     vertex  1.792000e+01 -9.664557e+00  4.928174e-01
     vertex  1.792000e+01 -9.437754e+00  3.907583e-01
   endloop
 endfacet
 facet normal  1.000000e+00  0.000000e+00  0.000000e+00
   outer loop
     vertex  1.792000e+01 -5.477210e+00  6.094679e+00
     vertex  1.792000e+01 -3.074117e+00  7.326277e+00
     vertex  1.792000e+01 -3.195269e+00  7.543481e+00
   endloop
 endfacet
 facet normal  1.000000e+00 -0.000000e+00  0.000000e+00
   outer loop
     vertex  1.792000e+01 -5.477210e+00  6.094679e+00
     vertex  1.792000e+01 -5.425420e+00  5.993035e+00
     vertex  1.792000e+01 -3.074117e+00  7.326277e+00
   endloop
 endfacet
 facet normal  1.000000e+00  0.000000e+00  0.000000e+00
   outer loop
     vertex  1.792000e+01 -8.594679e+00  2.977210e+00
     vertex  1.792000e+01 -9.664557e+00  4.928174e-01
     vertex  1.792000e+01 -8.493035e+00  2.925420e+00
   endloop
 endfacet
 facet normal  1.000000e+00  0.000000e+00  0.000000e+00
   outer loop
     vertex  1.792000e+01 -8.594679e+00  2.977210e+00
     vertex  1.792000e+01 -9.886004e+00  6.060284e-01
     vertex  1.792000e+01 -9.664557e+00  4.928174e-01
   endloop
 endfacet
 facet normal  1.000000e+00  0.000000e+00  0.000000e+00
   outer loop
     vertex  1.792000e+01 -5.533977e+00  6.193630e+00
     vertex  1.792000e+01 -3.195269e+00  7.543481e+00
     vertex  1.792000e+01 -3.327072e+00  7.754392e+00
   endloop
 endfacet
 facet normal  1.000000e+00 -0.000000e+00  0.000000e+00
   outer loop
     vertex  1.792000e+01 -5.533977e+00  6.193630e+00
     vertex  1.792000e+01 -5.477210e+00  6.094679e+00
     vertex  1.792000e+01 -3.195269e+00  7.543481e+00
   endloop
 endfacet
 facet normal  1.000000e+00  0.000000e+00  0.000000e+00
   outer loop
     vertex  1.792000e+01 -8.693630e+00  3.033977e+00
     vertex  1.792000e+01 -9.886004e+00  6.060284e-01
     vertex  1.792000e+01 -8.594679e+00  2.977210e+00
   endloop
 endfacet
 facet normal  1.000000e+00  0.000000e+00  0.000000e+00
   outer loop
     vertex  1.792000e+01 -8.693630e+00  3.033977e+00
     vertex  1.792000e+01 -1.010155e+01  7.301109e-01
     vertex  1.792000e+01 -9.886004e+00  6.060284e-01
   endloop
 endfacet
 facet normal  1.000000e+00  0.000000e+00  0.000000e+00
   outer loop
     vertex  1.792000e+01 -5.595580e+00  6.289645e+00
     vertex  1.792000e+01 -3.327072e+00  7.754392e+00
     vertex  1.792000e+01 -3.469200e+00  7.958488e+00
   endloop
 endfacet
 facet normal  1.000000e+00 -0.000000e+00  0.000000e+00
   outer loop
     vertex  1.792000e+01 -5.595580e+00  6.289645e+00
     vertex  1.792000e+01 -5.533977e+00  6.193630e+00
     vertex  1.792000e+01 -3.327072e+00  7.754392e+00
   endloop
 endfacet
 facet normal  1.000000e+00  0.000000e+00  0.000000e+00
   outer loop
     vertex  1.792000e+01 -8.789645e+00  3.095580e+00
     vertex  1.792000e+01 -1.010155e+01  7.301109e-01
     vertex  1.792000e+01 -8.693630e+00  3.033977e+00
   endloop
 endfacet
 facet normal  1.000000e+00  0.000000e+00  0.000000e+00
   outer loop
     vertex  1.792000e+01 -8.789645e+00  3.095580e+00
     vertex  1.792000e+01 -1.031065e+01  8.647582e-01
     vertex  1.792000e+01 -1.010155e+01  7.301109e-01
   endloop
 endfacet
 facet normal  1.000000e+00  0.000000e+00  0.000000e+00
   outer loop
     vertex  1.792000e+01 -5.661868e+00  6.382487e+00
     vertex  1.792000e+01 -3.469200e+00  7.958488e+00
     vertex  1.792000e+01 -3.621301e+00  8.155264e+00
   endloop
 endfacet
 facet normal  1.000000e+00 -0.000000e+00  0.000000e+00
   outer loop
     vertex  1.792000e+01 -5.661868e+00  6.382487e+00
     vertex  1.792000e+01 -5.595580e+00  6.289645e+00
     vertex  1.792000e+01 -3.469200e+00  7.958488e+00
   endloop
 endfacet
 facet normal  1.000000e+00  0.000000e+00  0.000000e+00
   outer loop
     vertex  1.792000e+01 -8.882487e+00  3.161868e+00
     vertex  1.792000e+01 -1.051281e+01  1.009637e+00
     vertex  1.792000e+01 -1.031065e+01  8.647582e-01
   endloop
 endfacet
 facet normal  1.000000e+00  0.000000e+00  0.000000e+00
   outer loop
     vertex  1.792000e+01 -8.882487e+00  3.161868e+00
     vertex  1.792000e+01 -1.031065e+01  8.647582e-01
     vertex  1.792000e+01 -8.789645e+00  3.095580e+00
   endloop
 endfacet
 facet normal  1.000000e+00  0.000000e+00  0.000000e+00
   outer loop
     vertex  1.792000e+01 -5.732677e+00  6.471928e+00
     vertex  1.792000e+01 -3.621301e+00  8.155264e+00
     vertex  1.792000e+01 -3.782998e+00  8.344233e+00
   endloop
 endfacet
 facet normal  1.000000e+00 -0.000000e+00  0.000000e+00
   outer loop
     vertex  1.792000e+01 -5.732677e+00  6.471928e+00
     vertex  1.792000e+01 -5.661868e+00  6.382487e+00
     vertex  1.792000e+01 -3.621301e+00  8.155264e+00
   endloop
 endfacet
 facet normal  1.000000e+00  0.000000e+00  0.000000e+00
   outer loop
     vertex  1.792000e+01 -8.971928e+00  3.232677e+00
     vertex  1.792000e+01 -1.051281e+01  1.009637e+00
     vertex  1.792000e+01 -8.882487e+00  3.161868e+00
   endloop
 endfacet
 facet normal  1.000000e+00  0.000000e+00  0.000000e+00
   outer loop
     vertex  1.792000e+01 -8.971928e+00  3.232677e+00
     vertex  1.792000e+01 -1.070750e+01  1.164389e+00
     vertex  1.792000e+01 -1.051281e+01  1.009637e+00
   endloop
 endfacet
 facet normal  1.000000e+00 -0.000000e+00  0.000000e+00
   outer loop
     vertex  1.792000e+01 -5.807835e+00  6.557748e+00
     vertex  1.792000e+01 -5.732677e+00  6.471928e+00
     vertex  1.792000e+01 -3.782998e+00  8.344233e+00
   endloop
 endfacet
 facet normal  1.000000e+00  0.000000e+00  0.000000e+00
   outer loop
     vertex  1.792000e+01 -9.057748e+00  3.307835e+00
     vertex  1.792000e+01 -1.070750e+01  1.164389e+00
     vertex  1.792000e+01 -8.971928e+00  3.232677e+00
   endloop
 endfacet
 facet normal  1.000000e+00  0.000000e+00  0.000000e+00
   outer loop
     vertex  1.792000e+01 -9.057748e+00  3.307835e+00
     vertex  1.792000e+01 -1.089427e+01  1.328631e+00
     vertex  1.792000e+01 -1.070750e+01  1.164389e+00
   endloop
 endfacet
 facet normal  1.000000e+00  0.000000e+00  0.000000e+00
   outer loop
     vertex  1.792000e+01 -3.953892e+00  8.524928e+00
     vertex  1.792000e+01 -5.807835e+00  6.557748e+00
     vertex  1.792000e+01 -3.782998e+00  8.344233e+00
   endloop
 endfacet
 facet normal  1.000000e+00 -0.000000e+00  0.000000e+00
   outer loop
     vertex  1.792000e+01 -5.887155e+00  6.639735e+00
     vertex  1.792000e+01 -5.807835e+00  6.557748e+00
     vertex  1.792000e+01 -3.953892e+00  8.524928e+00
   endloop
 endfacet
 facet normal  1.000000e+00  0.000000e+00  0.000000e+00
   outer loop
     vertex  1.792000e+01 -9.139735e+00  3.387155e+00
     vertex  1.792000e+01 -1.089427e+01  1.328631e+00
     vertex  1.792000e+01 -9.057748e+00  3.307835e+00
   endloop
 endfacet
 facet normal  1.000000e+00 -0.000000e+00  0.000000e+00
   outer loop
     vertex  1.792000e+01 -1.107263e+01  1.501956e+00
     vertex  1.792000e+01 -1.089427e+01  1.328631e+00
     vertex  1.792000e+01 -9.139735e+00  3.387155e+00
   endloop
 endfacet
 facet normal  1.000000e+00  0.000000e+00  0.000000e+00
   outer loop
     vertex  1.792000e+01 -9.217689e+00  3.470443e+00
     vertex  1.792000e+01 -1.107263e+01  1.501956e+00
     vertex  1.792000e+01 -9.139735e+00  3.387155e+00
   endloop
 endfacet
 facet normal  1.000000e+00  0.000000e+00  0.000000e+00
   outer loop
     vertex  1.792000e+01 -4.133560e+00  8.696902e+00
     vertex  1.792000e+01 -5.970443e+00  6.717689e+00
     vertex  1.792000e+01 -5.887155e+00  6.639735e+00
   endloop
 endfacet
 facet normal  1.000000e+00  0.000000e+00  0.000000e+00
   outer loop
     vertex  1.792000e+01 -4.133560e+00  8.696902e+00
     vertex  1.792000e+01 -5.887155e+00  6.639735e+00
     vertex  1.792000e+01 -3.953892e+00  8.524928e+00
   endloop
 endfacet
 facet normal  1.000000e+00 -0.000000e+00  0.000000e+00
   outer loop
     vertex  1.792000e+01 -1.124216e+01  1.683937e+00
     vertex  1.792000e+01 -1.107263e+01  1.501956e+00
     vertex  1.792000e+01 -9.217689e+00  3.470443e+00
   endloop
 endfacet
 facet normal  1.000000e+00  0.000000e+00  0.000000e+00
   outer loop
     vertex  1.792000e+01 -1.124216e+01  1.683937e+00
     vertex  1.792000e+01 -9.217689e+00  3.470443e+00
     vertex  1.792000e+01 -9.291418e+00  3.557494e+00
   endloop
 endfacet
 facet normal  1.000000e+00  0.000000e+00  0.000000e+00
   outer loop
     vertex  1.792000e+01 -4.321558e+00  8.859729e+00
     vertex  1.792000e+01 -5.970443e+00  6.717689e+00
     vertex  1.792000e+01 -4.133560e+00  8.696902e+00
   endloop
 endfacet
 facet normal  1.000000e+00  0.000000e+00  0.000000e+00
   outer loop
     vertex  1.792000e+01 -4.321558e+00  8.859729e+00
     vertex  1.792000e+01 -6.057494e+00  6.791418e+00
     vertex  1.792000e+01 -5.970443e+00  6.717689e+00
   endloop
 endfacet
 facet normal  1.000000e+00  0.000000e+00  0.000000e+00
   outer loop
     vertex  1.792000e+01 -1.140242e+01  1.874122e+00
     vertex  1.792000e+01 -9.291418e+00  3.557494e+00
     vertex  1.792000e+01 -9.360739e+00  3.648094e+00
   endloop
 endfacet
 facet normal  1.000000e+00 -0.000000e+00  0.000000e+00
   outer loop
     vertex  1.792000e+01 -1.140242e+01  1.874122e+00
     vertex  1.792000e+01 -1.124216e+01  1.683937e+00
     vertex  1.792000e+01 -9.291418e+00  3.557494e+00
   endloop
 endfacet
 facet normal  1.000000e+00  0.000000e+00  0.000000e+00
   outer loop
     vertex  1.792000e+01 -4.517419e+00  9.013005e+00
     vertex  1.792000e+01 -6.057494e+00  6.791418e+00
     vertex  1.792000e+01 -4.321558e+00  8.859729e+00
   endloop
 endfacet
 facet normal  1.000000e+00  0.000000e+00  0.000000e+00
   outer loop
     vertex  1.792000e+01 -4.517419e+00  9.013005e+00
     vertex  1.792000e+01 -6.148094e+00  6.860739e+00
     vertex  1.792000e+01 -6.057494e+00  6.791418e+00
   endloop
 endfacet
 facet normal  1.000000e+00  0.000000e+00  0.000000e+00
   outer loop
     vertex  1.792000e+01 -1.155303e+01  2.072041e+00
     vertex  1.792000e+01 -9.360739e+00  3.648094e+00
     vertex  1.792000e+01 -9.425483e+00  3.742019e+00
   endloop
 endfacet
 facet normal  1.000000e+00 -0.000000e+00  0.000000e+00
   outer loop
     vertex  1.792000e+01 -1.155303e+01  2.072041e+00
     vertex  1.792000e+01 -1.140242e+01  1.874122e+00
     vertex  1.792000e+01 -9.360739e+00  3.648094e+00
   endloop
 endfacet
 facet normal  1.000000e+00  0.000000e+00  0.000000e+00
   outer loop
     vertex  1.792000e+01 -4.720660e+00  9.156353e+00
     vertex  1.792000e+01 -6.148094e+00  6.860739e+00
     vertex  1.792000e+01 -4.517419e+00  9.013005e+00
   endloop
 endfacet
 facet normal  1.000000e+00  0.000000e+00  0.000000e+00
   outer loop
     vertex  1.792000e+01 -4.720660e+00  9.156353e+00
     vertex  1.792000e+01 -6.242019e+00  6.925483e+00
     vertex  1.792000e+01 -6.148094e+00  6.860739e+00
   endloop
 endfacet
 facet normal  1.000000e+00  0.000000e+00  0.000000e+00
   outer loop
     vertex  1.792000e+01 -1.169361e+01  2.277205e+00
     vertex  1.792000e+01 -9.425483e+00  3.742019e+00
     vertex  1.792000e+01 -9.485490e+00  3.839039e+00
   endloop
 endfacet
 facet normal  1.000000e+00 -0.000000e+00  0.000000e+00
   outer loop
     vertex  1.792000e+01 -1.169361e+01  2.277205e+00
     vertex  1.792000e+01 -1.155303e+01  2.072041e+00
     vertex  1.792000e+01 -9.425483e+00  3.742019e+00
   endloop
 endfacet
 facet normal  1.000000e+00  0.000000e+00  0.000000e+00
   outer loop
     vertex  1.792000e+01 -4.930778e+00  9.289417e+00
     vertex  1.792000e+01 -6.242019e+00  6.925483e+00
     vertex  1.792000e+01 -4.720660e+00  9.156353e+00
   endloop
 endfacet
 facet normal  1.000000e+00  0.000000e+00  0.000000e+00
   outer loop
     vertex  1.792000e+01 -4.930778e+00  9.289417e+00
     vertex  1.792000e+01 -6.339039e+00  6.985490e+00
     vertex  1.792000e+01 -6.242019e+00  6.925483e+00
   endloop
 endfacet
 facet normal  1.000000e+00  0.000000e+00  0.000000e+00
   outer loop
     vertex  1.792000e+01 -1.182382e+01  2.489106e+00
     vertex  1.792000e+01 -9.485490e+00  3.839039e+00
     vertex  1.792000e+01 -9.540612e+00  3.938915e+00
   endloop
 endfacet
 facet normal  1.000000e+00 -0.000000e+00  0.000000e+00
   outer loop
     vertex  1.792000e+01 -1.182382e+01  2.489106e+00
     vertex  1.792000e+01 -1.169361e+01  2.277205e+00
     vertex  1.792000e+01 -9.485490e+00  3.839039e+00
   endloop
 endfacet
 facet normal  1.000000e+00  0.000000e+00  0.000000e+00
   outer loop
     vertex  1.792000e+01 -5.147253e+00  9.411868e+00
     vertex  1.792000e+01 -6.438915e+00  7.040612e+00
     vertex  1.792000e+01 -6.339039e+00  6.985490e+00
   endloop
 endfacet
 facet normal  1.000000e+00  0.000000e+00  0.000000e+00
   outer loop
     vertex  1.792000e+01 -5.147253e+00  9.411868e+00
     vertex  1.792000e+01 -6.339039e+00  6.985490e+00
     vertex  1.792000e+01 -4.930778e+00  9.289417e+00
   endloop
 endfacet
 facet normal  1.000000e+00  0.000000e+00  0.000000e+00
   outer loop
     vertex  1.792000e+01 -1.194333e+01  2.707219e+00
     vertex  1.792000e+01 -9.540612e+00  3.938915e+00
     vertex  1.792000e+01 -9.590715e+00  4.041402e+00
   endloop
 endfacet
 facet normal  1.000000e+00 -0.000000e+00  0.000000e+00
   outer loop
     vertex  1.792000e+01 -1.194333e+01  2.707219e+00
     vertex  1.792000e+01 -1.182382e+01  2.489106e+00
     vertex  1.792000e+01 -9.540612e+00  3.938915e+00
   endloop
 endfacet
 facet normal  1.000000e+00  0.000000e+00  0.000000e+00
   outer loop
     vertex  1.792000e+01 -5.369548e+00  9.523403e+00
     vertex  1.792000e+01 -6.541402e+00  7.090715e+00
     vertex  1.792000e+01 -6.438915e+00  7.040612e+00
   endloop
 endfacet
 facet normal  1.000000e+00  0.000000e+00  0.000000e+00
   outer loop
     vertex  1.792000e+01 -5.369548e+00  9.523403e+00
     vertex  1.792000e+01 -6.438915e+00  7.040612e+00
     vertex  1.792000e+01 -5.147253e+00  9.411868e+00
   endloop
 endfacet
 facet normal  1.000000e+00  0.000000e+00  0.000000e+00
   outer loop
     vertex  1.792000e+01 -1.205184e+01  2.931005e+00
     vertex  1.792000e+01 -9.590715e+00  4.041402e+00
     vertex  1.792000e+01 -9.635674e+00  4.146246e+00
   endloop
 endfacet
 facet normal  1.000000e+00 -0.000000e+00  0.000000e+00
   outer loop
     vertex  1.792000e+01 -1.205184e+01  2.931005e+00
     vertex  1.792000e+01 -1.194333e+01  2.707219e+00
     vertex  1.792000e+01 -9.590715e+00  4.041402e+00
   endloop
 endfacet
 facet normal  1.000000e+00  0.000000e+00  0.000000e+00
   outer loop
     vertex  1.792000e+01 -5.597115e+00  9.623746e+00
     vertex  1.792000e+01 -6.541402e+00  7.090715e+00
     vertex  1.792000e+01 -5.369548e+00  9.523403e+00
   endloop
 endfacet
 facet normal  1.000000e+00  0.000000e+00  0.000000e+00
   outer loop
     vertex  1.792000e+01 -5.597115e+00  9.623746e+00
     vertex  1.792000e+01 -6.646246e+00  7.135674e+00
     vertex  1.792000e+01 -6.541402e+00  7.090715e+00
   endloop
 endfacet
 facet normal  1.000000e+00  0.000000e+00  0.000000e+00
   outer loop
     vertex  1.792000e+01 -1.214909e+01  3.159910e+00
     vertex  1.792000e+01 -9.635674e+00  4.146246e+00
     vertex  1.792000e+01 -9.675380e+00  4.253191e+00
   endloop
 endfacet
 facet normal  1.000000e+00 -0.000000e+00  0.000000e+00
   outer loop
     vertex  1.792000e+01 -1.214909e+01  3.159910e+00
     vertex  1.792000e+01 -1.205184e+01  2.931005e+00
     vertex  1.792000e+01 -9.635674e+00  4.146246e+00
   endloop
 endfacet
 facet normal  1.000000e+00  0.000000e+00  0.000000e+00
   outer loop
     vertex  1.792000e+01 -5.829390e+00  9.712649e+00
     vertex  1.792000e+01 -6.646246e+00  7.135674e+00
     vertex  1.792000e+01 -5.597115e+00  9.623746e+00
   endloop
 endfacet
 facet normal  1.000000e+00  0.000000e+00  0.000000e+00
   outer loop
     vertex  1.792000e+01 -5.829390e+00  9.712649e+00
     vertex  1.792000e+01 -6.753191e+00  7.175380e+00
     vertex  1.792000e+01 -6.646246e+00  7.135674e+00
   endloop
 endfacet
 facet normal  1.000000e+00 -0.000000e+00  0.000000e+00
   outer loop
     vertex  1.792000e+01 -1.223484e+01  3.393368e+00
     vertex  1.792000e+01 -1.214909e+01  3.159910e+00
     vertex  1.792000e+01 -9.675380e+00  4.253191e+00
   endloop
 endfacet
 facet normal  1.000000e+00  0.000000e+00  0.000000e+00
   outer loop
     vertex  1.792000e+01 -1.223484e+01  3.393368e+00
     vertex  1.792000e+01 -9.675380e+00  4.253191e+00
     vertex  1.792000e+01 -9.709733e+00  4.361973e+00
   endloop
 endfacet
 facet normal  1.000000e+00  0.000000e+00  0.000000e+00
   outer loop
     vertex  1.792000e+01 -6.065799e+00  9.789892e+00
     vertex  1.792000e+01 -6.753191e+00  7.175380e+00
     vertex  1.792000e+01 -5.829390e+00  9.712649e+00
   endloop
 endfacet
 facet normal  1.000000e+00  0.000000e+00  0.000000e+00
   outer loop
     vertex  1.792000e+01 -6.065799e+00  9.789892e+00
     vertex  1.792000e+01 -6.861973e+00  7.209733e+00
     vertex  1.792000e+01 -6.753191e+00  7.175380e+00
   endloop
 endfacet
 facet normal  1.000000e+00  0.000000e+00  0.000000e+00
   outer loop
     vertex  1.792000e+01 -1.230888e+01  3.630801e+00
     vertex  1.792000e+01 -9.709733e+00  4.361973e+00
     vertex  1.792000e+01 -9.738651e+00  4.472325e+00
   endloop
 endfacet
 facet normal  1.000000e+00 -0.000000e+00  0.000000e+00
   outer loop
     vertex  1.792000e+01 -1.230888e+01  3.630801e+00
     vertex  1.792000e+01 -1.223484e+01  3.393368e+00
     vertex  1.792000e+01 -9.709733e+00  4.361973e+00
   endloop
 endfacet
 facet normal  1.000000e+00  0.000000e+00  0.000000e+00
   outer loop
     vertex  1.792000e+01 -6.305756e+00  9.855284e+00
     vertex  1.792000e+01 -6.972325e+00  7.238651e+00
     vertex  1.792000e+01 -6.861973e+00  7.209733e+00
   endloop
 endfacet
 facet normal  1.000000e+00  0.000000e+00  0.000000e+00
   outer loop
     vertex  1.792000e+01 -6.305756e+00  9.855284e+00
     vertex  1.792000e+01 -6.861973e+00  7.209733e+00
     vertex  1.792000e+01 -6.065799e+00  9.789892e+00
   endloop
 endfacet
 facet normal  1.000000e+00  0.000000e+00  0.000000e+00
   outer loop
     vertex  1.792000e+01 -1.237101e+01  3.871622e+00
     vertex  1.792000e+01 -9.738651e+00  4.472325e+00
     vertex  1.792000e+01 -9.762062e+00  4.583975e+00
   endloop
 endfacet
 facet normal  1.000000e+00 -0.000000e+00  0.000000e+00
   outer loop
     vertex  1.792000e+01 -1.237101e+01  3.871622e+00
     vertex  1.792000e+01 -1.230888e+01  3.630801e+00
     vertex  1.792000e+01 -9.738651e+00  4.472325e+00
   endloop
 endfacet
 facet normal  1.000000e+00  0.000000e+00  0.000000e+00
   outer loop
     vertex  1.792000e+01 -6.548668e+00  9.908663e+00
     vertex  1.792000e+01 -7.083975e+00  7.262062e+00
     vertex  1.792000e+01 -6.972325e+00  7.238651e+00
   endloop
 endfacet
 facet normal  1.000000e+00  0.000000e+00  0.000000e+00
   outer loop
     vertex  1.792000e+01 -6.548668e+00  9.908663e+00
     vertex  1.792000e+01 -6.972325e+00  7.238651e+00
     vertex  1.792000e+01 -6.305756e+00  9.855284e+00
   endloop
 endfacet
 facet normal  1.000000e+00  0.000000e+00  0.000000e+00
   outer loop
     vertex  1.792000e+01 -1.242110e+01  4.115234e+00
     vertex  1.792000e+01 -9.762062e+00  4.583975e+00
     vertex  1.792000e+01 -9.779907e+00  4.696648e+00
   endloop
 endfacet
 facet normal  1.000000e+00 -0.000000e+00  0.000000e+00
   outer loop
     vertex  1.792000e+01 -1.242110e+01  4.115234e+00
     vertex  1.792000e+01 -1.237101e+01  3.871622e+00
     vertex  1.792000e+01 -9.762062e+00  4.583975e+00
   endloop
 endfacet
 facet normal  1.000000e+00  0.000000e+00  0.000000e+00
   outer loop
     vertex  1.792000e+01 -6.793934e+00  9.949896e+00
     vertex  1.792000e+01 -7.196648e+00  7.279907e+00
     vertex  1.792000e+01 -7.083975e+00  7.262062e+00
   endloop
 endfacet
 facet normal  1.000000e+00  0.000000e+00  0.000000e+00
   outer loop
     vertex  1.792000e+01 -6.793934e+00  9.949896e+00
     vertex  1.792000e+01 -7.083975e+00  7.262062e+00
     vertex  1.792000e+01 -6.548668e+00  9.908663e+00
   endloop
 endfacet
 facet normal  1.000000e+00  0.000000e+00  0.000000e+00
   outer loop
     vertex  1.792000e+01 -1.245900e+01  4.361036e+00
     vertex  1.792000e+01 -9.779907e+00  4.696648e+00
     vertex  1.792000e+01 -9.792144e+00  4.810068e+00
   endloop
 endfacet
 facet normal  1.000000e+00 -0.000000e+00  0.000000e+00
   outer loop
     vertex  1.792000e+01 -1.245900e+01  4.361036e+00
     vertex  1.792000e+01 -1.242110e+01  4.115234e+00
     vertex  1.792000e+01 -9.779907e+00  4.696648e+00
   endloop
 endfacet
 facet normal  1.000000e+00  0.000000e+00  0.000000e+00
   outer loop
     vertex  1.792000e+01 -7.040947e+00  9.978882e+00
     vertex  1.792000e+01 -7.310068e+00  7.292144e+00
     vertex  1.792000e+01 -7.196648e+00  7.279907e+00
   endloop
 endfacet
 facet normal  1.000000e+00  0.000000e+00  0.000000e+00
   outer loop
     vertex  1.792000e+01 -7.040947e+00  9.978882e+00
     vertex  1.792000e+01 -7.196648e+00  7.279907e+00
     vertex  1.792000e+01 -6.793934e+00  9.949896e+00
   endloop
 endfacet
 facet normal  1.000000e+00  0.000000e+00  0.000000e+00
   outer loop
     vertex  1.792000e+01 -1.248464e+01  4.608419e+00
     vertex  1.792000e+01 -9.792144e+00  4.810068e+00
     vertex  1.792000e+01 -9.798742e+00  4.923954e+00
   endloop
 endfacet
 facet normal  1.000000e+00 -0.000000e+00  0.000000e+00
   outer loop
     vertex  1.792000e+01 -1.248464e+01  4.608419e+00
     vertex  1.792000e+01 -1.245900e+01  4.361036e+00
     vertex  1.792000e+01 -9.792144e+00  4.810068e+00
   endloop
 endfacet
 facet normal  1.000000e+00  0.000000e+00  0.000000e+00
   outer loop
     vertex  1.792000e+01 -7.289095e+00  9.995550e+00
     vertex  1.792000e+01 -7.310068e+00  7.292144e+00
     vertex  1.792000e+01 -7.040947e+00  9.978882e+00
   endloop
 endfacet
 facet normal  1.000000e+00  0.000000e+00  0.000000e+00
   outer loop
     vertex  1.792000e+01 -7.289095e+00  9.995550e+00
     vertex  1.792000e+01 -7.423954e+00  7.298742e+00
     vertex  1.792000e+01 -7.310068e+00  7.292144e+00
   endloop
 endfacet
 facet normal  1.000000e+00  0.000000e+00  0.000000e+00
   outer loop
     vertex  1.792000e+01 -1.249795e+01  4.856770e+00
     vertex  1.792000e+01 -9.798742e+00  4.923954e+00
     vertex  1.792000e+01 -9.799686e+00  5.038028e+00
   endloop
 endfacet
 facet normal  1.000000e+00 -0.000000e+00  0.000000e+00
   outer loop
     vertex  1.792000e+01 -1.249795e+01  4.856770e+00
     vertex  1.792000e+01 -1.248464e+01  4.608419e+00
     vertex  1.792000e+01 -9.798742e+00  4.923954e+00
   endloop
 endfacet
 facet normal  1.000000e+00  0.000000e+00  0.000000e+00
   outer loop
     vertex  1.792000e+01 -7.537765e+00  9.999857e+00
     vertex  1.792000e+01 -7.423954e+00  7.298742e+00
     vertex  1.792000e+01 -7.289095e+00  9.995550e+00
   endloop
 endfacet
 facet normal  1.000000e+00  0.000000e+00  0.000000e+00
   outer loop
     vertex  1.792000e+01 -7.537765e+00  9.999857e+00
     vertex  1.792000e+01 -7.538028e+00  7.299686e+00
     vertex  1.792000e+01 -7.423954e+00  7.298742e+00
   endloop
 endfacet
 facet normal  1.000000e+00 -0.000000e+00  0.000000e+00
   outer loop
     vertex  1.792000e+01 -1.249889e+01  5.105476e+00
     vertex  1.792000e+01 -9.799686e+00  5.038028e+00
     vertex  1.792000e+01 -9.794971e+00  5.152008e+00
   endloop
 endfacet
 facet normal  1.000000e+00  0.000000e+00  0.000000e+00
   outer loop
     vertex  1.792000e+01 -1.249889e+01  5.105476e+00
     vertex  1.792000e+01 -1.249795e+01  4.856770e+00
     vertex  1.792000e+01 -9.799686e+00  5.038028e+00
   endloop
 endfacet
 facet normal  1.000000e+00 -0.000000e+00  0.000000e+00
   outer loop
     vertex  1.792000e+01 -7.786342e+00  9.991794e+00
     vertex  1.792000e+01 -7.538028e+00  7.299686e+00
     vertex  1.792000e+01 -7.537765e+00  9.999857e+00
   endloop
 endfacet
 facet normal  1.000000e+00  0.000000e+00  0.000000e+00
   outer loop
     vertex  1.792000e+01 -7.786342e+00  9.991794e+00
     vertex  1.792000e+01 -7.652008e+00  7.294971e+00
     vertex  1.792000e+01 -7.538028e+00  7.299686e+00
   endloop
 endfacet
 facet normal  1.000000e+00  0.000000e+00  0.000000e+00
   outer loop
     vertex  1.792000e+01 -1.248746e+01  5.353921e+00
     vertex  1.792000e+01 -9.794971e+00  5.152008e+00
     vertex  1.792000e+01 -9.784611e+00  5.265615e+00
   endloop
 endfacet
 facet normal  1.000000e+00  0.000000e+00  0.000000e+00
   outer loop
     vertex  1.792000e+01 -1.248746e+01  5.353921e+00
     vertex  1.792000e+01 -1.249889e+01  5.105476e+00
     vertex  1.792000e+01 -9.794971e+00  5.152008e+00
   endloop
 endfacet
 facet normal  1.000000e+00 -0.000000e+00  0.000000e+00
   outer loop
     vertex  1.792000e+01 -8.034211e+00  9.971380e+00
     vertex  1.792000e+01 -7.652008e+00  7.294971e+00
     vertex  1.792000e+01 -7.786342e+00  9.991794e+00
   endloop
 endfacet
 facet normal  1.000000e+00  0.000000e+00  0.000000e+00
   outer loop
     vertex  1.792000e+01 -8.034211e+00  9.971380e+00
     vertex  1.792000e+01 -7.765615e+00  7.284611e+00
     vertex  1.792000e+01 -7.652008e+00  7.294971e+00
   endloop
 endfacet
 facet normal  1.000000e+00  0.000000e+00  0.000000e+00
   outer loop
     vertex  1.792000e+01 -1.246369e+01  5.601490e+00
     vertex  1.792000e+01 -1.248746e+01  5.353921e+00
     vertex  1.792000e+01 -9.784611e+00  5.265615e+00
   endloop
 endfacet
 facet normal  1.000000e+00  0.000000e+00  0.000000e+00
   outer loop
     vertex  1.792000e+01 -1.246369e+01  5.601490e+00
     vertex  1.792000e+01 -9.784611e+00  5.265615e+00
     vertex  1.792000e+01 -9.768631e+00  5.378568e+00
   endloop
 endfacet
 facet normal  1.000000e+00 -0.000000e+00  0.000000e+00
   outer loop
     vertex  1.792000e+01 -8.280757e+00  9.938666e+00
     vertex  1.792000e+01 -7.765615e+00  7.284611e+00
     vertex  1.792000e+01 -8.034211e+00  9.971380e+00
   endloop
 endfacet
 facet normal  1.000000e+00  0.000000e+00  0.000000e+00
   outer loop
     vertex  1.792000e+01 -8.280757e+00  9.938666e+00
     vertex  1.792000e+01 -7.878568e+00  7.268631e+00
     vertex  1.792000e+01 -7.765615e+00  7.284611e+00
   endloop
 endfacet
 facet normal  1.000000e+00  0.000000e+00  0.000000e+00
   outer loop
     vertex  1.792000e+01 -1.242764e+01  5.847571e+00
     vertex  1.792000e+01 -1.246369e+01  5.601490e+00
     vertex  1.792000e+01 -9.768631e+00  5.378568e+00
   endloop
 endfacet
 facet normal  1.000000e+00  0.000000e+00  0.000000e+00
   outer loop
     vertex  1.792000e+01 -1.242764e+01  5.847571e+00
     vertex  1.792000e+01 -9.768631e+00  5.378568e+00
     vertex  1.792000e+01 -9.747070e+00  5.490589e+00
   endloop
 endfacet
 facet normal  1.000000e+00 -0.000000e+00  0.000000e+00
   outer loop
     vertex  1.792000e+01 -8.525372e+00  9.893732e+00
     vertex  1.792000e+01 -7.878568e+00  7.268631e+00
     vertex  1.792000e+01 -8.280757e+00  9.938666e+00
   endloop
 endfacet
 facet normal  1.000000e+00  0.000000e+00  0.000000e+00
   outer loop
     vertex  1.792000e+01 -8.525372e+00  9.893732e+00
     vertex  1.792000e+01 -7.990589e+00  7.247070e+00
     vertex  1.792000e+01 -7.878568e+00  7.268631e+00
   endloop
 endfacet
 facet normal  1.000000e+00  0.000000e+00  0.000000e+00
   outer loop
     vertex  1.792000e+01 -1.237940e+01  6.091555e+00
     vertex  1.792000e+01 -9.747070e+00  5.490589e+00
     vertex  1.792000e+01 -9.719980e+00  5.601404e+00
   endloop
 endfacet
 facet normal  1.000000e+00  0.000000e+00  0.000000e+00
   outer loop
     vertex  1.792000e+01 -1.237940e+01  6.091555e+00
     vertex  1.792000e+01 -1.242764e+01  5.847571e+00
     vertex  1.792000e+01 -9.747070e+00  5.490589e+00
   endloop
 endfacet
 facet normal  1.000000e+00 -0.000000e+00  0.000000e+00
   outer loop
     vertex  1.792000e+01 -8.767450e+00  9.836690e+00
     vertex  1.792000e+01 -7.990589e+00  7.247070e+00
     vertex  1.792000e+01 -8.525372e+00  9.893732e+00
   endloop
 endfacet
 facet normal  1.000000e+00  0.000000e+00  0.000000e+00
   outer loop
     vertex  1.792000e+01 -8.767450e+00  9.836690e+00
     vertex  1.792000e+01 -8.101404e+00  7.219980e+00
     vertex  1.792000e+01 -7.990589e+00  7.247070e+00
   endloop
 endfacet
 facet normal  1.000000e+00  0.000000e+00  0.000000e+00
   outer loop
     vertex  1.792000e+01 -1.231908e+01  6.332838e+00
     vertex  1.792000e+01 -1.237940e+01  6.091555e+00
     vertex  1.792000e+01 -9.719980e+00  5.601404e+00
   endloop
 endfacet
 facet normal  1.000000e+00  0.000000e+00  0.000000e+00
   outer loop
     vertex  1.792000e+01 -1.231908e+01  6.332838e+00
     vertex  1.792000e+01 -9.719980e+00  5.601404e+00
     vertex  1.792000e+01 -9.687430e+00  5.710739e+00
   endloop
 endfacet
 facet normal  1.000000e+00 -0.000000e+00  0.000000e+00
   outer loop
     vertex  1.792000e+01 -9.006392e+00  9.767681e+00
     vertex  1.792000e+01 -8.101404e+00  7.219980e+00
     vertex  1.792000e+01 -8.767450e+00  9.836690e+00
   endloop
 endfacet
 facet normal  1.000000e+00  0.000000e+00  0.000000e+00
   outer loop
     vertex  1.792000e+01 -9.006392e+00  9.767681e+00
     vertex  1.792000e+01 -8.210739e+00  7.187430e+00
     vertex  1.792000e+01 -8.101404e+00  7.219980e+00
   endloop
 endfacet
 facet normal  1.000000e+00  0.000000e+00  0.000000e+00
   outer loop
     vertex  1.792000e+01 -1.224684e+01  6.570824e+00
     vertex  1.792000e+01 -1.231908e+01  6.332838e+00
     vertex  1.792000e+01 -9.687430e+00  5.710739e+00
   endloop
 endfacet
 facet normal  1.000000e+00  0.000000e+00  0.000000e+00
   outer loop
     vertex  1.792000e+01 -1.224684e+01  6.570824e+00
     vertex  1.792000e+01 -9.687430e+00  5.710739e+00
     vertex  1.792000e+01 -9.649498e+00  5.818326e+00
   endloop
 endfacet
 facet normal  1.000000e+00 -0.000000e+00  0.000000e+00
   outer loop
     vertex  1.792000e+01 -9.241607e+00  9.686876e+00
     vertex  1.792000e+01 -8.210739e+00  7.187430e+00
     vertex  1.792000e+01 -9.006392e+00  9.767681e+00
   endloop
 endfacet
 facet normal  1.000000e+00  0.000000e+00  0.000000e+00
   outer loop
     vertex  1.792000e+01 -9.241607e+00  9.686876e+00
     vertex  1.792000e+01 -8.318326e+00  7.149498e+00
     vertex  1.792000e+01 -8.210739e+00  7.187430e+00
   endloop
 endfacet
 facet normal  1.000000e+00  0.000000e+00  0.000000e+00
   outer loop
     vertex  1.792000e+01 -1.216286e+01  6.804922e+00
     vertex  1.792000e+01 -1.224684e+01  6.570824e+00
     vertex  1.792000e+01 -9.649498e+00  5.818326e+00
   endloop
 endfacet
 facet normal  1.000000e+00  0.000000e+00  0.000000e+00
   outer loop
     vertex  1.792000e+01 -1.216286e+01  6.804922e+00
     vertex  1.792000e+01 -9.649498e+00  5.818326e+00
     vertex  1.792000e+01 -9.606279e+00  5.923899e+00
   endloop
 endfacet
 facet normal  1.000000e+00 -0.000000e+00  0.000000e+00
   outer loop
     vertex  1.792000e+01 -9.472513e+00  9.594474e+00
     vertex  1.792000e+01 -8.318326e+00  7.149498e+00
     vertex  1.792000e+01 -9.241607e+00  9.686876e+00
   endloop
 endfacet
 facet normal  1.000000e+00  0.000000e+00  0.000000e+00
   outer loop
     vertex  1.792000e+01 -9.472513e+00  9.594474e+00
     vertex  1.792000e+01 -8.423899e+00  7.106279e+00
     vertex  1.792000e+01 -8.318326e+00  7.149498e+00
   endloop
 endfacet
 facet normal  1.000000e+00  0.000000e+00  0.000000e+00
   outer loop
     vertex  1.792000e+01 -1.206734e+01  7.034556e+00
     vertex  1.792000e+01 -1.216286e+01  6.804922e+00
     vertex  1.792000e+01 -9.606279e+00  5.923899e+00
   endloop
 endfacet
 facet normal  1.000000e+00  0.000000e+00  0.000000e+00
   outer loop
     vertex  1.792000e+01 -1.206734e+01  7.034556e+00
     vertex  1.792000e+01 -9.606279e+00  5.923899e+00
     vertex  1.792000e+01 -9.557877e+00  6.027200e+00
   endloop
 endfacet
 facet normal  1.000000e+00 -0.000000e+00  0.000000e+00
   outer loop
     vertex  1.792000e+01 -9.698538e+00  9.490705e+00
     vertex  1.792000e+01 -8.423899e+00  7.106279e+00
     vertex  1.792000e+01 -9.472513e+00  9.594474e+00
   endloop
 endfacet
 facet normal  1.000000e+00  0.000000e+00  0.000000e+00
   outer loop
     vertex  1.792000e+01 -9.698538e+00  9.490705e+00
     vertex  1.792000e+01 -8.527200e+00  7.057877e+00
     vertex  1.792000e+01 -8.423899e+00  7.106279e+00
   endloop
 endfacet
 facet normal  1.000000e+00  0.000000e+00  0.000000e+00
   outer loop
     vertex  1.792000e+01 -1.196052e+01  7.259155e+00
     vertex  1.792000e+01 -1.206734e+01  7.034556e+00
     vertex  1.792000e+01 -9.557877e+00  6.027200e+00
   endloop
 endfacet
 facet normal  1.000000e+00  0.000000e+00  0.000000e+00
   outer loop
     vertex  1.792000e+01 -1.196052e+01  7.259155e+00
     vertex  1.792000e+01 -9.557877e+00  6.027200e+00
     vertex  1.792000e+01 -9.504414e+00  6.127974e+00
   endloop
 endfacet
 facet normal  1.000000e+00 -0.000000e+00  0.000000e+00
   outer loop
     vertex  1.792000e+01 -9.919124e+00  9.375825e+00
     vertex  1.792000e+01 -8.527200e+00  7.057877e+00
     vertex  1.792000e+01 -9.698538e+00  9.490705e+00
   endloop
 endfacet
 facet normal  1.000000e+00  0.000000e+00  0.000000e+00
   outer loop
     vertex  1.792000e+01 -9.919124e+00  9.375825e+00
     vertex  1.792000e+01 -8.627974e+00  7.004414e+00
     vertex  1.792000e+01 -8.527200e+00  7.057877e+00
   endloop
 endfacet
 facet normal  1.000000e+00  0.000000e+00  0.000000e+00
   outer loop
     vertex  1.792000e+01 -1.184266e+01  7.478164e+00
     vertex  1.792000e+01 -9.504414e+00  6.127974e+00
     vertex  1.792000e+01 -9.446019e+00  6.225973e+00
   endloop
 endfacet
 facet normal  1.000000e+00  0.000000e+00  0.000000e+00
   outer loop
     vertex  1.792000e+01 -1.184266e+01  7.478164e+00
     vertex  1.792000e+01 -1.196052e+01  7.259155e+00
     vertex  1.792000e+01 -9.504414e+00  6.127974e+00
   endloop
 endfacet
 facet normal  1.000000e+00 -0.000000e+00  0.000000e+00
   outer loop
     vertex  1.792000e+01 -1.013372e+01  9.250118e+00
     vertex  1.792000e+01 -8.627974e+00  7.004414e+00
     vertex  1.792000e+01 -9.919124e+00  9.375825e+00
   endloop
 endfacet
 facet normal  1.000000e+00  0.000000e+00  0.000000e+00
   outer loop
     vertex  1.792000e+01 -1.013372e+01  9.250118e+00
     vertex  1.792000e+01 -8.725973e+00  6.946019e+00
     vertex  1.792000e+01 -8.627974e+00  7.004414e+00
   endloop
 endfacet
 facet normal  1.000000e+00  0.000000e+00  0.000000e+00
   outer loop
     vertex  1.792000e+01 -1.171406e+01  7.691042e+00
     vertex  1.792000e+01 -9.446019e+00  6.225973e+00
     vertex  1.792000e+01 -9.382837e+00  6.320956e+00
   endloop
 endfacet
 facet normal  1.000000e+00  0.000000e+00  0.000000e+00
   outer loop
     vertex  1.792000e+01 -1.171406e+01  7.691042e+00
     vertex  1.792000e+01 -1.184266e+01  7.478164e+00
     vertex  1.792000e+01 -9.446019e+00  6.225973e+00
   endloop
 endfacet
 facet normal  1.000000e+00 -0.000000e+00  0.000000e+00
   outer loop
     vertex  1.792000e+01 -1.034181e+01  9.113895e+00
     vertex  1.792000e+01 -8.725973e+00  6.946019e+00
     vertex  1.792000e+01 -1.013372e+01  9.250118e+00
   endloop
 endfacet
 facet normal  1.000000e+00  0.000000e+00  0.000000e+00
   outer loop
     vertex  1.792000e+01 -1.034181e+01  9.113895e+00
     vertex  1.792000e+01 -8.820956e+00  6.882837e+00
     vertex  1.792000e+01 -8.725973e+00  6.946019e+00
   endloop
 endfacet
 facet normal  1.000000e+00  0.000000e+00  0.000000e+00
   outer loop
     vertex  1.792000e+01 -1.157503e+01  7.897262e+00
     vertex  1.792000e+01 -1.171406e+01  7.691042e+00
     vertex  1.792000e+01 -9.382837e+00  6.320956e+00
   endloop
 endfacet
 facet normal  1.000000e+00  0.000000e+00  0.000000e+00
   outer loop
     vertex  1.792000e+01 -1.157503e+01  7.897262e+00
     vertex  1.792000e+01 -9.382837e+00  6.320956e+00
     vertex  1.792000e+01 -9.315023e+00  6.412689e+00
   endloop
 endfacet
 facet normal  1.000000e+00 -0.000000e+00  0.000000e+00
   outer loop
     vertex  1.792000e+01 -1.054286e+01  8.967493e+00
     vertex  1.792000e+01 -8.820956e+00  6.882837e+00
     vertex  1.792000e+01 -1.034181e+01  9.113895e+00
   endloop
 endfacet
 facet normal  1.000000e+00  0.000000e+00  0.000000e+00
   outer loop
     vertex  1.792000e+01 -1.054286e+01  8.967493e+00
     vertex  1.792000e+01 -8.912689e+00  6.815023e+00
     vertex  1.792000e+01 -8.820956e+00  6.882837e+00
   endloop
 endfacet
 facet normal  1.000000e+00  0.000000e+00  0.000000e+00
   outer loop
     vertex  1.792000e+01 -1.142592e+01  8.096313e+00
     vertex  1.792000e+01 -9.315023e+00  6.412689e+00
     vertex  1.792000e+01 -9.242744e+00  6.500947e+00
   endloop
 endfacet
 facet normal  1.000000e+00  0.000000e+00  0.000000e+00
   outer loop
     vertex  1.792000e+01 -1.142592e+01  8.096313e+00
     vertex  1.792000e+01 -1.157503e+01  7.897262e+00
     vertex  1.792000e+01 -9.315023e+00  6.412689e+00
   endloop
 endfacet
 facet normal  1.000000e+00  0.000000e+00  0.000000e+00
   outer loop
     vertex  1.792000e+01 -1.073638e+01  8.811275e+00
     vertex  1.792000e+01 -9.000947e+00  6.742744e+00
     vertex  1.792000e+01 -8.912689e+00  6.815023e+00
   endloop
 endfacet
 facet normal  1.000000e+00 -0.000000e+00  0.000000e+00
   outer loop
     vertex  1.792000e+01 -1.073638e+01  8.811275e+00
     vertex  1.792000e+01 -8.912689e+00  6.815023e+00
     vertex  1.792000e+01 -1.054286e+01  8.967493e+00
   endloop
 endfacet
 facet normal  1.000000e+00  0.000000e+00  0.000000e+00
   outer loop
     vertex  1.792000e+01 -1.126709e+01  8.287704e+00
     vertex  1.792000e+01 -9.242744e+00  6.500947e+00
     vertex  1.792000e+01 -9.166178e+00  6.585513e+00
   endloop
 endfacet
 facet normal  1.000000e+00  0.000000e+00  0.000000e+00
   outer loop
     vertex  1.792000e+01 -1.126709e+01  8.287704e+00
     vertex  1.792000e+01 -1.142592e+01  8.096313e+00
     vertex  1.792000e+01 -9.242744e+00  6.500947e+00
   endloop
 endfacet
 facet normal  1.000000e+00  0.000000e+00  0.000000e+00
   outer loop
     vertex  1.792000e+01 -1.092190e+01  8.645628e+00
     vertex  1.792000e+01 -9.085513e+00  6.666178e+00
     vertex  1.792000e+01 -9.000947e+00  6.742744e+00
   endloop
 endfacet
 facet normal  1.000000e+00 -0.000000e+00  0.000000e+00
   outer loop
     vertex  1.792000e+01 -1.092190e+01  8.645628e+00
     vertex  1.792000e+01 -9.000947e+00  6.742744e+00
     vertex  1.792000e+01 -1.073638e+01  8.811275e+00
   endloop
 endfacet
 facet normal  1.000000e+00  0.000000e+00  0.000000e+00
   outer loop
     vertex  1.792000e+01 -1.109895e+01  8.470960e+00
     vertex  1.792000e+01 -9.166178e+00  6.585513e+00
     vertex  1.792000e+01 -9.085513e+00  6.666178e+00
   endloop
 endfacet
 facet normal  1.000000e+00  0.000000e+00  0.000000e+00
   outer loop
     vertex  1.792000e+01 -1.109895e+01  8.470960e+00
     vertex  1.792000e+01 -1.126709e+01  8.287704e+00
     vertex  1.792000e+01 -9.166178e+00  6.585513e+00
   endloop
 endfacet
 facet normal  1.000000e+00 -0.000000e+00  0.000000e+00
   outer loop
     vertex  1.792000e+01 -1.109895e+01  8.470960e+00
     vertex  1.792000e+01 -9.085513e+00  6.666178e+00
     vertex  1.792000e+01 -1.092190e+01  8.645628e+00
   endloop
 endfacet
 facet normal  1.000000e+00 -0.000000e+00  0.000000e+00
   outer loop
     vertex  1.792000e+01 -6.364218e+00  3.000000e+00
     vertex  1.792000e+01 -2.917424e+00  3.000000e+00
     vertex  1.792000e+01 -6.269712e+00  3.056706e+00
   endloop
 endfacet
 facet normal  1.000000e+00  0.000000e+00  0.000000e+00
   outer loop
     vertex  3.000000e+01 -6.364218e+00  3.000000e+00
     vertex  3.000000e+01 -7.500000e+00  0.000000e+00
     vertex  3.000000e+01  1.250000e+01  0.000000e+00
   endloop
 endfacet
 facet normal  1.000000e+00 -0.000000e+00  0.000000e+00
   outer loop
     vertex  3.000000e+01 -6.364218e+00  3.000000e+00
     vertex  3.000000e+01  1.250000e+01  0.000000e+00
     vertex  3.000000e+01  1.250000e+01  3.000000e+00
   endloop
 endfacet
 facet normal  1.000000e+00 -0.000000e+00  0.000000e+00
   outer loop
     vertex  3.000000e+01 -6.459340e+00  2.948896e+00
     vertex  3.000000e+01 -7.500000e+00  0.000000e+00
     vertex  3.000000e+01 -6.364218e+00  3.000000e+00
   endloop
 endfacet
 facet normal  1.000000e+00 -0.000000e+00  0.000000e+00
   outer loop
     vertex  3.000000e+01 -6.556756e+00  2.902313e+00
     vertex  3.000000e+01 -7.500000e+00  0.000000e+00
     vertex  3.000000e+01 -6.459340e+00  2.948896e+00
   endloop
 endfacet
 facet normal  1.000000e+00 -0.000000e+00  0.000000e+00
   outer loop
     vertex  3.000000e+01 -6.656250e+00  2.860354e+00
     vertex  3.000000e+01 -7.500000e+00  0.000000e+00
     vertex  3.000000e+01 -6.556756e+00  2.902313e+00
   endloop
 endfacet
 facet normal  1.000000e+00 -0.000000e+00  0.000000e+00
   outer loop
     vertex  3.000000e+01 -6.757604e+00  2.823110e+00
     vertex  3.000000e+01 -7.500000e+00  0.000000e+00
     vertex  3.000000e+01 -6.656250e+00  2.860354e+00
   endloop
 endfacet
 facet normal  1.000000e+00 -0.000000e+00  0.000000e+00
   outer loop
     vertex  3.000000e+01 -6.860595e+00  2.790665e+00
     vertex  3.000000e+01 -7.500000e+00  0.000000e+00
     vertex  3.000000e+01 -6.757604e+00  2.823110e+00
   endloop
 endfacet
 facet normal  1.000000e+00 -0.000000e+00  0.000000e+00
   outer loop
     vertex  3.000000e+01 -6.964995e+00  2.763089e+00
     vertex  3.000000e+01 -7.500000e+00  0.000000e+00
     vertex  3.000000e+01 -6.860595e+00  2.790665e+00
   endloop
 endfacet
 facet normal  1.000000e+00 -0.000000e+00  0.000000e+00
   outer loop
     vertex  3.000000e+01 -7.070574e+00  2.740444e+00
     vertex  3.000000e+01 -7.500000e+00  0.000000e+00
     vertex  3.000000e+01 -6.964995e+00  2.763089e+00
   endloop
 endfacet
 facet normal  1.000000e+00 -0.000000e+00  0.000000e+00
   outer loop
     vertex  3.000000e+01 -7.177099e+00  2.722779e+00
     vertex  3.000000e+01 -7.500000e+00  0.000000e+00
     vertex  3.000000e+01 -7.070574e+00  2.740444e+00
   endloop
 endfacet
 facet normal  1.000000e+00 -0.000000e+00  0.000000e+00
   outer loop
     vertex  3.000000e+01 -7.284337e+00  2.710133e+00
     vertex  3.000000e+01 -7.500000e+00  0.000000e+00
     vertex  3.000000e+01 -7.177099e+00  2.722779e+00
   endloop
 endfacet
 facet normal  1.000000e+00 -0.000000e+00  0.000000e+00
   outer loop
     vertex  3.000000e+01 -7.392049e+00  2.702535e+00
     vertex  3.000000e+01 -7.500000e+00  0.000000e+00
     vertex  3.000000e+01 -7.284337e+00  2.710133e+00
   endloop
 endfacet
 facet normal  1.000000e+00 -0.000000e+00  0.000000e+00
   outer loop
     vertex  3.000000e+01 -7.500000e+00  2.700000e+00
     vertex  3.000000e+01 -7.500000e+00  0.000000e+00
     vertex  3.000000e+01 -7.392049e+00  2.702535e+00
   endloop
 endfacet
 facet normal -3.088038e-15 -1.000000e+00 -0.000000e+00
   outer loop
     vertex  3.000000e+01 -7.500000e+00  2.700000e+00
     vertex  1.792000e+01 -7.500000e+00  0.000000e+00
     vertex  3.000000e+01 -7.500000e+00  0.000000e+00
   endloop
 endfacet
 facet normal -0.000000e+00 -1.000000e+00 -1.381611e-14
   outer loop
     vertex  3.000000e+01 -7.500000e+00  2.700000e+00
     vertex  1.792000e+01 -7.500000e+00  2.700000e+00
     vertex  1.792000e+01 -7.500000e+00  0.000000e+00
   endloop
 endfacet
 facet normal  1.872889e-31 -1.000000e+00 -1.381611e-14
   outer loop
     vertex  6.240000e+00 -7.500000e+00  2.700000e+00
     vertex -6.240000e+00 -7.500000e+00  0.000000e+00
     vertex  6.240000e+00 -7.500000e+00  0.000000e+00
   endloop
 endfacet
 facet normal -0.000000e+00 -1.000000e+00 -1.381611e-14
   outer loop
     vertex  6.240000e+00 -7.500000e+00  2.700000e+00
     vertex -6.240000e+00 -7.500000e+00  2.700000e+00
     vertex -6.240000e+00 -7.500000e+00  0.000000e+00
   endloop
 endfacet
 facet normal  0.000000e+00  9.261799e-01 -3.770818e-01
   outer loop
     vertex  6.240000e+00 -2.823641e+00  3.230348e+00
     vertex  1.792000e+01 -2.823641e+00  3.230348e+00
     vertex  1.792000e+01 -2.917424e+00  3.000000e+00
   endloop
 endfacet
 facet normal -5.392663e-19  9.261799e-01 -3.770818e-01
   outer loop
     vertex  6.240000e+00 -2.823641e+00  3.230348e+00
     vertex  1.792000e+01 -2.917424e+00  3.000000e+00
     vertex  6.240000e+00 -2.917424e+00  3.000000e+00
   endloop
 endfacet
 facet normal  0.000000e+00  9.437850e-01 -3.305600e-01
   outer loop
     vertex  6.240000e+00 -2.741428e+00  3.465075e+00
     vertex  1.792000e+01 -2.741428e+00  3.465075e+00
     vertex  1.792000e+01 -2.823641e+00  3.230348e+00
   endloop
 endfacet
 facet normal -5.966813e-19  9.437850e-01 -3.305600e-01
   outer loop
     vertex  6.240000e+00 -2.741428e+00  3.465075e+00
     vertex  1.792000e+01 -2.823641e+00  3.230348e+00
     vertex  6.240000e+00 -2.823641e+00  3.230348e+00
   endloop
 endfacet
 facet normal  0.000000e+00  9.590549e-01 -2.832203e-01
   outer loop
     vertex  6.240000e+00 -2.670989e+00  3.703599e+00
     vertex  1.792000e+01 -2.670989e+00  3.703599e+00
     vertex  1.792000e+01 -2.741428e+00  3.465075e+00
   endloop
 endfacet
 facet normal -3.836024e-19  9.590549e-01 -2.832203e-01
   outer loop
     vertex  6.240000e+00 -2.670989e+00  3.703599e+00
     vertex  1.792000e+01 -2.741428e+00  3.465075e+00
     vertex  6.240000e+00 -2.741428e+00  3.465075e+00
   endloop
 endfacet
 facet normal  0.000000e+00  9.719519e-01 -2.351798e-01
   outer loop
     vertex  6.240000e+00 -2.612498e+00  3.945331e+00
     vertex  1.792000e+01 -2.612498e+00  3.945331e+00
     vertex  1.792000e+01 -2.670989e+00  3.703599e+00
   endloop
 endfacet
 facet normal  0.000000e+00  9.824441e-01 -1.865574e-01
   outer loop
     vertex  6.240000e+00 -2.612498e+00  3.945331e+00
     vertex  1.792000e+01 -2.566100e+00  4.189672e+00
     vertex  1.792000e+01 -2.612498e+00  3.945331e+00
   endloop
 endfacet
 facet normal  1.241277e-20  9.719519e-01 -2.351798e-01
   outer loop
     vertex  6.240000e+00 -2.612498e+00  3.945331e+00
     vertex  1.792000e+01 -2.670989e+00  3.703599e+00
     vertex  6.240000e+00 -2.670989e+00  3.703599e+00
   endloop
 endfacet
 facet normal  0.000000e+00  9.905054e-01 -1.374735e-01
   outer loop
     vertex  6.240000e+00 -2.566100e+00  4.189672e+00
     vertex  1.792000e+01 -2.531909e+00  4.436018e+00
     vertex  1.792000e+01 -2.566100e+00  4.189672e+00
   endloop
 endfacet
 facet normal  0.000000e+00  9.824441e-01 -1.865574e-01
   outer loop
     vertex  6.240000e+00 -2.566100e+00  4.189672e+00
     vertex  1.792000e+01 -2.566100e+00  4.189672e+00
     vertex  6.240000e+00 -2.612498e+00  3.945331e+00
   endloop
 endfacet
 facet normal  0.000000e+00  9.961161e-01 -8.804940e-02
   outer loop
     vertex  6.240000e+00 -2.531909e+00  4.436018e+00
     vertex  1.792000e+01 -2.510011e+00  4.683760e+00
     vertex  1.792000e+01 -2.531909e+00  4.436018e+00
   endloop
 endfacet
 facet normal  0.000000e+00  9.905054e-01 -1.374735e-01
   outer loop
     vertex  6.240000e+00 -2.531909e+00  4.436018e+00
     vertex  1.792000e+01 -2.531909e+00  4.436018e+00
     vertex  6.240000e+00 -2.566100e+00  4.189672e+00
   endloop
 endfacet
 facet normal  0.000000e+00  9.961161e-01 -8.804940e-02
   outer loop
     vertex  6.240000e+00 -2.510011e+00  4.683760e+00
     vertex  1.792000e+01 -2.510011e+00  4.683760e+00
     vertex  6.240000e+00 -2.531909e+00  4.436018e+00
   endloop
 endfacet
 facet normal  0.000000e+00  9.992622e-01 -3.840746e-02
   outer loop
     vertex  6.240000e+00 -2.500459e+00  4.932284e+00
     vertex  1.792000e+01 -2.500459e+00  4.932284e+00
     vertex  1.792000e+01 -2.510011e+00  4.683760e+00
   endloop
 endfacet
 facet normal -4.695107e-20  9.992622e-01 -3.840746e-02
   outer loop
     vertex  6.240000e+00 -2.500459e+00  4.932284e+00
     vertex  1.792000e+01 -2.510011e+00  4.683760e+00
     vertex  6.240000e+00 -2.510011e+00  4.683760e+00
   endloop
 endfacet
 facet normal -0.000000e+00  9.999358e-01  1.132951e-02
   outer loop
     vertex  6.240000e+00 -2.503276e+00  5.180976e+00
     vertex  1.792000e+01 -2.503276e+00  5.180976e+00
     vertex  1.792000e+01 -2.500459e+00  4.932284e+00
   endloop
 endfacet
 facet normal  1.566086e-20  9.999358e-01  1.132951e-02
   outer loop
     vertex  6.240000e+00 -2.503276e+00  5.180976e+00
     vertex  1.792000e+01 -2.500459e+00  4.932284e+00
     vertex  6.240000e+00 -2.500459e+00  4.932284e+00
   endloop
 endfacet
 facet normal -0.000000e+00  9.981354e-01  6.103844e-02
   outer loop
     vertex  6.240000e+00 -2.518457e+00  5.429220e+00
     vertex  1.792000e+01 -2.518457e+00  5.429220e+00
     vertex  1.792000e+01 -2.503276e+00  5.180976e+00
   endloop
 endfacet
 facet normal -0.000000e+00  9.938654e-01  1.105964e-01
   outer loop
     vertex  6.240000e+00 -2.518457e+00  5.429220e+00
     vertex  1.792000e+01 -2.545963e+00  5.676402e+00
     vertex  1.792000e+01 -2.518457e+00  5.429220e+00
   endloop
 endfacet
 facet normal -6.118008e-21  9.981354e-01  6.103844e-02
   outer loop
     vertex  6.240000e+00 -2.518457e+00  5.429220e+00
     vertex  1.792000e+01 -2.503276e+00  5.180976e+00
     vertex  6.240000e+00 -2.503276e+00  5.180976e+00
   endloop
 endfacet
 facet normal -0.000000e+00  9.938654e-01  1.105964e-01
   outer loop
     vertex  6.240000e+00 -2.545963e+00  5.676402e+00
     vertex  1.792000e+01 -2.545963e+00  5.676402e+00
     vertex  6.240000e+00 -2.518457e+00  5.429220e+00
   endloop
 endfacet
 facet normal -0.000000e+00  9.871364e-01  1.598806e-01
   outer loop
     vertex  6.240000e+00 -2.585727e+00  5.921910e+00
     vertex  1.792000e+01 -2.585727e+00  5.921910e+00
     vertex  1.792000e+01 -2.545963e+00  5.676402e+00
   endloop
 endfacet
 facet normal -0.000000e+00  9.779649e-01  2.087693e-01
   outer loop
     vertex  6.240000e+00 -2.585727e+00  5.921910e+00
     vertex  1.792000e+01 -2.637649e+00  6.165137e+00
     vertex  1.792000e+01 -2.585727e+00  5.921910e+00
   endloop
 endfacet
 facet normal -2.918456e-19  9.871364e-01  1.598806e-01
   outer loop
     vertex  6.240000e+00 -2.585727e+00  5.921910e+00
     vertex  1.792000e+01 -2.545963e+00  5.676402e+00
     vertex  6.240000e+00 -2.545963e+00  5.676402e+00
   endloop
 endfacet
 facet normal -0.000000e+00  9.663738e-01  2.571415e-01
   outer loop
     vertex  6.240000e+00 -2.637649e+00  6.165137e+00
     vertex  1.792000e+01 -2.701602e+00  6.405482e+00
     vertex  1.792000e+01 -2.637649e+00  6.165137e+00
   endloop
 endfacet
 facet normal -0.000000e+00  9.779649e-01  2.087693e-01
   outer loop
     vertex  6.240000e+00 -2.637649e+00  6.165137e+00
     vertex  1.792000e+01 -2.637649e+00  6.165137e+00
     vertex  6.240000e+00 -2.585727e+00  5.921910e+00
   endloop
 endfacet
 facet normal -0.000000e+00  9.663738e-01  2.571415e-01
   outer loop
     vertex  6.240000e+00 -2.701602e+00  6.405482e+00
     vertex  1.792000e+01 -2.701602e+00  6.405482e+00
     vertex  6.240000e+00 -2.637649e+00  6.165137e+00
   endloop
 endfacet
 facet normal -0.000000e+00  9.523916e-01  3.048774e-01
   outer loop
     vertex  6.240000e+00 -2.777428e+00  6.642349e+00
     vertex  1.792000e+01 -2.777428e+00  6.642349e+00
     vertex  1.792000e+01 -2.701602e+00  6.405482e+00
   endloop
 endfacet
 facet normal  1.534093e-19  9.523916e-01  3.048774e-01
   outer loop
     vertex  6.240000e+00 -2.777428e+00  6.642349e+00
     vertex  1.792000e+01 -2.701602e+00  6.405482e+00
     vertex  6.240000e+00 -2.701602e+00  6.405482e+00
   endloop
 endfacet
 facet normal -0.000000e+00  9.360530e-01  3.518590e-01
   outer loop
     vertex  6.240000e+00 -2.864938e+00  6.875153e+00
     vertex  1.792000e+01 -2.864938e+00  6.875153e+00
     vertex  1.792000e+01 -2.777428e+00  6.642349e+00
   endloop
 endfacet
 facet normal  4.199218e-20  9.360530e-01  3.518590e-01
   outer loop
     vertex  6.240000e+00 -2.864938e+00  6.875153e+00
     vertex  1.792000e+01 -2.777428e+00  6.642349e+00
     vertex  6.240000e+00 -2.777428e+00  6.642349e+00
   endloop
 endfacet
 facet normal -0.000000e+00  9.173984e-01  3.979700e-01
   outer loop
     vertex  6.240000e+00 -2.963916e+00  7.103317e+00
     vertex  1.792000e+01 -2.963916e+00  7.103317e+00
     vertex  1.792000e+01 -2.864938e+00  6.875153e+00
   endloop
 endfacet
 facet normal -0.000000e+00  8.964740e-01  4.430964e-01
   outer loop
     vertex  6.240000e+00 -2.963916e+00  7.103317e+00
     vertex  1.792000e+01 -3.074117e+00  7.326277e+00
     vertex  1.792000e+01 -2.963916e+00  7.103317e+00
   endloop
 endfacet
 facet normal  5.644344e-19  9.173984e-01  3.979700e-01
   outer loop
     vertex  6.240000e+00 -2.963916e+00  7.103317e+00
     vertex  1.792000e+01 -2.864938e+00  6.875153e+00
     vertex  6.240000e+00 -2.864938e+00  6.875153e+00
   endloop
 endfacet
 facet normal -0.000000e+00  8.964740e-01  4.430964e-01
   outer loop
     vertex  6.240000e+00 -3.074117e+00  7.326277e+00
     vertex  1.792000e+01 -3.074117e+00  7.326277e+00
     vertex  6.240000e+00 -2.963916e+00  7.103317e+00
   endloop
 endfacet
 facet normal -0.000000e+00  8.733315e-01  4.871264e-01
   outer loop
     vertex  6.240000e+00 -3.195269e+00  7.543481e+00
     vertex  1.792000e+01 -3.195269e+00  7.543481e+00
     vertex  1.792000e+01 -3.074117e+00  7.326277e+00
   endloop
 endfacet
 facet normal -0.000000e+00  8.480282e-01  5.299512e-01
   outer loop
     vertex  6.240000e+00 -3.195269e+00  7.543481e+00
     vertex  1.792000e+01 -3.327072e+00  7.754392e+00
     vertex  1.792000e+01 -3.195269e+00  7.543481e+00
   endloop
 endfacet
 facet normal  4.303937e-19  8.733315e-01  4.871264e-01
   outer loop
     vertex  6.240000e+00 -3.195269e+00  7.543481e+00
     vertex  1.792000e+01 -3.074117e+00  7.326277e+00
     vertex  6.240000e+00 -3.074117e+00  7.326277e+00
   endloop
 endfacet
 facet normal -0.000000e+00  8.480282e-01  5.299512e-01
   outer loop
     vertex  6.240000e+00 -3.327072e+00  7.754392e+00
     vertex  1.792000e+01 -3.327072e+00  7.754392e+00
     vertex  6.240000e+00 -3.195269e+00  7.543481e+00
   endloop
 endfacet
 facet normal -0.000000e+00  8.206266e-01  5.714647e-01
   outer loop
     vertex  6.240000e+00 -3.469200e+00  7.958488e+00
     vertex  1.792000e+01 -3.469200e+00  7.958488e+00
     vertex  1.792000e+01 -3.327072e+00  7.754392e+00
   endloop
 endfacet
 facet normal  4.871826e-19  8.206266e-01  5.714647e-01
   outer loop
     vertex  6.240000e+00 -3.469200e+00  7.958488e+00
     vertex  1.792000e+01 -3.327072e+00  7.754392e+00
     vertex  6.240000e+00 -3.327072e+00  7.754392e+00
   endloop
 endfacet
 facet normal -0.000000e+00  7.911947e-01  6.115644e-01
   outer loop
     vertex  6.240000e+00 -3.621301e+00  8.155264e+00
     vertex  1.792000e+01 -3.621301e+00  8.155264e+00
     vertex  1.792000e+01 -3.469200e+00  7.958488e+00
   endloop
 endfacet
 facet normal -0.000000e+00  7.598051e-01  6.501509e-01
   outer loop
     vertex  6.240000e+00 -3.621301e+00  8.155264e+00
     vertex  1.792000e+01 -3.782998e+00  8.344233e+00
     vertex  1.792000e+01 -3.621301e+00  8.155264e+00
   endloop
 endfacet
 facet normal -4.386692e-19  7.911947e-01  6.115644e-01
   outer loop
     vertex  6.240000e+00 -3.621301e+00  8.155264e+00
     vertex  1.792000e+01 -3.469200e+00  7.958488e+00
     vertex  6.240000e+00 -3.469200e+00  7.958488e+00
   endloop
 endfacet
 facet normal -0.000000e+00  7.598051e-01  6.501509e-01
   outer loop
     vertex  6.240000e+00 -3.782998e+00  8.344233e+00
     vertex  1.792000e+01 -3.782998e+00  8.344233e+00
     vertex  6.240000e+00 -3.621301e+00  8.155264e+00
   endloop
 endfacet
 facet normal -0.000000e+00  7.265357e-01  6.871287e-01
   outer loop
     vertex  6.240000e+00 -3.782998e+00  8.344233e+00
     vertex  1.792000e+01 -3.953892e+00  8.524928e+00
     vertex  1.792000e+01 -3.782998e+00  8.344233e+00
   endloop
 endfacet
 facet normal -0.000000e+00  7.265357e-01  6.871287e-01
   outer loop
     vertex  6.240000e+00 -3.953892e+00  8.524928e+00
     vertex  1.792000e+01 -3.953892e+00  8.524928e+00
     vertex  6.240000e+00 -3.782998e+00  8.344233e+00
   endloop
 endfacet
 facet normal -0.000000e+00  6.914686e-01  7.224065e-01
   outer loop
     vertex  6.240000e+00 -3.953892e+00  8.524928e+00
     vertex  1.792000e+01 -4.133560e+00  8.696902e+00
     vertex  1.792000e+01 -3.953892e+00  8.524928e+00
   endloop
 endfacet
 facet normal -0.000000e+00  6.914686e-01  7.224065e-01
   outer loop
     vertex  6.240000e+00 -4.133560e+00  8.696902e+00
     vertex  1.792000e+01 -4.133560e+00  8.696902e+00
     vertex  6.240000e+00 -3.953892e+00  8.524928e+00
   endloop
 endfacet
 facet normal -0.000000e+00  6.546907e-01  7.558969e-01
   outer loop
     vertex  6.240000e+00 -4.133560e+00  8.696902e+00
     vertex  1.792000e+01 -4.321558e+00  8.859729e+00
     vertex  1.792000e+01 -4.133560e+00  8.696902e+00
   endloop
 endfacet
 facet normal -0.000000e+00  6.546907e-01  7.558969e-01
   outer loop
     vertex  6.240000e+00 -4.321558e+00  8.859729e+00
     vertex  1.792000e+01 -4.321558e+00  8.859729e+00
     vertex  6.240000e+00 -4.133560e+00  8.696902e+00
   endloop
 endfacet
 facet normal  4.941954e-19  6.162930e-01  7.875170e-01
   outer loop
     vertex  6.240000e+00 -4.517419e+00  9.013005e+00
     vertex  1.792000e+01 -4.321558e+00  8.859729e+00
     vertex  6.240000e+00 -4.321558e+00  8.859729e+00
   endloop
 endfacet
 facet normal -0.000000e+00  6.162930e-01  7.875170e-01
   outer loop
     vertex  6.240000e+00 -4.517419e+00  9.013005e+00
     vertex  1.792000e+01 -4.517419e+00  9.013005e+00
     vertex  1.792000e+01 -4.321558e+00  8.859729e+00
   endloop
 endfacet
 facet normal -9.421517e-20  5.763703e-01  8.171886e-01
   outer loop
     vertex  6.240000e+00 -4.720660e+00  9.156353e+00
     vertex  1.792000e+01 -4.517419e+00  9.013005e+00
     vertex  6.240000e+00 -4.517419e+00  9.013005e+00
   endloop
 endfacet
 facet normal -0.000000e+00  5.763703e-01  8.171886e-01
   outer loop
     vertex  6.240000e+00 -4.720660e+00  9.156353e+00
     vertex  1.792000e+01 -4.720660e+00  9.156353e+00
     vertex  1.792000e+01 -4.517419e+00  9.013005e+00
   endloop
 endfacet
 facet normal  5.171255e-19  5.350217e-01  8.448383e-01
   outer loop
     vertex  6.240000e+00 -4.930778e+00  9.289417e+00
     vertex  1.792000e+01 -4.720660e+00  9.156353e+00
     vertex  6.240000e+00 -4.720660e+00  9.156353e+00
   endloop
 endfacet
 facet normal -0.000000e+00  5.350217e-01  8.448383e-01
   outer loop
     vertex  6.240000e+00 -4.930778e+00  9.289417e+00
     vertex  1.792000e+01 -4.930778e+00  9.289417e+00
     vertex  1.792000e+01 -4.720660e+00  9.156353e+00
   endloop
 endfacet
 facet normal -0.000000e+00  4.923492e-01  8.703977e-01
   outer loop
     vertex  6.240000e+00 -4.930778e+00  9.289417e+00
     vertex  1.792000e+01 -5.147253e+00  9.411868e+00
     vertex  1.792000e+01 -4.930778e+00  9.289417e+00
   endloop
 endfacet
 facet normal -0.000000e+00  4.484586e-01  8.938036e-01
   outer loop
     vertex  6.240000e+00 -5.147253e+00  9.411868e+00
     vertex  1.792000e+01 -5.369548e+00  9.523403e+00
     vertex  1.792000e+01 -5.147253e+00  9.411868e+00
   endloop
 endfacet
 facet normal -0.000000e+00  4.923492e-01  8.703977e-01
   outer loop
     vertex  6.240000e+00 -5.147253e+00  9.411868e+00
     vertex  1.792000e+01 -5.147253e+00  9.411868e+00
     vertex  6.240000e+00 -4.930778e+00  9.289417e+00
   endloop
 endfacet
 facet normal -0.000000e+00  4.034584e-01  9.149980e-01
   outer loop
     vertex  6.240000e+00 -5.369548e+00  9.523403e+00
     vertex  1.792000e+01 -5.597115e+00  9.623746e+00
     vertex  1.792000e+01 -5.369548e+00  9.523403e+00
   endloop
 endfacet
 facet normal -0.000000e+00  4.484586e-01  8.938036e-01
   outer loop
     vertex  6.240000e+00 -5.369548e+00  9.523403e+00
     vertex  1.792000e+01 -5.369548e+00  9.523403e+00
     vertex  6.240000e+00 -5.147253e+00  9.411868e+00
   endloop
 endfacet
 facet normal -0.000000e+00  4.034584e-01  9.149980e-01
   outer loop
     vertex  6.240000e+00 -5.597115e+00  9.623746e+00
     vertex  1.792000e+01 -5.597115e+00  9.623746e+00
     vertex  6.240000e+00 -5.369548e+00  9.523403e+00
   endloop
 endfacet
 facet normal -0.000000e+00  3.574600e-01  9.339285e-01
   outer loop
     vertex  6.240000e+00 -5.829390e+00  9.712649e+00
     vertex  1.792000e+01 -5.829390e+00  9.712649e+00
     vertex  1.792000e+01 -5.597115e+00  9.623746e+00
   endloop
 endfacet
 facet normal -0.000000e+00  3.105771e-01  9.505482e-01
   outer loop
     vertex  6.240000e+00 -5.829390e+00  9.712649e+00
     vertex  1.792000e+01 -6.065799e+00  9.789892e+00
     vertex  1.792000e+01 -5.829390e+00  9.712649e+00
   endloop
 endfacet
 facet normal  2.863623e-19  3.574600e-01  9.339285e-01
   outer loop
     vertex  6.240000e+00 -5.829390e+00  9.712649e+00
     vertex  1.792000e+01 -5.597115e+00  9.623746e+00
     vertex  6.240000e+00 -5.597115e+00  9.623746e+00
   endloop
 endfacet
 facet normal -0.000000e+00  2.629258e-01  9.648161e-01
   outer loop
     vertex  6.240000e+00 -6.065799e+00  9.789892e+00
     vertex  1.792000e+01 -6.305756e+00  9.855284e+00
     vertex  1.792000e+01 -6.065799e+00  9.789892e+00
   endloop
 endfacet
 facet normal -0.000000e+00  3.105771e-01  9.505482e-01
   outer loop
     vertex  6.240000e+00 -6.065799e+00  9.789892e+00
     vertex  1.792000e+01 -6.065799e+00  9.789892e+00
     vertex  6.240000e+00 -5.829390e+00  9.712649e+00
   endloop
 endfacet
 facet normal -0.000000e+00  2.629258e-01  9.648161e-01
   outer loop
     vertex  6.240000e+00 -6.305756e+00  9.855284e+00
     vertex  1.792000e+01 -6.305756e+00  9.855284e+00
     vertex  6.240000e+00 -6.065799e+00  9.789892e+00
   endloop
 endfacet
 facet normal -0.000000e+00  2.146240e-01  9.766968e-01
   outer loop
     vertex  6.240000e+00 -6.548668e+00  9.908663e+00
     vertex  1.792000e+01 -6.548668e+00  9.908663e+00
     vertex  1.792000e+01 -6.305756e+00  9.855284e+00
   endloop
 endfacet
 facet normal -2.483374e-19  2.146240e-01  9.766968e-01
   outer loop
     vertex  6.240000e+00 -6.548668e+00  9.908663e+00
     vertex  1.792000e+01 -6.305756e+00  9.855284e+00
     vertex  6.240000e+00 -6.305756e+00  9.855284e+00
   endloop
 endfacet
 facet normal -0.000000e+00  1.657911e-01  9.861609e-01
   outer loop
     vertex  6.240000e+00 -6.793934e+00  9.949896e+00
     vertex  1.792000e+01 -6.793934e+00  9.949896e+00
     vertex  1.792000e+01 -6.548668e+00  9.908663e+00
   endloop
 endfacet
 facet normal -0.000000e+00  1.165480e-01  9.931851e-01
   outer loop
     vertex  6.240000e+00 -6.793934e+00  9.949896e+00
     vertex  1.792000e+01 -7.040947e+00  9.978882e+00
     vertex  1.792000e+01 -6.793934e+00  9.949896e+00
   endloop
 endfacet
 facet normal  2.857299e-19  1.657911e-01  9.861609e-01
   outer loop
     vertex  6.240000e+00 -6.793934e+00  9.949896e+00
     vertex  1.792000e+01 -6.548668e+00  9.908663e+00
     vertex  6.240000e+00 -6.548668e+00  9.908663e+00
   endloop
 endfacet
 facet normal -0.000000e+00  1.165480e-01  9.931851e-01
   outer loop
     vertex  6.240000e+00 -7.040947e+00  9.978882e+00
     vertex  1.792000e+01 -7.040947e+00  9.978882e+00
     vertex  6.240000e+00 -6.793934e+00  9.949896e+00
   endloop
 endfacet
 facet normal -0.000000e+00  6.701655e-02  9.977519e-01
   outer loop
     vertex  6.240000e+00 -7.289095e+00  9.995550e+00
     vertex  1.792000e+01 -7.289095e+00  9.995550e+00
     vertex  1.792000e+01 -7.040947e+00  9.978882e+00
   endloop
 endfacet
 facet normal -0.000000e+00  1.731930e-02  9.998500e-01
   outer loop
     vertex  6.240000e+00 -7.289095e+00  9.995550e+00
     vertex  1.792000e+01 -7.537765e+00  9.999857e+00
     vertex  1.792000e+01 -7.289095e+00  9.995550e+00
   endloop
 endfacet
 facet normal -1.335328e-19  6.701655e-02  9.977519e-01
   outer loop
     vertex  6.240000e+00 -7.289095e+00  9.995550e+00
     vertex  1.792000e+01 -7.040947e+00  9.978882e+00
     vertex  6.240000e+00 -7.040947e+00  9.978882e+00
   endloop
 endfacet
 facet normal -0.000000e+00  1.731930e-02  9.998500e-01
   outer loop
     vertex  6.240000e+00 -7.537765e+00  9.999857e+00
     vertex  1.792000e+01 -7.537765e+00  9.999857e+00
     vertex  6.240000e+00 -7.289095e+00  9.995550e+00
   endloop
 endfacet
 facet normal  0.000000e+00 -3.242081e-02  9.994743e-01
   outer loop
     vertex  6.240000e+00 -7.786342e+00  9.991794e+00
     vertex  1.792000e+01 -7.786342e+00  9.991794e+00
     vertex  1.792000e+01 -7.537765e+00  9.999857e+00
   endloop
 endfacet
 facet normal  0.000000e+00 -8.208071e-02  9.966257e-01
   outer loop
     vertex  6.240000e+00 -7.786342e+00  9.991794e+00
     vertex  1.792000e+01 -8.034211e+00  9.971380e+00
     vertex  1.792000e+01 -7.786342e+00  9.991794e+00
   endloop
 endfacet
 facet normal -6.517988e-20 -3.242081e-02  9.994743e-01
   outer loop
     vertex  6.240000e+00 -7.786342e+00  9.991794e+00
     vertex  1.792000e+01 -7.537765e+00  9.999857e+00
     vertex  6.240000e+00 -7.537765e+00  9.999857e+00
   endloop
 endfacet
 facet normal  0.000000e+00 -8.208071e-02  9.966257e-01
   outer loop
     vertex  6.240000e+00 -8.034211e+00  9.971380e+00
     vertex  1.792000e+01 -8.034211e+00  9.971380e+00
     vertex  6.240000e+00 -7.786342e+00  9.991794e+00
   endloop
 endfacet
 facet normal  0.000000e+00 -1.315375e-01  9.913112e-01
   outer loop
     vertex  6.240000e+00 -8.280757e+00  9.938666e+00
     vertex  1.792000e+01 -8.280757e+00  9.938666e+00
     vertex  1.792000e+01 -8.034211e+00  9.971380e+00
   endloop
 endfacet
 facet normal  1.177303e-19 -1.315375e-01  9.913112e-01
   outer loop
     vertex  6.240000e+00 -8.280757e+00  9.938666e+00
     vertex  1.792000e+01 -8.034211e+00  9.971380e+00
     vertex  6.240000e+00 -8.034211e+00  9.971380e+00
   endloop
 endfacet
 facet normal  0.000000e+00 -1.806689e-01  9.835440e-01
   outer loop
     vertex  6.240000e+00 -8.525372e+00  9.893732e+00
     vertex  1.792000e+01 -8.525372e+00  9.893732e+00
     vertex  1.792000e+01 -8.280757e+00  9.938666e+00
   endloop
 endfacet
 facet normal -2.150163e-19 -1.806689e-01  9.835440e-01
   outer loop
     vertex  6.240000e+00 -8.525372e+00  9.893732e+00
     vertex  1.792000e+01 -8.280757e+00  9.938666e+00
     vertex  6.240000e+00 -8.280757e+00  9.938666e+00
   endloop
 endfacet
 facet normal  0.000000e+00 -2.293532e-01  9.733433e-01
   outer loop
     vertex  6.240000e+00 -8.767450e+00  9.836690e+00
     vertex  1.792000e+01 -8.767450e+00  9.836690e+00
     vertex  1.792000e+01 -8.525372e+00  9.893732e+00
   endloop
 endfacet
 facet normal  1.825758e-19 -2.293532e-01  9.733433e-01
   outer loop
     vertex  6.240000e+00 -8.767450e+00  9.836690e+00
     vertex  1.792000e+01 -8.525372e+00  9.893732e+00
     vertex  6.240000e+00 -8.525372e+00  9.893732e+00
   endloop
 endfacet
 facet normal  0.000000e+00 -2.774701e-01  9.607343e-01
   outer loop
     vertex  6.240000e+00 -9.006392e+00  9.767681e+00
     vertex  1.792000e+01 -9.006392e+00  9.767681e+00
     vertex  1.792000e+01 -8.767450e+00  9.836690e+00
   endloop
 endfacet
 facet normal -2.784075e-20 -2.774701e-01  9.607343e-01
   outer loop
     vertex  6.240000e+00 -9.006392e+00  9.767681e+00
     vertex  1.792000e+01 -8.767450e+00  9.836690e+00
     vertex  6.240000e+00 -8.767450e+00  9.836690e+00
   endloop
 endfacet
 facet normal  0.000000e+00 -3.249004e-01  9.457482e-01
   outer loop
     vertex  6.240000e+00 -9.241607e+00  9.686876e+00
     vertex  1.792000e+01 -9.241607e+00  9.686876e+00
     vertex  1.792000e+01 -9.006392e+00  9.767681e+00
   endloop
 endfacet
 facet normal -5.242934e-19 -3.249004e-01  9.457482e-01
   outer loop
     vertex  6.240000e+00 -9.241607e+00  9.686876e+00
     vertex  1.792000e+01 -9.006392e+00  9.767681e+00
     vertex  6.240000e+00 -9.006392e+00  9.767681e+00
   endloop
 endfacet
 facet normal  0.000000e+00 -3.715269e-01  9.284222e-01
   outer loop
     vertex  6.240000e+00 -9.472513e+00  9.594474e+00
     vertex  1.792000e+01 -9.472513e+00  9.594474e+00
     vertex  1.792000e+01 -9.241607e+00  9.686876e+00
   endloop
 endfacet
 facet normal  0.000000e+00 -4.172341e-01  9.087990e-01
   outer loop
     vertex  6.240000e+00 -9.472513e+00  9.594474e+00
     vertex  1.792000e+01 -9.698538e+00  9.490705e+00
     vertex  1.792000e+01 -9.472513e+00  9.594474e+00
   endloop
 endfacet
 facet normal  5.424470e-19 -3.715269e-01  9.284222e-01
   outer loop
     vertex  6.240000e+00 -9.472513e+00  9.594474e+00
     vertex  1.792000e+01 -9.241607e+00  9.686876e+00
     vertex  6.240000e+00 -9.241607e+00  9.686876e+00
   endloop
 endfacet
 facet normal  0.000000e+00 -4.172341e-01  9.087990e-01
   outer loop
     vertex  6.240000e+00 -9.698538e+00  9.490705e+00
     vertex  1.792000e+01 -9.698538e+00  9.490705e+00
     vertex  6.240000e+00 -9.472513e+00  9.594474e+00
   endloop
 endfacet
 facet normal  2.046864e-19 -4.619090e-01  8.869273e-01
   outer loop
     vertex  6.240000e+00 -9.919124e+00  9.375825e+00
     vertex  1.792000e+01 -9.698538e+00  9.490705e+00
     vertex  6.240000e+00 -9.698538e+00  9.490705e+00
   endloop
 endfacet
 facet normal  0.000000e+00 -4.619090e-01  8.869273e-01
   outer loop
     vertex  6.240000e+00 -9.919124e+00  9.375825e+00
     vertex  1.792000e+01 -9.919124e+00  9.375825e+00
     vertex  1.792000e+01 -9.698538e+00  9.490705e+00
   endloop
 endfacet
 facet normal -5.101786e-19 -5.054411e-01  8.628611e-01
   outer loop
     vertex  6.240000e+00 -1.013372e+01  9.250118e+00
     vertex  1.792000e+01 -9.919124e+00  9.375825e+00
     vertex  6.240000e+00 -9.919124e+00  9.375825e+00
   endloop
 endfacet
 facet normal  0.000000e+00 -5.054411e-01  8.628611e-01
   outer loop
     vertex  6.240000e+00 -1.013372e+01  9.250118e+00
     vertex  1.792000e+01 -1.013372e+01  9.250118e+00
     vertex  1.792000e+01 -9.919124e+00  9.375825e+00
   endloop
 endfacet
 facet normal -1.483482e-19 -5.477226e-01  8.366600e-01
   outer loop
     vertex  6.240000e+00 -1.034181e+01  9.113895e+00
     vertex  1.792000e+01 -1.013372e+01  9.250118e+00
     vertex  6.240000e+00 -1.013372e+01  9.250118e+00
   endloop
 endfacet
 facet normal  0.000000e+00 -5.477226e-01  8.366600e-01
   outer loop
     vertex  6.240000e+00 -1.034181e+01  9.113895e+00
     vertex  1.792000e+01 -1.034181e+01  9.113895e+00
     vertex  1.792000e+01 -1.013372e+01  9.250118e+00
   endloop
 endfacet
 facet normal  0.000000e+00 -5.886488e-01  8.083889e-01
   outer loop
     vertex  6.240000e+00 -1.034181e+01  9.113895e+00
     vertex  1.792000e+01 -1.054286e+01  8.967493e+00
     vertex  1.792000e+01 -1.034181e+01  9.113895e+00
   endloop
 endfacet
 facet normal  0.000000e+00 -5.886488e-01  8.083889e-01
   outer loop
     vertex  6.240000e+00 -1.054286e+01  8.967493e+00
     vertex  1.792000e+01 -1.054286e+01  8.967493e+00
     vertex  6.240000e+00 -1.034181e+01  9.113895e+00
   endloop
 endfacet
 facet normal  4.793486e-19 -6.281187e-01  7.781176e-01
   outer loop
     vertex  6.240000e+00 -1.073638e+01  8.811275e+00
     vertex  1.792000e+01 -1.054286e+01  8.967493e+00
     vertex  6.240000e+00 -1.054286e+01  8.967493e+00
   endloop
 endfacet
 facet normal  0.000000e+00 -6.281187e-01  7.781176e-01
   outer loop
     vertex  6.240000e+00 -1.073638e+01  8.811275e+00
     vertex  1.792000e+01 -1.073638e+01  8.811275e+00
     vertex  1.792000e+01 -1.054286e+01  8.967493e+00
   endloop
 endfacet
 facet normal -2.979527e-20 -6.660344e-01  7.459210e-01
   outer loop
     vertex  6.240000e+00 -1.092190e+01  8.645628e+00
     vertex  1.792000e+01 -1.073638e+01  8.811275e+00
     vertex  6.240000e+00 -1.073638e+01  8.811275e+00
   endloop
 endfacet
 facet normal  0.000000e+00 -6.660344e-01  7.459210e-01
   outer loop
     vertex  6.240000e+00 -1.092190e+01  8.645628e+00
     vertex  1.792000e+01 -1.092190e+01  8.645628e+00
     vertex  1.792000e+01 -1.073638e+01  8.811275e+00
   endloop
 endfacet
 facet normal  0.000000e+00 -7.023022e-01  7.118789e-01
   outer loop
     vertex  6.240000e+00 -1.092190e+01  8.645628e+00
     vertex  1.792000e+01 -1.109895e+01  8.470960e+00
     vertex  1.792000e+01 -1.092190e+01  8.645628e+00
   endloop
 endfacet
 facet normal  0.000000e+00 -7.023022e-01  7.118789e-01
   outer loop
     vertex  6.240000e+00 -1.109895e+01  8.470960e+00
     vertex  1.792000e+01 -1.109895e+01  8.470960e+00
     vertex  6.240000e+00 -1.092190e+01  8.645628e+00
   endloop
 endfacet
 facet normal  2.054098e-19 -7.368324e-01  6.760755e-01
   outer loop
     vertex  6.240000e+00 -1.126709e+01  8.287704e+00
     vertex  1.792000e+01 -1.109895e+01  8.470960e+00
     vertex  6.240000e+00 -1.109895e+01  8.470960e+00
   endloop
 endfacet
 facet normal  0.000000e+00 -7.368324e-01  6.760755e-01
   outer loop
     vertex  6.240000e+00 -1.126709e+01  8.287704e+00
     vertex  1.792000e+01 -1.126709e+01  8.287704e+00
     vertex  1.792000e+01 -1.109895e+01  8.470960e+00
   endloop
 endfacet
 facet normal  0.000000e+00 -7.695395e-01  6.385992e-01
   outer loop
     vertex  6.240000e+00 -1.126709e+01  8.287704e+00
     vertex  1.792000e+01 -1.142592e+01  8.096313e+00
     vertex  1.792000e+01 -1.126709e+01  8.287704e+00
   endloop
 endfacet
 facet normal  0.000000e+00 -7.695395e-01  6.385992e-01
   outer loop
     vertex  6.240000e+00 -1.142592e+01  8.096313e+00
     vertex  1.792000e+01 -1.142592e+01  8.096313e+00
     vertex  6.240000e+00 -1.126709e+01  8.287704e+00
   endloop
 endfacet
 facet normal  5.865613e-20 -8.003425e-01  5.995430e-01
   outer loop
     vertex  6.240000e+00 -1.157503e+01  7.897262e+00
     vertex  1.792000e+01 -1.142592e+01  8.096313e+00
     vertex  6.240000e+00 -1.142592e+01  8.096313e+00
   endloop
 endfacet
 facet normal  0.000000e+00 -8.003425e-01  5.995430e-01
   outer loop
     vertex  6.240000e+00 -1.157503e+01  7.897262e+00
     vertex  1.792000e+01 -1.157503e+01  7.897262e+00
     vertex  1.792000e+01 -1.142592e+01  8.096313e+00
   endloop
 endfacet
 facet normal  0.000000e+00 -8.291654e-01  5.590033e-01
   outer loop
     vertex  6.240000e+00 -1.157503e+01  7.897262e+00
     vertex  1.792000e+01 -1.171406e+01  7.691042e+00
     vertex  1.792000e+01 -1.157503e+01  7.897262e+00
   endloop
 endfacet
 facet normal  0.000000e+00 -8.291654e-01  5.590033e-01
   outer loop
     vertex  6.240000e+00 -1.171406e+01  7.691042e+00
     vertex  1.792000e+01 -1.171406e+01  7.691042e+00
     vertex  6.240000e+00 -1.157503e+01  7.897262e+00
   endloop
 endfacet
 facet normal  5.876331e-19 -8.559367e-01  5.170806e-01
   outer loop
     vertex  6.240000e+00 -1.184266e+01  7.478164e+00
     vertex  1.792000e+01 -1.171406e+01  7.691042e+00
     vertex  6.240000e+00 -1.171406e+01  7.691042e+00
   endloop
 endfacet
 facet normal  0.000000e+00 -8.559367e-01  5.170806e-01
   outer loop
     vertex  6.240000e+00 -1.184266e+01  7.478164e+00
     vertex  1.792000e+01 -1.184266e+01  7.478164e+00
     vertex  1.792000e+01 -1.171406e+01  7.691042e+00
   endloop
 endfacet
 facet normal  0.000000e+00 -8.805902e-01  4.738785e-01
   outer loop
     vertex  6.240000e+00 -1.184266e+01  7.478164e+00
     vertex  1.792000e+01 -1.196052e+01  7.259155e+00
     vertex  1.792000e+01 -1.184266e+01  7.478164e+00
   endloop
 endfacet
 facet normal  0.000000e+00 -8.805902e-01  4.738785e-01
   outer loop
     vertex  6.240000e+00 -1.196052e+01  7.259155e+00
     vertex  1.792000e+01 -1.196052e+01  7.259155e+00
     vertex  6.240000e+00 -1.184266e+01  7.478164e+00
   endloop
 endfacet
 facet normal -5.899726e-20 -9.030650e-01  4.295039e-01
   outer loop
     vertex  6.240000e+00 -1.206734e+01  7.034556e+00
     vertex  1.792000e+01 -1.196052e+01  7.259155e+00
     vertex  6.240000e+00 -1.196052e+01  7.259155e+00
   endloop
 endfacet
 facet normal  0.000000e+00 -9.030650e-01  4.295039e-01
   outer loop
     vertex  6.240000e+00 -1.206734e+01  7.034556e+00
     vertex  1.792000e+01 -1.206734e+01  7.034556e+00
     vertex  1.792000e+01 -1.196052e+01  7.259155e+00
   endloop
 endfacet
 facet normal  0.000000e+00 -9.233054e-01  3.840666e-01
   outer loop
     vertex  6.240000e+00 -1.216286e+01  6.804922e+00
     vertex  1.792000e+01 -1.216286e+01  6.804922e+00
     vertex  1.792000e+01 -1.206734e+01  7.034556e+00
   endloop
 endfacet
 facet normal  3.730915e-19 -9.233054e-01  3.840666e-01
   outer loop
     vertex  6.240000e+00 -1.216286e+01  6.804922e+00
     vertex  1.792000e+01 -1.206734e+01  7.034556e+00
     vertex  6.240000e+00 -1.206734e+01  7.034556e+00
   endloop
 endfacet
 facet normal  0.000000e+00 -9.412613e-01  3.376791e-01
   outer loop
     vertex  6.240000e+00 -1.224684e+01  6.570824e+00
     vertex  1.792000e+01 -1.224684e+01  6.570824e+00
     vertex  1.792000e+01 -1.216286e+01  6.804922e+00
   endloop
 endfacet
 facet normal -5.646274e-19 -9.412613e-01  3.376791e-01
   outer loop
     vertex  6.240000e+00 -1.224684e+01  6.570824e+00
     vertex  1.792000e+01 -1.216286e+01  6.804922e+00
     vertex  6.240000e+00 -1.216286e+01  6.804922e+00
   endloop
 endfacet
 facet normal  0.000000e+00 -9.568883e-01  2.904560e-01
   outer loop
     vertex  6.240000e+00 -1.231908e+01  6.332838e+00
     vertex  1.792000e+01 -1.231908e+01  6.332838e+00
     vertex  1.792000e+01 -1.224684e+01  6.570824e+00
   endloop
 endfacet
 facet normal -1.860270e-19 -9.568883e-01  2.904560e-01
   outer loop
     vertex  6.240000e+00 -1.231908e+01  6.332838e+00
     vertex  1.792000e+01 -1.224684e+01  6.570824e+00
     vertex  6.240000e+00 -1.224684e+01  6.570824e+00
   endloop
 endfacet
 facet normal  0.000000e+00 -9.701478e-01  2.425143e-01
   outer loop
     vertex  6.240000e+00 -1.237940e+01  6.091555e+00
     vertex  1.792000e+01 -1.237940e+01  6.091555e+00
     vertex  1.792000e+01 -1.231908e+01  6.332838e+00
   endloop
 endfacet
 facet normal -8.292575e-20 -9.701478e-01  2.425143e-01
   outer loop
     vertex  6.240000e+00 -1.237940e+01  6.091555e+00
     vertex  1.792000e+01 -1.231908e+01  6.332838e+00
     vertex  6.240000e+00 -1.231908e+01  6.332838e+00
   endloop
 endfacet
 facet normal  0.000000e+00 -9.810069e-01  1.939726e-01
   outer loop
     vertex  6.240000e+00 -1.242764e+01  5.847571e+00
     vertex  1.792000e+01 -1.242764e+01  5.847571e+00
     vertex  1.792000e+01 -1.237940e+01  6.091555e+00
   endloop
 endfacet
 facet normal -1.659557e-19 -9.810069e-01  1.939726e-01
   outer loop
     vertex  6.240000e+00 -1.242764e+01  5.847571e+00
     vertex  1.792000e+01 -1.237940e+01  6.091555e+00
     vertex  6.240000e+00 -1.237940e+01  6.091555e+00
   endloop
 endfacet
 facet normal  0.000000e+00 -9.894388e-01  1.449509e-01
   outer loop
     vertex  6.240000e+00 -1.246369e+01  5.601490e+00
     vertex  1.792000e+01 -1.246369e+01  5.601490e+00
     vertex  1.792000e+01 -1.242764e+01  5.847571e+00
   endloop
 endfacet
 facet normal  2.345343e-20 -9.894388e-01  1.449509e-01
   outer loop
     vertex  6.240000e+00 -1.246369e+01  5.601490e+00
     vertex  1.792000e+01 -1.242764e+01  5.847571e+00
     vertex  6.240000e+00 -1.242764e+01  5.847571e+00
   endloop
 endfacet
 facet normal  0.000000e+00 -9.954226e-01  9.557065e-02
   outer loop
     vertex  6.240000e+00 -1.248746e+01  5.353921e+00
     vertex  1.792000e+01 -1.248746e+01  5.353921e+00
     vertex  1.792000e+01 -1.246369e+01  5.601490e+00
   endloop
 endfacet
 facet normal -1.185097e-19 -9.954226e-01  9.557065e-02
   outer loop
     vertex  6.240000e+00 -1.248746e+01  5.353921e+00
     vertex  1.792000e+01 -1.246369e+01  5.601490e+00
     vertex  6.240000e+00 -1.246369e+01  5.601490e+00
   endloop
 endfacet
 facet normal  0.000000e+00 -9.989436e-01  4.595389e-02
   outer loop
     vertex  6.240000e+00 -1.249889e+01  5.105476e+00
     vertex  1.792000e+01 -1.249889e+01  5.105476e+00
     vertex  1.792000e+01 -1.248746e+01  5.353921e+00
   endloop
 endfacet
 facet normal  6.546023e-20 -9.989436e-01  4.595389e-02
   outer loop
     vertex  6.240000e+00 -1.249889e+01  5.105476e+00
     vertex  1.792000e+01 -1.248746e+01  5.353921e+00
     vertex  6.240000e+00 -1.248746e+01  5.353921e+00
   endloop
 endfacet
 facet normal  0.000000e+00 -9.999929e-01 -3.776575e-03
   outer loop
     vertex  6.240000e+00 -1.249795e+01  4.856770e+00
     vertex  1.792000e+01 -1.249795e+01  4.856770e+00
     vertex  1.792000e+01 -1.249889e+01  5.105476e+00
   endloop
 endfacet
 facet normal  2.411002e-22 -9.999929e-01 -3.776575e-03
   outer loop
     vertex  6.240000e+00 -1.249795e+01  4.856770e+00
     vertex  1.792000e+01 -1.249889e+01  5.105476e+00
     vertex  6.240000e+00 -1.249889e+01  5.105476e+00
   endloop
 endfacet
 facet normal  6.673296e-20 -9.985680e-01 -5.349769e-02
   outer loop
     vertex  6.240000e+00 -1.248464e+01  4.608419e+00
     vertex  1.792000e+01 -1.249795e+01  4.856770e+00
     vertex  6.240000e+00 -1.249795e+01  4.856770e+00
   endloop
 endfacet
 facet normal  0.000000e+00 -9.985680e-01 -5.349769e-02
   outer loop
     vertex  6.240000e+00 -1.248464e+01  4.608419e+00
     vertex  1.792000e+01 -1.248464e+01  4.608419e+00
     vertex  1.792000e+01 -1.249795e+01  4.856770e+00
   endloop
 endfacet
 facet normal  0.000000e+00 -9.946724e-01 -1.030864e-01
   outer loop
     vertex  6.240000e+00 -1.248464e+01  4.608419e+00
     vertex  1.792000e+01 -1.245900e+01  4.361036e+00
     vertex  1.792000e+01 -1.248464e+01  4.608419e+00
   endloop
 endfacet
 facet normal  0.000000e+00 -9.946724e-01 -1.030864e-01
   outer loop
     vertex  6.240000e+00 -1.245900e+01  4.361036e+00
     vertex  1.792000e+01 -1.245900e+01  4.361036e+00
     vertex  6.240000e+00 -1.248464e+01  4.608419e+00
   endloop
 endfacet
 facet normal  3.011368e-20 -9.883158e-01 -1.524201e-01
   outer loop
     vertex  6.240000e+00 -1.242110e+01  4.115234e+00
     vertex  1.792000e+01 -1.245900e+01  4.361036e+00
     vertex  6.240000e+00 -1.245900e+01  4.361036e+00
   endloop
 endfacet
 facet normal  0.000000e+00 -9.883158e-01 -1.524201e-01
   outer loop
     vertex  6.240000e+00 -1.242110e+01  4.115234e+00
     vertex  1.792000e+01 -1.242110e+01  4.115234e+00
     vertex  1.792000e+01 -1.245900e+01  4.361036e+00
   endloop
 endfacet
 facet normal  0.000000e+00 -9.795139e-01 -2.013767e-01
   outer loop
     vertex  6.240000e+00 -1.242110e+01  4.115234e+00
     vertex  1.792000e+01 -1.237101e+01  3.871622e+00
     vertex  1.792000e+01 -1.242110e+01  4.115234e+00
   endloop
 endfacet
 facet normal  0.000000e+00 -9.795139e-01 -2.013767e-01
   outer loop
     vertex  6.240000e+00 -1.237101e+01  3.871622e+00
     vertex  1.792000e+01 -1.237101e+01  3.871622e+00
     vertex  6.240000e+00 -1.242110e+01  4.115234e+00
   endloop
 endfacet
 facet normal -1.985583e-19 -9.682884e-01 -2.498350e-01
   outer loop
     vertex  6.240000e+00 -1.230888e+01  3.630801e+00
     vertex  1.792000e+01 -1.237101e+01  3.871622e+00
     vertex  6.240000e+00 -1.237101e+01  3.871622e+00
   endloop
 endfacet
 facet normal  0.000000e+00 -9.682884e-01 -2.498350e-01
   outer loop
     vertex  6.240000e+00 -1.230888e+01  3.630801e+00
     vertex  1.792000e+01 -1.230888e+01  3.630801e+00
     vertex  1.792000e+01 -1.237101e+01  3.871622e+00
   endloop
 endfacet
 facet normal  1.050644e-19 -9.546672e-01 -2.976752e-01
   outer loop
     vertex  6.240000e+00 -1.223484e+01  3.393368e+00
     vertex  1.792000e+01 -1.230888e+01  3.630801e+00
     vertex  6.240000e+00 -1.230888e+01  3.630801e+00
   endloop
 endfacet
 facet normal  0.000000e+00 -9.546672e-01 -2.976752e-01
   outer loop
     vertex  6.240000e+00 -1.223484e+01  3.393368e+00
     vertex  1.792000e+01 -1.223484e+01  3.393368e+00
     vertex  1.792000e+01 -1.230888e+01  3.630801e+00
   endloop
 endfacet
 facet normal  0.000000e+00 -9.386839e-01 -3.447789e-01
   outer loop
     vertex  6.240000e+00 -1.223484e+01  3.393368e+00
     vertex  1.792000e+01 -1.214909e+01  3.159910e+00
     vertex  1.792000e+01 -1.223484e+01  3.393368e+00
   endloop
 endfacet
 facet normal  0.000000e+00 -9.386839e-01 -3.447789e-01
   outer loop
     vertex  6.240000e+00 -1.214909e+01  3.159910e+00
     vertex  1.792000e+01 -1.214909e+01  3.159910e+00
     vertex  6.240000e+00 -1.223484e+01  3.393368e+00
   endloop
 endfacet
 facet normal -3.078970e-19 -9.203782e-01 -3.910295e-01
   outer loop
     vertex  6.240000e+00 -1.205184e+01  2.931005e+00
     vertex  1.792000e+01 -1.214909e+01  3.159910e+00
     vertex  6.240000e+00 -1.214909e+01  3.159910e+00
   endloop
 endfacet
 facet normal  0.000000e+00 -9.203782e-01 -3.910295e-01
   outer loop
     vertex  6.240000e+00 -1.205184e+01  2.931005e+00
     vertex  1.792000e+01 -1.205184e+01  2.931005e+00
     vertex  1.792000e+01 -1.214909e+01  3.159910e+00
   endloop
 endfacet
 facet normal -1.746422e-19 -8.997952e-01 -4.363126e-01
   outer loop
     vertex  6.240000e+00 -1.194333e+01  2.707219e+00
     vertex  1.792000e+01 -1.205184e+01  2.931005e+00
     vertex  6.240000e+00 -1.205184e+01  2.931005e+00
   endloop
 endfacet
 facet normal  0.000000e+00 -8.997952e-01 -4.363126e-01
   outer loop
     vertex  6.240000e+00 -1.194333e+01  2.707219e+00
     vertex  1.792000e+01 -1.194333e+01  2.707219e+00
     vertex  1.792000e+01 -1.205184e+01  2.931005e+00
   endloop
 endfacet
 facet normal -4.365209e-19 -8.769859e-01 -4.805162e-01
   outer loop
     vertex  6.240000e+00 -1.182382e+01  2.489106e+00
     vertex  1.792000e+01 -1.194333e+01  2.707219e+00
     vertex  6.240000e+00 -1.194333e+01  2.707219e+00
   endloop
 endfacet
 facet normal  0.000000e+00 -8.769859e-01 -4.805162e-01
   outer loop
     vertex  6.240000e+00 -1.182382e+01  2.489106e+00
     vertex  1.792000e+01 -1.182382e+01  2.489106e+00
     vertex  1.792000e+01 -1.194333e+01  2.707219e+00
   endloop
 endfacet
 facet normal -5.244107e-19 -8.520067e-01 -5.235308e-01
   outer loop
     vertex  6.240000e+00 -1.169361e+01  2.277205e+00
     vertex  1.792000e+01 -1.182382e+01  2.489106e+00
     vertex  6.240000e+00 -1.182382e+01  2.489106e+00
   endloop
 endfacet
 facet normal  0.000000e+00 -8.520067e-01 -5.235308e-01
   outer loop
     vertex  6.240000e+00 -1.169361e+01  2.277205e+00
     vertex  1.792000e+01 -1.169361e+01  2.277205e+00
     vertex  1.792000e+01 -1.182382e+01  2.489106e+00
   endloop
 endfacet
 facet normal -2.870199e-19 -8.249195e-01 -5.652502e-01
   outer loop
     vertex  6.240000e+00 -1.155303e+01  2.072041e+00
     vertex  1.792000e+01 -1.169361e+01  2.277205e+00
     vertex  6.240000e+00 -1.169361e+01  2.277205e+00
   endloop
 endfacet
 facet normal  0.000000e+00 -8.249195e-01 -5.652502e-01
   outer loop
     vertex  6.240000e+00 -1.155303e+01  2.072041e+00
     vertex  1.792000e+01 -1.155303e+01  2.072041e+00
     vertex  1.792000e+01 -1.169361e+01  2.277205e+00
   endloop
 endfacet
 facet normal  5.361982e-19 -7.957913e-01 -6.055710e-01
   outer loop
     vertex  6.240000e+00 -1.140242e+01  1.874122e+00
     vertex  1.792000e+01 -1.155303e+01  2.072041e+00
     vertex  6.240000e+00 -1.155303e+01  2.072041e+00
   endloop
 endfacet
 facet normal  0.000000e+00 -7.957913e-01 -6.055710e-01
   outer loop
     vertex  6.240000e+00 -1.140242e+01  1.874122e+00
     vertex  1.792000e+01 -1.140242e+01  1.874122e+00
     vertex  1.792000e+01 -1.155303e+01  2.072041e+00
   endloop
 endfacet
 facet normal -3.384744e-19 -7.646941e-01 -6.443934e-01
   outer loop
     vertex  6.240000e+00 -1.124216e+01  1.683937e+00
     vertex  1.792000e+01 -1.140242e+01  1.874122e+00
     vertex  6.240000e+00 -1.140242e+01  1.874122e+00
   endloop
 endfacet
 facet normal  0.000000e+00 -7.646941e-01 -6.443934e-01
   outer loop
     vertex  6.240000e+00 -1.124216e+01  1.683937e+00
     vertex  1.792000e+01 -1.124216e+01  1.683937e+00
     vertex  1.792000e+01 -1.140242e+01  1.874122e+00
   endloop
 endfacet
 facet normal  0.000000e+00 -7.317049e-01 -6.816215e-01
   outer loop
     vertex  6.240000e+00 -1.124216e+01  1.683937e+00
     vertex  1.792000e+01 -1.107263e+01  1.501956e+00
     vertex  1.792000e+01 -1.124216e+01  1.683937e+00
   endloop
 endfacet
 facet normal  0.000000e+00 -7.317049e-01 -6.816215e-01
   outer loop
     vertex  6.240000e+00 -1.107263e+01  1.501956e+00
     vertex  1.792000e+01 -1.107263e+01  1.501956e+00
     vertex  6.240000e+00 -1.124216e+01  1.683937e+00
   endloop
 endfacet
 facet normal  5.410055e-20 -6.969053e-01 -7.171632e-01
   outer loop
     vertex  6.240000e+00 -1.089427e+01  1.328631e+00
     vertex  1.792000e+01 -1.107263e+01  1.501956e+00
     vertex  6.240000e+00 -1.107263e+01  1.501956e+00
   endloop
 endfacet
 facet normal  0.000000e+00 -6.969053e-01 -7.171632e-01
   outer loop
     vertex  6.240000e+00 -1.089427e+01  1.328631e+00
     vertex  1.792000e+01 -1.089427e+01  1.328631e+00
     vertex  1.792000e+01 -1.107263e+01  1.501956e+00
   endloop
 endfacet
 facet normal  5.754506e-19 -6.603814e-01 -7.509304e-01
   outer loop
     vertex  6.240000e+00 -1.070750e+01  1.164389e+00
     vertex  1.792000e+01 -1.089427e+01  1.328631e+00
     vertex  6.240000e+00 -1.089427e+01  1.328631e+00
   endloop
 endfacet
 facet normal  0.000000e+00 -6.603814e-01 -7.509304e-01
   outer loop
     vertex  6.240000e+00 -1.070750e+01  1.164389e+00
     vertex  1.792000e+01 -1.070750e+01  1.164389e+00
     vertex  1.792000e+01 -1.089427e+01  1.328631e+00
   endloop
 endfacet
 facet normal -2.076486e-19 -6.222236e-01 -7.828396e-01
   outer loop
     vertex  6.240000e+00 -1.051281e+01  1.009637e+00
     vertex  1.792000e+01 -1.070750e+01  1.164389e+00
     vertex  6.240000e+00 -1.070750e+01  1.164389e+00
   endloop
 endfacet
 facet normal  0.000000e+00 -6.222236e-01 -7.828396e-01
   outer loop
     vertex  6.240000e+00 -1.051281e+01  1.009637e+00
     vertex  1.792000e+01 -1.051281e+01  1.009637e+00
     vertex  1.792000e+01 -1.070750e+01  1.164389e+00
   endloop
 endfacet
 facet normal  0.000000e+00 -5.825262e-01 -8.128119e-01
   outer loop
     vertex  6.240000e+00 -1.051281e+01  1.009637e+00
     vertex  1.792000e+01 -1.031065e+01  8.647582e-01
     vertex  1.792000e+01 -1.051281e+01  1.009637e+00
   endloop
 endfacet
 facet normal  0.000000e+00 -5.825262e-01 -8.128119e-01
   outer loop
     vertex  6.240000e+00 -1.031065e+01  8.647582e-01
     vertex  1.792000e+01 -1.031065e+01  8.647582e-01
     vertex  6.240000e+00 -1.051281e+01  1.009637e+00
   endloop
 endfacet
 facet normal  2.631269e-19 -5.413876e-01 -8.407732e-01
   outer loop
     vertex  6.240000e+00 -1.010155e+01  7.301109e-01
     vertex  1.792000e+01 -1.031065e+01  8.647582e-01
     vertex  6.240000e+00 -1.031065e+01  8.647582e-01
   endloop
 endfacet
 facet normal  0.000000e+00 -5.413876e-01 -8.407732e-01
   outer loop
     vertex  6.240000e+00 -1.010155e+01  7.301109e-01
     vertex  1.792000e+01 -1.010155e+01  7.301109e-01
     vertex  1.792000e+01 -1.031065e+01  8.647582e-01
   endloop
 endfacet
 facet normal  0.000000e+00 -4.989094e-01 -8.666541e-01
   outer loop
     vertex  6.240000e+00 -1.010155e+01  7.301109e-01
     vertex  1.792000e+01 -9.886004e+00  6.060284e-01
     vertex  1.792000e+01 -1.010155e+01  7.301109e-01
   endloop
 endfacet
 facet normal  0.000000e+00 -4.989094e-01 -8.666541e-01
   outer loop
     vertex  6.240000e+00 -9.886004e+00  6.060284e-01
     vertex  1.792000e+01 -9.886004e+00  6.060284e-01
     vertex  6.240000e+00 -1.010155e+01  7.301109e-01
   endloop
 endfacet
 facet normal -2.427907e-19 -4.551968e-01 -8.903908e-01
   outer loop
     vertex  6.240000e+00 -9.664557e+00  4.928174e-01
     vertex  1.792000e+01 -9.886004e+00  6.060284e-01
     vertex  6.240000e+00 -9.886004e+00  6.060284e-01
   endloop
 endfacet
 facet normal  0.000000e+00 -4.551968e-01 -8.903908e-01
   outer loop
     vertex  6.240000e+00 -9.664557e+00  4.928174e-01
     vertex  1.792000e+01 -9.664557e+00  4.928174e-01
     vertex  1.792000e+01 -9.886004e+00  6.060284e-01
   endloop
 endfacet
 facet normal  0.000000e+00 -4.103580e-01 -9.119245e-01
   outer loop
     vertex  6.240000e+00 -9.664557e+00  4.928174e-01
     vertex  1.792000e+01 -9.437754e+00  3.907583e-01
     vertex  1.792000e+01 -9.664557e+00  4.928174e-01
   endloop
 endfacet
 facet normal  0.000000e+00 -4.103580e-01 -9.119245e-01
   outer loop
     vertex  6.240000e+00 -9.437754e+00  3.907583e-01
     vertex  1.792000e+01 -9.437754e+00  3.907583e-01
     vertex  6.240000e+00 -9.664557e+00  4.928174e-01
   endloop
 endfacet
 facet normal  0.000000e+00 -3.645038e-01 -9.312019e-01
   outer loop
     vertex  6.240000e+00 -9.437754e+00  3.907583e-01
     vertex  1.792000e+01 -9.206157e+00  3.001034e-01
     vertex  1.792000e+01 -9.437754e+00  3.907583e-01
   endloop
 endfacet
 facet normal  0.000000e+00 -3.645038e-01 -9.312019e-01
   outer loop
     vertex  6.240000e+00 -9.206157e+00  3.001034e-01
     vertex  1.792000e+01 -9.206157e+00  3.001034e-01
     vertex  6.240000e+00 -9.437754e+00  3.907583e-01
   endloop
 endfacet
 facet normal  0.000000e+00 -3.177478e-01 -9.481753e-01
   outer loop
     vertex  6.240000e+00 -9.206157e+00  3.001034e-01
     vertex  1.792000e+01 -8.970339e+00  2.210770e-01
     vertex  1.792000e+01 -9.206157e+00  3.001034e-01
   endloop
 endfacet
 facet normal  0.000000e+00 -3.177478e-01 -9.481753e-01
   outer loop
     vertex  6.240000e+00 -8.970339e+00  2.210770e-01
     vertex  1.792000e+01 -8.970339e+00  2.210770e-01
     vertex  6.240000e+00 -9.206157e+00  3.001034e-01
   endloop
 endfacet
 facet normal  0.000000e+00 -2.702057e-01 -9.628026e-01
   outer loop
     vertex  6.240000e+00 -8.730882e+00  1.538748e-01
     vertex  1.792000e+01 -8.730882e+00  1.538748e-01
     vertex  1.792000e+01 -8.970339e+00  2.210770e-01
   endloop
 endfacet
 facet normal  2.849892e-19 -2.702057e-01 -9.628026e-01
   outer loop
     vertex  6.240000e+00 -8.730882e+00  1.538748e-01
     vertex  1.792000e+01 -8.970339e+00  2.210770e-01
     vertex  6.240000e+00 -8.970339e+00  2.210770e-01
   endloop
 endfacet
 facet normal  0.000000e+00 -2.219949e-01 -9.750478e-01
   outer loop
     vertex  6.240000e+00 -8.730882e+00  1.538748e-01
     vertex  1.792000e+01 -8.488380e+00  9.866300e-02
     vertex  1.792000e+01 -8.730882e+00  1.538748e-01
   endloop
 endfacet
 facet normal  0.000000e+00 -2.219949e-01 -9.750478e-01
   outer loop
     vertex  6.240000e+00 -8.488380e+00  9.866300e-02
     vertex  1.792000e+01 -8.488380e+00  9.866300e-02
     vertex  6.240000e+00 -8.730882e+00  1.538748e-01
   endloop
 endfacet
 facet normal  0.000000e+00 -1.732349e-01 -9.848805e-01
   outer loop
     vertex  6.240000e+00 -8.488380e+00  9.866300e-02
     vertex  1.792000e+01 -8.243433e+00  5.557816e-02
     vertex  1.792000e+01 -8.488380e+00  9.866300e-02
   endloop
 endfacet
 facet normal  0.000000e+00 -1.732349e-01 -9.848805e-01
   outer loop
     vertex  6.240000e+00 -8.243433e+00  5.557816e-02
     vertex  1.792000e+01 -8.243433e+00  5.557816e-02
     vertex  6.240000e+00 -8.488380e+00  9.866300e-02
   endloop
 endfacet
 facet normal  0.000000e+00 -1.240463e-01 -9.922764e-01
   outer loop
     vertex  6.240000e+00 -7.996646e+00  2.472689e-02
     vertex  1.792000e+01 -7.996646e+00  2.472689e-02
     vertex  1.792000e+01 -8.243433e+00  5.557816e-02
   endloop
 endfacet
 facet normal  0.000000e+00 -7.455076e-02 -9.972172e-01
   outer loop
     vertex  6.240000e+00 -7.996646e+00  2.472689e-02
     vertex  1.792000e+01 -7.748631e+00  6.185549e-03
     vertex  1.792000e+01 -7.996646e+00  2.472689e-02
   endloop
 endfacet
 facet normal  8.204698e-21 -1.240463e-01 -9.922764e-01
   outer loop
     vertex  6.240000e+00 -7.996646e+00  2.472689e-02
     vertex  1.792000e+01 -8.243433e+00  5.557816e-02
     vertex  6.240000e+00 -8.243433e+00  5.557816e-02
   endloop
 endfacet
 facet normal  0.000000e+00 -2.487076e-02 -9.996907e-01
   outer loop
     vertex  6.240000e+00 -7.748631e+00  6.185549e-03
     vertex  1.792000e+01 -7.500000e+00  0.000000e+00
     vertex  1.792000e+01 -7.748631e+00  6.185549e-03
   endloop
 endfacet
 facet normal  0.000000e+00 -7.455076e-02 -9.972172e-01
   outer loop
     vertex  6.240000e+00 -7.748631e+00  6.185549e-03
     vertex  1.792000e+01 -7.748631e+00  6.185549e-03
     vertex  6.240000e+00 -7.996646e+00  2.472689e-02
   endloop
 endfacet
 facet normal  0.000000e+00 -2.487076e-02 -9.996907e-01
   outer loop
     vertex  6.240000e+00 -7.500000e+00  0.000000e+00
     vertex  1.792000e+01 -7.500000e+00  0.000000e+00
     vertex  6.240000e+00 -7.748631e+00  6.185549e-03
   endloop
 endfacet
 facet normal  0.000000e+00  9.261799e-01 -3.770818e-01
   outer loop
     vertex -1.792000e+01 -2.917424e+00  3.000000e+00
     vertex -6.240000e+00 -2.823641e+00  3.230348e+00
     vertex -6.240000e+00 -2.917424e+00  3.000000e+00
   endloop
 endfacet
 facet normal  2.934755e-17  9.437850e-01 -3.305600e-01
   outer loop
     vertex -1.792000e+01 -2.823641e+00  3.230348e+00
     vertex -6.240000e+00 -2.741428e+00  3.465075e+00
     vertex -6.240000e+00 -2.823641e+00  3.230348e+00
   endloop
 endfacet
 facet normal -2.296215e-16  9.261799e-01 -3.770818e-01
   outer loop
     vertex -1.792000e+01 -2.823641e+00  3.230348e+00
     vertex -6.240000e+00 -2.823641e+00  3.230348e+00
     vertex -1.792000e+01 -2.917424e+00  3.000000e+00
   endloop
 endfacet
 facet normal  8.022509e-17  9.590549e-01 -2.832203e-01
   outer loop
     vertex -1.792000e+01 -2.741428e+00  3.465075e+00
     vertex -6.240000e+00 -2.670989e+00  3.703599e+00
     vertex -6.240000e+00 -2.741428e+00  3.465075e+00
   endloop
 endfacet
 facet normal -1.733879e-16  9.437850e-01 -3.305600e-01
   outer loop
     vertex -1.792000e+01 -2.741428e+00  3.465075e+00
     vertex -6.240000e+00 -2.741428e+00  3.465075e+00
     vertex -1.792000e+01 -2.823641e+00  3.230348e+00
   endloop
 endfacet
 facet normal  3.800032e-17  9.719519e-01 -2.351798e-01
   outer loop
     vertex -1.792000e+01 -2.670989e+00  3.703599e+00
     vertex -6.240000e+00 -2.612498e+00  3.945331e+00
     vertex -6.240000e+00 -2.670989e+00  3.703599e+00
   endloop
 endfacet
 facet normal -2.114913e-16  9.590549e-01 -2.832203e-01
   outer loop
     vertex -1.792000e+01 -2.670989e+00  3.703599e+00
     vertex -6.240000e+00 -2.670989e+00  3.703599e+00
     vertex -1.792000e+01 -2.741428e+00  3.465075e+00
   endloop
 endfacet
 facet normal  7.036807e-17  9.824441e-01 -1.865574e-01
   outer loop
     vertex -1.792000e+01 -2.612498e+00  3.945331e+00
     vertex -6.240000e+00 -2.566100e+00  4.189672e+00
     vertex -6.240000e+00 -2.612498e+00  3.945331e+00
   endloop
 endfacet
 facet normal -1.747873e-16  9.719519e-01 -2.351798e-01
   outer loop
     vertex -1.792000e+01 -2.612498e+00  3.945331e+00
     vertex -6.240000e+00 -2.612498e+00  3.945331e+00
     vertex -1.792000e+01 -2.670989e+00  3.703599e+00
   endloop
 endfacet
 facet normal  9.461420e-17  9.905054e-01 -1.374735e-01
   outer loop
     vertex -1.792000e+01 -2.566100e+00  4.189672e+00
     vertex -6.240000e+00 -2.531909e+00  4.436018e+00
     vertex -6.240000e+00 -2.566100e+00  4.189672e+00
   endloop
 endfacet
 facet normal -1.466618e-16  9.824441e-01 -1.865574e-01
   outer loop
     vertex -1.792000e+01 -2.566100e+00  4.189672e+00
     vertex -6.240000e+00 -2.566100e+00  4.189672e+00
     vertex -1.792000e+01 -2.612498e+00  3.945331e+00
   endloop
 endfacet
 facet normal  1.908569e-16  9.961161e-01 -8.804940e-02
   outer loop
     vertex -1.792000e+01 -2.531909e+00  4.436018e+00
     vertex -6.240000e+00 -2.510011e+00  4.683760e+00
     vertex -6.240000e+00 -2.531909e+00  4.436018e+00
   endloop
 endfacet
 facet normal -4.557331e-17  9.905054e-01 -1.374735e-01
   outer loop
     vertex -1.792000e+01 -2.531909e+00  4.436018e+00
     vertex -6.240000e+00 -2.531909e+00  4.436018e+00
     vertex -1.792000e+01 -2.566100e+00  4.189672e+00
   endloop
 endfacet
 facet normal  1.287099e-16  9.992622e-01 -3.840746e-02
   outer loop
     vertex -1.792000e+01 -2.510011e+00  4.683760e+00
     vertex -6.240000e+00 -2.500459e+00  4.932284e+00
     vertex -6.240000e+00 -2.510011e+00  4.683760e+00
   endloop
 endfacet
 facet normal -9.874136e-17  9.961161e-01 -8.804940e-02
   outer loop
     vertex -1.792000e+01 -2.510011e+00  4.683760e+00
     vertex -6.240000e+00 -2.510011e+00  4.683760e+00
     vertex -1.792000e+01 -2.531909e+00  4.436018e+00
   endloop
 endfacet
 facet normal  1.277294e-16  9.999358e-01  1.132951e-02
   outer loop
     vertex -1.792000e+01 -2.500459e+00  4.932284e+00
     vertex -6.240000e+00 -2.503276e+00  5.180976e+00
     vertex -6.240000e+00 -2.500459e+00  4.932284e+00
   endloop
 endfacet
 facet normal -9.924978e-17  9.992622e-01 -3.840746e-02
   outer loop
     vertex -1.792000e+01 -2.500459e+00  4.932284e+00
     vertex -6.240000e+00 -2.500459e+00  4.932284e+00
     vertex -1.792000e+01 -2.510011e+00  4.683760e+00
   endloop
 endfacet
 facet normal  4.150588e-17  9.981354e-01  6.103844e-02
   outer loop
     vertex -1.792000e+01 -2.503276e+00  5.180976e+00
     vertex -6.240000e+00 -2.518457e+00  5.429220e+00
     vertex -6.240000e+00 -2.503276e+00  5.180976e+00
   endloop
 endfacet
 facet normal -1.781449e-16  9.999358e-01  1.132951e-02
   outer loop
     vertex -1.792000e+01 -2.503276e+00  5.180976e+00
     vertex -6.240000e+00 -2.503276e+00  5.180976e+00
     vertex -1.792000e+01 -2.500459e+00  4.932284e+00
   endloop
 endfacet
 facet normal  3.432538e-17  9.938654e-01  1.105964e-01
   outer loop
     vertex -1.792000e+01 -2.518457e+00  5.429220e+00
     vertex -6.240000e+00 -2.545963e+00  5.676402e+00
     vertex -6.240000e+00 -2.518457e+00  5.429220e+00
   endloop
 endfacet
 facet normal -1.861968e-16  9.981354e-01  6.103844e-02
   outer loop
     vertex -1.792000e+01 -2.518457e+00  5.429220e+00
     vertex -6.240000e+00 -2.518457e+00  5.429220e+00
     vertex -1.792000e+01 -2.503276e+00  5.180976e+00
   endloop
 endfacet
 facet normal  6.816038e-17  9.871364e-01  1.598806e-01
   outer loop
     vertex -1.792000e+01 -2.545963e+00  5.676402e+00
     vertex -6.240000e+00 -2.585727e+00  5.921910e+00
     vertex -6.240000e+00 -2.545963e+00  5.676402e+00
   endloop
 endfacet
 facet normal -1.420571e-16  9.938654e-01  1.105964e-01
   outer loop
     vertex -1.792000e+01 -2.545963e+00  5.676402e+00
     vertex -6.240000e+00 -2.545963e+00  5.676402e+00
     vertex -1.792000e+01 -2.518457e+00  5.429220e+00
   endloop
 endfacet
 facet normal  9.772434e-17  9.779649e-01  2.087693e-01
   outer loop
     vertex -1.792000e+01 -2.585727e+00  5.921910e+00
     vertex -6.240000e+00 -2.637649e+00  6.165137e+00
     vertex -6.240000e+00 -2.585727e+00  5.921910e+00
   endloop
 endfacet
 facet normal -1.062841e-16  9.871364e-01  1.598806e-01
   outer loop
     vertex -1.792000e+01 -2.585727e+00  5.921910e+00
     vertex -6.240000e+00 -2.585727e+00  5.921910e+00
     vertex -1.792000e+01 -2.545963e+00  5.676402e+00
   endloop
 endfacet
 facet normal  6.148033e-17  9.663738e-01  2.571415e-01
   outer loop
     vertex -1.792000e+01 -2.637649e+00  6.165137e+00
     vertex -6.240000e+00 -2.701602e+00  6.405482e+00
     vertex -6.240000e+00 -2.637649e+00  6.165137e+00
   endloop
 endfacet
 facet normal -1.412522e-16  9.779649e-01  2.087693e-01
   outer loop
     vertex -1.792000e+01 -2.637649e+00  6.165137e+00
     vertex -6.240000e+00 -2.637649e+00  6.165137e+00
     vertex -1.792000e+01 -2.585727e+00  5.921910e+00
   endloop
 endfacet
 facet normal  7.284859e-17  9.523916e-01  3.048774e-01
   outer loop
     vertex -1.792000e+01 -2.701602e+00  6.405482e+00
     vertex -6.240000e+00 -2.777428e+00  6.642349e+00
     vertex -6.240000e+00 -2.701602e+00  6.405482e+00
   endloop
 endfacet
 facet normal -1.245984e-16  9.663738e-01  2.571415e-01
   outer loop
     vertex -1.792000e+01 -2.701602e+00  6.405482e+00
     vertex -6.240000e+00 -2.701602e+00  6.405482e+00
     vertex -1.792000e+01 -2.637649e+00  6.165137e+00
   endloop
 endfacet
 facet normal  7.424279e-17  9.360530e-01  3.518590e-01
   outer loop
     vertex -1.792000e+01 -2.777428e+00  6.642349e+00
     vertex -6.240000e+00 -2.864938e+00  6.875153e+00
     vertex -6.240000e+00 -2.777428e+00  6.642349e+00
   endloop
 endfacet
 facet normal -1.183636e-16  9.523916e-01  3.048774e-01
   outer loop
     vertex -1.792000e+01 -2.777428e+00  6.642349e+00
     vertex -6.240000e+00 -2.777428e+00  6.642349e+00
     vertex -1.792000e+01 -2.701602e+00  6.405482e+00
   endloop
 endfacet
 facet normal  9.687994e-17  9.173984e-01  3.979700e-01
   outer loop
     vertex -1.792000e+01 -2.864938e+00  6.875153e+00
     vertex -6.240000e+00 -2.963916e+00  7.103317e+00
     vertex -6.240000e+00 -2.864938e+00  6.875153e+00
   endloop
 endfacet
 facet normal -9.487345e-17  9.360530e-01  3.518590e-01
   outer loop
     vertex -1.792000e+01 -2.864938e+00  6.875153e+00
     vertex -6.240000e+00 -2.864938e+00  6.875153e+00
     vertex -1.792000e+01 -2.777428e+00  6.642349e+00
   endloop
 endfacet
 facet normal  5.097038e-17  8.964740e-01  4.430964e-01
   outer loop
     vertex -1.792000e+01 -2.963916e+00  7.103317e+00
     vertex -6.240000e+00 -3.074117e+00  7.326277e+00
     vertex -6.240000e+00 -2.963916e+00  7.103317e+00
   endloop
 endfacet
 facet normal -1.334310e-16  9.173984e-01  3.979700e-01
   outer loop
     vertex -1.792000e+01 -2.963916e+00  7.103317e+00
     vertex -6.240000e+00 -2.963916e+00  7.103317e+00
     vertex -1.792000e+01 -2.864938e+00  6.875153e+00
   endloop
 endfacet
 facet normal  9.475042e-17  8.733315e-01  4.871264e-01
   outer loop
     vertex -1.792000e+01 -3.074117e+00  7.326277e+00
     vertex -6.240000e+00 -3.195269e+00  7.543481e+00
     vertex -6.240000e+00 -3.074117e+00  7.326277e+00
   endloop
 endfacet
 facet normal -8.458837e-17  8.964740e-01  4.430964e-01
   outer loop
     vertex -1.792000e+01 -3.074117e+00  7.326277e+00
     vertex -6.240000e+00 -3.074117e+00  7.326277e+00
     vertex -1.792000e+01 -2.963916e+00  7.103317e+00
   endloop
 endfacet
 facet normal  6.428431e-17  8.480282e-01  5.299512e-01
   outer loop
     vertex -1.792000e+01 -3.195269e+00  7.543481e+00
     vertex -6.240000e+00 -3.327072e+00  7.754392e+00
     vertex -6.240000e+00 -3.195269e+00  7.543481e+00
   endloop
 endfacet
 facet normal -1.121553e-16  8.733315e-01  4.871264e-01
   outer loop
     vertex -1.792000e+01 -3.195269e+00  7.543481e+00
     vertex -6.240000e+00 -3.195269e+00  7.543481e+00
     vertex -1.792000e+01 -3.074117e+00  7.326277e+00
   endloop
 endfacet
 facet normal  9.125080e-17  8.206266e-01  5.714647e-01
   outer loop
     vertex -1.792000e+01 -3.327072e+00  7.754392e+00
     vertex -6.240000e+00 -3.469200e+00  7.958488e+00
     vertex -6.240000e+00 -3.327072e+00  7.754392e+00
   endloop
 endfacet
 facet normal -8.079983e-17  8.480282e-01  5.299512e-01
   outer loop
     vertex -1.792000e+01 -3.327072e+00  7.754392e+00
     vertex -6.240000e+00 -3.327072e+00  7.754392e+00
     vertex -1.792000e+01 -3.195269e+00  7.543481e+00
   endloop
 endfacet
 facet normal  9.624154e-17  7.911947e-01  6.115644e-01
   outer loop
     vertex -1.792000e+01 -3.469200e+00  7.958488e+00
     vertex -6.240000e+00 -3.621301e+00  8.155264e+00
     vertex -6.240000e+00 -3.469200e+00  7.958488e+00
   endloop
 endfacet
 facet normal -7.701019e-17  8.206266e-01  5.714647e-01
   outer loop
     vertex -1.792000e+01 -3.469200e+00  7.958488e+00
     vertex -6.240000e+00 -3.469200e+00  7.958488e+00
     vertex -1.792000e+01 -3.327072e+00  7.754392e+00
   endloop
 endfacet
 facet normal -6.829697e-18  7.598051e-01  6.501509e-01
   outer loop
     vertex -1.792000e+01 -3.621301e+00  8.155264e+00
     vertex -6.240000e+00 -3.782998e+00  8.344233e+00
     vertex -6.240000e+00 -3.621301e+00  8.155264e+00
   endloop
 endfacet
 facet normal -1.663657e-16  7.911947e-01  6.115644e-01
   outer loop
     vertex -1.792000e+01 -3.621301e+00  8.155264e+00
     vertex -6.240000e+00 -3.621301e+00  8.155264e+00
     vertex -1.792000e+01 -3.469200e+00  7.958488e+00
   endloop
 endfacet
 facet normal -3.571850e-17  7.598051e-01  6.501509e-01
   outer loop
     vertex -1.792000e+01 -3.782998e+00  8.344233e+00
     vertex -6.240000e+00 -3.782998e+00  8.344233e+00
     vertex -1.792000e+01 -3.621301e+00  8.155264e+00
   endloop
 endfacet
 facet normal  1.250993e-16  7.265357e-01  6.871287e-01
   outer loop
     vertex -1.792000e+01 -3.782998e+00  8.344233e+00
     vertex -6.240000e+00 -3.953892e+00  8.524928e+00
     vertex -6.240000e+00 -3.782998e+00  8.344233e+00
   endloop
 endfacet
 facet normal -7.026739e-18  7.265357e-01  6.871287e-01
   outer loop
     vertex -1.792000e+01 -3.953892e+00  8.524928e+00
     vertex -6.240000e+00 -3.953892e+00  8.524928e+00
     vertex -1.792000e+01 -3.782998e+00  8.344233e+00
   endloop
 endfacet
 facet normal  1.494496e-16  6.914686e-01  7.224065e-01
   outer loop
     vertex -1.792000e+01 -3.953892e+00  8.524928e+00
     vertex -6.240000e+00 -4.133560e+00  8.696902e+00
     vertex -6.240000e+00 -3.953892e+00  8.524928e+00
   endloop
 endfacet
 facet normal  1.329163e-17  6.914686e-01  7.224065e-01
   outer loop
     vertex -1.792000e+01 -4.133560e+00  8.696902e+00
     vertex -6.240000e+00 -4.133560e+00  8.696902e+00
     vertex -1.792000e+01 -3.953892e+00  8.524928e+00
   endloop
 endfacet
 facet normal  1.657032e-16  6.546907e-01  7.558969e-01
   outer loop
     vertex -1.792000e+01 -4.133560e+00  8.696902e+00
     vertex -6.240000e+00 -4.321558e+00  8.859729e+00
     vertex -6.240000e+00 -4.133560e+00  8.696902e+00
   endloop
 endfacet
 facet normal -6.421848e-17  6.546907e-01  7.558969e-01
   outer loop
     vertex -1.792000e+01 -4.321558e+00  8.859729e+00
     vertex -6.240000e+00 -4.321558e+00  8.859729e+00
     vertex -1.792000e+01 -4.133560e+00  8.696902e+00
   endloop
 endfacet
 facet normal  7.816517e-17  6.162930e-01  7.875170e-01
   outer loop
     vertex -1.792000e+01 -4.321558e+00  8.859729e+00
     vertex -6.240000e+00 -4.517419e+00  9.013005e+00
     vertex -6.240000e+00 -4.321558e+00  8.859729e+00
   endloop
 endfacet
 facet normal -2.082390e-16  6.162930e-01  7.875170e-01
   outer loop
     vertex -1.792000e+01 -4.517419e+00  9.013005e+00
     vertex -6.240000e+00 -4.517419e+00  9.013005e+00
     vertex -1.792000e+01 -4.321558e+00  8.859729e+00
   endloop
 endfacet
 facet normal -7.203813e-17  5.763703e-01  8.171886e-01
   outer loop
     vertex -1.792000e+01 -4.517419e+00  9.013005e+00
     vertex -6.240000e+00 -4.720660e+00  9.156353e+00
     vertex -6.240000e+00 -4.517419e+00  9.013005e+00
   endloop
 endfacet
 facet normal -2.820939e-17  5.763703e-01  8.171886e-01
   outer loop
     vertex -1.792000e+01 -4.720660e+00  9.156353e+00
     vertex -6.240000e+00 -4.720660e+00  9.156353e+00
     vertex -1.792000e+01 -4.517419e+00  9.013005e+00
   endloop
 endfacet
 facet normal  1.050254e-16  5.350217e-01  8.448383e-01
   outer loop
     vertex -1.792000e+01 -4.720660e+00  9.156353e+00
     vertex -6.240000e+00 -4.930778e+00  9.289417e+00
     vertex -6.240000e+00 -4.720660e+00  9.156353e+00
   endloop
 endfacet
 facet normal -2.346211e-17  5.350217e-01  8.448383e-01
   outer loop
     vertex -1.792000e+01 -4.930778e+00  9.289417e+00
     vertex -6.240000e+00 -4.930778e+00  9.289417e+00
     vertex -1.792000e+01 -4.720660e+00  9.156353e+00
   endloop
 endfacet
 facet normal  1.056256e-16  4.923492e-01  8.703977e-01
   outer loop
     vertex -1.792000e+01 -4.930778e+00  9.289417e+00
     vertex -6.240000e+00 -5.147253e+00  9.411868e+00
     vertex -6.240000e+00 -4.930778e+00  9.289417e+00
   endloop
 endfacet
 facet normal  9.851762e-17  4.484586e-01  8.938036e-01
   outer loop
     vertex -1.792000e+01 -5.147253e+00  9.411868e+00
     vertex -6.240000e+00 -5.369548e+00  9.523403e+00
     vertex -6.240000e+00 -5.147253e+00  9.411868e+00
   endloop
 endfacet
 facet normal -2.674910e-17  4.923492e-01  8.703977e-01
   outer loop
     vertex -1.792000e+01 -5.147253e+00  9.411868e+00
     vertex -6.240000e+00 -5.147253e+00  9.411868e+00
     vertex -1.792000e+01 -4.930778e+00  9.289417e+00
   endloop
 endfacet
 facet normal  2.235406e-16  4.034584e-01  9.149980e-01
   outer loop
     vertex -1.792000e+01 -5.369548e+00  9.523403e+00
     vertex -6.240000e+00 -5.597115e+00  9.623746e+00
     vertex -6.240000e+00 -5.369548e+00  9.523403e+00
   endloop
 endfacet
 facet normal  9.851762e-17  4.484586e-01  8.938036e-01
   outer loop
     vertex -1.792000e+01 -5.369548e+00  9.523403e+00
     vertex -6.240000e+00 -5.369548e+00  9.523403e+00
     vertex -1.792000e+01 -5.147253e+00  9.411868e+00
   endloop
 endfacet
 facet normal  9.111902e-17  3.574600e-01  9.339285e-01
   outer loop
     vertex -1.792000e+01 -5.597115e+00  9.623746e+00
     vertex -6.240000e+00 -5.829390e+00  9.712649e+00
     vertex -6.240000e+00 -5.597115e+00  9.623746e+00
   endloop
 endfacet
 facet normal -2.409492e-17  4.034584e-01  9.149980e-01
   outer loop
     vertex -1.792000e+01 -5.597115e+00  9.623746e+00
     vertex -6.240000e+00 -5.597115e+00  9.623746e+00
     vertex -1.792000e+01 -5.369548e+00  9.523403e+00
   endloop
 endfacet
 facet normal -5.940428e-17  3.105771e-01  9.505482e-01
   outer loop
     vertex -1.792000e+01 -5.829390e+00  9.712649e+00
     vertex -6.240000e+00 -6.065799e+00  9.789892e+00
     vertex -6.240000e+00 -5.829390e+00  9.712649e+00
   endloop
 endfacet
 facet normal -1.657724e-16  3.574600e-01  9.339285e-01
   outer loop
     vertex -1.792000e+01 -5.829390e+00  9.712649e+00
     vertex -6.240000e+00 -5.829390e+00  9.712649e+00
     vertex -1.792000e+01 -5.597115e+00  9.623746e+00
   endloop
 endfacet
 facet normal  4.711085e-17  2.629258e-01  9.648161e-01
   outer loop
     vertex -1.792000e+01 -6.065799e+00  9.789892e+00
     vertex -6.240000e+00 -6.305756e+00  9.855284e+00
     vertex -6.240000e+00 -6.065799e+00  9.789892e+00
   endloop
 endfacet
 facet normal -5.940428e-17  3.105771e-01  9.505482e-01
   outer loop
     vertex -1.792000e+01 -6.065799e+00  9.789892e+00
     vertex -6.240000e+00 -6.065799e+00  9.789892e+00
     vertex -1.792000e+01 -5.829390e+00  9.712649e+00
   endloop
 endfacet
 facet normal  1.698300e-16  2.146240e-01  9.766968e-01
   outer loop
     vertex -1.792000e+01 -6.305756e+00  9.855284e+00
     vertex -6.240000e+00 -6.548668e+00  9.908663e+00
     vertex -6.240000e+00 -6.305756e+00  9.855284e+00
   endloop
 endfacet
 facet normal  6.710443e-17  2.629258e-01  9.648161e-01
   outer loop
     vertex -1.792000e+01 -6.305756e+00  9.855284e+00
     vertex -6.240000e+00 -6.305756e+00  9.855284e+00
     vertex -1.792000e+01 -6.065799e+00  9.789892e+00
   endloop
 endfacet
 facet normal -1.272525e-16  2.146240e-01  9.766968e-01
   outer loop
     vertex -1.792000e+01 -6.548668e+00  9.908663e+00
     vertex -6.240000e+00 -6.548668e+00  9.908663e+00
     vertex -1.792000e+01 -6.305756e+00  9.855284e+00
   endloop
 endfacet
 facet normal -2.611479e-18  1.657911e-01  9.861609e-01
   outer loop
     vertex -1.792000e+01 -6.793934e+00  9.949896e+00
     vertex -6.240000e+00 -6.793934e+00  9.949896e+00
     vertex -6.240000e+00 -6.548668e+00  9.908663e+00
   endloop
 endfacet
 facet normal -2.758861e-17  1.657911e-01  9.861609e-01
   outer loop
     vertex -1.792000e+01 -6.793934e+00  9.949896e+00
     vertex -6.240000e+00 -6.548668e+00  9.908663e+00
     vertex -1.792000e+01 -6.548668e+00  9.908663e+00
   endloop
 endfacet
 facet normal -2.038403e-16  1.165480e-01  9.931851e-01
   outer loop
     vertex -1.792000e+01 -7.040947e+00  9.978882e+00
     vertex -6.240000e+00 -7.040947e+00  9.978882e+00
     vertex -6.240000e+00 -6.793934e+00  9.949896e+00
   endloop
 endfacet
 facet normal -1.172107e-16  6.701655e-02  9.977519e-01
   outer loop
     vertex -1.792000e+01 -7.040947e+00  9.978882e+00
     vertex -6.240000e+00 -7.289095e+00  9.995550e+00
     vertex -6.240000e+00 -7.040947e+00  9.978882e+00
   endloop
 endfacet
 facet normal  8.950688e-17  1.165480e-01  9.931851e-01
   outer loop
     vertex -1.792000e+01 -7.040947e+00  9.978882e+00
     vertex -6.240000e+00 -6.793934e+00  9.949896e+00
     vertex -1.792000e+01 -6.793934e+00  9.949896e+00
   endloop
 endfacet
 facet normal -2.897412e-17  1.731930e-02  9.998500e-01
   outer loop
     vertex -1.792000e+01 -7.289095e+00  9.995550e+00
     vertex -6.240000e+00 -7.537765e+00  9.999857e+00
     vertex -6.240000e+00 -7.289095e+00  9.995550e+00
   endloop
 endfacet
 facet normal -1.121146e-16  6.701655e-02  9.977519e-01
   outer loop
     vertex -1.792000e+01 -7.289095e+00  9.995550e+00
     vertex -6.240000e+00 -7.289095e+00  9.995550e+00
     vertex -1.792000e+01 -7.040947e+00  9.978882e+00
   endloop
 endfacet
 facet normal -2.765712e-17  1.731930e-02  9.998500e-01
   outer loop
     vertex -1.792000e+01 -7.537765e+00  9.999857e+00
     vertex -6.240000e+00 -7.537765e+00  9.999857e+00
     vertex -1.792000e+01 -7.289095e+00  9.995550e+00
   endloop
 endfacet
 facet normal  4.684194e-17 -3.242081e-02  9.994743e-01
   outer loop
     vertex -1.792000e+01 -7.786342e+00  9.991794e+00
     vertex -6.240000e+00 -7.786342e+00  9.991794e+00
     vertex -6.240000e+00 -7.537765e+00  9.999857e+00
   endloop
 endfacet
 facet normal  1.185911e-16 -8.208071e-02  9.966257e-01
   outer loop
     vertex -1.792000e+01 -7.786342e+00  9.991794e+00
     vertex -6.240000e+00 -8.034211e+00  9.971380e+00
     vertex -6.240000e+00 -7.786342e+00  9.991794e+00
   endloop
 endfacet
 facet normal  5.170342e-17 -3.242081e-02  9.994743e-01
   outer loop
     vertex -1.792000e+01 -7.786342e+00  9.991794e+00
     vertex -6.240000e+00 -7.537765e+00  9.999857e+00
     vertex -1.792000e+01 -7.537765e+00  9.999857e+00
   endloop
 endfacet
 facet normal  1.800444e-16 -1.315375e-01  9.913112e-01
   outer loop
     vertex -1.792000e+01 -8.034211e+00  9.971380e+00
     vertex -6.240000e+00 -8.280757e+00  9.938666e+00
     vertex -6.240000e+00 -8.034211e+00  9.971380e+00
   endloop
 endfacet
 facet normal  1.123495e-16 -8.208071e-02  9.966257e-01
   outer loop
     vertex -1.792000e+01 -8.034211e+00  9.971380e+00
     vertex -6.240000e+00 -8.034211e+00  9.971380e+00
     vertex -1.792000e+01 -7.786342e+00  9.991794e+00
   endloop
 endfacet
 facet normal -5.187146e-17 -1.806689e-01  9.835440e-01
   outer loop
     vertex -1.792000e+01 -8.280757e+00  9.938666e+00
     vertex -6.240000e+00 -8.525372e+00  9.893732e+00
     vertex -6.240000e+00 -8.280757e+00  9.938666e+00
   endloop
 endfacet
 facet normal -1.214835e-16 -1.315375e-01  9.913112e-01
   outer loop
     vertex -1.792000e+01 -8.280757e+00  9.938666e+00
     vertex -6.240000e+00 -8.280757e+00  9.938666e+00
     vertex -1.792000e+01 -8.034211e+00  9.971380e+00
   endloop
 endfacet
 facet normal -5.187146e-17 -1.806689e-01  9.835440e-01
   outer loop
     vertex -1.792000e+01 -8.525372e+00  9.893732e+00
     vertex -6.240000e+00 -8.525372e+00  9.893732e+00
     vertex -1.792000e+01 -8.280757e+00  9.938666e+00
   endloop
 endfacet
 facet normal -9.528111e-17 -2.293532e-01  9.733433e-01
   outer loop
     vertex -1.792000e+01 -8.767450e+00  9.836690e+00
     vertex -6.240000e+00 -8.767450e+00  9.836690e+00
     vertex -6.240000e+00 -8.525372e+00  9.893732e+00
   endloop
 endfacet
 facet normal -1.634948e-17 -2.774701e-01  9.607343e-01
   outer loop
     vertex -1.792000e+01 -8.767450e+00  9.836690e+00
     vertex -6.240000e+00 -9.006392e+00  9.767681e+00
     vertex -6.240000e+00 -8.767450e+00  9.836690e+00
   endloop
 endfacet
 facet normal  1.809578e-17 -2.293532e-01  9.733433e-01
   outer loop
     vertex -1.792000e+01 -8.767450e+00  9.836690e+00
     vertex -6.240000e+00 -8.525372e+00  9.893732e+00
     vertex -1.792000e+01 -8.525372e+00  9.893732e+00
   endloop
 endfacet
 facet normal  1.321001e-17 -3.249004e-01  9.457482e-01
   outer loop
     vertex -1.792000e+01 -9.006392e+00  9.767681e+00
     vertex -6.240000e+00 -9.241607e+00  9.686876e+00
     vertex -6.240000e+00 -9.006392e+00  9.767681e+00
   endloop
 endfacet
 facet normal -5.854861e-17 -2.774701e-01  9.607343e-01
   outer loop
     vertex -1.792000e+01 -9.006392e+00  9.767681e+00
     vertex -6.240000e+00 -9.006392e+00  9.767681e+00
     vertex -1.792000e+01 -8.767450e+00  9.836690e+00
   endloop
 endfacet
 facet normal -1.306244e-16 -3.249004e-01  9.457482e-01
   outer loop
     vertex -1.792000e+01 -9.241607e+00  9.686876e+00
     vertex -6.240000e+00 -9.241607e+00  9.686876e+00
     vertex -1.792000e+01 -9.006392e+00  9.767681e+00
   endloop
 endfacet
 facet normal -1.127673e-16 -3.715269e-01  9.284222e-01
   outer loop
     vertex -1.792000e+01 -9.472513e+00  9.594474e+00
     vertex -6.240000e+00 -9.472513e+00  9.594474e+00
     vertex -6.240000e+00 -9.241607e+00  9.686876e+00
   endloop
 endfacet
 facet normal -4.521847e-17 -4.172341e-01  9.087990e-01
   outer loop
     vertex -1.792000e+01 -9.472513e+00  9.594474e+00
     vertex -6.240000e+00 -9.698538e+00  9.490705e+00
     vertex -6.240000e+00 -9.472513e+00  9.594474e+00
   endloop
 endfacet
 facet normal -5.621635e-17 -3.715269e-01  9.284222e-01
   outer loop
     vertex -1.792000e+01 -9.472513e+00  9.594474e+00
     vertex -6.240000e+00 -9.241607e+00  9.686876e+00
     vertex -1.792000e+01 -9.241607e+00  9.686876e+00
   endloop
 endfacet
 facet normal -1.834335e-16 -4.172341e-01  9.087990e-01
   outer loop
     vertex -1.792000e+01 -9.698538e+00  9.490705e+00
     vertex -6.240000e+00 -9.698538e+00  9.490705e+00
     vertex -1.792000e+01 -9.472513e+00  9.594474e+00
   endloop
 endfacet
 facet normal -1.124464e-16 -4.619090e-01  8.869273e-01
   outer loop
     vertex -1.792000e+01 -9.698538e+00  9.490705e+00
     vertex -6.240000e+00 -9.919124e+00  9.375825e+00
     vertex -6.240000e+00 -9.698538e+00  9.490705e+00
   endloop
 endfacet
 facet normal -1.124464e-16 -4.619090e-01  8.869273e-01
   outer loop
     vertex -1.792000e+01 -9.919124e+00  9.375825e+00
     vertex -6.240000e+00 -9.919124e+00  9.375825e+00
     vertex -1.792000e+01 -9.698538e+00  9.490705e+00
   endloop
 endfacet
 facet normal -4.124182e-17 -5.054411e-01  8.628611e-01
   outer loop
     vertex -1.792000e+01 -1.013372e+01  9.250118e+00
     vertex -6.240000e+00 -9.919124e+00  9.375825e+00
     vertex -1.792000e+01 -9.919124e+00  9.375825e+00
   endloop
 endfacet
 facet normal -4.118119e-17 -5.054411e-01  8.628611e-01
   outer loop
     vertex -1.792000e+01 -1.013372e+01  9.250118e+00
     vertex -6.240000e+00 -1.013372e+01  9.250118e+00
     vertex -6.240000e+00 -9.919124e+00  9.375825e+00
   endloop
 endfacet
 facet normal  3.031620e-17 -5.477226e-01  8.366600e-01
   outer loop
     vertex -1.792000e+01 -1.034181e+01  9.113895e+00
     vertex -6.240000e+00 -1.013372e+01  9.250118e+00
     vertex -1.792000e+01 -1.013372e+01  9.250118e+00
   endloop
 endfacet
 facet normal -9.705778e-17 -5.477226e-01  8.366600e-01
   outer loop
     vertex -1.792000e+01 -1.034181e+01  9.113895e+00
     vertex -6.240000e+00 -1.034181e+01  9.113895e+00
     vertex -6.240000e+00 -1.013372e+01  9.250118e+00
   endloop
 endfacet
 facet normal -2.149028e-17 -5.886488e-01  8.083889e-01
   outer loop
     vertex -1.792000e+01 -1.054286e+01  8.967493e+00
     vertex -6.240000e+00 -1.034181e+01  9.113895e+00
     vertex -1.792000e+01 -1.034181e+01  9.113895e+00
   endloop
 endfacet
 facet normal -2.146569e-17 -5.886488e-01  8.083889e-01
   outer loop
     vertex -1.792000e+01 -1.054286e+01  8.967493e+00
     vertex -6.240000e+00 -1.054286e+01  8.967493e+00
     vertex -6.240000e+00 -1.034181e+01  9.113895e+00
   endloop
 endfacet
 facet normal  5.408735e-17 -6.281187e-01  7.781176e-01
   outer loop
     vertex -1.792000e+01 -1.073638e+01  8.811275e+00
     vertex -6.240000e+00 -1.054286e+01  8.967493e+00
     vertex -1.792000e+01 -1.054286e+01  8.967493e+00
   endloop
 endfacet
 facet normal -4.134814e-17 -6.281187e-01  7.781176e-01
   outer loop
     vertex -1.792000e+01 -1.073638e+01  8.811275e+00
     vertex -6.240000e+00 -1.073638e+01  8.811275e+00
     vertex -6.240000e+00 -1.054286e+01  8.967493e+00
   endloop
 endfacet
 facet normal  2.847935e-17 -6.660344e-01  7.459210e-01
   outer loop
     vertex -1.792000e+01 -1.092190e+01  8.645628e+00
     vertex -6.240000e+00 -1.073638e+01  8.811275e+00
     vertex -1.792000e+01 -1.073638e+01  8.811275e+00
   endloop
 endfacet
 facet normal -7.289749e-17 -6.660344e-01  7.459210e-01
   outer loop
     vertex -1.792000e+01 -1.092190e+01  8.645628e+00
     vertex -6.240000e+00 -1.092190e+01  8.645628e+00
     vertex -6.240000e+00 -1.073638e+01  8.811275e+00
   endloop
 endfacet
 facet normal -8.738839e-18 -7.023022e-01  7.118789e-01
   outer loop
     vertex -1.792000e+01 -1.092190e+01  8.645628e+00
     vertex -6.240000e+00 -1.109895e+01  8.470960e+00
     vertex -6.240000e+00 -1.092190e+01  8.645628e+00
   endloop
 endfacet
 facet normal -1.170052e-16 -7.023022e-01  7.118789e-01
   outer loop
     vertex -1.792000e+01 -1.109895e+01  8.470960e+00
     vertex -6.240000e+00 -1.109895e+01  8.470960e+00
     vertex -1.792000e+01 -1.092190e+01  8.645628e+00
   endloop
 endfacet
 facet normal -4.782027e-17 -7.368324e-01  6.760755e-01
   outer loop
     vertex -1.792000e+01 -1.126709e+01  8.287704e+00
     vertex -6.240000e+00 -1.109895e+01  8.470960e+00
     vertex -1.792000e+01 -1.109895e+01  8.470960e+00
   endloop
 endfacet
 facet normal  6.468168e-17 -7.368324e-01  6.760755e-01
   outer loop
     vertex -1.792000e+01 -1.126709e+01  8.287704e+00
     vertex -6.240000e+00 -1.126709e+01  8.287704e+00
     vertex -6.240000e+00 -1.109895e+01  8.470960e+00
   endloop
 endfacet
 facet normal  1.399482e-16 -7.695395e-01  6.385992e-01
   outer loop
     vertex -1.792000e+01 -1.142592e+01  8.096313e+00
     vertex -6.240000e+00 -1.126709e+01  8.287704e+00
     vertex -1.792000e+01 -1.126709e+01  8.287704e+00
   endloop
 endfacet
 facet normal  2.236296e-17 -7.695395e-01  6.385992e-01
   outer loop
     vertex -1.792000e+01 -1.142592e+01  8.096313e+00
     vertex -6.240000e+00 -1.142592e+01  8.096313e+00
     vertex -6.240000e+00 -1.126709e+01  8.287704e+00
   endloop
 endfacet
 facet normal  9.205031e-17 -8.003425e-01  5.995430e-01
   outer loop
     vertex -1.792000e+01 -1.142592e+01  8.096313e+00
     vertex -6.240000e+00 -1.157503e+01  7.897262e+00
     vertex -6.240000e+00 -1.142592e+01  8.096313e+00
   endloop
 endfacet
 facet normal -1.208518e-16 -8.003425e-01  5.995430e-01
   outer loop
     vertex -1.792000e+01 -1.157503e+01  7.897262e+00
     vertex -6.240000e+00 -1.157503e+01  7.897262e+00
     vertex -1.792000e+01 -1.142592e+01  8.096313e+00
   endloop
 endfacet
 facet normal -4.903858e-17 -8.291654e-01  5.590033e-01
   outer loop
     vertex -1.792000e+01 -1.171406e+01  7.691042e+00
     vertex -6.240000e+00 -1.157503e+01  7.897262e+00
     vertex -1.792000e+01 -1.157503e+01  7.897262e+00
   endloop
 endfacet
 facet normal -9.211832e-17 -8.291654e-01  5.590033e-01
   outer loop
     vertex -1.792000e+01 -1.171406e+01  7.691042e+00
     vertex -6.240000e+00 -1.171406e+01  7.691042e+00
     vertex -6.240000e+00 -1.157503e+01  7.897262e+00
   endloop
 endfacet
 facet normal -1.735835e-17 -8.559367e-01  5.170806e-01
   outer loop
     vertex -1.792000e+01 -1.184266e+01  7.478164e+00
     vertex -6.240000e+00 -1.171406e+01  7.691042e+00
     vertex -1.792000e+01 -1.171406e+01  7.691042e+00
   endloop
 endfacet
 facet normal -1.477415e-16 -8.559367e-01  5.170806e-01
   outer loop
     vertex -1.792000e+01 -1.184266e+01  7.478164e+00
     vertex -6.240000e+00 -1.184266e+01  7.478164e+00
     vertex -6.240000e+00 -1.171406e+01  7.691042e+00
   endloop
 endfacet
 facet normal -7.689529e-17 -8.805902e-01  4.738785e-01
   outer loop
     vertex -1.792000e+01 -1.184266e+01  7.478164e+00
     vertex -6.240000e+00 -1.196052e+01  7.259155e+00
     vertex -6.240000e+00 -1.184266e+01  7.478164e+00
   endloop
 endfacet
 facet normal -7.689529e-17 -8.805902e-01  4.738785e-01
   outer loop
     vertex -1.792000e+01 -1.196052e+01  7.259155e+00
     vertex -6.240000e+00 -1.196052e+01  7.259155e+00
     vertex -1.792000e+01 -1.184266e+01  7.478164e+00
   endloop
 endfacet
 facet normal -5.642236e-18 -9.030650e-01  4.295039e-01
   outer loop
     vertex -1.792000e+01 -1.206734e+01  7.034556e+00
     vertex -6.240000e+00 -1.196052e+01  7.259155e+00
     vertex -1.792000e+01 -1.196052e+01  7.259155e+00
   endloop
 endfacet
 facet normal -3.851941e-17 -9.030650e-01  4.295039e-01
   outer loop
     vertex -1.792000e+01 -1.206734e+01  7.034556e+00
     vertex -6.240000e+00 -1.206734e+01  7.034556e+00
     vertex -6.240000e+00 -1.196052e+01  7.259155e+00
   endloop
 endfacet
 facet normal -5.162960e-17 -9.233054e-01  3.840666e-01
   outer loop
     vertex -1.792000e+01 -1.216286e+01  6.804922e+00
     vertex -6.240000e+00 -1.216286e+01  6.804922e+00
     vertex -6.240000e+00 -1.206734e+01  7.034556e+00
   endloop
 endfacet
 facet normal  3.578315e-17 -9.233054e-01  3.840666e-01
   outer loop
     vertex -1.792000e+01 -1.216286e+01  6.804922e+00
     vertex -6.240000e+00 -1.206734e+01  7.034556e+00
     vertex -1.792000e+01 -1.206734e+01  7.034556e+00
   endloop
 endfacet
 facet normal  3.336982e-17 -9.412613e-01  3.376791e-01
   outer loop
     vertex -1.792000e+01 -1.216286e+01  6.804922e+00
     vertex -6.240000e+00 -1.224684e+01  6.570824e+00
     vertex -6.240000e+00 -1.216286e+01  6.804922e+00
   endloop
 endfacet
 facet normal -1.354602e-16 -9.412613e-01  3.376791e-01
   outer loop
     vertex -1.792000e+01 -1.224684e+01  6.570824e+00
     vertex -6.240000e+00 -1.224684e+01  6.570824e+00
     vertex -1.792000e+01 -1.216286e+01  6.804922e+00
   endloop
 endfacet
 facet normal -9.350316e-17 -9.568883e-01  2.904560e-01
   outer loop
     vertex -1.792000e+01 -1.231908e+01  6.332838e+00
     vertex -6.240000e+00 -1.231908e+01  6.332838e+00
     vertex -6.240000e+00 -1.224684e+01  6.570824e+00
   endloop
 endfacet
 facet normal -4.971316e-17 -9.568883e-01  2.904560e-01
   outer loop
     vertex -1.792000e+01 -1.231908e+01  6.332838e+00
     vertex -6.240000e+00 -1.224684e+01  6.570824e+00
     vertex -1.792000e+01 -1.224684e+01  6.570824e+00
   endloop
 endfacet
 facet normal -1.659454e-16 -9.701478e-01  2.425143e-01
   outer loop
     vertex -1.792000e+01 -1.237940e+01  6.091555e+00
     vertex -6.240000e+00 -1.237940e+01  6.091555e+00
     vertex -6.240000e+00 -1.231908e+01  6.332838e+00
   endloop
 endfacet
 facet normal -7.036131e-17 -9.810069e-01  1.939726e-01
   outer loop
     vertex -1.792000e+01 -1.237940e+01  6.091555e+00
     vertex -6.240000e+00 -1.242764e+01  5.847571e+00
     vertex -6.240000e+00 -1.237940e+01  6.091555e+00
   endloop
 endfacet
 facet normal -6.541625e-20 -9.701478e-01  2.425143e-01
   outer loop
     vertex -1.792000e+01 -1.237940e+01  6.091555e+00
     vertex -6.240000e+00 -1.231908e+01  6.332838e+00
     vertex -1.792000e+01 -1.231908e+01  6.332838e+00
   endloop
 endfacet
 facet normal -8.511151e-17 -9.810069e-01  1.939726e-01
   outer loop
     vertex -1.792000e+01 -1.242764e+01  5.847571e+00
     vertex -6.240000e+00 -1.242764e+01  5.847571e+00
     vertex -1.792000e+01 -1.237940e+01  6.091555e+00
   endloop
 endfacet
 facet normal -7.670503e-18 -9.894388e-01  1.449509e-01
   outer loop
     vertex -1.792000e+01 -1.246369e+01  5.601490e+00
     vertex -6.240000e+00 -1.246369e+01  5.601490e+00
     vertex -6.240000e+00 -1.242764e+01  5.847571e+00
   endloop
 endfacet
 facet normal  1.428957e-17 -9.894388e-01  1.449509e-01
   outer loop
     vertex -1.792000e+01 -1.246369e+01  5.601490e+00
     vertex -6.240000e+00 -1.242764e+01  5.847571e+00
     vertex -1.792000e+01 -1.242764e+01  5.847571e+00
   endloop
 endfacet
 facet normal -2.107560e-16 -9.954226e-01  9.557065e-02
   outer loop
     vertex -1.792000e+01 -1.248746e+01  5.353921e+00
     vertex -6.240000e+00 -1.248746e+01  5.353921e+00
     vertex -6.240000e+00 -1.246369e+01  5.601490e+00
   endloop
 endfacet
 facet normal -1.013392e-16 -9.989436e-01  4.595389e-02
   outer loop
     vertex -1.792000e+01 -1.248746e+01  5.353921e+00
     vertex -6.240000e+00 -1.249889e+01  5.105476e+00
     vertex -6.240000e+00 -1.248746e+01  5.353921e+00
   endloop
 endfacet
 facet normal  9.941177e-17 -9.954226e-01  9.557065e-02
   outer loop
     vertex -1.792000e+01 -1.248746e+01  5.353921e+00
     vertex -6.240000e+00 -1.246369e+01  5.601490e+00
     vertex -1.792000e+01 -1.246369e+01  5.601490e+00
   endloop
 endfacet
 facet normal -1.083281e-16 -9.989436e-01  4.595389e-02
   outer loop
     vertex -1.792000e+01 -1.249889e+01  5.105476e+00
     vertex -6.240000e+00 -1.249889e+01  5.105476e+00
     vertex -1.792000e+01 -1.248746e+01  5.353921e+00
   endloop
 endfacet
 facet normal  9.476968e-18 -9.999929e-01 -3.776575e-03
   outer loop
     vertex -1.792000e+01 -1.249795e+01  4.856770e+00
     vertex -6.240000e+00 -1.249795e+01  4.856770e+00
     vertex -6.240000e+00 -1.249889e+01  5.105476e+00
   endloop
 endfacet
 facet normal  1.342475e-16 -9.985680e-01 -5.349769e-02
   outer loop
     vertex -1.792000e+01 -1.249795e+01  4.856770e+00
     vertex -6.240000e+00 -1.248464e+01  4.608419e+00
     vertex -6.240000e+00 -1.249795e+01  4.856770e+00
   endloop
 endfacet
 facet normal  8.905960e-18 -9.999929e-01 -3.776575e-03
   outer loop
     vertex -1.792000e+01 -1.249795e+01  4.856770e+00
     vertex -6.240000e+00 -1.249889e+01  5.105476e+00
     vertex -1.792000e+01 -1.249889e+01  5.105476e+00
   endloop
 endfacet
 facet normal -1.355190e-17 -9.985680e-01 -5.349769e-02
   outer loop
     vertex -1.792000e+01 -1.248464e+01  4.608419e+00
     vertex -6.240000e+00 -1.248464e+01  4.608419e+00
     vertex -1.792000e+01 -1.249795e+01  4.856770e+00
   endloop
 endfacet
 facet normal  1.152498e-16 -9.946724e-01 -1.030864e-01
   outer loop
     vertex -1.792000e+01 -1.248464e+01  4.608419e+00
     vertex -6.240000e+00 -1.245900e+01  4.361036e+00
     vertex -6.240000e+00 -1.248464e+01  4.608419e+00
   endloop
 endfacet
 facet normal -1.873004e-16 -9.946724e-01 -1.030864e-01
   outer loop
     vertex -1.792000e+01 -1.245900e+01  4.361036e+00
     vertex -6.240000e+00 -1.245900e+01  4.361036e+00
     vertex -1.792000e+01 -1.248464e+01  4.608419e+00
   endloop
 endfacet
 facet normal -5.707227e-17 -9.883158e-01 -1.524201e-01
   outer loop
     vertex -1.792000e+01 -1.242110e+01  4.115234e+00
     vertex -6.240000e+00 -1.245900e+01  4.361036e+00
     vertex -1.792000e+01 -1.245900e+01  4.361036e+00
   endloop
 endfacet
 facet normal -1.839778e-16 -9.883158e-01 -1.524201e-01
   outer loop
     vertex -1.792000e+01 -1.242110e+01  4.115234e+00
     vertex -6.240000e+00 -1.242110e+01  4.115234e+00
     vertex -6.240000e+00 -1.245900e+01  4.361036e+00
   endloop
 endfacet
 facet normal -4.437164e-17 -9.795139e-01 -2.013767e-01
   outer loop
     vertex -1.792000e+01 -1.237101e+01  3.871622e+00
     vertex -6.240000e+00 -1.242110e+01  4.115234e+00
     vertex -1.792000e+01 -1.242110e+01  4.115234e+00
   endloop
 endfacet
 facet normal -4.460279e-17 -9.795139e-01 -2.013767e-01
   outer loop
     vertex -1.792000e+01 -1.237101e+01  3.871622e+00
     vertex -6.240000e+00 -1.237101e+01  3.871622e+00
     vertex -6.240000e+00 -1.242110e+01  4.115234e+00
   endloop
 endfacet
 facet normal  9.480592e-17 -9.682884e-01 -2.498350e-01
   outer loop
     vertex -1.792000e+01 -1.230888e+01  3.630801e+00
     vertex -6.240000e+00 -1.237101e+01  3.871622e+00
     vertex -1.792000e+01 -1.237101e+01  3.871622e+00
   endloop
 endfacet
 facet normal -4.288089e-17 -9.682884e-01 -2.498350e-01
   outer loop
     vertex -1.792000e+01 -1.230888e+01  3.630801e+00
     vertex -6.240000e+00 -1.230888e+01  3.630801e+00
     vertex -6.240000e+00 -1.237101e+01  3.871622e+00
   endloop
 endfacet
 facet normal  1.000152e-16 -9.546672e-01 -2.976752e-01
   outer loop
     vertex -1.792000e+01 -1.223484e+01  3.393368e+00
     vertex -6.240000e+00 -1.230888e+01  3.630801e+00
     vertex -1.792000e+01 -1.230888e+01  3.630801e+00
   endloop
 endfacet
 facet normal -2.229468e-17 -9.546672e-01 -2.976752e-01
   outer loop
     vertex -1.792000e+01 -1.223484e+01  3.393368e+00
     vertex -6.240000e+00 -1.223484e+01  3.393368e+00
     vertex -6.240000e+00 -1.230888e+01  3.630801e+00
   endloop
 endfacet
 facet normal  1.266111e-16 -9.386839e-01 -3.447789e-01
   outer loop
     vertex -1.792000e+01 -1.223484e+01  3.393368e+00
     vertex -6.240000e+00 -1.214909e+01  3.159910e+00
     vertex -6.240000e+00 -1.223484e+01  3.393368e+00
   endloop
 endfacet
 facet normal -1.589091e-16 -9.386839e-01 -3.447789e-01
   outer loop
     vertex -1.792000e+01 -1.214909e+01  3.159910e+00
     vertex -6.240000e+00 -1.214909e+01  3.159910e+00
     vertex -1.792000e+01 -1.223484e+01  3.393368e+00
   endloop
 endfacet
 facet normal -4.839981e-18 -9.203782e-01 -3.910295e-01
   outer loop
     vertex -1.792000e+01 -1.205184e+01  2.931005e+00
     vertex -6.240000e+00 -1.214909e+01  3.159910e+00
     vertex -1.792000e+01 -1.214909e+01  3.159910e+00
   endloop
 endfacet
 facet normal -1.447246e-16 -9.203782e-01 -3.910295e-01
   outer loop
     vertex -1.792000e+01 -1.205184e+01  2.931005e+00
     vertex -6.240000e+00 -1.205184e+01  2.931005e+00
     vertex -6.240000e+00 -1.214909e+01  3.159910e+00
   endloop
 endfacet
 facet normal  1.242150e-17 -8.997952e-01 -4.363126e-01
   outer loop
     vertex -1.792000e+01 -1.194333e+01  2.707219e+00
     vertex -6.240000e+00 -1.205184e+01  2.931005e+00
     vertex -1.792000e+01 -1.205184e+01  2.931005e+00
   endloop
 endfacet
 facet normal -7.449998e-17 -8.997952e-01 -4.363126e-01
   outer loop
     vertex -1.792000e+01 -1.194333e+01  2.707219e+00
     vertex -6.240000e+00 -1.194333e+01  2.707219e+00
     vertex -6.240000e+00 -1.205184e+01  2.931005e+00
   endloop
 endfacet
 facet normal  9.128256e-17 -8.769859e-01 -4.805162e-01
   outer loop
     vertex -1.792000e+01 -1.194333e+01  2.707219e+00
     vertex -6.240000e+00 -1.182382e+01  2.489106e+00
     vertex -6.240000e+00 -1.194333e+01  2.707219e+00
   endloop
 endfacet
 facet normal -1.754708e-16 -8.769859e-01 -4.805162e-01
   outer loop
     vertex -1.792000e+01 -1.182382e+01  2.489106e+00
     vertex -6.240000e+00 -1.182382e+01  2.489106e+00
     vertex -1.792000e+01 -1.194333e+01  2.707219e+00
   endloop
 endfacet
 facet normal -2.316219e-18 -8.520067e-01 -5.235308e-01
   outer loop
     vertex -1.792000e+01 -1.182382e+01  2.489106e+00
     vertex -6.240000e+00 -1.169361e+01  2.277205e+00
     vertex -6.240000e+00 -1.182382e+01  2.489106e+00
   endloop
 endfacet
 facet normal -6.203224e-17 -8.520067e-01 -5.235308e-01
   outer loop
     vertex -1.792000e+01 -1.169361e+01  2.277205e+00
     vertex -6.240000e+00 -1.169361e+01  2.277205e+00
     vertex -1.792000e+01 -1.182382e+01  2.489106e+00
   endloop
 endfacet
 facet normal  1.063694e-16 -8.249195e-01 -5.652502e-01
   outer loop
     vertex -1.792000e+01 -1.169361e+01  2.277205e+00
     vertex -6.240000e+00 -1.155303e+01  2.072041e+00
     vertex -6.240000e+00 -1.169361e+01  2.277205e+00
   endloop
 endfacet
 facet normal -1.445469e-16 -8.249195e-01 -5.652502e-01
   outer loop
     vertex -1.792000e+01 -1.155303e+01  2.072041e+00
     vertex -6.240000e+00 -1.155303e+01  2.072041e+00
     vertex -1.792000e+01 -1.169361e+01  2.277205e+00
   endloop
 endfacet
 facet normal  3.189628e-17 -7.957913e-01 -6.055710e-01
   outer loop
     vertex -1.792000e+01 -1.140242e+01  1.874122e+00
     vertex -6.240000e+00 -1.155303e+01  2.072041e+00
     vertex -1.792000e+01 -1.155303e+01  2.072041e+00
   endloop
 endfacet
 facet normal -1.116013e-16 -7.957913e-01 -6.055710e-01
   outer loop
     vertex -1.792000e+01 -1.140242e+01  1.874122e+00
     vertex -6.240000e+00 -1.140242e+01  1.874122e+00
     vertex -6.240000e+00 -1.155303e+01  2.072041e+00
   endloop
 endfacet
 facet normal  6.835549e-17 -7.646941e-01 -6.443934e-01
   outer loop
     vertex -1.792000e+01 -1.124216e+01  1.683937e+00
     vertex -6.240000e+00 -1.140242e+01  1.874122e+00
     vertex -1.792000e+01 -1.140242e+01  1.874122e+00
   endloop
 endfacet
 facet normal -7.222926e-17 -7.646941e-01 -6.443934e-01
   outer loop
     vertex -1.792000e+01 -1.124216e+01  1.683937e+00
     vertex -6.240000e+00 -1.124216e+01  1.683937e+00
     vertex -6.240000e+00 -1.140242e+01  1.874122e+00
   endloop
 endfacet
 facet normal  1.113743e-16 -7.317049e-01 -6.816215e-01
   outer loop
     vertex -1.792000e+01 -1.124216e+01  1.683937e+00
     vertex -6.240000e+00 -1.107263e+01  1.501956e+00
     vertex -6.240000e+00 -1.124216e+01  1.683937e+00
   endloop
 endfacet
 facet normal -5.173962e-17 -7.317049e-01 -6.816215e-01
   outer loop
     vertex -1.792000e+01 -1.107263e+01  1.501956e+00
     vertex -6.240000e+00 -1.107263e+01  1.501956e+00
     vertex -1.792000e+01 -1.124216e+01  1.683937e+00
   endloop
 endfacet
 facet normal  1.341782e-16 -6.969053e-01 -7.171632e-01
   outer loop
     vertex -1.792000e+01 -1.107263e+01  1.501956e+00
     vertex -6.240000e+00 -1.089427e+01  1.328631e+00
     vertex -6.240000e+00 -1.107263e+01  1.501956e+00
   endloop
 endfacet
 facet normal -1.323350e-16 -6.969053e-01 -7.171632e-01
   outer loop
     vertex -1.792000e+01 -1.089427e+01  1.328631e+00
     vertex -6.240000e+00 -1.089427e+01  1.328631e+00
     vertex -1.792000e+01 -1.107263e+01  1.501956e+00
   endloop
 endfacet
 facet normal  6.179261e-17 -6.603814e-01 -7.509304e-01
   outer loop
     vertex -1.792000e+01 -1.089427e+01  1.328631e+00
     vertex -6.240000e+00 -1.070750e+01  1.164389e+00
     vertex -6.240000e+00 -1.089427e+01  1.328631e+00
   endloop
 endfacet
 facet normal -9.574448e-17 -6.603814e-01 -7.509304e-01
   outer loop
     vertex -1.792000e+01 -1.070750e+01  1.164389e+00
     vertex -6.240000e+00 -1.070750e+01  1.164389e+00
     vertex -1.792000e+01 -1.089427e+01  1.328631e+00
   endloop
 endfacet
 facet normal  1.010696e-16 -6.222236e-01 -7.828396e-01
   outer loop
     vertex -1.792000e+01 -1.051281e+01  1.009637e+00
     vertex -6.240000e+00 -1.070750e+01  1.164389e+00
     vertex -1.792000e+01 -1.070750e+01  1.164389e+00
   endloop
 endfacet
 facet normal -1.174198e-16 -6.222236e-01 -7.828396e-01
   outer loop
     vertex -1.792000e+01 -1.051281e+01  1.009637e+00
     vertex -6.240000e+00 -1.051281e+01  1.009637e+00
     vertex -6.240000e+00 -1.070750e+01  1.164389e+00
   endloop
 endfacet
 facet normal  9.061549e-17 -5.825262e-01 -8.128119e-01
   outer loop
     vertex -1.792000e+01 -1.051281e+01  1.009637e+00
     vertex -6.240000e+00 -1.031065e+01  8.647582e-01
     vertex -6.240000e+00 -1.051281e+01  1.009637e+00
   endloop
 endfacet
 facet normal -3.300129e-17 -5.825262e-01 -8.128119e-01
   outer loop
     vertex -1.792000e+01 -1.031065e+01  8.647582e-01
     vertex -6.240000e+00 -1.031065e+01  8.647582e-01
     vertex -1.792000e+01 -1.051281e+01  1.009637e+00
   endloop
 endfacet
 facet normal  1.710374e-16 -5.413876e-01 -8.407732e-01
   outer loop
     vertex -1.792000e+01 -1.010155e+01  7.301109e-01
     vertex -6.240000e+00 -1.031065e+01  8.647582e-01
     vertex -1.792000e+01 -1.031065e+01  8.647582e-01
   endloop
 endfacet
 facet normal -5.805159e-17 -5.413876e-01 -8.407732e-01
   outer loop
     vertex -1.792000e+01 -1.010155e+01  7.301109e-01
     vertex -6.240000e+00 -1.010155e+01  7.301109e-01
     vertex -6.240000e+00 -1.031065e+01  8.647582e-01
   endloop
 endfacet
 facet normal  1.560375e-16 -4.989094e-01 -8.666541e-01
   outer loop
     vertex -1.792000e+01 -1.010155e+01  7.301109e-01
     vertex -6.240000e+00 -9.886004e+00  6.060284e-01
     vertex -6.240000e+00 -1.010155e+01  7.301109e-01
   endloop
 endfacet
 facet normal -1.175474e-16 -4.989094e-01 -8.666541e-01
   outer loop
     vertex -1.792000e+01 -9.886004e+00  6.060284e-01
     vertex -6.240000e+00 -9.886004e+00  6.060284e-01
     vertex -1.792000e+01 -1.010155e+01  7.301109e-01
   endloop
 endfacet
 facet normal  9.729010e-17 -4.551968e-01 -8.903908e-01
   outer loop
     vertex -1.792000e+01 -9.664557e+00  4.928174e-01
     vertex -6.240000e+00 -9.886004e+00  6.060284e-01
     vertex -1.792000e+01 -9.886004e+00  6.060284e-01
   endloop
 endfacet
 facet normal -1.087765e-16 -4.551968e-01 -8.903908e-01
   outer loop
     vertex -1.792000e+01 -9.664557e+00  4.928174e-01
     vertex -6.240000e+00 -9.664557e+00  4.928174e-01
     vertex -6.240000e+00 -9.886004e+00  6.060284e-01
   endloop
 endfacet
 facet normal  1.179198e-16 -4.103580e-01 -9.119245e-01
   outer loop
     vertex -1.792000e+01 -9.664557e+00  4.928174e-01
     vertex -6.240000e+00 -9.437754e+00  3.907583e-01
     vertex -6.240000e+00 -9.664557e+00  4.928174e-01
   endloop
 endfacet
 facet normal -1.525252e-16 -4.103580e-01 -9.119245e-01
   outer loop
     vertex -1.792000e+01 -9.437754e+00  3.907583e-01
     vertex -6.240000e+00 -9.437754e+00  3.907583e-01
     vertex -1.792000e+01 -9.664557e+00  4.928174e-01
   endloop
 endfacet
 facet normal  7.645542e-17 -3.645038e-01 -9.312019e-01
   outer loop
     vertex -1.792000e+01 -9.437754e+00  3.907583e-01
     vertex -6.240000e+00 -9.206157e+00  3.001034e-01
     vertex -6.240000e+00 -9.437754e+00  3.907583e-01
   endloop
 endfacet
 facet normal -1.914135e-16 -3.645038e-01 -9.312019e-01
   outer loop
     vertex -1.792000e+01 -9.206157e+00  3.001034e-01
     vertex -6.240000e+00 -9.206157e+00  3.001034e-01
     vertex -1.792000e+01 -9.437754e+00  3.907583e-01
   endloop
 endfacet
 facet normal  4.113917e-17 -3.177478e-01 -9.481753e-01
   outer loop
     vertex -1.792000e+01 -8.970339e+00  2.210770e-01
     vertex -6.240000e+00 -9.206157e+00  3.001034e-01
     vertex -1.792000e+01 -9.206157e+00  3.001034e-01
   endloop
 endfacet
 facet normal -2.240134e-16 -3.177478e-01 -9.481753e-01
   outer loop
     vertex -1.792000e+01 -8.970339e+00  2.210770e-01
     vertex -6.240000e+00 -8.970339e+00  2.210770e-01
     vertex -6.240000e+00 -9.206157e+00  3.001034e-01
   endloop
 endfacet
 facet normal -1.024985e-16 -2.702057e-01 -9.628026e-01
   outer loop
     vertex -1.792000e+01 -8.730882e+00  1.538748e-01
     vertex -6.240000e+00 -8.730882e+00  1.538748e-01
     vertex -6.240000e+00 -8.970339e+00  2.210770e-01
   endloop
 endfacet
 facet normal  1.183108e-17 -2.702057e-01 -9.628026e-01
   outer loop
     vertex -1.792000e+01 -8.730882e+00  1.538748e-01
     vertex -6.240000e+00 -8.970339e+00  2.210770e-01
     vertex -1.792000e+01 -8.970339e+00  2.210770e-01
   endloop
 endfacet
 facet normal  1.396965e-16 -2.219949e-01 -9.750478e-01
   outer loop
     vertex -1.792000e+01 -8.730882e+00  1.538748e-01
     vertex -6.240000e+00 -8.488380e+00  9.866300e-02
     vertex -6.240000e+00 -8.730882e+00  1.538748e-01
   endloop
 endfacet
 facet normal -1.165014e-16 -2.219949e-01 -9.750478e-01
   outer loop
     vertex -1.792000e+01 -8.488380e+00  9.866300e-02
     vertex -6.240000e+00 -8.488380e+00  9.866300e-02
     vertex -1.792000e+01 -8.730882e+00  1.538748e-01
   endloop
 endfacet
 facet normal  1.305206e-16 -1.732349e-01 -9.848805e-01
   outer loop
     vertex -1.792000e+01 -8.488380e+00  9.866300e-02
     vertex -6.240000e+00 -8.243433e+00  5.557816e-02
     vertex -6.240000e+00 -8.488380e+00  9.866300e-02
   endloop
 endfacet
 facet normal -1.205048e-16 -1.732349e-01 -9.848805e-01
   outer loop
     vertex -1.792000e+01 -8.243433e+00  5.557816e-02
     vertex -6.240000e+00 -8.243433e+00  5.557816e-02
     vertex -1.792000e+01 -8.488380e+00  9.866300e-02
   endloop
 endfacet
 facet normal -9.437812e-17 -1.240463e-01 -9.922764e-01
   outer loop
     vertex -1.792000e+01 -7.996646e+00  2.472689e-02
     vertex -6.240000e+00 -7.996646e+00  2.472689e-02
     vertex -6.240000e+00 -8.243433e+00  5.557816e-02
   endloop
 endfacet
 facet normal  1.566609e-16 -7.455076e-02 -9.972172e-01
   outer loop
     vertex -1.792000e+01 -7.996646e+00  2.472689e-02
     vertex -6.240000e+00 -7.748631e+00  6.185549e-03
     vertex -6.240000e+00 -7.996646e+00  2.472689e-02
   endloop
 endfacet
 facet normal  1.320059e-16 -1.240463e-01 -9.922764e-01
   outer loop
     vertex -1.792000e+01 -7.996646e+00  2.472689e-02
     vertex -6.240000e+00 -8.243433e+00  5.557816e-02
     vertex -1.792000e+01 -8.243433e+00  5.557816e-02
   endloop
 endfacet
 facet normal  2.514915e-16 -2.487076e-02 -9.996907e-01
   outer loop
     vertex -1.792000e+01 -7.748631e+00  6.185549e-03
     vertex -6.240000e+00 -7.500000e+00  0.000000e+00
     vertex -6.240000e+00 -7.748631e+00  6.185549e-03
   endloop
 endfacet
 facet normal -6.339331e-18 -7.455076e-02 -9.972172e-01
   outer loop
     vertex -1.792000e+01 -7.748631e+00  6.185549e-03
     vertex -6.240000e+00 -7.748631e+00  6.185549e-03
     vertex -1.792000e+01 -7.996646e+00  2.472689e-02
   endloop
 endfacet
 facet normal  0.000000e+00 -2.487076e-02 -9.996907e-01
   outer loop
     vertex -1.792000e+01 -7.500000e+00  0.000000e+00
     vertex -6.240000e+00 -7.500000e+00  0.000000e+00
     vertex -1.792000e+01 -7.748631e+00  6.185549e-03
   endloop
 endfacet
endsolid
