solid CadrixAI_v2_2149a638940f
 facet normal  9.997120e-01 -1.102007e-19  2.399837e-02
   outer loop
     vertex  4.994241e+00 -6.000000e+00  5.239915e+00
     vertex  5.000000e+00 -1.000000e+01  5.000000e+00
     vertex  5.000000e+00 -6.000000e+00  5.000000e+00
   endloop
 endfacet
 facet normal  9.996892e-01 -5.595227e-05  2.493069e-02
   outer loop
     vertex  4.994241e+00 -6.000000e+00  5.239915e+00
     vertex  4.993785e+00 -1.000000e+01  5.249229e+00
     vertex  5.000000e+00 -1.000000e+01  5.000000e+00
   endloop
 endfacet
 facet normal  9.972038e-01 -1.075570e-04  7.473009e-02
   outer loop
     vertex  4.976976e+00 -6.000000e+00  5.479276e+00
     vertex  4.975154e+00 -1.000000e+01  5.497839e+00
     vertex  4.993785e+00 -1.000000e+01  5.249229e+00
   endloop
 endfacet
 facet normal  9.974090e-01  5.377851e-05  7.193982e-02
   outer loop
     vertex  4.976976e+00 -6.000000e+00  5.479276e+00
     vertex  4.993785e+00 -1.000000e+01  5.249229e+00
     vertex  4.994241e+00 -6.000000e+00  5.239915e+00
   endloop
 endfacet
 facet normal  9.997120e-01 -8.169594e-20  2.399837e-02
   outer loop
     vertex  4.994241e+00  6.000000e+00  5.239915e+00
     vertex  5.000000e+00  6.000000e+00  5.000000e+00
     vertex  5.000000e+00  1.000000e+01  5.000000e+00
   endloop
 endfacet
 facet normal  9.996892e-01  5.595227e-05  2.493069e-02
   outer loop
     vertex  4.993785e+00  1.000000e+01  5.249229e+00
     vertex  4.994241e+00  6.000000e+00  5.239915e+00
     vertex  5.000000e+00  1.000000e+01  5.000000e+00
   endloop
 endfacet
 facet normal  9.922392e-01 -1.548139e-04  1.243437e-01
   outer loop
     vertex  4.948247e+00 -6.000000e+00  5.717534e+00
     vertex  4.944154e+00 -1.000000e+01  5.745211e+00
     vertex  4.975154e+00 -1.000000e+01  5.497839e+00
   endloop
 endfacet
 facet normal  9.928082e-01  1.032094e-04  1.197156e-01
   outer loop
     vertex  4.948247e+00 -6.000000e+00  5.717534e+00
     vertex  4.975154e+00 -1.000000e+01  5.497839e+00
     vertex  4.976976e+00 -6.000000e+00  5.479276e+00
   endloop
 endfacet
 facet normal  9.974090e-01 -5.377851e-05  7.193982e-02
   outer loop
     vertex  4.976976e+00  6.000000e+00  5.479276e+00
     vertex  4.994241e+00  6.000000e+00  5.239915e+00
     vertex  4.993785e+00  1.000000e+01  5.249229e+00
   endloop
 endfacet
 facet normal  9.972038e-01  1.075570e-04  7.473009e-02
   outer loop
     vertex  4.975154e+00  1.000000e+01  5.497839e+00
     vertex  4.976976e+00  6.000000e+00  5.479276e+00
     vertex  4.993785e+00  1.000000e+01  5.249229e+00
   endloop
 endfacet
 facet normal  9.848077e-01 -1.977230e-04  1.736482e-01
   outer loop
     vertex  4.908118e+00 -6.000000e+00  5.954139e+00
     vertex  4.900862e+00 -1.000000e+01  5.990731e+00
     vertex  4.944154e+00 -1.000000e+01  5.745211e+00
   endloop
 endfacet
 facet normal  9.859204e-01  1.482924e-04  1.672155e-01
   outer loop
     vertex  4.908118e+00 -6.000000e+00  5.954139e+00
     vertex  4.944154e+00 -1.000000e+01  5.745211e+00
     vertex  4.948247e+00 -6.000000e+00  5.717534e+00
   endloop
 endfacet
 facet normal  9.928082e-01 -1.032094e-04  1.197156e-01
   outer loop
     vertex  4.948247e+00  6.000000e+00  5.717534e+00
     vertex  4.976976e+00  6.000000e+00  5.479276e+00
     vertex  4.975154e+00  1.000000e+01  5.497839e+00
   endloop
 endfacet
 facet normal  9.922392e-01  1.548139e-04  1.243437e-01
   outer loop
     vertex  4.944154e+00  1.000000e+01  5.745211e+00
     vertex  4.948247e+00  6.000000e+00  5.717534e+00
     vertex  4.975154e+00  1.000000e+01  5.497839e+00
   endloop
 endfacet
 facet normal  9.749279e-01 -2.362840e-04  2.225209e-01
   outer loop
     vertex  4.856682e+00 -6.000000e+00  6.188546e+00
     vertex  4.845386e+00 -1.000000e+01  6.233787e+00
     vertex  4.900862e+00 -1.000000e+01  5.990731e+00
   endloop
 endfacet
 facet normal  9.767612e-01  1.890274e-04  2.143302e-01
   outer loop
     vertex  4.856682e+00 -6.000000e+00  6.188546e+00
     vertex  4.900862e+00 -1.000000e+01  5.990731e+00
     vertex  4.908118e+00 -6.000000e+00  5.954139e+00
   endloop
 endfacet
 facet normal  9.859204e-01 -1.482924e-04  1.672155e-01
   outer loop
     vertex  4.908118e+00  6.000000e+00  5.954139e+00
     vertex  4.948247e+00  6.000000e+00  5.717534e+00
     vertex  4.944154e+00  1.000000e+01  5.745211e+00
   endloop
 endfacet
 facet normal  9.848077e-01  1.977230e-04  1.736482e-01
   outer loop
     vertex  4.900862e+00  1.000000e+01  5.990731e+00
     vertex  4.908118e+00  6.000000e+00  5.954139e+00
     vertex  4.944154e+00  1.000000e+01  5.745211e+00
   endloop
 endfacet
 facet normal  9.626242e-01 -2.704967e-04  2.708405e-01
   outer loop
     vertex  4.794058e+00 -6.000000e+00  6.420215e+00
     vertex  4.777864e+00 -1.000000e+01  6.473776e+00
     vertex  4.845386e+00 -1.000000e+01  6.233787e+00
   endloop
 endfacet
 facet normal  9.653520e-01  2.254143e-04  2.609512e-01
   outer loop
     vertex  4.794058e+00 -6.000000e+00  6.420215e+00
     vertex  4.845386e+00 -1.000000e+01  6.233787e+00
     vertex  4.856682e+00 -6.000000e+00  6.188546e+00
   endloop
 endfacet
 facet normal  9.767612e-01 -1.890274e-04  2.143302e-01
   outer loop
     vertex  4.856682e+00  6.000000e+00  6.188546e+00
     vertex  4.908118e+00  6.000000e+00  5.954139e+00
     vertex  4.900862e+00  1.000000e+01  5.990731e+00
   endloop
 endfacet
 facet normal  9.749279e-01  2.362840e-04  2.225209e-01
   outer loop
     vertex  4.845386e+00  1.000000e+01  6.233787e+00
     vertex  4.856682e+00  6.000000e+00  6.188546e+00
     vertex  4.900862e+00  1.000000e+01  5.990731e+00
   endloop
 endfacet
 facet normal  9.479273e-01 -3.003612e-04  3.184866e-01
   outer loop
     vertex  4.720390e+00 -6.000000e+00  6.648612e+00
     vertex  4.698463e+00 -1.000000e+01  6.710101e+00
     vertex  4.777864e+00 -1.000000e+01  6.473776e+00
   endloop
 endfacet
 facet normal  9.517188e-01  2.574530e-04  3.069710e-01
   outer loop
     vertex  4.720390e+00 -6.000000e+00  6.648612e+00
     vertex  4.777864e+00 -1.000000e+01  6.473776e+00
     vertex  4.794058e+00 -6.000000e+00  6.420215e+00
   endloop
 endfacet
 facet normal  9.653520e-01 -2.254143e-04  2.609512e-01
   outer loop
     vertex  4.794058e+00  6.000000e+00  6.420215e+00
     vertex  4.856682e+00  6.000000e+00  6.188546e+00
     vertex  4.845386e+00  1.000000e+01  6.233787e+00
   endloop
 endfacet
 facet normal  9.626242e-01  2.704967e-04  2.708405e-01
   outer loop
     vertex  4.777864e+00  1.000000e+01  6.473776e+00
     vertex  4.794058e+00  6.000000e+00  6.420215e+00
     vertex  4.845386e+00  1.000000e+01  6.233787e+00
   endloop
 endfacet
 facet normal  9.358932e-01  2.851432e-04  3.522837e-01
   outer loop
     vertex  4.635847e+00 -6.000000e+00  6.873211e+00
     vertex  4.698463e+00 -1.000000e+01  6.710101e+00
     vertex  4.720390e+00 -6.000000e+00  6.648612e+00
   endloop
 endfacet
 facet normal  9.308737e-01 -3.258773e-04  3.653410e-01
   outer loop
     vertex  4.635847e+00 -6.000000e+00  6.873211e+00
     vertex  4.607381e+00 -1.000000e+01  6.942174e+00
     vertex  4.698463e+00 -1.000000e+01  6.710101e+00
   endloop
 endfacet
 facet normal  9.517188e-01 -2.574530e-04  3.069710e-01
   outer loop
     vertex  4.720390e+00  6.000000e+00  6.648612e+00
     vertex  4.794058e+00  6.000000e+00  6.420215e+00
     vertex  4.777864e+00  1.000000e+01  6.473776e+00
   endloop
 endfacet
 facet normal  9.479273e-01  3.003612e-04  3.184866e-01
   outer loop
     vertex  4.698463e+00  1.000000e+01  6.710101e+00
     vertex  4.720390e+00  6.000000e+00  6.648612e+00
     vertex  4.777864e+00  1.000000e+01  6.473776e+00
   endloop
 endfacet
 facet normal  9.179116e-01  3.084850e-04  3.967848e-01
   outer loop
     vertex  4.540626e+00 -6.000000e+00  7.093495e+00
     vertex  4.607381e+00 -1.000000e+01  6.942174e+00
     vertex  4.635847e+00 -6.000000e+00  6.873211e+00
   endloop
 endfacet
 facet normal  9.115058e-01 -3.470448e-04  4.112871e-01
   outer loop
     vertex  4.540626e+00 -6.000000e+00  7.093495e+00
     vertex  4.504844e+00 -1.000000e+01  7.169419e+00
     vertex  4.607381e+00 -1.000000e+01  6.942174e+00
   endloop
 endfacet
 facet normal  9.358932e-01 -2.851432e-04  3.522837e-01
   outer loop
     vertex  4.635847e+00  6.000000e+00  6.873211e+00
     vertex  4.720390e+00  6.000000e+00  6.648612e+00
     vertex  4.698463e+00  1.000000e+01  6.710101e+00
   endloop
 endfacet
 facet normal  9.308737e-01  3.258773e-04  3.653410e-01
   outer loop
     vertex  4.607381e+00  1.000000e+01  6.942174e+00
     vertex  4.635847e+00  6.000000e+00  6.873211e+00
     vertex  4.698463e+00  1.000000e+01  6.710101e+00
   endloop
 endfacet
 facet normal  8.978154e-01  3.274783e-04  4.403718e-01
   outer loop
     vertex  4.434944e+00 -6.000000e+00  7.308956e+00
     vertex  4.504844e+00 -1.000000e+01  7.169419e+00
     vertex  4.540626e+00 -6.000000e+00  7.093495e+00
   endloop
 endfacet
 facet normal  8.898717e-01 -3.638638e-04  4.562106e-01
   outer loop
     vertex  4.434944e+00 -6.000000e+00  7.308956e+00
     vertex  4.391108e+00 -1.000000e+01  7.391270e+00
     vertex  4.504844e+00 -1.000000e+01  7.169419e+00
   endloop
 endfacet
 facet normal  9.179116e-01 -3.084850e-04  3.967848e-01
   outer loop
     vertex  4.540626e+00  6.000000e+00  7.093495e+00
     vertex  4.635847e+00  6.000000e+00  6.873211e+00
     vertex  4.607381e+00  1.000000e+01  6.942174e+00
   endloop
 endfacet
 facet normal  8.756510e-01  3.421229e-04  4.829444e-01
   outer loop
     vertex  4.319045e+00 -6.000000e+00  7.519098e+00
     vertex  4.391108e+00 -1.000000e+01  7.391270e+00
     vertex  4.434944e+00 -6.000000e+00  7.308956e+00
   endloop
 endfacet
 facet normal  8.660253e-01 -3.763341e-04  5.000000e-01
   outer loop
     vertex  4.266454e+00 -1.000000e+01  7.607176e+00
     vertex  4.391108e+00 -1.000000e+01  7.391270e+00
     vertex  4.319045e+00 -6.000000e+00  7.519098e+00
   endloop
 endfacet
 facet normal  9.115058e-01  3.470448e-04  4.112871e-01
   outer loop
     vertex  4.504844e+00  1.000000e+01  7.169419e+00
     vertex  4.540626e+00  6.000000e+00  7.093495e+00
     vertex  4.607381e+00  1.000000e+01  6.942174e+00
   endloop
 endfacet
 facet normal  8.978154e-01 -3.274783e-04  4.403718e-01
   outer loop
     vertex  4.434944e+00  6.000000e+00  7.308956e+00
     vertex  4.540626e+00  6.000000e+00  7.093495e+00
     vertex  4.504844e+00  1.000000e+01  7.169419e+00
   endloop
 endfacet
 facet normal  8.514693e-01  3.524189e-04  5.244044e-01
   outer loop
     vertex  4.193196e+00 -6.000000e+00  7.723436e+00
     vertex  4.266454e+00 -1.000000e+01  7.607176e+00
     vertex  4.319045e+00 -6.000000e+00  7.519098e+00
   endloop
 endfacet
 facet normal  8.400259e-01 -3.844557e-04  5.425462e-01
   outer loop
     vertex  4.131194e+00 -1.000000e+01  7.816600e+00
     vertex  4.266454e+00 -1.000000e+01  7.607176e+00
     vertex  4.193196e+00 -6.000000e+00  7.723436e+00
   endloop
 endfacet
 facet normal  8.898717e-01  3.638638e-04  4.562106e-01
   outer loop
     vertex  4.391108e+00  1.000000e+01  7.391270e+00
     vertex  4.434944e+00  6.000000e+00  7.308956e+00
     vertex  4.504844e+00  1.000000e+01  7.169419e+00
   endloop
 endfacet
 facet normal  8.756510e-01 -3.421229e-04  4.829444e-01
   outer loop
     vertex  4.319045e+00  6.000000e+00  7.519098e+00
     vertex  4.434944e+00  6.000000e+00  7.308956e+00
     vertex  4.391108e+00  1.000000e+01  7.391270e+00
   endloop
 endfacet
 facet normal  8.253261e-01  3.583662e-04  5.646563e-01
   outer loop
     vertex  4.057688e+00 -6.000000e+00  7.921501e+00
     vertex  4.131194e+00 -1.000000e+01  7.816600e+00
     vertex  4.193196e+00 -6.000000e+00  7.723436e+00
   endloop
 endfacet
 facet normal  8.119379e-01 -3.882287e-04  5.837436e-01
   outer loop
     vertex  3.985663e+00 -1.000000e+01  8.019022e+00
     vertex  4.131194e+00 -1.000000e+01  7.816600e+00
     vertex  4.057688e+00 -6.000000e+00  7.921501e+00
   endloop
 endfacet
 facet normal  8.660253e-01  3.763341e-04  5.000000e-01
   outer loop
     vertex  4.266454e+00  1.000000e+01  7.607176e+00
     vertex  4.319045e+00  6.000000e+00  7.519098e+00
     vertex  4.391108e+00  1.000000e+01  7.391270e+00
   endloop
 endfacet
 facet normal  8.514693e-01 -3.524189e-04  5.244044e-01
   outer loop
     vertex  4.193196e+00  6.000000e+00  7.723436e+00
     vertex  4.319045e+00  6.000000e+00  7.519098e+00
     vertex  4.266454e+00  1.000000e+01  7.607176e+00
   endloop
 endfacet
 facet normal  7.972815e-01  3.599648e-04  6.036075e-01
   outer loop
     vertex  3.912832e+00 -6.000000e+00  8.112836e+00
     vertex  3.985663e+00 -1.000000e+01  8.019022e+00
     vertex  4.057688e+00 -6.000000e+00  7.921501e+00
   endloop
 endfacet
 facet normal  7.818314e-01 -3.876529e-04  6.234898e-01
   outer loop
     vertex  3.830222e+00 -1.000000e+01  8.213938e+00
     vertex  3.985663e+00 -1.000000e+01  8.019022e+00
     vertex  3.912832e+00 -6.000000e+00  8.112836e+00
   endloop
 endfacet
 facet normal  8.400259e-01  3.844557e-04  5.425462e-01
   outer loop
     vertex  4.131194e+00  1.000000e+01  7.816600e+00
     vertex  4.193196e+00  6.000000e+00  7.723436e+00
     vertex  4.266454e+00  1.000000e+01  7.607176e+00
   endloop
 endfacet
 facet normal  8.253261e-01 -3.583662e-04  5.646563e-01
   outer loop
     vertex  4.057688e+00  6.000000e+00  7.921501e+00
     vertex  4.193196e+00  6.000000e+00  7.723436e+00
     vertex  4.131194e+00  1.000000e+01  7.816600e+00
   endloop
 endfacet
 facet normal  7.674004e-01  3.572146e-04  6.411681e-01
   outer loop
     vertex  3.758962e+00 -6.000000e+00  8.296999e+00
     vertex  3.830222e+00 -1.000000e+01  8.213938e+00
     vertex  3.912832e+00 -6.000000e+00  8.112836e+00
   endloop
 endfacet
 facet normal  7.497811e-01 -3.827283e-04  6.616858e-01
   outer loop
     vertex  3.665259e+00 -1.000000e+01  8.400864e+00
     vertex  3.830222e+00 -1.000000e+01  8.213938e+00
     vertex  3.758962e+00 -6.000000e+00  8.296999e+00
   endloop
 endfacet
 facet normal  8.119379e-01  3.882287e-04  5.837436e-01
   outer loop
     vertex  3.985663e+00  1.000000e+01  8.019022e+00
     vertex  4.057688e+00  6.000000e+00  7.921501e+00
     vertex  4.131194e+00  1.000000e+01  7.816600e+00
   endloop
 endfacet
 facet normal  7.972815e-01 -3.599648e-04  6.036075e-01
   outer loop
     vertex  3.912832e+00  6.000000e+00  8.112836e+00
     vertex  4.057688e+00  6.000000e+00  7.921501e+00
     vertex  3.985663e+00  1.000000e+01  8.019022e+00
   endloop
 endfacet
 facet normal  7.357513e-01  3.501158e-04  6.772517e-01
   outer loop
     vertex  3.596433e+00 -6.000000e+00  8.473568e+00
     vertex  3.665259e+00 -1.000000e+01  8.400864e+00
     vertex  3.758962e+00 -6.000000e+00  8.296999e+00
   endloop
 endfacet
 facet normal  7.158668e-01 -3.734551e-04  6.982368e-01
   outer loop
     vertex  3.491184e+00 -1.000000e+01  8.579334e+00
     vertex  3.665259e+00 -1.000000e+01  8.400864e+00
     vertex  3.596433e+00 -6.000000e+00  8.473568e+00
   endloop
 endfacet
 facet normal  7.818314e-01  3.876529e-04  6.234898e-01
   outer loop
     vertex  3.830222e+00  1.000000e+01  8.213938e+00
     vertex  3.912832e+00  6.000000e+00  8.112836e+00
     vertex  3.985663e+00  1.000000e+01  8.019022e+00
   endloop
 endfacet
 facet normal  7.674004e-01 -3.572146e-04  6.411681e-01
   outer loop
     vertex  3.758962e+00  6.000000e+00  8.296999e+00
     vertex  3.912832e+00  6.000000e+00  8.112836e+00
     vertex  3.830222e+00  1.000000e+01  8.213938e+00
   endloop
 endfacet
 facet normal  7.024073e-01  3.386682e-04  7.117751e-01
   outer loop
     vertex  3.425618e+00 -6.000000e+00  8.642134e+00
     vertex  3.491184e+00 -1.000000e+01  8.579334e+00
     vertex  3.596433e+00 -6.000000e+00  8.473568e+00
   endloop
 endfacet
 facet normal  6.801727e-01 -3.598332e-04  7.330518e-01
   outer loop
     vertex  3.308429e+00 -1.000000e+01  8.748906e+00
     vertex  3.491184e+00 -1.000000e+01  8.579334e+00
     vertex  3.425618e+00 -6.000000e+00  8.642134e+00
   endloop
 endfacet
 facet normal  7.497811e-01  3.827283e-04  6.616858e-01
   outer loop
     vertex  3.665259e+00  1.000000e+01  8.400864e+00
     vertex  3.758962e+00  6.000000e+00  8.296999e+00
     vertex  3.830222e+00  1.000000e+01  8.213938e+00
   endloop
 endfacet
 facet normal  7.357513e-01 -3.501158e-04  6.772517e-01
   outer loop
     vertex  3.596433e+00  6.000000e+00  8.473568e+00
     vertex  3.758962e+00  6.000000e+00  8.296999e+00
     vertex  3.665259e+00  1.000000e+01  8.400864e+00
   endloop
 endfacet
 facet normal  6.674452e-01  3.228720e-04  7.446588e-01
   outer loop
     vertex  3.246912e+00 -6.000000e+00  8.802310e+00
     vertex  3.308429e+00 -1.000000e+01  8.748906e+00
     vertex  3.425618e+00 -6.000000e+00  8.642134e+00
   endloop
 endfacet
 facet normal  6.427876e-01 -3.418627e-04  7.660444e-01
   outer loop
     vertex  3.117449e+00 -1.000000e+01  8.909157e+00
     vertex  3.308429e+00 -1.000000e+01  8.748906e+00
     vertex  3.246912e+00 -6.000000e+00  8.802310e+00
   endloop
 endfacet
 facet normal  7.024073e-01 -3.386682e-04  7.117751e-01
   outer loop
     vertex  3.491184e+00  1.000000e+01  8.579334e+00
     vertex  3.425618e+00  6.000000e+00  8.642134e+00
     vertex  3.596433e+00  6.000000e+00  8.473568e+00
   endloop
 endfacet
 facet normal  7.158668e-01  3.734551e-04  6.982368e-01
   outer loop
     vertex  3.491184e+00  1.000000e+01  8.579334e+00
     vertex  3.596433e+00  6.000000e+00  8.473568e+00
     vertex  3.665259e+00  1.000000e+01  8.400864e+00
   endloop
 endfacet
 facet normal  6.309455e-01  3.027272e-04  7.758271e-01
   outer loop
     vertex  3.060726e+00 -6.000000e+00  8.953727e+00
     vertex  3.117449e+00 -1.000000e+01  8.909157e+00
     vertex  3.246912e+00 -6.000000e+00  8.802310e+00
   endloop
 endfacet
 facet normal  6.038044e-01 -3.195436e-04  7.971325e-01
   outer loop
     vertex  2.918718e+00 -1.000000e+01  9.059690e+00
     vertex  3.117449e+00 -1.000000e+01  8.909157e+00
     vertex  3.060726e+00 -6.000000e+00  8.953727e+00
   endloop
 endfacet
 facet normal  6.674452e-01 -3.228720e-04  7.446588e-01
   outer loop
     vertex  3.308429e+00  1.000000e+01  8.748906e+00
     vertex  3.246912e+00  6.000000e+00  8.802310e+00
     vertex  3.425618e+00  6.000000e+00  8.642134e+00
   endloop
 endfacet
 facet normal  6.801727e-01  3.598332e-04  7.330518e-01
   outer loop
     vertex  3.308429e+00  1.000000e+01  8.748906e+00
     vertex  3.425618e+00  6.000000e+00  8.642134e+00
     vertex  3.491184e+00  1.000000e+01  8.579334e+00
   endloop
 endfacet
 facet normal  5.929924e-01  2.782338e-04  8.052080e-01
   outer loop
     vertex  2.867490e+00 -6.000000e+00  9.096035e+00
     vertex  2.918718e+00 -1.000000e+01  9.059690e+00
     vertex  3.060726e+00 -6.000000e+00  8.953727e+00
   endloop
 endfacet
 facet normal  5.633200e-01 -2.928761e-04  8.262387e-01
   outer loop
     vertex  2.712731e+00 -1.000000e+01  9.200130e+00
     vertex  2.918718e+00 -1.000000e+01  9.059690e+00
     vertex  2.867490e+00 -6.000000e+00  9.096035e+00
   endloop
 endfacet
 facet normal  6.309455e-01 -3.027272e-04  7.758271e-01
   outer loop
     vertex  3.117449e+00  1.000000e+01  8.909157e+00
     vertex  3.060726e+00  6.000000e+00  8.953727e+00
     vertex  3.246912e+00  6.000000e+00  8.802310e+00
   endloop
 endfacet
 facet normal  6.427876e-01  3.418627e-04  7.660444e-01
   outer loop
     vertex  3.117449e+00  1.000000e+01  8.909157e+00
     vertex  3.246912e+00  6.000000e+00  8.802310e+00
     vertex  3.308429e+00  1.000000e+01  8.748906e+00
   endloop
 endfacet
 facet normal  5.536731e-01  2.493921e-04  8.327341e-01
   outer loop
     vertex  2.667647e+00 -6.000000e+00  9.228908e+00
     vertex  2.712731e+00 -1.000000e+01  9.200130e+00
     vertex  2.867490e+00 -6.000000e+00  9.096035e+00
   endloop
 endfacet
 facet normal  5.214352e-01 -2.618601e-04  8.532909e-01
   outer loop
     vertex  2.500000e+00 -1.000000e+01  9.330127e+00
     vertex  2.712731e+00 -1.000000e+01  9.200130e+00
     vertex  2.667647e+00 -6.000000e+00  9.228908e+00
   endloop
 endfacet
 facet normal  6.038044e-01  3.195436e-04  7.971325e-01
   outer loop
     vertex  2.918718e+00  1.000000e+01  9.059690e+00
     vertex  3.060726e+00  6.000000e+00  8.953727e+00
     vertex  3.117449e+00  1.000000e+01  8.909157e+00
   endloop
 endfacet
 facet normal  5.929924e-01 -2.782338e-04  8.052080e-01
   outer loop
     vertex  2.918718e+00  1.000000e+01  9.059690e+00
     vertex  2.867490e+00  6.000000e+00  9.096035e+00
     vertex  3.060726e+00  6.000000e+00  8.953727e+00
   endloop
 endfacet
 facet normal  5.130783e-01  2.162020e-04  8.583418e-01
   outer loop
     vertex  2.461659e+00 -6.000000e+00  9.352038e+00
     vertex  2.500000e+00 -1.000000e+01  9.330127e+00
     vertex  2.667647e+00 -6.000000e+00  9.228908e+00
   endloop
 endfacet
 facet normal  4.782540e-01 -2.264959e-04  8.782216e-01
   outer loop
     vertex  2.281053e+00 -1.000000e+01  9.449359e+00
     vertex  2.500000e+00 -1.000000e+01  9.330127e+00
     vertex  2.461659e+00 -6.000000e+00  9.352038e+00
   endloop
 endfacet
 facet normal  5.633200e-01  2.928761e-04  8.262387e-01
   outer loop
     vertex  2.712731e+00  1.000000e+01  9.200130e+00
     vertex  2.867490e+00  6.000000e+00  9.096035e+00
     vertex  2.918718e+00  1.000000e+01  9.059690e+00
   endloop
 endfacet
 facet normal  5.536731e-01 -2.493921e-04  8.327341e-01
   outer loop
     vertex  2.712731e+00  1.000000e+01  9.200130e+00
     vertex  2.667647e+00  6.000000e+00  9.228908e+00
     vertex  2.867490e+00  6.000000e+00  9.096035e+00
   endloop
 endfacet
 facet normal  4.713016e-01  1.786636e-04  8.819721e-01
   outer loop
     vertex  2.250000e+00 -6.000000e+00  9.465143e+00
     vertex  2.281053e+00 -1.000000e+01  9.449359e+00
     vertex  2.461659e+00 -6.000000e+00  9.352038e+00
   endloop
 endfacet
 facet normal  4.338837e-01 -1.867835e-04  9.009689e-01
   outer loop
     vertex  2.056436e+00 -1.000000e+01  9.557529e+00
     vertex  2.281053e+00 -1.000000e+01  9.449359e+00
     vertex  2.250000e+00 -6.000000e+00  9.465143e+00
   endloop
 endfacet
 facet normal  5.214352e-01  2.618601e-04  8.532909e-01
   outer loop
     vertex  2.500000e+00  1.000000e+01  9.330127e+00
     vertex  2.667647e+00  6.000000e+00  9.228908e+00
     vertex  2.712731e+00  1.000000e+01  9.200130e+00
   endloop
 endfacet
 facet normal  5.130783e-01 -2.162020e-04  8.583418e-01
   outer loop
     vertex  2.500000e+00  1.000000e+01  9.330127e+00
     vertex  2.461659e+00  6.000000e+00  9.352038e+00
     vertex  2.667647e+00  6.000000e+00  9.228908e+00
   endloop
 endfacet
 facet normal  4.782540e-01  2.264959e-04  8.782216e-01
   outer loop
     vertex  2.281053e+00  1.000000e+01  9.449359e+00
     vertex  2.461659e+00  6.000000e+00  9.352038e+00
     vertex  2.500000e+00  1.000000e+01  9.330127e+00
   endloop
 endfacet
 facet normal  4.713016e-01 -1.786636e-04  8.819721e-01
   outer loop
     vertex  2.281053e+00  1.000000e+01  9.449359e+00
     vertex  2.250000e+00  6.000000e+00  9.465143e+00
     vertex  2.461659e+00  6.000000e+00  9.352038e+00
   endloop
 endfacet
 facet normal  4.338837e-01  1.867835e-04  9.009689e-01
   outer loop
     vertex  2.056436e+00  1.000000e+01  9.557529e+00
     vertex  2.250000e+00  6.000000e+00  9.465143e+00
     vertex  2.281053e+00  1.000000e+01  9.449359e+00
   endloop
 endfacet
 facet normal  4.307426e-01  0.000000e+00  9.024748e-01
   outer loop
     vertex  2.056436e+00  1.000000e+01  9.557529e+00
     vertex  2.056436e+00 -1.000000e+01  9.557529e+00
     vertex  2.250000e+00 -6.000000e+00  9.465143e+00
   endloop
 endfacet
 facet normal  4.307426e-01  6.600922e-20  9.024748e-01
   outer loop
     vertex  2.056436e+00  1.000000e+01  9.557529e+00
     vertex  2.250000e+00 -6.000000e+00  9.465143e+00
     vertex  2.250000e+00  6.000000e+00  9.465143e+00
   endloop
 endfacet
 facet normal  3.884348e-01  1.828116e-19  9.214762e-01
   outer loop
     vertex  1.826705e+00  1.000000e+01  9.654369e+00
     vertex  2.056436e+00 -1.000000e+01  9.557529e+00
     vertex  2.056436e+00  1.000000e+01  9.557529e+00
   endloop
 endfacet
 facet normal  3.884348e-01  0.000000e+00  9.214762e-01
   outer loop
     vertex  1.826705e+00  1.000000e+01  9.654369e+00
     vertex  1.826705e+00 -1.000000e+01  9.654369e+00
     vertex  2.056436e+00 -1.000000e+01  9.557529e+00
   endloop
 endfacet
 facet normal  3.420201e-01 -2.274988e-19  9.396926e-01
   outer loop
     vertex  1.592433e+00  1.000000e+01  9.739637e+00
     vertex  1.826705e+00 -1.000000e+01  9.654369e+00
     vertex  1.826705e+00  1.000000e+01  9.654369e+00
   endloop
 endfacet
 facet normal  3.420201e-01  0.000000e+00  9.396926e-01
   outer loop
     vertex  1.592433e+00  1.000000e+01  9.739637e+00
     vertex  1.592433e+00 -1.000000e+01  9.739637e+00
     vertex  1.826705e+00 -1.000000e+01  9.654369e+00
   endloop
 endfacet
 facet normal  2.947552e-01 -3.873780e-20  9.555728e-01
   outer loop
     vertex  1.354202e+00  1.000000e+01  9.813121e+00
     vertex  1.592433e+00 -1.000000e+01  9.739637e+00
     vertex  1.592433e+00  1.000000e+01  9.739637e+00
   endloop
 endfacet
 facet normal  2.947552e-01  0.000000e+00  9.555728e-01
   outer loop
     vertex  1.354202e+00  1.000000e+01  9.813121e+00
     vertex  1.354202e+00 -1.000000e+01  9.813121e+00
     vertex  1.592433e+00 -1.000000e+01  9.739637e+00
   endloop
 endfacet
 facet normal  2.467574e-01  0.000000e+00  9.690773e-01
   outer loop
     vertex  1.354202e+00  1.000000e+01  9.813121e+00
     vertex  1.112605e+00 -1.000000e+01  9.874640e+00
     vertex  1.354202e+00 -1.000000e+01  9.813121e+00
   endloop
 endfacet
 facet normal  2.467574e-01  0.000000e+00  9.690773e-01
   outer loop
     vertex  1.112605e+00  1.000000e+01  9.874640e+00
     vertex  1.112605e+00 -1.000000e+01  9.874640e+00
     vertex  1.354202e+00  1.000000e+01  9.813121e+00
   endloop
 endfacet
 facet normal  1.981461e-01  0.000000e+00  9.801725e-01
   outer loop
     vertex  8.682409e-01  1.000000e+01  9.924039e+00
     vertex  8.682409e-01 -1.000000e+01  9.924039e+00
     vertex  1.112605e+00 -1.000000e+01  9.874640e+00
   endloop
 endfacet
 facet normal  1.490423e-01  0.000000e+00  9.888308e-01
   outer loop
     vertex  8.682409e-01  1.000000e+01  9.924039e+00
     vertex  6.217185e-01 -1.000000e+01  9.961196e+00
     vertex  8.682409e-01 -1.000000e+01  9.924039e+00
   endloop
 endfacet
 facet normal  1.981461e-01  1.014205e-19  9.801725e-01
   outer loop
     vertex  8.682409e-01  1.000000e+01  9.924039e+00
     vertex  1.112605e+00 -1.000000e+01  9.874640e+00
     vertex  1.112605e+00  1.000000e+01  9.874640e+00
   endloop
 endfacet
 facet normal  1.490423e-01  0.000000e+00  9.888308e-01
   outer loop
     vertex  6.217185e-01  1.000000e+01  9.961196e+00
     vertex  6.217185e-01 -1.000000e+01  9.961196e+00
     vertex  8.682409e-01  1.000000e+01  9.924039e+00
   endloop
 endfacet
 facet normal  9.956785e-02  0.000000e+00  9.950308e-01
   outer loop
     vertex  3.736505e-01  1.000000e+01  9.986019e+00
     vertex  3.736505e-01 -1.000000e+01  9.986019e+00
     vertex  6.217185e-01 -1.000000e+01  9.961196e+00
   endloop
 endfacet
 facet normal  4.984589e-02  0.000000e+00  9.987569e-01
   outer loop
     vertex  3.736505e-01  1.000000e+01  9.986019e+00
     vertex  1.246535e-01 -1.000000e+01  9.998446e+00
     vertex  3.736505e-01 -1.000000e+01  9.986019e+00
   endloop
 endfacet
 facet normal  9.956785e-02  3.308388e-20  9.950308e-01
   outer loop
     vertex  3.736505e-01  1.000000e+01  9.986019e+00
     vertex  6.217185e-01 -1.000000e+01  9.961196e+00
     vertex  6.217185e-01  1.000000e+01  9.961196e+00
   endloop
 endfacet
 facet normal  0.000000e+00  0.000000e+00  1.000000e+00
   outer loop
     vertex  1.246535e-01  1.000000e+01  9.998446e+00
     vertex -1.246535e-01 -1.000000e+01  9.998446e+00
     vertex  1.246535e-01 -1.000000e+01  9.998446e+00
   endloop
 endfacet
 facet normal  4.984589e-02  0.000000e+00  9.987569e-01
   outer loop
     vertex  1.246535e-01  1.000000e+01  9.998446e+00
     vertex  1.246535e-01 -1.000000e+01  9.998446e+00
     vertex  3.736505e-01  1.000000e+01  9.986019e+00
   endloop
 endfacet
 facet normal -0.000000e+00  0.000000e+00  1.000000e+00
   outer loop
     vertex -1.246535e-01  1.000000e+01  9.998446e+00
     vertex -1.246535e-01 -1.000000e+01  9.998446e+00
     vertex  1.246535e-01  1.000000e+01  9.998446e+00
   endloop
 endfacet
 facet normal -4.984589e-02  0.000000e+00  9.987569e-01
   outer loop
     vertex -3.736505e-01  1.000000e+01  9.986019e+00
     vertex -3.736505e-01 -1.000000e+01  9.986019e+00
     vertex -1.246535e-01 -1.000000e+01  9.998446e+00
   endloop
 endfacet
 facet normal -4.984589e-02  2.525249e-20  9.987569e-01
   outer loop
     vertex -3.736505e-01  1.000000e+01  9.986019e+00
     vertex -1.246535e-01 -1.000000e+01  9.998446e+00
     vertex -1.246535e-01  1.000000e+01  9.998446e+00
   endloop
 endfacet
 facet normal -9.956785e-02  0.000000e+00  9.950308e-01
   outer loop
     vertex -6.217185e-01  1.000000e+01  9.961196e+00
     vertex -6.217185e-01 -1.000000e+01  9.961196e+00
     vertex -3.736505e-01 -1.000000e+01  9.986019e+00
   endloop
 endfacet
 facet normal -9.956785e-02 -3.308388e-20  9.950308e-01
   outer loop
     vertex -6.217185e-01  1.000000e+01  9.961196e+00
     vertex -3.736505e-01 -1.000000e+01  9.986019e+00
     vertex -3.736505e-01  1.000000e+01  9.986019e+00
   endloop
 endfacet
 facet normal -1.490423e-01  0.000000e+00  9.888308e-01
   outer loop
     vertex -8.682409e-01  1.000000e+01  9.924039e+00
     vertex -8.682409e-01 -1.000000e+01  9.924039e+00
     vertex -6.217185e-01 -1.000000e+01  9.961196e+00
   endloop
 endfacet
 facet normal -1.490423e-01 -1.059835e-20  9.888308e-01
   outer loop
     vertex -8.682409e-01  1.000000e+01  9.924039e+00
     vertex -6.217185e-01 -1.000000e+01  9.961196e+00
     vertex -6.217185e-01  1.000000e+01  9.961196e+00
   endloop
 endfacet
 facet normal -1.981461e-01  0.000000e+00  9.801725e-01
   outer loop
     vertex -1.112605e+00  1.000000e+01  9.874640e+00
     vertex -1.112605e+00 -1.000000e+01  9.874640e+00
     vertex -8.682409e-01 -1.000000e+01  9.924039e+00
   endloop
 endfacet
 facet normal -1.981461e-01  6.719277e-20  9.801725e-01
   outer loop
     vertex -1.112605e+00  1.000000e+01  9.874640e+00
     vertex -8.682409e-01 -1.000000e+01  9.924039e+00
     vertex -8.682409e-01  1.000000e+01  9.924039e+00
   endloop
 endfacet
 facet normal -2.467574e-01  0.000000e+00  9.690773e-01
   outer loop
     vertex -1.354202e+00  1.000000e+01  9.813121e+00
     vertex -1.354202e+00 -1.000000e+01  9.813121e+00
     vertex -1.112605e+00 -1.000000e+01  9.874640e+00
   endloop
 endfacet
 facet normal -2.947552e-01  0.000000e+00  9.555728e-01
   outer loop
     vertex -1.354202e+00  1.000000e+01  9.813121e+00
     vertex -1.592433e+00 -1.000000e+01  9.739637e+00
     vertex -1.354202e+00 -1.000000e+01  9.813121e+00
   endloop
 endfacet
 facet normal -2.467574e-01 -1.071342e-20  9.690773e-01
   outer loop
     vertex -1.354202e+00  1.000000e+01  9.813121e+00
     vertex -1.112605e+00 -1.000000e+01  9.874640e+00
     vertex -1.112605e+00  1.000000e+01  9.874640e+00
   endloop
 endfacet
 facet normal -3.420201e-01  0.000000e+00  9.396926e-01
   outer loop
     vertex -1.592433e+00  1.000000e+01  9.739637e+00
     vertex -1.826705e+00 -1.000000e+01  9.654369e+00
     vertex -1.592433e+00 -1.000000e+01  9.739637e+00
   endloop
 endfacet
 facet normal -2.947552e-01  0.000000e+00  9.555728e-01
   outer loop
     vertex -1.592433e+00  1.000000e+01  9.739637e+00
     vertex -1.592433e+00 -1.000000e+01  9.739637e+00
     vertex -1.354202e+00  1.000000e+01  9.813121e+00
   endloop
 endfacet
 facet normal -3.420201e-01  0.000000e+00  9.396926e-01
   outer loop
     vertex -1.826705e+00  1.000000e+01  9.654369e+00
     vertex -1.826705e+00 -1.000000e+01  9.654369e+00
     vertex -1.592433e+00  1.000000e+01  9.739637e+00
   endloop
 endfacet
 facet normal -3.884348e-01  0.000000e+00  9.214762e-01
   outer loop
     vertex -2.056436e+00  1.000000e+01  9.557529e+00
     vertex -2.056436e+00 -1.000000e+01  9.557529e+00
     vertex -1.826705e+00 -1.000000e+01  9.654369e+00
   endloop
 endfacet
 facet normal -3.884348e-01  9.235233e-20  9.214762e-01
   outer loop
     vertex -2.056436e+00  1.000000e+01  9.557529e+00
     vertex -1.826705e+00 -1.000000e+01  9.654369e+00
     vertex -1.826705e+00  1.000000e+01  9.654369e+00
   endloop
 endfacet
 facet normal -4.338837e-01  1.243976e-19  9.009689e-01
   outer loop
     vertex -2.281053e+00  1.000000e+01  9.449359e+00
     vertex -2.056436e+00 -1.000000e+01  9.557529e+00
     vertex -2.056436e+00  1.000000e+01  9.557529e+00
   endloop
 endfacet
 facet normal -4.338837e-01  0.000000e+00  9.009689e-01
   outer loop
     vertex -2.281053e+00  1.000000e+01  9.449359e+00
     vertex -2.281053e+00 -1.000000e+01  9.449359e+00
     vertex -2.056436e+00 -1.000000e+01  9.557529e+00
   endloop
 endfacet
 facet normal -4.782540e-01  1.308417e-19  8.782216e-01
   outer loop
     vertex -2.500000e+00  1.000000e+01  9.330127e+00
     vertex -2.281053e+00 -1.000000e+01  9.449359e+00
     vertex -2.281053e+00  1.000000e+01  9.449359e+00
   endloop
 endfacet
 facet normal -4.782540e-01  0.000000e+00  8.782216e-01
   outer loop
     vertex -2.500000e+00  1.000000e+01  9.330127e+00
     vertex -2.500000e+00 -1.000000e+01  9.330127e+00
     vertex -2.281053e+00 -1.000000e+01  9.449359e+00
   endloop
 endfacet
 facet normal -5.214352e-01  6.236548e-20  8.532909e-01
   outer loop
     vertex -2.712731e+00  1.000000e+01  9.200130e+00
     vertex -2.500000e+00 -1.000000e+01  9.330127e+00
     vertex -2.500000e+00  1.000000e+01  9.330127e+00
   endloop
 endfacet
 facet normal -5.214352e-01  0.000000e+00  8.532909e-01
   outer loop
     vertex -2.712731e+00  1.000000e+01  9.200130e+00
     vertex -2.712731e+00 -1.000000e+01  9.200130e+00
     vertex -2.500000e+00 -1.000000e+01  9.330127e+00
   endloop
 endfacet
 facet normal -5.633201e-01  2.248539e-19  8.262388e-01
   outer loop
     vertex -2.918718e+00  1.000000e+01  9.059690e+00
     vertex -2.712731e+00 -1.000000e+01  9.200130e+00
     vertex -2.712731e+00  1.000000e+01  9.200130e+00
   endloop
 endfacet
 facet normal -5.633201e-01  0.000000e+00  8.262388e-01
   outer loop
     vertex -2.918718e+00  1.000000e+01  9.059690e+00
     vertex -2.918718e+00 -1.000000e+01  9.059690e+00
     vertex -2.712731e+00 -1.000000e+01  9.200130e+00
   endloop
 endfacet
 facet normal -6.038044e-01 -7.507890e-20  7.971325e-01
   outer loop
     vertex -3.117449e+00  1.000000e+01  8.909157e+00
     vertex -2.918718e+00 -1.000000e+01  9.059690e+00
     vertex -2.918718e+00  1.000000e+01  9.059690e+00
   endloop
 endfacet
 facet normal -6.038044e-01  0.000000e+00  7.971325e-01
   outer loop
     vertex -3.117449e+00  1.000000e+01  8.909157e+00
     vertex -3.117449e+00 -1.000000e+01  8.909157e+00
     vertex -2.918718e+00 -1.000000e+01  9.059690e+00
   endloop
 endfacet
 facet normal -6.427876e-01  0.000000e+00  7.660444e-01
   outer loop
     vertex -3.117449e+00  1.000000e+01  8.909157e+00
     vertex -3.308429e+00 -1.000000e+01  8.748906e+00
     vertex -3.117449e+00 -1.000000e+01  8.909157e+00
   endloop
 endfacet
 facet normal -6.427876e-01  0.000000e+00  7.660444e-01
   outer loop
     vertex -3.308429e+00  1.000000e+01  8.748906e+00
     vertex -3.308429e+00 -1.000000e+01  8.748906e+00
     vertex -3.117449e+00  1.000000e+01  8.909157e+00
   endloop
 endfacet
 facet normal -6.801727e-01  5.363384e-20  7.330519e-01
   outer loop
     vertex -3.491184e+00  1.000000e+01  8.579334e+00
     vertex -3.308429e+00 -1.000000e+01  8.748906e+00
     vertex -3.308429e+00  1.000000e+01  8.748906e+00
   endloop
 endfacet
 facet normal -6.801727e-01  0.000000e+00  7.330519e-01
   outer loop
     vertex -3.491184e+00  1.000000e+01  8.579334e+00
     vertex -3.491184e+00 -1.000000e+01  8.579334e+00
     vertex -3.308429e+00 -1.000000e+01  8.748906e+00
   endloop
 endfacet
 facet normal -7.158668e-01  1.192923e-19  6.982368e-01
   outer loop
     vertex -3.665259e+00  1.000000e+01  8.400864e+00
     vertex -3.491184e+00 -1.000000e+01  8.579334e+00
     vertex -3.491184e+00  1.000000e+01  8.579334e+00
   endloop
 endfacet
 facet normal -7.158668e-01  0.000000e+00  6.982368e-01
   outer loop
     vertex -3.665259e+00  1.000000e+01  8.400864e+00
     vertex -3.665259e+00 -1.000000e+01  8.400864e+00
     vertex -3.491184e+00 -1.000000e+01  8.579334e+00
   endloop
 endfacet
 facet normal -7.497812e-01 -2.736130e-19  6.616858e-01
   outer loop
     vertex -3.830222e+00  1.000000e+01  8.213938e+00
     vertex -3.665259e+00 -1.000000e+01  8.400864e+00
     vertex -3.665259e+00  1.000000e+01  8.400864e+00
   endloop
 endfacet
 facet normal -7.497812e-01  0.000000e+00  6.616858e-01
   outer loop
     vertex -3.830222e+00  1.000000e+01  8.213938e+00
     vertex -3.830222e+00 -1.000000e+01  8.213938e+00
     vertex -3.665259e+00 -1.000000e+01  8.400864e+00
   endloop
 endfacet
 facet normal -7.818315e-01  1.137771e-19  6.234898e-01
   outer loop
     vertex -3.985663e+00  1.000000e+01  8.019022e+00
     vertex -3.830222e+00 -1.000000e+01  8.213938e+00
     vertex -3.830222e+00  1.000000e+01  8.213938e+00
   endloop
 endfacet
 facet normal -7.818315e-01  0.000000e+00  6.234898e-01
   outer loop
     vertex -3.985663e+00  1.000000e+01  8.019022e+00
     vertex -3.985663e+00 -1.000000e+01  8.019022e+00
     vertex -3.830222e+00 -1.000000e+01  8.213938e+00
   endloop
 endfacet
 facet normal -8.119380e-01  0.000000e+00  5.837437e-01
   outer loop
     vertex -3.985663e+00  1.000000e+01  8.019022e+00
     vertex -4.131194e+00 -1.000000e+01  7.816600e+00
     vertex -3.985663e+00 -1.000000e+01  8.019022e+00
   endloop
 endfacet
 facet normal -8.119380e-01  0.000000e+00  5.837437e-01
   outer loop
     vertex -4.131194e+00  1.000000e+01  7.816600e+00
     vertex -4.131194e+00 -1.000000e+01  7.816600e+00
     vertex -3.985663e+00  1.000000e+01  8.019022e+00
   endloop
 endfacet
 facet normal -8.400259e-01 -1.255488e-19  5.425463e-01
   outer loop
     vertex -4.266454e+00  1.000000e+01  7.607176e+00
     vertex -4.131194e+00 -1.000000e+01  7.816600e+00
     vertex -4.131194e+00  1.000000e+01  7.816600e+00
   endloop
 endfacet
 facet normal -8.400259e-01  0.000000e+00  5.425463e-01
   outer loop
     vertex -4.266454e+00  1.000000e+01  7.607176e+00
     vertex -4.266454e+00 -1.000000e+01  7.607176e+00
     vertex -4.131194e+00 -1.000000e+01  7.816600e+00
   endloop
 endfacet
 facet normal -8.660254e-01  0.000000e+00  5.000000e-01
   outer loop
     vertex -4.266454e+00  1.000000e+01  7.607176e+00
     vertex -4.391108e+00 -1.000000e+01  7.391270e+00
     vertex -4.266454e+00 -1.000000e+01  7.607176e+00
   endloop
 endfacet
 facet normal -8.660254e-01  0.000000e+00  5.000000e-01
   outer loop
     vertex -4.391108e+00  1.000000e+01  7.391270e+00
     vertex -4.391108e+00 -1.000000e+01  7.391270e+00
     vertex -4.266454e+00  1.000000e+01  7.607176e+00
   endloop
 endfacet
 facet normal -8.898718e-01  1.312979e-19  4.562107e-01
   outer loop
     vertex -4.504844e+00  1.000000e+01  7.169419e+00
     vertex -4.391108e+00 -1.000000e+01  7.391270e+00
     vertex -4.391108e+00  1.000000e+01  7.391270e+00
   endloop
 endfacet
 facet normal -8.898718e-01  0.000000e+00  4.562107e-01
   outer loop
     vertex -4.504844e+00  1.000000e+01  7.169419e+00
     vertex -4.504844e+00 -1.000000e+01  7.169419e+00
     vertex -4.391108e+00 -1.000000e+01  7.391270e+00
   endloop
 endfacet
 facet normal -9.115059e-01 -2.995155e-19  4.112871e-01
   outer loop
     vertex -4.607381e+00  1.000000e+01  6.942174e+00
     vertex -4.504844e+00 -1.000000e+01  7.169419e+00
     vertex -4.504844e+00  1.000000e+01  7.169419e+00
   endloop
 endfacet
 facet normal -9.115059e-01  0.000000e+00  4.112871e-01
   outer loop
     vertex -4.607381e+00  1.000000e+01  6.942174e+00
     vertex -4.607381e+00 -1.000000e+01  6.942174e+00
     vertex -4.504844e+00 -1.000000e+01  7.169419e+00
   endloop
 endfacet
 facet normal -9.308737e-01  1.962771e-19  3.653410e-01
   outer loop
     vertex -4.698463e+00  1.000000e+01  6.710101e+00
     vertex -4.607381e+00 -1.000000e+01  6.942174e+00
     vertex -4.607381e+00  1.000000e+01  6.942174e+00
   endloop
 endfacet
 facet normal -9.308737e-01  0.000000e+00  3.653410e-01
   outer loop
     vertex -4.698463e+00  1.000000e+01  6.710101e+00
     vertex -4.698463e+00 -1.000000e+01  6.710101e+00
     vertex -4.607381e+00 -1.000000e+01  6.942174e+00
   endloop
 endfacet
 facet normal -9.479273e-01  1.600007e-19  3.184867e-01
   outer loop
     vertex -4.777864e+00  1.000000e+01  6.473776e+00
     vertex -4.698463e+00 -1.000000e+01  6.710101e+00
     vertex -4.698463e+00  1.000000e+01  6.710101e+00
   endloop
 endfacet
 facet normal -9.479273e-01  0.000000e+00  3.184867e-01
   outer loop
     vertex -4.777864e+00  1.000000e+01  6.473776e+00
     vertex -4.777864e+00 -1.000000e+01  6.473776e+00
     vertex -4.698463e+00 -1.000000e+01  6.710101e+00
   endloop
 endfacet
 facet normal -9.626242e-01  0.000000e+00  2.708405e-01
   outer loop
     vertex -4.777864e+00  1.000000e+01  6.473776e+00
     vertex -4.845386e+00 -1.000000e+01  6.233787e+00
     vertex -4.777864e+00 -1.000000e+01  6.473776e+00
   endloop
 endfacet
 facet normal -9.626242e-01  0.000000e+00  2.708405e-01
   outer loop
     vertex -4.845386e+00  1.000000e+01  6.233787e+00
     vertex -4.845386e+00 -1.000000e+01  6.233787e+00
     vertex -4.777864e+00  1.000000e+01  6.473776e+00
   endloop
 endfacet
 facet normal -9.749279e-01  1.453377e-19  2.225209e-01
   outer loop
     vertex -4.900862e+00  1.000000e+01  5.990731e+00
     vertex -4.845386e+00 -1.000000e+01  6.233787e+00
     vertex -4.845386e+00  1.000000e+01  6.233787e+00
   endloop
 endfacet
 facet normal -9.749279e-01  0.000000e+00  2.225209e-01
   outer loop
     vertex -4.900862e+00  1.000000e+01  5.990731e+00
     vertex -4.900862e+00 -1.000000e+01  5.990731e+00
     vertex -4.845386e+00 -1.000000e+01  6.233787e+00
   endloop
 endfacet
 facet normal -9.848078e-01 -8.725443e-21  1.736482e-01
   outer loop
     vertex -4.944154e+00  1.000000e+01  5.745211e+00
     vertex -4.900862e+00 -1.000000e+01  5.990731e+00
     vertex -4.900862e+00  1.000000e+01  5.990731e+00
   endloop
 endfacet
 facet normal -9.848078e-01  0.000000e+00  1.736482e-01
   outer loop
     vertex -4.944154e+00  1.000000e+01  5.745211e+00
     vertex -4.944154e+00 -1.000000e+01  5.745211e+00
     vertex -4.900862e+00 -1.000000e+01  5.990731e+00
   endloop
 endfacet
 facet normal -9.922392e-01  0.000000e+00  1.243437e-01
   outer loop
     vertex -4.944154e+00  1.000000e+01  5.745211e+00
     vertex -4.975154e+00 -1.000000e+01  5.497839e+00
     vertex -4.944154e+00 -1.000000e+01  5.745211e+00
   endloop
 endfacet
 facet normal -9.972038e-01  0.000000e+00  7.473009e-02
   outer loop
     vertex -4.975154e+00  1.000000e+01  5.497839e+00
     vertex -4.993785e+00 -1.000000e+01  5.249229e+00
     vertex -4.975154e+00 -1.000000e+01  5.497839e+00
   endloop
 endfacet
 facet normal -9.922392e-01  0.000000e+00  1.243437e-01
   outer loop
     vertex -4.975154e+00  1.000000e+01  5.497839e+00
     vertex -4.975154e+00 -1.000000e+01  5.497839e+00
     vertex -4.944154e+00  1.000000e+01  5.745211e+00
   endloop
 endfacet
 facet normal -9.996892e-01  0.000000e+00  2.493069e-02
   outer loop
     vertex -4.993785e+00  1.000000e+01  5.249229e+00
     vertex -5.000000e+00 -1.000000e+01  5.000000e+00
     vertex -4.993785e+00 -1.000000e+01  5.249229e+00
   endloop
 endfacet
 facet normal -9.972038e-01  0.000000e+00  7.473009e-02
   outer loop
     vertex -4.993785e+00  1.000000e+01  5.249229e+00
     vertex -4.993785e+00 -1.000000e+01  5.249229e+00
     vertex -4.975154e+00  1.000000e+01  5.497839e+00
   endloop
 endfacet
 facet normal -9.996892e-01 -0.000000e+00 -2.493069e-02
   outer loop
     vertex -5.000000e+00  1.000000e+01  5.000000e+00
     vertex -4.993785e+00 -1.000000e+01  4.750771e+00
     vertex -5.000000e+00 -1.000000e+01  5.000000e+00
   endloop
 endfacet
 facet normal -9.996892e-01  0.000000e+00  2.493069e-02
   outer loop
     vertex -5.000000e+00  1.000000e+01  5.000000e+00
     vertex -5.000000e+00 -1.000000e+01  5.000000e+00
     vertex -4.993785e+00  1.000000e+01  5.249229e+00
   endloop
 endfacet
 facet normal -9.996892e-01 -0.000000e+00 -2.493069e-02
   outer loop
     vertex -4.993785e+00  1.000000e+01  4.750771e+00
     vertex -4.993785e+00 -1.000000e+01  4.750771e+00
     vertex -5.000000e+00  1.000000e+01  5.000000e+00
   endloop
 endfacet
 facet normal -9.972038e-01 -4.272805e-20 -7.473009e-02
   outer loop
     vertex -4.975154e+00  1.000000e+01  4.502161e+00
     vertex -4.993785e+00 -1.000000e+01  4.750771e+00
     vertex -4.993785e+00  1.000000e+01  4.750771e+00
   endloop
 endfacet
 facet normal -9.972038e-01 -0.000000e+00 -7.473009e-02
   outer loop
     vertex -4.975154e+00  1.000000e+01  4.502161e+00
     vertex -4.975154e+00 -1.000000e+01  4.502161e+00
     vertex -4.993785e+00 -1.000000e+01  4.750771e+00
   endloop
 endfacet
 facet normal -9.922392e-01 -0.000000e+00 -1.243437e-01
   outer loop
     vertex -4.975154e+00  1.000000e+01  4.502161e+00
     vertex -4.944154e+00 -1.000000e+01  4.254789e+00
     vertex -4.975154e+00 -1.000000e+01  4.502161e+00
   endloop
 endfacet
 facet normal -9.922392e-01 -0.000000e+00 -1.243437e-01
   outer loop
     vertex -4.944154e+00  1.000000e+01  4.254789e+00
     vertex -4.944154e+00 -1.000000e+01  4.254789e+00
     vertex -4.975154e+00  1.000000e+01  4.502161e+00
   endloop
 endfacet
 facet normal -9.848078e-01 -0.000000e+00 -1.736482e-01
   outer loop
     vertex -4.944154e+00  1.000000e+01  4.254789e+00
     vertex -4.900862e+00 -1.000000e+01  4.009269e+00
     vertex -4.944154e+00 -1.000000e+01  4.254789e+00
   endloop
 endfacet
 facet normal -9.848078e-01 -0.000000e+00 -1.736482e-01
   outer loop
     vertex -4.900862e+00  1.000000e+01  4.009269e+00
     vertex -4.900862e+00 -1.000000e+01  4.009269e+00
     vertex -4.944154e+00  1.000000e+01  4.254789e+00
   endloop
 endfacet
 facet normal -9.749279e-01 -1.069365e-19 -2.225209e-01
   outer loop
     vertex -4.845386e+00  1.000000e+01  3.766213e+00
     vertex -4.900862e+00 -1.000000e+01  4.009269e+00
     vertex -4.900862e+00  1.000000e+01  4.009269e+00
   endloop
 endfacet
 facet normal -9.749279e-01 -0.000000e+00 -2.225209e-01
   outer loop
     vertex -4.845386e+00  1.000000e+01  3.766213e+00
     vertex -4.845386e+00 -1.000000e+01  3.766213e+00
     vertex -4.900862e+00 -1.000000e+01  4.009269e+00
   endloop
 endfacet
 facet normal -9.626242e-01 -4.316354e-20 -2.708405e-01
   outer loop
     vertex -4.777864e+00  1.000000e+01  3.526224e+00
     vertex -4.845386e+00 -1.000000e+01  3.766213e+00
     vertex -4.845386e+00  1.000000e+01  3.766213e+00
   endloop
 endfacet
 facet normal -9.626242e-01 -0.000000e+00 -2.708405e-01
   outer loop
     vertex -4.777864e+00  1.000000e+01  3.526224e+00
     vertex -4.777864e+00 -1.000000e+01  3.526224e+00
     vertex -4.845386e+00 -1.000000e+01  3.766213e+00
   endloop
 endfacet
 facet normal -9.479273e-01 -0.000000e+00 -3.184867e-01
   outer loop
     vertex -4.777864e+00  1.000000e+01  3.526224e+00
     vertex -4.698463e+00 -1.000000e+01  3.289899e+00
     vertex -4.777864e+00 -1.000000e+01  3.526224e+00
   endloop
 endfacet
 facet normal -9.479273e-01 -0.000000e+00 -3.184867e-01
   outer loop
     vertex -4.698463e+00  1.000000e+01  3.289899e+00
     vertex -4.698463e+00 -1.000000e+01  3.289899e+00
     vertex -4.777864e+00  1.000000e+01  3.526224e+00
   endloop
 endfacet
 facet normal -9.308737e-01 -7.208156e-20 -3.653410e-01
   outer loop
     vertex -4.607381e+00  1.000000e+01  3.057826e+00
     vertex -4.698463e+00 -1.000000e+01  3.289899e+00
     vertex -4.698463e+00  1.000000e+01  3.289899e+00
   endloop
 endfacet
 facet normal -9.308737e-01 -0.000000e+00 -3.653410e-01
   outer loop
     vertex -4.607381e+00  1.000000e+01  3.057826e+00
     vertex -4.607381e+00 -1.000000e+01  3.057826e+00
     vertex -4.698463e+00 -1.000000e+01  3.289899e+00
   endloop
 endfacet
 facet normal -9.115059e-01 -2.575195e-19 -4.112871e-01
   outer loop
     vertex -4.504844e+00  1.000000e+01  2.830581e+00
     vertex -4.607381e+00 -1.000000e+01  3.057826e+00
     vertex -4.607381e+00  1.000000e+01  3.057826e+00
   endloop
 endfacet
 facet normal -9.115059e-01 -0.000000e+00 -4.112871e-01
   outer loop
     vertex -4.504844e+00  1.000000e+01  2.830581e+00
     vertex -4.504844e+00 -1.000000e+01  2.830581e+00
     vertex -4.607381e+00 -1.000000e+01  3.057826e+00
   endloop
 endfacet
 facet normal -8.898718e-01 -1.518556e-19 -4.562107e-01
   outer loop
     vertex -4.391108e+00  1.000000e+01  2.608730e+00
     vertex -4.504844e+00 -1.000000e+01  2.830581e+00
     vertex -4.504844e+00  1.000000e+01  2.830581e+00
   endloop
 endfacet
 facet normal -8.898718e-01 -0.000000e+00 -4.562107e-01
   outer loop
     vertex -4.391108e+00  1.000000e+01  2.608730e+00
     vertex -4.391108e+00 -1.000000e+01  2.608730e+00
     vertex -4.504844e+00 -1.000000e+01  2.830581e+00
   endloop
 endfacet
 facet normal -8.660254e-01  2.926809e-19 -5.000000e-01
   outer loop
     vertex -4.266454e+00  1.000000e+01  2.392824e+00
     vertex -4.391108e+00 -1.000000e+01  2.608730e+00
     vertex -4.391108e+00  1.000000e+01  2.608730e+00
   endloop
 endfacet
 facet normal -8.660254e-01 -0.000000e+00 -5.000000e-01
   outer loop
     vertex -4.266454e+00  1.000000e+01  2.392824e+00
     vertex -4.266454e+00 -1.000000e+01  2.392824e+00
     vertex -4.391108e+00 -1.000000e+01  2.608730e+00
   endloop
 endfacet
 facet normal -8.400259e-01 -2.909199e-19 -5.425463e-01
   outer loop
     vertex -4.131194e+00  1.000000e+01  2.183400e+00
     vertex -4.266454e+00 -1.000000e+01  2.392824e+00
     vertex -4.266454e+00  1.000000e+01  2.392824e+00
   endloop
 endfacet
 facet normal -8.400259e-01 -0.000000e+00 -5.425463e-01
   outer loop
     vertex -4.131194e+00  1.000000e+01  2.183400e+00
     vertex -4.131194e+00 -1.000000e+01  2.183400e+00
     vertex -4.266454e+00 -1.000000e+01  2.392824e+00
   endloop
 endfacet
 facet normal -8.119380e-01 -6.370618e-20 -5.837437e-01
   outer loop
     vertex -3.985663e+00  1.000000e+01  1.980978e+00
     vertex -4.131194e+00 -1.000000e+01  2.183400e+00
     vertex -4.131194e+00  1.000000e+01  2.183400e+00
   endloop
 endfacet
 facet normal -8.119380e-01 -0.000000e+00 -5.837437e-01
   outer loop
     vertex -3.985663e+00  1.000000e+01  1.980978e+00
     vertex -3.985663e+00 -1.000000e+01  1.980978e+00
     vertex -4.131194e+00 -1.000000e+01  2.183400e+00
   endloop
 endfacet
 facet normal -7.818315e-01 -0.000000e+00 -6.234898e-01
   outer loop
     vertex -3.830222e+00  1.000000e+01  1.786062e+00
     vertex -3.830222e+00 -1.000000e+01  1.786062e+00
     vertex -3.985663e+00 -1.000000e+01  1.980978e+00
   endloop
 endfacet
 facet normal -7.818315e-01 -2.580049e-19 -6.234898e-01
   outer loop
     vertex -3.830222e+00  1.000000e+01  1.786062e+00
     vertex -3.985663e+00 -1.000000e+01  1.980978e+00
     vertex -3.985663e+00  1.000000e+01  1.980978e+00
   endloop
 endfacet
 facet normal -7.497812e-01 -0.000000e+00 -6.616858e-01
   outer loop
     vertex -3.665259e+00  1.000000e+01  1.599136e+00
     vertex -3.665259e+00 -1.000000e+01  1.599136e+00
     vertex -3.830222e+00 -1.000000e+01  1.786062e+00
   endloop
 endfacet
 facet normal -7.497812e-01 -5.720462e-20 -6.616858e-01
   outer loop
     vertex -3.665259e+00  1.000000e+01  1.599136e+00
     vertex -3.830222e+00 -1.000000e+01  1.786062e+00
     vertex -3.830222e+00  1.000000e+01  1.786062e+00
   endloop
 endfacet
 facet normal -7.158668e-01 -0.000000e+00 -6.982368e-01
   outer loop
     vertex -3.491184e+00  1.000000e+01  1.420666e+00
     vertex -3.491184e+00 -1.000000e+01  1.420666e+00
     vertex -3.665259e+00 -1.000000e+01  1.599136e+00
   endloop
 endfacet
 facet normal -7.158668e-01  1.187555e-19 -6.982368e-01
   outer loop
     vertex -3.491184e+00  1.000000e+01  1.420666e+00
     vertex -3.665259e+00 -1.000000e+01  1.599136e+00
     vertex -3.665259e+00  1.000000e+01  1.599136e+00
   endloop
 endfacet
 facet normal -6.801727e-01 -0.000000e+00 -7.330519e-01
   outer loop
     vertex -3.308429e+00  1.000000e+01  1.251094e+00
     vertex -3.308429e+00 -1.000000e+01  1.251094e+00
     vertex -3.491184e+00 -1.000000e+01  1.420666e+00
   endloop
 endfacet
 facet normal -6.801727e-01  2.079405e-21 -7.330519e-01
   outer loop
     vertex -3.308429e+00  1.000000e+01  1.251094e+00
     vertex -3.491184e+00 -1.000000e+01  1.420666e+00
     vertex -3.491184e+00  1.000000e+01  1.420666e+00
   endloop
 endfacet
 facet normal -6.427876e-01 -0.000000e+00 -7.660444e-01
   outer loop
     vertex -3.117449e+00  1.000000e+01  1.090843e+00
     vertex -3.117449e+00 -1.000000e+01  1.090843e+00
     vertex -3.308429e+00 -1.000000e+01  1.251094e+00
   endloop
 endfacet
 facet normal -6.427876e-01  5.167743e-20 -7.660444e-01
   outer loop
     vertex -3.117449e+00  1.000000e+01  1.090843e+00
     vertex -3.308429e+00 -1.000000e+01  1.251094e+00
     vertex -3.308429e+00  1.000000e+01  1.251094e+00
   endloop
 endfacet
 facet normal -6.038044e-01 -0.000000e+00 -7.971325e-01
   outer loop
     vertex -2.918718e+00  1.000000e+01  9.403100e-01
     vertex -2.918718e+00 -1.000000e+01  9.403100e-01
     vertex -3.117449e+00 -1.000000e+01  1.090843e+00
   endloop
 endfacet
 facet normal -6.038044e-01 -2.981231e-19 -7.971325e-01
   outer loop
     vertex -2.918718e+00  1.000000e+01  9.403100e-01
     vertex -3.117449e+00 -1.000000e+01  1.090843e+00
     vertex -3.117449e+00  1.000000e+01  1.090843e+00
   endloop
 endfacet
 facet normal -5.633201e-01 -0.000000e+00 -8.262388e-01
   outer loop
     vertex -2.712731e+00  1.000000e+01  7.998704e-01
     vertex -2.712731e+00 -1.000000e+01  7.998704e-01
     vertex -2.918718e+00 -1.000000e+01  9.403100e-01
   endloop
 endfacet
 facet normal -5.214352e-01 -0.000000e+00 -8.532909e-01
   outer loop
     vertex -2.712731e+00  1.000000e+01  7.998704e-01
     vertex -2.500000e+00 -1.000000e+01  6.698730e-01
     vertex -2.712731e+00 -1.000000e+01  7.998704e-01
   endloop
 endfacet
 facet normal -5.633201e-01 -3.750711e-20 -8.262388e-01
   outer loop
     vertex -2.712731e+00  1.000000e+01  7.998704e-01
     vertex -2.918718e+00 -1.000000e+01  9.403100e-01
     vertex -2.918718e+00  1.000000e+01  9.403100e-01
   endloop
 endfacet
 facet normal -5.214352e-01 -0.000000e+00 -8.532909e-01
   outer loop
     vertex -2.500000e+00  1.000000e+01  6.698730e-01
     vertex -2.500000e+00 -1.000000e+01  6.698730e-01
     vertex -2.712731e+00  1.000000e+01  7.998704e-01
   endloop
 endfacet
 facet normal -4.782540e-01 -0.000000e+00 -8.782216e-01
   outer loop
     vertex -2.281053e+00  1.000000e+01  5.506410e-01
     vertex -2.281053e+00 -1.000000e+01  5.506410e-01
     vertex -2.500000e+00 -1.000000e+01  6.698730e-01
   endloop
 endfacet
 facet normal -4.782540e-01 -2.078156e-19 -8.782216e-01
   outer loop
     vertex -2.281053e+00  1.000000e+01  5.506410e-01
     vertex -2.500000e+00 -1.000000e+01  6.698730e-01
     vertex -2.500000e+00  1.000000e+01  6.698730e-01
   endloop
 endfacet
 facet normal -4.338837e-01 -0.000000e+00 -9.009689e-01
   outer loop
     vertex -2.056436e+00  1.000000e+01  4.424707e-01
     vertex -2.056436e+00 -1.000000e+01  4.424707e-01
     vertex -2.281053e+00 -1.000000e+01  5.506410e-01
   endloop
 endfacet
 facet normal -3.884348e-01 -0.000000e+00 -9.214762e-01
   outer loop
     vertex -2.056436e+00  1.000000e+01  4.424707e-01
     vertex -1.826705e+00 -1.000000e+01  3.456313e-01
     vertex -2.056436e+00 -1.000000e+01  4.424707e-01
   endloop
 endfacet
 facet normal -4.338837e-01 -4.159652e-20 -9.009689e-01
   outer loop
     vertex -2.056436e+00  1.000000e+01  4.424707e-01
     vertex -2.281053e+00 -1.000000e+01  5.506410e-01
     vertex -2.281053e+00  1.000000e+01  5.506410e-01
   endloop
 endfacet
 facet normal -3.884348e-01 -0.000000e+00 -9.214762e-01
   outer loop
     vertex -1.826705e+00  1.000000e+01  3.456313e-01
     vertex -1.826705e+00 -1.000000e+01  3.456313e-01
     vertex -2.056436e+00  1.000000e+01  4.424707e-01
   endloop
 endfacet
 facet normal -3.420201e-01 -0.000000e+00 -9.396926e-01
   outer loop
     vertex -1.592433e+00  1.000000e+01  2.603633e-01
     vertex -1.592433e+00 -1.000000e+01  2.603633e-01
     vertex -1.826705e+00 -1.000000e+01  3.456313e-01
   endloop
 endfacet
 facet normal -3.420201e-01  2.923745e-19 -9.396926e-01
   outer loop
     vertex -1.592433e+00  1.000000e+01  2.603633e-01
     vertex -1.826705e+00 -1.000000e+01  3.456313e-01
     vertex -1.826705e+00  1.000000e+01  3.456313e-01
   endloop
 endfacet
 facet normal -2.947552e-01 -0.000000e+00 -9.555728e-01
   outer loop
     vertex -1.354202e+00  1.000000e+01  1.868788e-01
     vertex -1.354202e+00 -1.000000e+01  1.868788e-01
     vertex -1.592433e+00 -1.000000e+01  2.603633e-01
   endloop
 endfacet
 facet normal -2.947552e-01 -1.070916e-20 -9.555728e-01
   outer loop
     vertex -1.354202e+00  1.000000e+01  1.868788e-01
     vertex -1.592433e+00 -1.000000e+01  2.603633e-01
     vertex -1.592433e+00  1.000000e+01  2.603633e-01
   endloop
 endfacet
 facet normal -2.467574e-01 -0.000000e+00 -9.690773e-01
   outer loop
     vertex -1.112605e+00  1.000000e+01  1.253604e-01
     vertex -1.112605e+00 -1.000000e+01  1.253604e-01
     vertex -1.354202e+00 -1.000000e+01  1.868788e-01
   endloop
 endfacet
 facet normal -1.981461e-01 -0.000000e+00 -9.801725e-01
   outer loop
     vertex -1.112605e+00  1.000000e+01  1.253604e-01
     vertex -8.682409e-01 -1.000000e+01  7.596123e-02
     vertex -1.112605e+00 -1.000000e+01  1.253604e-01
   endloop
 endfacet
 facet normal -2.467574e-01  4.524570e-20 -9.690773e-01
   outer loop
     vertex -1.112605e+00  1.000000e+01  1.253604e-01
     vertex -1.354202e+00 -1.000000e+01  1.868788e-01
     vertex -1.354202e+00  1.000000e+01  1.868788e-01
   endloop
 endfacet
 facet normal -1.981461e-01 -0.000000e+00 -9.801725e-01
   outer loop
     vertex -8.682409e-01  1.000000e+01  7.596123e-02
     vertex -8.682409e-01 -1.000000e+01  7.596123e-02
     vertex -1.112605e+00  1.000000e+01  1.253604e-01
   endloop
 endfacet
 facet normal -1.490423e-01 -0.000000e+00 -9.888308e-01
   outer loop
     vertex -8.682409e-01  1.000000e+01  7.596123e-02
     vertex -6.217185e-01 -1.000000e+01  3.880397e-02
     vertex -8.682409e-01 -1.000000e+01  7.596123e-02
   endloop
 endfacet
 facet normal -1.490423e-01 -0.000000e+00 -9.888308e-01
   outer loop
     vertex -6.217185e-01  1.000000e+01  3.880397e-02
     vertex -6.217185e-01 -1.000000e+01  3.880397e-02
     vertex -8.682409e-01  1.000000e+01  7.596123e-02
   endloop
 endfacet
 facet normal -9.956785e-02  2.212652e-20 -9.950308e-01
   outer loop
     vertex -3.736505e-01  1.000000e+01  1.398101e-02
     vertex -6.217185e-01 -1.000000e+01  3.880397e-02
     vertex -6.217185e-01  1.000000e+01  3.880397e-02
   endloop
 endfacet
 facet normal -9.956785e-02 -0.000000e+00 -9.950308e-01
   outer loop
     vertex -3.736505e-01  1.000000e+01  1.398101e-02
     vertex -3.736505e-01 -1.000000e+01  1.398101e-02
     vertex -6.217185e-01 -1.000000e+01  3.880397e-02
   endloop
 endfacet
 facet normal -4.984589e-02 -0.000000e+00 -9.987569e-01
   outer loop
     vertex -3.736505e-01  1.000000e+01  1.398101e-02
     vertex -1.246535e-01 -1.000000e+01  1.554090e-03
     vertex -3.736505e-01 -1.000000e+01  1.398101e-02
   endloop
 endfacet
 facet normal -4.984589e-02 -0.000000e+00 -9.987569e-01
   outer loop
     vertex -1.246535e-01  1.000000e+01  1.554090e-03
     vertex -1.246535e-01 -1.000000e+01  1.554090e-03
     vertex -3.736505e-01  1.000000e+01  1.398101e-02
   endloop
 endfacet
 facet normal  7.125181e-15  0.000000e+00 -1.000000e+00
   outer loop
     vertex  1.246535e-01  1.000000e+01  1.554090e-03
     vertex  1.246535e-01 -1.000000e+01  1.554090e-03
     vertex -1.246535e-01 -1.000000e+01  1.554090e-03
   endloop
 endfacet
 facet normal  7.125181e-15  0.000000e+00 -1.000000e+00
   outer loop
     vertex  1.246535e-01  1.000000e+01  1.554090e-03
     vertex -1.246535e-01 -1.000000e+01  1.554090e-03
     vertex -1.246535e-01  1.000000e+01  1.554090e-03
   endloop
 endfacet
 facet normal  4.984589e-02  0.000000e+00 -9.987569e-01
   outer loop
     vertex  3.736505e-01  1.000000e+01  1.398101e-02
     vertex  3.736505e-01 -1.000000e+01  1.398101e-02
     vertex  1.246535e-01 -1.000000e+01  1.554090e-03
   endloop
 endfacet
 facet normal  4.984589e-02 -3.871226e-20 -9.987569e-01
   outer loop
     vertex  3.736505e-01  1.000000e+01  1.398101e-02
     vertex  1.246535e-01 -1.000000e+01  1.554090e-03
     vertex  1.246535e-01  1.000000e+01  1.554090e-03
   endloop
 endfacet
 facet normal  9.956785e-02  0.000000e+00 -9.950308e-01
   outer loop
     vertex  6.217185e-01  1.000000e+01  3.880397e-02
     vertex  6.217185e-01 -1.000000e+01  3.880397e-02
     vertex  3.736505e-01 -1.000000e+01  1.398101e-02
   endloop
 endfacet
 facet normal  9.956785e-02 -8.595320e-20 -9.950308e-01
   outer loop
     vertex  6.217185e-01  1.000000e+01  3.880397e-02
     vertex  3.736505e-01 -1.000000e+01  1.398101e-02
     vertex  3.736505e-01  1.000000e+01  1.398101e-02
   endloop
 endfacet
 facet normal  1.490423e-01  0.000000e+00 -9.888308e-01
   outer loop
     vertex  8.682409e-01  1.000000e+01  7.596123e-02
     vertex  8.682409e-01 -1.000000e+01  7.596123e-02
     vertex  6.217185e-01 -1.000000e+01  3.880397e-02
   endloop
 endfacet
 facet normal  1.490423e-01  1.081176e-19 -9.888308e-01
   outer loop
     vertex  8.682409e-01  1.000000e+01  7.596123e-02
     vertex  6.217185e-01 -1.000000e+01  3.880397e-02
     vertex  6.217185e-01  1.000000e+01  3.880397e-02
   endloop
 endfacet
 facet normal  1.981461e-01  0.000000e+00 -9.801725e-01
   outer loop
     vertex  1.112605e+00  1.000000e+01  1.253604e-01
     vertex  1.112605e+00 -1.000000e+01  1.253604e-01
     vertex  8.682409e-01 -1.000000e+01  7.596123e-02
   endloop
 endfacet
 facet normal  1.981461e-01 -8.880612e-20 -9.801725e-01
   outer loop
     vertex  1.112605e+00  1.000000e+01  1.253604e-01
     vertex  8.682409e-01 -1.000000e+01  7.596123e-02
     vertex  8.682409e-01  1.000000e+01  7.596123e-02
   endloop
 endfacet
 facet normal  2.467574e-01  0.000000e+00 -9.690773e-01
   outer loop
     vertex  1.354202e+00  1.000000e+01  1.868788e-01
     vertex  1.354202e+00 -1.000000e+01  1.868788e-01
     vertex  1.112605e+00 -1.000000e+01  1.253604e-01
   endloop
 endfacet
 facet normal  2.467574e-01 -4.084957e-21 -9.690773e-01
   outer loop
     vertex  1.354202e+00  1.000000e+01  1.868788e-01
     vertex  1.112605e+00 -1.000000e+01  1.253604e-01
     vertex  1.112605e+00  1.000000e+01  1.253604e-01
   endloop
 endfacet
 facet normal  2.947552e-01  0.000000e+00 -9.555728e-01
   outer loop
     vertex  1.592433e+00  1.000000e+01  2.603633e-01
     vertex  1.592433e+00 -1.000000e+01  2.603633e-01
     vertex  1.354202e+00 -1.000000e+01  1.868788e-01
   endloop
 endfacet
 facet normal  2.947552e-01 -1.858484e-19 -9.555728e-01
   outer loop
     vertex  1.592433e+00  1.000000e+01  2.603633e-01
     vertex  1.354202e+00 -1.000000e+01  1.868788e-01
     vertex  1.354202e+00  1.000000e+01  1.868788e-01
   endloop
 endfacet
 facet normal  3.420201e-01  0.000000e+00 -9.396926e-01
   outer loop
     vertex  1.826705e+00  1.000000e+01  3.456313e-01
     vertex  1.826705e+00 -1.000000e+01  3.456313e-01
     vertex  1.592433e+00 -1.000000e+01  2.603633e-01
   endloop
 endfacet
 facet normal  3.884348e-01  0.000000e+00 -9.214762e-01
   outer loop
     vertex  1.826705e+00  1.000000e+01  3.456313e-01
     vertex  2.056436e+00 -1.000000e+01  4.424707e-01
     vertex  1.826705e+00 -1.000000e+01  3.456313e-01
   endloop
 endfacet
 facet normal  3.420201e-01  1.540172e-19 -9.396926e-01
   outer loop
     vertex  1.826705e+00  1.000000e+01  3.456313e-01
     vertex  1.592433e+00 -1.000000e+01  2.603633e-01
     vertex  1.592433e+00  1.000000e+01  2.603633e-01
   endloop
 endfacet
 facet normal  3.884348e-01  0.000000e+00 -9.214762e-01
   outer loop
     vertex  2.056436e+00  1.000000e+01  4.424707e-01
     vertex  2.056436e+00 -1.000000e+01  4.424707e-01
     vertex  1.826705e+00  1.000000e+01  3.456313e-01
   endloop
 endfacet
 facet normal  4.338837e-01  0.000000e+00 -9.009689e-01
   outer loop
     vertex  2.056436e+00  1.000000e+01  4.424707e-01
     vertex  2.281053e+00 -1.000000e+01  5.506410e-01
     vertex  2.056436e+00 -1.000000e+01  4.424707e-01
   endloop
 endfacet
 facet normal  4.782540e-01  0.000000e+00 -8.782216e-01
   outer loop
     vertex  2.281053e+00  1.000000e+01  5.506410e-01
     vertex  2.500000e+00 -1.000000e+01  6.698730e-01
     vertex  2.281053e+00 -1.000000e+01  5.506410e-01
   endloop
 endfacet
 facet normal  4.338837e-01  0.000000e+00 -9.009689e-01
   outer loop
     vertex  2.281053e+00  1.000000e+01  5.506410e-01
     vertex  2.281053e+00 -1.000000e+01  5.506410e-01
     vertex  2.056436e+00  1.000000e+01  4.424707e-01
   endloop
 endfacet
 facet normal  5.214352e-01 -3.638815e-04 -8.532908e-01
   outer loop
     vertex  2.633913e+00 -6.000000e+00  7.500000e-01
     vertex  2.712731e+00 -1.000000e+01  7.998704e-01
     vertex  2.500000e+00 -1.000000e+01  6.698730e-01
   endloop
 endfacet
 facet normal  5.471881e-01  3.465552e-04 -8.370096e-01
   outer loop
     vertex  2.836367e+00 -6.000000e+00  8.823526e-01
     vertex  2.712731e+00 -1.000000e+01  7.998704e-01
     vertex  2.633913e+00 -6.000000e+00  7.500000e-01
   endloop
 endfacet
 facet normal  5.633200e-01 -3.741664e-04 -8.262387e-01
   outer loop
     vertex  2.918718e+00 -1.000000e+01  9.403100e-01
     vertex  2.712731e+00 -1.000000e+01  7.998704e-01
     vertex  2.836367e+00 -6.000000e+00  8.823526e-01
   endloop
 endfacet
 facet normal  4.782540e-01  0.000000e+00 -8.782216e-01
   outer loop
     vertex  2.500000e+00  1.000000e+01  6.698730e-01
     vertex  2.500000e+00 -1.000000e+01  6.698730e-01
     vertex  2.281053e+00  1.000000e+01  5.506410e-01
   endloop
 endfacet
 facet normal  5.134539e-01  0.000000e+00 -8.581172e-01
   outer loop
     vertex  2.633913e+00  6.000000e+00  7.500000e-01
     vertex  2.633913e+00 -6.000000e+00  7.500000e-01
     vertex  2.500000e+00 -1.000000e+01  6.698730e-01
   endloop
 endfacet
 facet normal  5.134539e-01  1.410734e-19 -8.581172e-01
   outer loop
     vertex  2.633913e+00  6.000000e+00  7.500000e-01
     vertex  2.500000e+00 -1.000000e+01  6.698730e-01
     vertex  2.500000e+00  1.000000e+01  6.698730e-01
   endloop
 endfacet
 facet normal  5.870268e-01  3.554593e-04 -8.095674e-01
   outer loop
     vertex  3.032184e+00 -6.000000e+00  1.024341e+00
     vertex  2.918718e+00 -1.000000e+01  9.403100e-01
     vertex  2.836367e+00 -6.000000e+00  8.823526e-01
   endloop
 endfacet
 facet normal  6.038044e-01 -3.816899e-04 -7.971324e-01
   outer loop
     vertex  3.117449e+00 -1.000000e+01  1.090843e+00
     vertex  2.918718e+00 -1.000000e+01  9.403100e-01
     vertex  3.032184e+00 -6.000000e+00  1.024341e+00
   endloop
 endfacet
 facet normal  5.214352e-01  3.638815e-04 -8.532908e-01
   outer loop
     vertex  2.712731e+00  1.000000e+01  7.998704e-01
     vertex  2.633913e+00  6.000000e+00  7.500000e-01
     vertex  2.500000e+00  1.000000e+01  6.698730e-01
   endloop
 endfacet
 facet normal  5.471881e-01 -3.465552e-04 -8.370096e-01
   outer loop
     vertex  2.836367e+00  6.000000e+00  8.823526e-01
     vertex  2.633913e+00  6.000000e+00  7.500000e-01
     vertex  2.712731e+00  1.000000e+01  7.998704e-01
   endloop
 endfacet
 facet normal  6.254917e-01  3.616022e-04 -7.802307e-01
   outer loop
     vertex  3.220904e+00 -6.000000e+00  1.175634e+00
     vertex  3.117449e+00 -1.000000e+01  1.090843e+00
     vertex  3.032184e+00 -6.000000e+00  1.024341e+00
   endloop
 endfacet
 facet normal  6.427876e-01 -3.864520e-04 -7.660444e-01
   outer loop
     vertex  3.308429e+00 -1.000000e+01  1.251094e+00
     vertex  3.117449e+00 -1.000000e+01  1.090843e+00
     vertex  3.220904e+00 -6.000000e+00  1.175634e+00
   endloop
 endfacet
 facet normal  5.633200e-01  3.741664e-04 -8.262387e-01
   outer loop
     vertex  2.918718e+00  1.000000e+01  9.403100e-01
     vertex  2.836367e+00  6.000000e+00  8.823526e-01
     vertex  2.712731e+00  1.000000e+01  7.998704e-01
   endloop
 endfacet
 facet normal  5.870268e-01 -3.554593e-04 -8.095674e-01
   outer loop
     vertex  3.032184e+00  6.000000e+00  1.024341e+00
     vertex  2.836367e+00  6.000000e+00  8.823526e-01
     vertex  2.918718e+00  1.000000e+01  9.403100e-01
   endloop
 endfacet
 facet normal  6.624929e-01  3.649836e-04 -7.490681e-01
   outer loop
     vertex  3.402087e+00 -6.000000e+00  1.335876e+00
     vertex  3.308429e+00 -1.000000e+01  1.251094e+00
     vertex  3.220904e+00 -6.000000e+00  1.175634e+00
   endloop
 endfacet
 facet normal  6.801727e-01 -3.884528e-04 -7.330518e-01
   outer loop
     vertex  3.491184e+00 -1.000000e+01  1.420666e+00
     vertex  3.308429e+00 -1.000000e+01  1.251094e+00
     vertex  3.402087e+00 -6.000000e+00  1.335876e+00
   endloop
 endfacet
 facet normal  6.038044e-01  3.816899e-04 -7.971324e-01
   outer loop
     vertex  3.117449e+00  1.000000e+01  1.090843e+00
     vertex  3.032184e+00  6.000000e+00  1.024341e+00
     vertex  2.918718e+00  1.000000e+01  9.403100e-01
   endloop
 endfacet
 facet normal  6.254917e-01 -3.616022e-04 -7.802307e-01
   outer loop
     vertex  3.220904e+00  6.000000e+00  1.175634e+00
     vertex  3.032184e+00  6.000000e+00  1.024341e+00
     vertex  3.117449e+00  1.000000e+01  1.090843e+00
   endloop
 endfacet
 facet normal  6.979437e-01  3.656038e-04 -7.161526e-01
   outer loop
     vertex  3.575308e+00 -6.000000e+00  1.504693e+00
     vertex  3.491184e+00 -1.000000e+01  1.420666e+00
     vertex  3.402087e+00 -6.000000e+00  1.335876e+00
   endloop
 endfacet
 facet normal  7.158668e-01 -3.876923e-04 -6.982368e-01
   outer loop
     vertex  3.665259e+00 -1.000000e+01  1.599136e+00
     vertex  3.491184e+00 -1.000000e+01  1.420666e+00
     vertex  3.575308e+00 -6.000000e+00  1.504693e+00
   endloop
 endfacet
 facet normal  6.427876e-01  3.864520e-04 -7.660444e-01
   outer loop
     vertex  3.308429e+00  1.000000e+01  1.251094e+00
     vertex  3.220904e+00  6.000000e+00  1.175634e+00
     vertex  3.117449e+00  1.000000e+01  1.090843e+00
   endloop
 endfacet
 facet normal  6.624929e-01 -3.649836e-04 -7.490681e-01
   outer loop
     vertex  3.402087e+00  6.000000e+00  1.335876e+00
     vertex  3.220904e+00  6.000000e+00  1.175634e+00
     vertex  3.308429e+00  1.000000e+01  1.251094e+00
   endloop
 endfacet
 facet normal  7.317611e-01  3.634626e-04 -6.815611e-01
   outer loop
     vertex  3.740163e+00 -6.000000e+00  1.681690e+00
     vertex  3.665259e+00 -1.000000e+01  1.599136e+00
     vertex  3.575308e+00 -6.000000e+00  1.504693e+00
   endloop
 endfacet
 facet normal  7.497811e-01 -3.841704e-04 -6.616858e-01
   outer loop
     vertex  3.830222e+00 -1.000000e+01  1.786062e+00
     vertex  3.665259e+00 -1.000000e+01  1.599136e+00
     vertex  3.740163e+00 -6.000000e+00  1.681690e+00
   endloop
 endfacet
 facet normal  6.801727e-01  3.884528e-04 -7.330518e-01
   outer loop
     vertex  3.491184e+00  1.000000e+01  1.420666e+00
     vertex  3.402087e+00  6.000000e+00  1.335876e+00
     vertex  3.308429e+00  1.000000e+01  1.251094e+00
   endloop
 endfacet
 facet normal  6.979437e-01 -3.656038e-04 -7.161526e-01
   outer loop
     vertex  3.575308e+00  6.000000e+00  1.504693e+00
     vertex  3.402087e+00  6.000000e+00  1.335876e+00
     vertex  3.491184e+00  1.000000e+01  1.420666e+00
   endloop
 endfacet
 facet normal  7.638661e-01  3.585600e-04 -6.453746e-01
   outer loop
     vertex  3.896264e+00 -6.000000e+00  1.866452e+00
     vertex  3.830222e+00 -1.000000e+01  1.786062e+00
     vertex  3.740163e+00 -6.000000e+00  1.681690e+00
   endloop
 endfacet
 facet normal  7.818314e-01 -3.778872e-04 -6.234898e-01
   outer loop
     vertex  3.985663e+00 -1.000000e+01  1.980978e+00
     vertex  3.830222e+00 -1.000000e+01  1.786062e+00
     vertex  3.896264e+00 -6.000000e+00  1.866452e+00
   endloop
 endfacet
 facet normal  7.158668e-01  3.876923e-04 -6.982368e-01
   outer loop
     vertex  3.665259e+00  1.000000e+01  1.599136e+00
     vertex  3.575308e+00  6.000000e+00  1.504693e+00
     vertex  3.491184e+00  1.000000e+01  1.420666e+00
   endloop
 endfacet
 facet normal  7.317611e-01 -3.634626e-04 -6.815611e-01
   outer loop
     vertex  3.740163e+00  6.000000e+00  1.681690e+00
     vertex  3.575308e+00  6.000000e+00  1.504693e+00
     vertex  3.665259e+00  1.000000e+01  1.599136e+00
   endloop
 endfacet
 facet normal  7.941836e-01  3.508961e-04 -6.076778e-01
   outer loop
     vertex  4.043248e+00 -6.000000e+00  2.058547e+00
     vertex  3.985663e+00 -1.000000e+01  1.980978e+00
     vertex  3.896264e+00 -6.000000e+00  1.866452e+00
   endloop
 endfacet
 facet normal  8.119380e-01 -3.688426e-04 -5.837436e-01
   outer loop
     vertex  4.131194e+00 -1.000000e+01  2.183400e+00
     vertex  3.985663e+00 -1.000000e+01  1.980978e+00
     vertex  4.043248e+00 -6.000000e+00  2.058547e+00
   endloop
 endfacet
 facet normal  7.497811e-01  3.841704e-04 -6.616858e-01
   outer loop
     vertex  3.830222e+00  1.000000e+01  1.786062e+00
     vertex  3.740163e+00  6.000000e+00  1.681690e+00
     vertex  3.665259e+00  1.000000e+01  1.599136e+00
   endloop
 endfacet
 facet normal  7.638661e-01 -3.585600e-04 -6.453746e-01
   outer loop
     vertex  3.896264e+00  6.000000e+00  1.866452e+00
     vertex  3.740163e+00  6.000000e+00  1.681690e+00
     vertex  3.830222e+00  1.000000e+01  1.786062e+00
   endloop
 endfacet
 facet normal  8.226424e-01  3.404709e-04 -5.685590e-01
   outer loop
     vertex  4.180770e+00 -6.000000e+00  2.257526e+00
     vertex  4.131194e+00 -1.000000e+01  2.183400e+00
     vertex  4.043248e+00 -6.000000e+00  2.058547e+00
   endloop
 endfacet
 facet normal  8.400259e-01 -3.570368e-04 -5.425462e-01
   outer loop
     vertex  4.266454e+00 -1.000000e+01  2.392824e+00
     vertex  4.131194e+00 -1.000000e+01  2.183400e+00
     vertex  4.180770e+00 -6.000000e+00  2.257526e+00
   endloop
 endfacet
 facet normal  7.818314e-01  3.778872e-04 -6.234898e-01
   outer loop
     vertex  3.985663e+00  1.000000e+01  1.980978e+00
     vertex  3.896264e+00  6.000000e+00  1.866452e+00
     vertex  3.830222e+00  1.000000e+01  1.786062e+00
   endloop
 endfacet
 facet normal  7.941836e-01 -3.508961e-04 -6.076778e-01
   outer loop
     vertex  3.985663e+00  1.000000e+01  1.980978e+00
     vertex  4.043248e+00  6.000000e+00  2.058547e+00
     vertex  3.896264e+00  6.000000e+00  1.866452e+00
   endloop
 endfacet
 facet normal  8.491762e-01  3.272844e-04 -5.281096e-01
   outer loop
     vertex  4.308508e+00 -6.000000e+00  2.462923e+00
     vertex  4.266454e+00 -1.000000e+01  2.392824e+00
     vertex  4.180770e+00 -6.000000e+00  2.257526e+00
   endloop
 endfacet
 facet normal  8.660254e-01 -3.424696e-04 -5.000000e-01
   outer loop
     vertex  4.391108e+00 -1.000000e+01  2.608730e+00
     vertex  4.266454e+00 -1.000000e+01  2.392824e+00
     vertex  4.308508e+00 -6.000000e+00  2.462923e+00
   endloop
 endfacet
 facet normal  8.119380e-01  3.688426e-04 -5.837436e-01
   outer loop
     vertex  4.131194e+00  1.000000e+01  2.183400e+00
     vertex  4.043248e+00  6.000000e+00  2.058547e+00
     vertex  3.985663e+00  1.000000e+01  1.980978e+00
   endloop
 endfacet
 facet normal  8.226424e-01 -3.404709e-04 -5.685590e-01
   outer loop
     vertex  4.131194e+00  1.000000e+01  2.183400e+00
     vertex  4.180770e+00  6.000000e+00  2.257526e+00
     vertex  4.043248e+00  6.000000e+00  2.058547e+00
   endloop
 endfacet
 facet normal  8.737227e-01  3.113366e-04 -4.864243e-01
   outer loop
     vertex  4.426163e+00 -6.000000e+00  2.674257e+00
     vertex  4.391108e+00 -1.000000e+01  2.608730e+00
     vertex  4.308508e+00 -6.000000e+00  2.462923e+00
   endloop
 endfacet
 facet normal  8.898718e-01 -3.251412e-04 -4.562106e-01
   outer loop
     vertex  4.504844e+00 -1.000000e+01  2.830581e+00
     vertex  4.391108e+00 -1.000000e+01  2.608730e+00
     vertex  4.426163e+00 -6.000000e+00  2.674257e+00
   endloop
 endfacet
 facet normal  8.400259e-01  3.570368e-04 -5.425462e-01
   outer loop
     vertex  4.266454e+00  1.000000e+01  2.392824e+00
     vertex  4.180770e+00  6.000000e+00  2.257526e+00
     vertex  4.131194e+00  1.000000e+01  2.183400e+00
   endloop
 endfacet
 facet normal  8.491762e-01 -3.272844e-04 -5.281096e-01
   outer loop
     vertex  4.266454e+00  1.000000e+01  2.392824e+00
     vertex  4.308508e+00  6.000000e+00  2.462923e+00
     vertex  4.180770e+00  6.000000e+00  2.257526e+00
   endloop
 endfacet
 facet normal  8.962245e-01  2.926276e-04 -4.436007e-01
   outer loop
     vertex  4.533460e+00 -6.000000e+00  2.891033e+00
     vertex  4.504844e+00 -1.000000e+01  2.830581e+00
     vertex  4.426163e+00 -6.000000e+00  2.674257e+00
   endloop
 endfacet
 facet normal  9.115058e-01 -3.050516e-04 -4.112871e-01
   outer loop
     vertex  4.607381e+00 -1.000000e+01  3.057826e+00
     vertex  4.504844e+00 -1.000000e+01  2.830581e+00
     vertex  4.533460e+00 -6.000000e+00  2.891033e+00
   endloop
 endfacet
 facet normal  8.660254e-01  3.424696e-04 -5.000000e-01
   outer loop
     vertex  4.391108e+00  1.000000e+01  2.608730e+00
     vertex  4.308508e+00  6.000000e+00  2.462923e+00
     vertex  4.266454e+00  1.000000e+01  2.392824e+00
   endloop
 endfacet
 facet normal  8.737227e-01 -3.113366e-04 -4.864243e-01
   outer loop
     vertex  4.391108e+00  1.000000e+01  2.608730e+00
     vertex  4.426163e+00  6.000000e+00  2.674257e+00
     vertex  4.308508e+00  6.000000e+00  2.462923e+00
   endloop
 endfacet
 facet normal  9.166289e-01  2.711574e-04 -3.997390e-01
   outer loop
     vertex  4.630148e+00 -6.000000e+00  3.112746e+00
     vertex  4.607381e+00 -1.000000e+01  3.057826e+00
     vertex  4.533460e+00 -6.000000e+00  2.891033e+00
   endloop
 endfacet
 facet normal  9.308737e-01 -2.822009e-04 -3.653410e-01
   outer loop
     vertex  4.698463e+00 -1.000000e+01  3.289899e+00
     vertex  4.607381e+00 -1.000000e+01  3.057826e+00
     vertex  4.630148e+00 -6.000000e+00  3.112746e+00
   endloop
 endfacet
 facet normal  8.898718e-01  3.251412e-04 -4.562106e-01
   outer loop
     vertex  4.504844e+00  1.000000e+01  2.830581e+00
     vertex  4.426163e+00  6.000000e+00  2.674257e+00
     vertex  4.391108e+00  1.000000e+01  2.608730e+00
   endloop
 endfacet
 facet normal  8.962245e-01 -2.926276e-04 -4.436007e-01
   outer loop
     vertex  4.504844e+00  1.000000e+01  2.830581e+00
     vertex  4.533460e+00  6.000000e+00  2.891033e+00
     vertex  4.426163e+00  6.000000e+00  2.674257e+00
   endloop
 endfacet
 facet normal  9.348883e-01  2.469261e-04 -3.549419e-01
   outer loop
     vertex  4.716001e+00 -6.000000e+00  3.338874e+00
     vertex  4.698463e+00 -1.000000e+01  3.289899e+00
     vertex  4.630148e+00 -6.000000e+00  3.112746e+00
   endloop
 endfacet
 facet normal  9.479273e-01 -2.565890e-04 -3.184866e-01
   outer loop
     vertex  4.777864e+00 -1.000000e+01  3.526224e+00
     vertex  4.698463e+00 -1.000000e+01  3.289899e+00
     vertex  4.716001e+00 -6.000000e+00  3.338874e+00
   endloop
 endfacet
 facet normal  9.115058e-01  3.050516e-04 -4.112871e-01
   outer loop
     vertex  4.607381e+00  1.000000e+01  3.057826e+00
     vertex  4.533460e+00  6.000000e+00  2.891033e+00
     vertex  4.504844e+00  1.000000e+01  2.830581e+00
   endloop
 endfacet
 facet normal  9.166289e-01 -2.711574e-04 -3.997390e-01
   outer loop
     vertex  4.607381e+00  1.000000e+01  3.057826e+00
     vertex  4.630148e+00  6.000000e+00  3.112746e+00
     vertex  4.533460e+00  6.000000e+00  2.891033e+00
   endloop
 endfacet
 facet normal  9.509599e-01  2.199337e-04 -3.093141e-01
   outer loop
     vertex  4.790817e+00 -6.000000e+00  3.568890e+00
     vertex  4.777864e+00 -1.000000e+01  3.526224e+00
     vertex  4.716001e+00 -6.000000e+00  3.338874e+00
   endloop
 endfacet
 facet normal  9.626242e-01 -2.282160e-04 -2.708405e-01
   outer loop
     vertex  4.845386e+00 -1.000000e+01  3.766213e+00
     vertex  4.777864e+00 -1.000000e+01  3.526224e+00
     vertex  4.790817e+00 -6.000000e+00  3.568890e+00
   endloop
 endfacet
 facet normal  9.308737e-01  2.822009e-04 -3.653410e-01
   outer loop
     vertex  4.698463e+00  1.000000e+01  3.289899e+00
     vertex  4.630148e+00  6.000000e+00  3.112746e+00
     vertex  4.607381e+00  1.000000e+01  3.057826e+00
   endloop
 endfacet
 facet normal  9.348883e-01 -2.469261e-04 -3.549419e-01
   outer loop
     vertex  4.698463e+00  1.000000e+01  3.289899e+00
     vertex  4.716001e+00  6.000000e+00  3.338874e+00
     vertex  4.630148e+00  6.000000e+00  3.112746e+00
   endloop
 endfacet
 facet normal  9.648061e-01  1.901802e-04 -2.629624e-01
   outer loop
     vertex  4.854421e+00 -6.000000e+00  3.802255e+00
     vertex  4.845386e+00 -1.000000e+01  3.766213e+00
     vertex  4.790817e+00 -6.000000e+00  3.568890e+00
   endloop
 endfacet
 facet normal  9.749279e-01 -1.970821e-04 -2.225209e-01
   outer loop
     vertex  4.900862e+00 -1.000000e+01  4.009269e+00
     vertex  4.845386e+00 -1.000000e+01  3.766213e+00
     vertex  4.854421e+00 -6.000000e+00  3.802255e+00
   endloop
 endfacet
 facet normal  9.479273e-01  2.565890e-04 -3.184866e-01
   outer loop
     vertex  4.777864e+00  1.000000e+01  3.526224e+00
     vertex  4.716001e+00  6.000000e+00  3.338874e+00
     vertex  4.698463e+00  1.000000e+01  3.289899e+00
   endloop
 endfacet
 facet normal  9.509599e-01 -2.199337e-04 -3.093141e-01
   outer loop
     vertex  4.777864e+00  1.000000e+01  3.526224e+00
     vertex  4.790817e+00  6.000000e+00  3.568890e+00
     vertex  4.716001e+00  6.000000e+00  3.338874e+00
   endloop
 endfacet
 facet normal  9.763944e-01  1.576658e-04 -2.159954e-01
   outer loop
     vertex  4.906666e+00 -6.000000e+00  4.038423e+00
     vertex  4.900862e+00 -1.000000e+01  4.009269e+00
     vertex  4.854421e+00 -6.000000e+00  3.802255e+00
   endloop
 endfacet
 facet normal  9.848077e-01 -1.631872e-04 -1.736482e-01
   outer loop
     vertex  4.944154e+00 -1.000000e+01  4.254789e+00
     vertex  4.900862e+00 -1.000000e+01  4.009269e+00
     vertex  4.906666e+00 -6.000000e+00  4.038423e+00
   endloop
 endfacet
 facet normal  9.648061e-01 -1.901802e-04 -2.629624e-01
   outer loop
     vertex  4.845386e+00  1.000000e+01  3.766213e+00
     vertex  4.854421e+00  6.000000e+00  3.802255e+00
     vertex  4.790817e+00  6.000000e+00  3.568890e+00
   endloop
 endfacet
 facet normal  9.626242e-01  2.282160e-04 -2.708405e-01
   outer loop
     vertex  4.845386e+00  1.000000e+01  3.766213e+00
     vertex  4.790817e+00  6.000000e+00  3.568890e+00
     vertex  4.777864e+00  1.000000e+01  3.526224e+00
   endloop
 endfacet
 facet normal  9.856977e-01  1.223905e-04 -1.685228e-01
   outer loop
     vertex  4.947428e+00 -6.000000e+00  4.276841e+00
     vertex  4.944154e+00 -1.000000e+01  4.254789e+00
     vertex  4.906666e+00 -6.000000e+00  4.038423e+00
   endloop
 endfacet
 facet normal  9.922392e-01 -1.265315e-04 -1.243437e-01
   outer loop
     vertex  4.975154e+00 -1.000000e+01  4.502161e+00
     vertex  4.944154e+00 -1.000000e+01  4.254789e+00
     vertex  4.947428e+00 -6.000000e+00  4.276841e+00
   endloop
 endfacet
 facet normal  9.763944e-01 -1.576658e-04 -2.159954e-01
   outer loop
     vertex  4.900862e+00  1.000000e+01  4.009269e+00
     vertex  4.906666e+00  6.000000e+00  4.038423e+00
     vertex  4.854421e+00  6.000000e+00  3.802255e+00
   endloop
 endfacet
 facet normal  9.749279e-01  1.970821e-04 -2.225209e-01
   outer loop
     vertex  4.900862e+00  1.000000e+01  4.009269e+00
     vertex  4.854421e+00  6.000000e+00  3.802255e+00
     vertex  4.845386e+00  1.000000e+01  3.766213e+00
   endloop
 endfacet
 facet normal  9.926944e-01  8.435436e-05 -1.206559e-01
   outer loop
     vertex  4.976612e+00 -6.000000e+00  4.516952e+00
     vertex  4.975154e+00 -1.000000e+01  4.502161e+00
     vertex  4.947428e+00 -6.000000e+00  4.276841e+00
   endloop
 endfacet
 facet normal  9.972038e-01 -8.711497e-05 -7.473009e-02
   outer loop
     vertex  4.993785e+00 -1.000000e+01  4.750771e+00
     vertex  4.975154e+00 -1.000000e+01  4.502161e+00
     vertex  4.976612e+00 -6.000000e+00  4.516952e+00
   endloop
 endfacet
 facet normal  9.848077e-01  1.631872e-04 -1.736482e-01
   outer loop
     vertex  4.944154e+00  1.000000e+01  4.254789e+00
     vertex  4.906666e+00  6.000000e+00  4.038423e+00
     vertex  4.900862e+00  1.000000e+01  4.009269e+00
   endloop
 endfacet
 facet normal  9.856977e-01 -1.223905e-04 -1.685228e-01
   outer loop
     vertex  4.944154e+00  1.000000e+01  4.254789e+00
     vertex  4.947428e+00  6.000000e+00  4.276841e+00
     vertex  4.906666e+00  6.000000e+00  4.038423e+00
   endloop
 endfacet
 facet normal  9.973679e-01  4.355750e-05 -7.250670e-02
   outer loop
     vertex  4.994150e+00 -6.000000e+00  4.758193e+00
     vertex  4.993785e+00 -1.000000e+01  4.750771e+00
     vertex  4.976612e+00 -6.000000e+00  4.516952e+00
   endloop
 endfacet
 facet normal  9.996892e-01 -4.493778e-05 -2.493069e-02
   outer loop
     vertex  5.000000e+00 -1.000000e+01  5.000000e+00
     vertex  4.993785e+00 -1.000000e+01  4.750771e+00
     vertex  4.994150e+00 -6.000000e+00  4.758193e+00
   endloop
 endfacet
 facet normal  9.926944e-01 -8.435436e-05 -1.206559e-01
   outer loop
     vertex  4.975154e+00  1.000000e+01  4.502161e+00
     vertex  4.976612e+00  6.000000e+00  4.516952e+00
     vertex  4.947428e+00  6.000000e+00  4.276841e+00
   endloop
 endfacet
 facet normal  9.922392e-01  1.265315e-04 -1.243437e-01
   outer loop
     vertex  4.975154e+00  1.000000e+01  4.502161e+00
     vertex  4.947428e+00  6.000000e+00  4.276841e+00
     vertex  4.944154e+00  1.000000e+01  4.254789e+00
   endloop
 endfacet
 facet normal  9.997074e-01  0.000000e+00 -2.418777e-02
   outer loop
     vertex  5.000000e+00 -6.000000e+00  5.000000e+00
     vertex  5.000000e+00 -1.000000e+01  5.000000e+00
     vertex  4.994150e+00 -6.000000e+00  4.758193e+00
   endloop
 endfacet
 facet normal  9.972038e-01  8.711497e-05 -7.473009e-02
   outer loop
     vertex  4.993785e+00  1.000000e+01  4.750771e+00
     vertex  4.976612e+00  6.000000e+00  4.516952e+00
     vertex  4.975154e+00  1.000000e+01  4.502161e+00
   endloop
 endfacet
 facet normal  9.973679e-01 -4.355750e-05 -7.250670e-02
   outer loop
     vertex  4.993785e+00  1.000000e+01  4.750771e+00
     vertex  4.994150e+00  6.000000e+00  4.758193e+00
     vertex  4.976612e+00  6.000000e+00  4.516952e+00
   endloop
 endfacet
 facet normal  9.996892e-01  4.493778e-05 -2.493069e-02
   outer loop
     vertex  5.000000e+00  1.000000e+01  5.000000e+00
     vertex  4.994150e+00  6.000000e+00  4.758193e+00
     vertex  4.993785e+00  1.000000e+01  4.750771e+00
   endloop
 endfacet
 facet normal  9.997074e-01  0.000000e+00 -2.418777e-02
   outer loop
     vertex  5.000000e+00  1.000000e+01  5.000000e+00
     vertex  5.000000e+00  6.000000e+00  5.000000e+00
     vertex  4.994150e+00  6.000000e+00  4.758193e+00
   endloop
 endfacet
 facet normal  0.000000e+00  1.000000e+00  0.000000e+00
   outer loop
     vertex  2.836367e+00 -6.000000e+00  8.823526e-01
     vertex  2.633913e+00 -6.000000e+00  7.500000e-01
     vertex  2.250000e+00 -6.000000e+00  7.500000e-01
   endloop
 endfacet
 facet normal  0.000000e+00  1.000000e+00  0.000000e+00
   outer loop
     vertex  3.032184e+00 -6.000000e+00  1.024341e+00
     vertex  2.836367e+00 -6.000000e+00  8.823526e-01
     vertex  2.250000e+00 -6.000000e+00  7.500000e-01
   endloop
 endfacet
 facet normal  0.000000e+00  1.000000e+00  0.000000e+00
   outer loop
     vertex  3.220904e+00 -6.000000e+00  1.175634e+00
     vertex  3.032184e+00 -6.000000e+00  1.024341e+00
     vertex  2.250000e+00 -6.000000e+00  7.500000e-01
   endloop
 endfacet
 facet normal  0.000000e+00  1.000000e+00  0.000000e+00
   outer loop
     vertex  2.250000e+00 -6.000000e+00  4.523030e+00
     vertex  4.308508e+00 -6.000000e+00  2.462923e+00
     vertex  4.180770e+00 -6.000000e+00  2.257526e+00
   endloop
 endfacet
 facet normal  0.000000e+00  1.000000e+00  0.000000e+00
   outer loop
     vertex  2.250000e+00 -6.000000e+00  4.523030e+00
     vertex  4.180770e+00 -6.000000e+00  2.257526e+00
     vertex  4.043248e+00 -6.000000e+00  2.058547e+00
   endloop
 endfacet
 facet normal  0.000000e+00  1.000000e+00  0.000000e+00
   outer loop
     vertex  2.250000e+00 -6.000000e+00  4.523030e+00
     vertex  4.043248e+00 -6.000000e+00  2.058547e+00
     vertex  3.896264e+00 -6.000000e+00  1.866452e+00
   endloop
 endfacet
 facet normal  0.000000e+00  1.000000e+00  0.000000e+00
   outer loop
     vertex  2.250000e+00 -6.000000e+00  4.523030e+00
     vertex  3.896264e+00 -6.000000e+00  1.866452e+00
     vertex  3.740163e+00 -6.000000e+00  1.681690e+00
   endloop
 endfacet
 facet normal  0.000000e+00  1.000000e+00  0.000000e+00
   outer loop
     vertex  2.250000e+00 -6.000000e+00  4.523030e+00
     vertex  3.740163e+00 -6.000000e+00  1.681690e+00
     vertex  3.575308e+00 -6.000000e+00  1.504693e+00
   endloop
 endfacet
 facet normal  0.000000e+00  1.000000e+00  0.000000e+00
   outer loop
     vertex  2.250000e+00 -6.000000e+00  4.523030e+00
     vertex  3.575308e+00 -6.000000e+00  1.504693e+00
     vertex  3.402087e+00 -6.000000e+00  1.335876e+00
   endloop
 endfacet
 facet normal  0.000000e+00  1.000000e+00  0.000000e+00
   outer loop
     vertex  2.250000e+00 -6.000000e+00  4.523030e+00
     vertex  3.402087e+00 -6.000000e+00  1.335876e+00
     vertex  3.220904e+00 -6.000000e+00  1.175634e+00
   endloop
 endfacet
 facet normal  0.000000e+00  1.000000e+00  0.000000e+00
   outer loop
     vertex  2.250000e+00 -6.000000e+00  4.523030e+00
     vertex  3.220904e+00 -6.000000e+00  1.175634e+00
     vertex  2.250000e+00 -6.000000e+00  7.500000e-01
   endloop
 endfacet
 facet normal  0.000000e+00  1.000000e+00  0.000000e+00
   outer loop
     vertex  4.426163e+00 -6.000000e+00  2.674257e+00
     vertex  4.308508e+00 -6.000000e+00  2.462923e+00
     vertex  2.250000e+00 -6.000000e+00  4.523030e+00
   endloop
 endfacet
 facet normal  0.000000e+00  1.000000e+00  0.000000e+00
   outer loop
     vertex  4.533460e+00 -6.000000e+00  2.891033e+00
     vertex  4.426163e+00 -6.000000e+00  2.674257e+00
     vertex  2.250000e+00 -6.000000e+00  4.523030e+00
   endloop
 endfacet
 facet normal  0.000000e+00  1.000000e+00  0.000000e+00
   outer loop
     vertex  4.630148e+00 -6.000000e+00  3.112746e+00
     vertex  4.533460e+00 -6.000000e+00  2.891033e+00
     vertex  2.250000e+00 -6.000000e+00  4.523030e+00
   endloop
 endfacet
 facet normal  0.000000e+00  1.000000e+00  0.000000e+00
   outer loop
     vertex  4.716001e+00 -6.000000e+00  3.338874e+00
     vertex  4.630148e+00 -6.000000e+00  3.112746e+00
     vertex  2.250000e+00 -6.000000e+00  4.523030e+00
   endloop
 endfacet
 facet normal  0.000000e+00  1.000000e+00  0.000000e+00
   outer loop
     vertex  4.790817e+00 -6.000000e+00  3.568890e+00
     vertex  4.716001e+00 -6.000000e+00  3.338874e+00
     vertex  2.250000e+00 -6.000000e+00  4.523030e+00
   endloop
 endfacet
 facet normal  0.000000e+00  1.000000e+00  0.000000e+00
   outer loop
     vertex  4.854421e+00 -6.000000e+00  3.802255e+00
     vertex  4.790817e+00 -6.000000e+00  3.568890e+00
     vertex  2.250000e+00 -6.000000e+00  4.523030e+00
   endloop
 endfacet
 facet normal  0.000000e+00  1.000000e+00  0.000000e+00
   outer loop
     vertex  4.906666e+00 -6.000000e+00  4.038423e+00
     vertex  4.854421e+00 -6.000000e+00  3.802255e+00
     vertex  2.250000e+00 -6.000000e+00  4.523030e+00
   endloop
 endfacet
 facet normal  0.000000e+00  1.000000e+00  0.000000e+00
   outer loop
     vertex  4.906666e+00 -6.000000e+00  4.038423e+00
     vertex  2.250000e+00 -6.000000e+00  4.523030e+00
     vertex  2.267958e+00 -6.000000e+00  4.617422e+00
   endloop
 endfacet
 facet normal  0.000000e+00  1.000000e+00  0.000000e+00
   outer loop
     vertex  4.947428e+00 -6.000000e+00  4.276841e+00
     vertex  2.267958e+00 -6.000000e+00  4.617422e+00
     vertex  2.281958e+00 -6.000000e+00  4.712480e+00
   endloop
 endfacet
 facet normal  0.000000e+00  1.000000e+00  0.000000e+00
   outer loop
     vertex  4.947428e+00 -6.000000e+00  4.276841e+00
     vertex  4.906666e+00 -6.000000e+00  4.038423e+00
     vertex  2.267958e+00 -6.000000e+00  4.617422e+00
   endloop
 endfacet
 facet normal  0.000000e+00  1.000000e+00  0.000000e+00
   outer loop
     vertex  4.976612e+00 -6.000000e+00  4.516952e+00
     vertex  2.281958e+00 -6.000000e+00  4.712480e+00
     vertex  2.291976e+00 -6.000000e+00  4.808041e+00
   endloop
 endfacet
 facet normal  0.000000e+00  1.000000e+00  0.000000e+00
   outer loop
     vertex  4.976612e+00 -6.000000e+00  4.516952e+00
     vertex  4.947428e+00 -6.000000e+00  4.276841e+00
     vertex  2.281958e+00 -6.000000e+00  4.712480e+00
   endloop
 endfacet
 facet normal  0.000000e+00  1.000000e+00  0.000000e+00
   outer loop
     vertex  4.994150e+00 -6.000000e+00  4.758193e+00
     vertex  2.291976e+00 -6.000000e+00  4.808041e+00
     vertex  2.297993e+00 -6.000000e+00  4.903937e+00
   endloop
 endfacet
 facet normal  0.000000e+00  1.000000e+00  0.000000e+00
   outer loop
     vertex  4.994150e+00 -6.000000e+00  4.758193e+00
     vertex  4.976612e+00 -6.000000e+00  4.516952e+00
     vertex  2.291976e+00 -6.000000e+00  4.808041e+00
   endloop
 endfacet
 facet normal  0.000000e+00  1.000000e+00  0.000000e+00
   outer loop
     vertex  5.000000e+00 -6.000000e+00  5.000000e+00
     vertex  2.297993e+00 -6.000000e+00  4.903937e+00
     vertex  2.300000e+00 -6.000000e+00  5.000000e+00
   endloop
 endfacet
 facet normal  0.000000e+00  1.000000e+00  0.000000e+00
   outer loop
     vertex  5.000000e+00 -6.000000e+00  5.000000e+00
     vertex  2.300000e+00 -6.000000e+00  5.000000e+00
     vertex  2.297993e+00 -6.000000e+00  5.096063e+00
   endloop
 endfacet
 facet normal  0.000000e+00  1.000000e+00  0.000000e+00
   outer loop
     vertex  5.000000e+00 -6.000000e+00  5.000000e+00
     vertex  4.994150e+00 -6.000000e+00  4.758193e+00
     vertex  2.297993e+00 -6.000000e+00  4.903937e+00
   endloop
 endfacet
 facet normal  0.000000e+00  1.000000e+00  0.000000e+00
   outer loop
     vertex  4.994241e+00 -6.000000e+00  5.239915e+00
     vertex  2.297993e+00 -6.000000e+00  5.096063e+00
     vertex  2.291976e+00 -6.000000e+00  5.191959e+00
   endloop
 endfacet
 facet normal  0.000000e+00  1.000000e+00  0.000000e+00
   outer loop
     vertex  4.994241e+00 -6.000000e+00  5.239915e+00
     vertex  5.000000e+00 -6.000000e+00  5.000000e+00
     vertex  2.297993e+00 -6.000000e+00  5.096063e+00
   endloop
 endfacet
 facet normal  0.000000e+00  1.000000e+00  0.000000e+00
   outer loop
     vertex  4.976976e+00 -6.000000e+00  5.479276e+00
     vertex  2.291976e+00 -6.000000e+00  5.191959e+00
     vertex  2.281958e+00 -6.000000e+00  5.287520e+00
   endloop
 endfacet
 facet normal  0.000000e+00  1.000000e+00  0.000000e+00
   outer loop
     vertex  4.976976e+00 -6.000000e+00  5.479276e+00
     vertex  4.994241e+00 -6.000000e+00  5.239915e+00
     vertex  2.291976e+00 -6.000000e+00  5.191959e+00
   endloop
 endfacet
 facet normal  0.000000e+00  1.000000e+00  0.000000e+00
   outer loop
     vertex  4.948247e+00 -6.000000e+00  5.717534e+00
     vertex  2.281958e+00 -6.000000e+00  5.287520e+00
     vertex  2.267958e+00 -6.000000e+00  5.382578e+00
   endloop
 endfacet
 facet normal  0.000000e+00  1.000000e+00  0.000000e+00
   outer loop
     vertex  4.948247e+00 -6.000000e+00  5.717534e+00
     vertex  4.976976e+00 -6.000000e+00  5.479276e+00
     vertex  2.281958e+00 -6.000000e+00  5.287520e+00
   endloop
 endfacet
 facet normal  0.000000e+00  1.000000e+00  0.000000e+00
   outer loop
     vertex  4.908118e+00 -6.000000e+00  5.954139e+00
     vertex  2.267958e+00 -6.000000e+00  5.382578e+00
     vertex  2.250000e+00 -6.000000e+00  5.476970e+00
   endloop
 endfacet
 facet normal  0.000000e+00  1.000000e+00  0.000000e+00
   outer loop
     vertex  4.908118e+00 -6.000000e+00  5.954139e+00
     vertex  4.948247e+00 -6.000000e+00  5.717534e+00
     vertex  2.267958e+00 -6.000000e+00  5.382578e+00
   endloop
 endfacet
 facet normal  0.000000e+00  1.000000e+00  0.000000e+00
   outer loop
     vertex  4.856682e+00 -6.000000e+00  6.188546e+00
     vertex  4.908118e+00 -6.000000e+00  5.954139e+00
     vertex  2.250000e+00 -6.000000e+00  5.476970e+00
   endloop
 endfacet
 facet normal  0.000000e+00  1.000000e+00  0.000000e+00
   outer loop
     vertex  4.794058e+00 -6.000000e+00  6.420215e+00
     vertex  4.856682e+00 -6.000000e+00  6.188546e+00
     vertex  2.250000e+00 -6.000000e+00  5.476970e+00
   endloop
 endfacet
 facet normal  0.000000e+00  1.000000e+00  0.000000e+00
   outer loop
     vertex  4.720390e+00 -6.000000e+00  6.648612e+00
     vertex  4.794058e+00 -6.000000e+00  6.420215e+00
     vertex  2.250000e+00 -6.000000e+00  5.476970e+00
   endloop
 endfacet
 facet normal  0.000000e+00  1.000000e+00  0.000000e+00
   outer loop
     vertex  4.635847e+00 -6.000000e+00  6.873211e+00
     vertex  4.720390e+00 -6.000000e+00  6.648612e+00
     vertex  2.250000e+00 -6.000000e+00  5.476970e+00
   endloop
 endfacet
 facet normal  0.000000e+00  1.000000e+00  0.000000e+00
   outer loop
     vertex  4.540626e+00 -6.000000e+00  7.093495e+00
     vertex  4.635847e+00 -6.000000e+00  6.873211e+00
     vertex  2.250000e+00 -6.000000e+00  5.476970e+00
   endloop
 endfacet
 facet normal  0.000000e+00  1.000000e+00  0.000000e+00
   outer loop
     vertex  4.434944e+00 -6.000000e+00  7.308956e+00
     vertex  4.540626e+00 -6.000000e+00  7.093495e+00
     vertex  2.250000e+00 -6.000000e+00  5.476970e+00
   endloop
 endfacet
 facet normal  0.000000e+00  1.000000e+00  0.000000e+00
   outer loop
     vertex  2.461659e+00 -6.000000e+00  9.352038e+00
     vertex  2.250000e+00 -6.000000e+00  5.476970e+00
     vertex  2.250000e+00 -6.000000e+00  9.465143e+00
   endloop
 endfacet
 facet normal  0.000000e+00  1.000000e+00  0.000000e+00
   outer loop
     vertex  4.319045e+00 -6.000000e+00  7.519098e+00
     vertex  4.434944e+00 -6.000000e+00  7.308956e+00
     vertex  2.250000e+00 -6.000000e+00  5.476970e+00
   endloop
 endfacet
 facet normal  0.000000e+00  1.000000e+00  0.000000e+00
   outer loop
     vertex  2.667647e+00 -6.000000e+00  9.228908e+00
     vertex  2.250000e+00 -6.000000e+00  5.476970e+00
     vertex  2.461659e+00 -6.000000e+00  9.352038e+00
   endloop
 endfacet
 facet normal  0.000000e+00  1.000000e+00  0.000000e+00
   outer loop
     vertex  4.193196e+00 -6.000000e+00  7.723436e+00
     vertex  4.319045e+00 -6.000000e+00  7.519098e+00
     vertex  2.250000e+00 -6.000000e+00  5.476970e+00
   endloop
 endfacet
 facet normal  0.000000e+00  1.000000e+00  0.000000e+00
   outer loop
     vertex  2.867490e+00 -6.000000e+00  9.096035e+00
     vertex  2.250000e+00 -6.000000e+00  5.476970e+00
     vertex  2.667647e+00 -6.000000e+00  9.228908e+00
   endloop
 endfacet
 facet normal  0.000000e+00  1.000000e+00  0.000000e+00
   outer loop
     vertex  4.057688e+00 -6.000000e+00  7.921501e+00
     vertex  4.193196e+00 -6.000000e+00  7.723436e+00
     vertex  2.250000e+00 -6.000000e+00  5.476970e+00
   endloop
 endfacet
 facet normal  0.000000e+00  1.000000e+00  0.000000e+00
   outer loop
     vertex  3.060726e+00 -6.000000e+00  8.953727e+00
     vertex  2.250000e+00 -6.000000e+00  5.476970e+00
     vertex  2.867490e+00 -6.000000e+00  9.096035e+00
   endloop
 endfacet
 facet normal  0.000000e+00  1.000000e+00  0.000000e+00
   outer loop
     vertex  3.912832e+00 -6.000000e+00  8.112836e+00
     vertex  4.057688e+00 -6.000000e+00  7.921501e+00
     vertex  2.250000e+00 -6.000000e+00  5.476970e+00
   endloop
 endfacet
 facet normal  0.000000e+00  1.000000e+00  0.000000e+00
   outer loop
     vertex  3.246912e+00 -6.000000e+00  8.802310e+00
     vertex  2.250000e+00 -6.000000e+00  5.476970e+00
     vertex  3.060726e+00 -6.000000e+00  8.953727e+00
   endloop
 endfacet
 facet normal  0.000000e+00  1.000000e+00  0.000000e+00
   outer loop
     vertex  3.758962e+00 -6.000000e+00  8.296999e+00
     vertex  3.912832e+00 -6.000000e+00  8.112836e+00
     vertex  2.250000e+00 -6.000000e+00  5.476970e+00
   endloop
 endfacet
 facet normal  0.000000e+00  1.000000e+00  0.000000e+00
   outer loop
     vertex  3.425618e+00 -6.000000e+00  8.642134e+00
     vertex  2.250000e+00 -6.000000e+00  5.476970e+00
     vertex  3.246912e+00 -6.000000e+00  8.802310e+00
   endloop
 endfacet
 facet normal  0.000000e+00  1.000000e+00  0.000000e+00
   outer loop
     vertex  3.596433e+00 -6.000000e+00  8.473568e+00
     vertex  3.758962e+00 -6.000000e+00  8.296999e+00
     vertex  2.250000e+00 -6.000000e+00  5.476970e+00
   endloop
 endfacet
 facet normal  0.000000e+00  1.000000e+00  0.000000e+00
   outer loop
     vertex  3.596433e+00 -6.000000e+00  8.473568e+00
     vertex  2.250000e+00 -6.000000e+00  5.476970e+00
     vertex  3.425618e+00 -6.000000e+00  8.642134e+00
   endloop
 endfacet
 facet normal  1.000000e+00  0.000000e+00  0.000000e+00
   outer loop
     vertex  2.250000e+00  0.000000e+00  5.476970e+00
     vertex  2.250000e+00  6.000000e+00  5.476970e+00
     vertex  2.250000e+00  6.000000e+00  9.465143e+00
   endloop
 endfacet
 facet normal  1.000000e+00  0.000000e+00  0.000000e+00
   outer loop
     vertex  2.250000e+00 -6.000000e+00  9.465143e+00
     vertex  2.250000e+00 -6.000000e+00  5.476970e+00
     vertex  2.250000e+00  0.000000e+00  5.476970e+00
   endloop
 endfacet
 facet normal  1.000000e+00 -0.000000e+00  0.000000e+00
   outer loop
     vertex  2.250000e+00 -6.000000e+00  9.465143e+00
     vertex  2.250000e+00  0.000000e+00  5.476970e+00
     vertex  2.250000e+00  6.000000e+00  9.465143e+00
   endloop
 endfacet
 facet normal  0.000000e+00  0.000000e+00  1.000000e+00
   outer loop
     vertex  2.250000e+00  6.000000e+00  7.500000e-01
     vertex  2.250000e+00 -6.000000e+00  7.500000e-01
     vertex  2.633913e+00 -6.000000e+00  7.500000e-01
   endloop
 endfacet
 facet normal  0.000000e+00  0.000000e+00  1.000000e+00
   outer loop
     vertex  2.633913e+00  6.000000e+00  7.500000e-01
     vertex  2.250000e+00  6.000000e+00  7.500000e-01
     vertex  2.633913e+00 -6.000000e+00  7.500000e-01
   endloop
 endfacet
 facet normal  0.000000e+00 -1.000000e+00  0.000000e+00
   outer loop
     vertex -1.605945e+00 -1.000000e+01  6.646494e+00
     vertex -3.308429e+00 -1.000000e+01  8.748906e+00
     vertex -3.491184e+00 -1.000000e+01  8.579334e+00
   endloop
 endfacet
 facet normal  0.000000e+00 -1.000000e+00  0.000000e+00
   outer loop
     vertex -1.686019e+00 -1.000000e+01  6.564397e+00
     vertex -1.605945e+00 -1.000000e+01  6.646494e+00
     vertex -3.491184e+00 -1.000000e+01  8.579334e+00
   endloop
 endfacet
 facet normal  0.000000e+00 -1.000000e+00  0.000000e+00
   outer loop
     vertex -1.686019e+00 -1.000000e+01  6.564397e+00
     vertex -3.491184e+00 -1.000000e+01  8.579334e+00
     vertex -3.665259e+00 -1.000000e+01  8.400864e+00
   endloop
 endfacet
 facet normal  0.000000e+00 -1.000000e+00  0.000000e+00
   outer loop
     vertex -1.521877e+00 -1.000000e+01  6.724497e+00
     vertex -3.117449e+00 -1.000000e+01  8.909157e+00
     vertex -3.308429e+00 -1.000000e+01  8.748906e+00
   endloop
 endfacet
 facet normal -0.000000e+00 -1.000000e+00  0.000000e+00
   outer loop
     vertex -1.521877e+00 -1.000000e+01  6.724497e+00
     vertex -3.308429e+00 -1.000000e+01  8.748906e+00
     vertex -1.605945e+00 -1.000000e+01  6.646494e+00
   endloop
 endfacet
 facet normal  0.000000e+00 -1.000000e+00  0.000000e+00
   outer loop
     vertex -1.761902e+00 -1.000000e+01  6.478412e+00
     vertex -1.686019e+00 -1.000000e+01  6.564397e+00
     vertex -3.665259e+00 -1.000000e+01  8.400864e+00
   endloop
 endfacet
 facet normal  0.000000e+00 -1.000000e+00  0.000000e+00
   outer loop
     vertex -1.761902e+00 -1.000000e+01  6.478412e+00
     vertex -3.665259e+00 -1.000000e+01  8.400864e+00
     vertex -3.830222e+00 -1.000000e+01  8.213938e+00
   endloop
 endfacet
 facet normal  0.000000e+00 -1.000000e+00  0.000000e+00
   outer loop
     vertex -1.434027e+00 -1.000000e+01  6.798212e+00
     vertex -2.918718e+00 -1.000000e+01  9.059690e+00
     vertex -3.117449e+00 -1.000000e+01  8.909157e+00
   endloop
 endfacet
 facet normal -0.000000e+00 -1.000000e+00  0.000000e+00
   outer loop
     vertex -1.434027e+00 -1.000000e+01  6.798212e+00
     vertex -3.117449e+00 -1.000000e+01  8.909157e+00
     vertex -1.521877e+00 -1.000000e+01  6.724497e+00
   endloop
 endfacet
 facet normal  0.000000e+00 -1.000000e+00  0.000000e+00
   outer loop
     vertex -1.833405e+00 -1.000000e+01  6.388750e+00
     vertex -3.830222e+00 -1.000000e+01  8.213938e+00
     vertex -3.985663e+00 -1.000000e+01  8.019022e+00
   endloop
 endfacet
 facet normal  0.000000e+00 -1.000000e+00  0.000000e+00
   outer loop
     vertex -1.833405e+00 -1.000000e+01  6.388750e+00
     vertex -1.761902e+00 -1.000000e+01  6.478412e+00
     vertex -3.830222e+00 -1.000000e+01  8.213938e+00
   endloop
 endfacet
 facet normal  0.000000e+00 -1.000000e+00  0.000000e+00
   outer loop
     vertex -1.342610e+00 -1.000000e+01  6.867457e+00
     vertex -2.712731e+00 -1.000000e+01  9.200130e+00
     vertex -2.918718e+00 -1.000000e+01  9.059690e+00
   endloop
 endfacet
 facet normal -0.000000e+00 -1.000000e+00  0.000000e+00
   outer loop
     vertex -1.342610e+00 -1.000000e+01  6.867457e+00
     vertex -2.918718e+00 -1.000000e+01  9.059690e+00
     vertex -1.434027e+00 -1.000000e+01  6.798212e+00
   endloop
 endfacet
 facet normal  0.000000e+00 -1.000000e+00  0.000000e+00
   outer loop
     vertex -1.900349e+00 -1.000000e+01  6.295636e+00
     vertex -3.985663e+00 -1.000000e+01  8.019022e+00
     vertex -4.131194e+00 -1.000000e+01  7.816600e+00
   endloop
 endfacet
 facet normal  0.000000e+00 -1.000000e+00  0.000000e+00
   outer loop
     vertex -1.900349e+00 -1.000000e+01  6.295636e+00
     vertex -1.833405e+00 -1.000000e+01  6.388750e+00
     vertex -3.985663e+00 -1.000000e+01  8.019022e+00
   endloop
 endfacet
 facet normal  0.000000e+00 -1.000000e+00  0.000000e+00
   outer loop
     vertex -1.247856e+00 -1.000000e+01  6.932060e+00
     vertex -2.500000e+00 -1.000000e+01  9.330127e+00
     vertex -2.712731e+00 -1.000000e+01  9.200130e+00
   endloop
 endfacet
 facet normal -0.000000e+00 -1.000000e+00  0.000000e+00
   outer loop
     vertex -1.247856e+00 -1.000000e+01  6.932060e+00
     vertex -2.712731e+00 -1.000000e+01  9.200130e+00
     vertex -1.342610e+00 -1.000000e+01  6.867457e+00
   endloop
 endfacet
 facet normal  0.000000e+00 -1.000000e+00  0.000000e+00
   outer loop
     vertex -1.962569e+00 -1.000000e+01  6.199301e+00
     vertex -4.131194e+00 -1.000000e+01  7.816600e+00
     vertex -4.266454e+00 -1.000000e+01  7.607176e+00
   endloop
 endfacet
 facet normal  0.000000e+00 -1.000000e+00  0.000000e+00
   outer loop
     vertex -1.962569e+00 -1.000000e+01  6.199301e+00
     vertex -1.900349e+00 -1.000000e+01  6.295636e+00
     vertex -4.131194e+00 -1.000000e+01  7.816600e+00
   endloop
 endfacet
 facet normal  0.000000e+00 -1.000000e+00  0.000000e+00
   outer loop
     vertex -1.150000e+00 -1.000000e+01  6.991858e+00
     vertex -2.281053e+00 -1.000000e+01  9.449359e+00
     vertex -2.500000e+00 -1.000000e+01  9.330127e+00
   endloop
 endfacet
 facet normal -0.000000e+00 -1.000000e+00  0.000000e+00
   outer loop
     vertex -1.150000e+00 -1.000000e+01  6.991858e+00
     vertex -2.500000e+00 -1.000000e+01  9.330127e+00
     vertex -1.247856e+00 -1.000000e+01  6.932060e+00
   endloop
 endfacet
 facet normal  0.000000e+00 -1.000000e+00  0.000000e+00
   outer loop
     vertex -2.019910e+00 -1.000000e+01  6.099984e+00
     vertex -4.266454e+00 -1.000000e+01  7.607176e+00
     vertex -4.391108e+00 -1.000000e+01  7.391270e+00
   endloop
 endfacet
 facet normal  0.000000e+00 -1.000000e+00  0.000000e+00
   outer loop
     vertex -2.019910e+00 -1.000000e+01  6.099984e+00
     vertex -1.962569e+00 -1.000000e+01  6.199301e+00
     vertex -4.266454e+00 -1.000000e+01  7.607176e+00
   endloop
 endfacet
 facet normal -0.000000e+00 -1.000000e+00  0.000000e+00
   outer loop
     vertex -1.049285e+00 -1.000000e+01  7.046705e+00
     vertex -2.281053e+00 -1.000000e+01  9.449359e+00
     vertex -1.150000e+00 -1.000000e+01  6.991858e+00
   endloop
 endfacet
 facet normal  0.000000e+00 -1.000000e+00  0.000000e+00
   outer loop
     vertex -1.049285e+00 -1.000000e+01  7.046705e+00
     vertex -2.056436e+00 -1.000000e+01  9.557529e+00
     vertex -2.281053e+00 -1.000000e+01  9.449359e+00
   endloop
 endfacet
 facet normal  0.000000e+00 -1.000000e+00  0.000000e+00
   outer loop
     vertex -2.072228e+00 -1.000000e+01  5.997933e+00
     vertex -4.391108e+00 -1.000000e+01  7.391270e+00
     vertex -4.504844e+00 -1.000000e+01  7.169419e+00
   endloop
 endfacet
 facet normal  0.000000e+00 -1.000000e+00  0.000000e+00
   outer loop
     vertex -2.072228e+00 -1.000000e+01  5.997933e+00
     vertex -2.019910e+00 -1.000000e+01  6.099984e+00
     vertex -4.391108e+00 -1.000000e+01  7.391270e+00
   endloop
 endfacet
 facet normal  0.000000e+00 -1.000000e+00  0.000000e+00
   outer loop
     vertex -9.459603e-01 -1.000000e+01  7.096463e+00
     vertex -1.826705e+00 -1.000000e+01  9.654369e+00
     vertex -2.056436e+00 -1.000000e+01  9.557529e+00
   endloop
 endfacet
 facet normal -0.000000e+00 -1.000000e+00  0.000000e+00
   outer loop
     vertex -9.459603e-01 -1.000000e+01  7.096463e+00
     vertex -2.056436e+00 -1.000000e+01  9.557529e+00
     vertex -1.049285e+00 -1.000000e+01  7.046705e+00
   endloop
 endfacet
 facet normal  0.000000e+00 -1.000000e+00  0.000000e+00
   outer loop
     vertex -2.119395e+00 -1.000000e+01  5.893400e+00
     vertex -4.504844e+00 -1.000000e+01  7.169419e+00
     vertex -4.607381e+00 -1.000000e+01  6.942174e+00
   endloop
 endfacet
 facet normal  0.000000e+00 -1.000000e+00  0.000000e+00
   outer loop
     vertex -2.119395e+00 -1.000000e+01  5.893400e+00
     vertex -2.072228e+00 -1.000000e+01  5.997933e+00
     vertex -4.504844e+00 -1.000000e+01  7.169419e+00
   endloop
 endfacet
 facet normal -0.000000e+00 -1.000000e+00  0.000000e+00
   outer loop
     vertex -8.402844e-01 -1.000000e+01  7.141010e+00
     vertex -1.826705e+00 -1.000000e+01  9.654369e+00
     vertex -9.459603e-01 -1.000000e+01  7.096463e+00
   endloop
 endfacet
 facet normal  0.000000e+00 -1.000000e+00  0.000000e+00
   outer loop
     vertex -8.402844e-01 -1.000000e+01  7.141010e+00
     vertex -1.592433e+00 -1.000000e+01  9.739637e+00
     vertex -1.826705e+00 -1.000000e+01  9.654369e+00
   endloop
 endfacet
 facet normal  0.000000e+00 -1.000000e+00  0.000000e+00
   outer loop
     vertex -2.161293e+00 -1.000000e+01  5.786646e+00
     vertex -4.607381e+00 -1.000000e+01  6.942174e+00
     vertex -4.698463e+00 -1.000000e+01  6.710101e+00
   endloop
 endfacet
 facet normal  0.000000e+00 -1.000000e+00  0.000000e+00
   outer loop
     vertex -2.161293e+00 -1.000000e+01  5.786646e+00
     vertex -2.119395e+00 -1.000000e+01  5.893400e+00
     vertex -4.607381e+00 -1.000000e+01  6.942174e+00
   endloop
 endfacet
 facet normal -0.000000e+00 -1.000000e+00  0.000000e+00
   outer loop
     vertex -7.325193e-01 -1.000000e+01  7.180233e+00
     vertex -1.592433e+00 -1.000000e+01  9.739637e+00
     vertex -8.402844e-01 -1.000000e+01  7.141010e+00
   endloop
 endfacet
 facet normal  0.000000e+00 -1.000000e+00  0.000000e+00
   outer loop
     vertex -2.197817e+00 -1.000000e+01  5.677937e+00
     vertex -4.698463e+00 -1.000000e+01  6.710101e+00
     vertex -4.777864e+00 -1.000000e+01  6.473776e+00
   endloop
 endfacet
 facet normal  0.000000e+00 -1.000000e+00  0.000000e+00
   outer loop
     vertex -2.197817e+00 -1.000000e+01  5.677937e+00
     vertex -2.161293e+00 -1.000000e+01  5.786646e+00
     vertex -4.698463e+00 -1.000000e+01  6.710101e+00
   endloop
 endfacet
 facet normal -0.000000e+00 -1.000000e+00  0.000000e+00
   outer loop
     vertex -6.229331e-01 -1.000000e+01  7.214036e+00
     vertex -1.592433e+00 -1.000000e+01  9.739637e+00
     vertex -7.325193e-01 -1.000000e+01  7.180233e+00
   endloop
 endfacet
 facet normal  0.000000e+00 -1.000000e+00  0.000000e+00
   outer loop
     vertex -6.229331e-01 -1.000000e+01  7.214036e+00
     vertex -1.112605e+00 -1.000000e+01  9.874640e+00
     vertex -1.354202e+00 -1.000000e+01  9.813121e+00
   endloop
 endfacet
 facet normal  0.000000e+00 -1.000000e+00  0.000000e+00
   outer loop
     vertex -6.229331e-01 -1.000000e+01  7.214036e+00
     vertex -1.354202e+00 -1.000000e+01  9.813121e+00
     vertex -1.592433e+00 -1.000000e+01  9.739637e+00
   endloop
 endfacet
 facet normal  0.000000e+00 -1.000000e+00  0.000000e+00
   outer loop
     vertex -2.228878e+00 -1.000000e+01  5.567542e+00
     vertex -4.777864e+00 -1.000000e+01  6.473776e+00
     vertex -4.845386e+00 -1.000000e+01  6.233787e+00
   endloop
 endfacet
 facet normal  0.000000e+00 -1.000000e+00  0.000000e+00
   outer loop
     vertex -2.228878e+00 -1.000000e+01  5.567542e+00
     vertex -2.197817e+00 -1.000000e+01  5.677937e+00
     vertex -4.777864e+00 -1.000000e+01  6.473776e+00
   endloop
 endfacet
 facet normal -0.000000e+00 -1.000000e+00  0.000000e+00
   outer loop
     vertex -5.117981e-01 -1.000000e+01  7.242334e+00
     vertex -1.112605e+00 -1.000000e+01  9.874640e+00
     vertex -6.229331e-01 -1.000000e+01  7.214036e+00
   endloop
 endfacet
 facet normal  0.000000e+00 -1.000000e+00  0.000000e+00
   outer loop
     vertex -2.254397e+00 -1.000000e+01  5.455736e+00
     vertex -4.845386e+00 -1.000000e+01  6.233787e+00
     vertex -4.900862e+00 -1.000000e+01  5.990731e+00
   endloop
 endfacet
 facet normal  0.000000e+00 -1.000000e+00  0.000000e+00
   outer loop
     vertex -2.254397e+00 -1.000000e+01  5.455736e+00
     vertex -2.228878e+00 -1.000000e+01  5.567542e+00
     vertex -4.845386e+00 -1.000000e+01  6.233787e+00
   endloop
 endfacet
 facet normal  0.000000e+00 -1.000000e+00  0.000000e+00
   outer loop
     vertex -3.993908e-01 -1.000000e+01  7.265058e+00
     vertex -6.217185e-01 -1.000000e+01  9.961196e+00
     vertex -8.682409e-01 -1.000000e+01  9.924039e+00
   endloop
 endfacet
 facet normal  0.000000e+00 -1.000000e+00  0.000000e+00
   outer loop
     vertex -3.993908e-01 -1.000000e+01  7.265058e+00
     vertex -8.682409e-01 -1.000000e+01  9.924039e+00
     vertex -1.112605e+00 -1.000000e+01  9.874640e+00
   endloop
 endfacet
 facet normal -0.000000e+00 -1.000000e+00  0.000000e+00
   outer loop
     vertex -3.993908e-01 -1.000000e+01  7.265058e+00
     vertex -1.112605e+00 -1.000000e+01  9.874640e+00
     vertex -5.117981e-01 -1.000000e+01  7.242334e+00
   endloop
 endfacet
 facet normal  0.000000e+00 -1.000000e+00  0.000000e+00
   outer loop
     vertex -2.274311e+00 -1.000000e+01  5.342797e+00
     vertex -4.900862e+00 -1.000000e+01  5.990731e+00
     vertex -4.944154e+00 -1.000000e+01  5.745211e+00
   endloop
 endfacet
 facet normal  0.000000e+00 -1.000000e+00  0.000000e+00
   outer loop
     vertex -2.274311e+00 -1.000000e+01  5.342797e+00
     vertex -2.254397e+00 -1.000000e+01  5.455736e+00
     vertex -4.900862e+00 -1.000000e+01  5.990731e+00
   endloop
 endfacet
 facet normal -0.000000e+00 -1.000000e+00  0.000000e+00
   outer loop
     vertex -2.859905e-01 -1.000000e+01  7.282150e+00
     vertex -6.217185e-01 -1.000000e+01  9.961196e+00
     vertex -3.993908e-01 -1.000000e+01  7.265058e+00
   endloop
 endfacet
 facet normal  0.000000e+00 -1.000000e+00  0.000000e+00
   outer loop
     vertex -2.859905e-01 -1.000000e+01  7.282150e+00
     vertex -3.736505e-01 -1.000000e+01  9.986019e+00
     vertex -6.217185e-01 -1.000000e+01  9.961196e+00
   endloop
 endfacet
 facet normal  0.000000e+00 -1.000000e+00  0.000000e+00
   outer loop
     vertex -2.288571e+00 -1.000000e+01  5.229006e+00
     vertex -4.944154e+00 -1.000000e+01  5.745211e+00
     vertex -4.975154e+00 -1.000000e+01  5.497839e+00
   endloop
 endfacet
 facet normal  0.000000e+00 -1.000000e+00  0.000000e+00
   outer loop
     vertex -2.288571e+00 -1.000000e+01  5.229006e+00
     vertex -2.274311e+00 -1.000000e+01  5.342797e+00
     vertex -4.944154e+00 -1.000000e+01  5.745211e+00
   endloop
 endfacet
 facet normal  0.000000e+00 -1.000000e+00  0.000000e+00
   outer loop
     vertex -1.718792e-01 -1.000000e+01  7.293569e+00
     vertex -1.246535e-01 -1.000000e+01  9.998446e+00
     vertex -3.736505e-01 -1.000000e+01  9.986019e+00
   endloop
 endfacet
 facet normal -0.000000e+00 -1.000000e+00  0.000000e+00
   outer loop
     vertex -1.718792e-01 -1.000000e+01  7.293569e+00
     vertex -3.736505e-01 -1.000000e+01  9.986019e+00
     vertex -2.859905e-01 -1.000000e+01  7.282150e+00
   endloop
 endfacet
 facet normal  0.000000e+00 -1.000000e+00  0.000000e+00
   outer loop
     vertex -2.297141e+00 -1.000000e+01  5.114646e+00
     vertex -4.975154e+00 -1.000000e+01  5.497839e+00
     vertex -4.993785e+00 -1.000000e+01  5.249229e+00
   endloop
 endfacet
 facet normal  0.000000e+00 -1.000000e+00  0.000000e+00
   outer loop
     vertex -2.297141e+00 -1.000000e+01  5.114646e+00
     vertex -2.288571e+00 -1.000000e+01  5.229006e+00
     vertex -4.975154e+00 -1.000000e+01  5.497839e+00
   endloop
 endfacet
 facet normal -0.000000e+00 -1.000000e+00  0.000000e+00
   outer loop
     vertex -5.734059e-02 -1.000000e+01  7.299285e+00
     vertex -1.246535e-01 -1.000000e+01  9.998446e+00
     vertex -1.718792e-01 -1.000000e+01  7.293569e+00
   endloop
 endfacet
 facet normal  0.000000e+00 -1.000000e+00  0.000000e+00
   outer loop
     vertex -5.734059e-02 -1.000000e+01  7.299285e+00
     vertex  1.246535e-01 -1.000000e+01  9.998446e+00
     vertex -1.246535e-01 -1.000000e+01  9.998446e+00
   endloop
 endfacet
 facet normal -0.000000e+00 -1.000000e+00  0.000000e+00
   outer loop
     vertex -2.300000e+00 -1.000000e+01  5.000000e+00
     vertex -4.993785e+00 -1.000000e+01  5.249229e+00
     vertex -5.000000e+00 -1.000000e+01  5.000000e+00
   endloop
 endfacet
 facet normal  0.000000e+00 -1.000000e+00  0.000000e+00
   outer loop
     vertex -2.300000e+00 -1.000000e+01  5.000000e+00
     vertex -2.297141e+00 -1.000000e+01  5.114646e+00
     vertex -4.993785e+00 -1.000000e+01  5.249229e+00
   endloop
 endfacet
 facet normal  0.000000e+00 -1.000000e+00  0.000000e+00
   outer loop
     vertex  5.734059e-02 -1.000000e+01  7.299285e+00
     vertex  1.246535e-01 -1.000000e+01  9.998446e+00
     vertex -5.734059e-02 -1.000000e+01  7.299285e+00
   endloop
 endfacet
 facet normal  0.000000e+00 -1.000000e+00  0.000000e+00
   outer loop
     vertex  5.734059e-02 -1.000000e+01  7.299285e+00
     vertex  3.736505e-01 -1.000000e+01  9.986019e+00
     vertex  1.246535e-01 -1.000000e+01  9.998446e+00
   endloop
 endfacet
 facet normal -0.000000e+00 -1.000000e+00  0.000000e+00
   outer loop
     vertex -2.297141e+00 -1.000000e+01  4.885354e+00
     vertex -5.000000e+00 -1.000000e+01  5.000000e+00
     vertex -4.993785e+00 -1.000000e+01  4.750771e+00
   endloop
 endfacet
 facet normal  0.000000e+00 -1.000000e+00  0.000000e+00
   outer loop
     vertex -2.297141e+00 -1.000000e+01  4.885354e+00
     vertex -2.300000e+00 -1.000000e+01  5.000000e+00
     vertex -5.000000e+00 -1.000000e+01  5.000000e+00
   endloop
 endfacet
 facet normal  0.000000e+00 -1.000000e+00  0.000000e+00
   outer loop
     vertex  1.718792e-01 -1.000000e+01  7.293569e+00
     vertex  3.736505e-01 -1.000000e+01  9.986019e+00
     vertex  5.734059e-02 -1.000000e+01  7.299285e+00
   endloop
 endfacet
 facet normal  0.000000e+00 -1.000000e+00  0.000000e+00
   outer loop
     vertex  1.718792e-01 -1.000000e+01  7.293569e+00
     vertex  6.217185e-01 -1.000000e+01  9.961196e+00
     vertex  3.736505e-01 -1.000000e+01  9.986019e+00
   endloop
 endfacet
 facet normal  0.000000e+00 -1.000000e+00  0.000000e+00
   outer loop
     vertex -2.288571e+00 -1.000000e+01  4.770994e+00
     vertex -4.993785e+00 -1.000000e+01  4.750771e+00
     vertex -4.975154e+00 -1.000000e+01  4.502161e+00
   endloop
 endfacet
 facet normal -0.000000e+00 -1.000000e+00  0.000000e+00
   outer loop
     vertex -2.288571e+00 -1.000000e+01  4.770994e+00
     vertex -2.297141e+00 -1.000000e+01  4.885354e+00
     vertex -4.993785e+00 -1.000000e+01  4.750771e+00
   endloop
 endfacet
 facet normal  0.000000e+00 -1.000000e+00  0.000000e+00
   outer loop
     vertex  2.859905e-01 -1.000000e+01  7.282150e+00
     vertex  6.217185e-01 -1.000000e+01  9.961196e+00
     vertex  1.718792e-01 -1.000000e+01  7.293569e+00
   endloop
 endfacet
 facet normal  0.000000e+00 -1.000000e+00  0.000000e+00
   outer loop
     vertex  2.859905e-01 -1.000000e+01  7.282150e+00
     vertex  8.682409e-01 -1.000000e+01  9.924039e+00
     vertex  6.217185e-01 -1.000000e+01  9.961196e+00
   endloop
 endfacet
 facet normal  0.000000e+00 -1.000000e+00  0.000000e+00
   outer loop
     vertex -2.274311e+00 -1.000000e+01  4.657203e+00
     vertex -4.975154e+00 -1.000000e+01  4.502161e+00
     vertex -4.944154e+00 -1.000000e+01  4.254789e+00
   endloop
 endfacet
 facet normal -0.000000e+00 -1.000000e+00  0.000000e+00
   outer loop
     vertex -2.274311e+00 -1.000000e+01  4.657203e+00
     vertex -2.288571e+00 -1.000000e+01  4.770994e+00
     vertex -4.975154e+00 -1.000000e+01  4.502161e+00
   endloop
 endfacet
 facet normal  0.000000e+00 -1.000000e+00  0.000000e+00
   outer loop
     vertex  3.993908e-01 -1.000000e+01  7.265058e+00
     vertex  1.112605e+00 -1.000000e+01  9.874640e+00
     vertex  8.682409e-01 -1.000000e+01  9.924039e+00
   endloop
 endfacet
 facet normal  0.000000e+00 -1.000000e+00  0.000000e+00
   outer loop
     vertex  3.993908e-01 -1.000000e+01  7.265058e+00
     vertex  8.682409e-01 -1.000000e+01  9.924039e+00
     vertex  2.859905e-01 -1.000000e+01  7.282150e+00
   endloop
 endfacet
 facet normal  0.000000e+00 -1.000000e+00  0.000000e+00
   outer loop
     vertex -2.254397e+00 -1.000000e+01  4.544264e+00
     vertex -4.944154e+00 -1.000000e+01  4.254789e+00
     vertex -4.900862e+00 -1.000000e+01  4.009269e+00
   endloop
 endfacet
 facet normal -0.000000e+00 -1.000000e+00  0.000000e+00
   outer loop
     vertex -2.254397e+00 -1.000000e+01  4.544264e+00
     vertex -2.274311e+00 -1.000000e+01  4.657203e+00
     vertex -4.944154e+00 -1.000000e+01  4.254789e+00
   endloop
 endfacet
 facet normal  0.000000e+00 -1.000000e+00  0.000000e+00
   outer loop
     vertex  5.117981e-01 -1.000000e+01  7.242334e+00
     vertex  1.112605e+00 -1.000000e+01  9.874640e+00
     vertex  3.993908e-01 -1.000000e+01  7.265058e+00
   endloop
 endfacet
 facet normal -0.000000e+00 -1.000000e+00  0.000000e+00
   outer loop
     vertex -2.228878e+00 -1.000000e+01  4.432458e+00
     vertex -2.254397e+00 -1.000000e+01  4.544264e+00
     vertex -4.900862e+00 -1.000000e+01  4.009269e+00
   endloop
 endfacet
 facet normal  0.000000e+00 -1.000000e+00  0.000000e+00
   outer loop
     vertex -2.228878e+00 -1.000000e+01  4.432458e+00
     vertex -4.900862e+00 -1.000000e+01  4.009269e+00
     vertex -4.845386e+00 -1.000000e+01  3.766213e+00
   endloop
 endfacet
 facet normal  0.000000e+00 -1.000000e+00  0.000000e+00
   outer loop
     vertex  6.229331e-01 -1.000000e+01  7.214036e+00
     vertex  1.592433e+00 -1.000000e+01  9.739637e+00
     vertex  1.354202e+00 -1.000000e+01  9.813121e+00
   endloop
 endfacet
 facet normal  0.000000e+00 -1.000000e+00  0.000000e+00
   outer loop
     vertex  6.229331e-01 -1.000000e+01  7.214036e+00
     vertex  1.354202e+00 -1.000000e+01  9.813121e+00
     vertex  1.112605e+00 -1.000000e+01  9.874640e+00
   endloop
 endfacet
 facet normal  0.000000e+00 -1.000000e+00  0.000000e+00
   outer loop
     vertex  6.229331e-01 -1.000000e+01  7.214036e+00
     vertex  1.112605e+00 -1.000000e+01  9.874640e+00
     vertex  5.117981e-01 -1.000000e+01  7.242334e+00
   endloop
 endfacet
 facet normal -0.000000e+00 -1.000000e+00  0.000000e+00
   outer loop
     vertex -2.197817e+00 -1.000000e+01  4.322063e+00
     vertex -2.228878e+00 -1.000000e+01  4.432458e+00
     vertex -4.845386e+00 -1.000000e+01  3.766213e+00
   endloop
 endfacet
 facet normal  0.000000e+00 -1.000000e+00  0.000000e+00
   outer loop
     vertex -2.197817e+00 -1.000000e+01  4.322063e+00
     vertex -4.845386e+00 -1.000000e+01  3.766213e+00
     vertex -4.777864e+00 -1.000000e+01  3.526224e+00
   endloop
 endfacet
 facet normal  0.000000e+00 -1.000000e+00  0.000000e+00
   outer loop
     vertex  7.325193e-01 -1.000000e+01  7.180233e+00
     vertex  1.826705e+00 -1.000000e+01  9.654369e+00
     vertex  1.592433e+00 -1.000000e+01  9.739637e+00
   endloop
 endfacet
 facet normal  0.000000e+00 -1.000000e+00  0.000000e+00
   outer loop
     vertex  7.325193e-01 -1.000000e+01  7.180233e+00
     vertex  1.592433e+00 -1.000000e+01  9.739637e+00
     vertex  6.229331e-01 -1.000000e+01  7.214036e+00
   endloop
 endfacet
 facet normal -0.000000e+00 -1.000000e+00  0.000000e+00
   outer loop
     vertex -2.161293e+00 -1.000000e+01  4.213354e+00
     vertex -2.197817e+00 -1.000000e+01  4.322063e+00
     vertex -4.777864e+00 -1.000000e+01  3.526224e+00
   endloop
 endfacet
 facet normal  0.000000e+00 -1.000000e+00  0.000000e+00
   outer loop
     vertex -2.161293e+00 -1.000000e+01  4.213354e+00
     vertex -4.777864e+00 -1.000000e+01  3.526224e+00
     vertex -4.698463e+00 -1.000000e+01  3.289899e+00
   endloop
 endfacet
 facet normal  0.000000e+00 -1.000000e+00  0.000000e+00
   outer loop
     vertex  8.402844e-01 -1.000000e+01  7.141010e+00
     vertex  1.826705e+00 -1.000000e+01  9.654369e+00
     vertex  7.325193e-01 -1.000000e+01  7.180233e+00
   endloop
 endfacet
 facet normal -0.000000e+00 -1.000000e+00  0.000000e+00
   outer loop
     vertex -2.119395e+00 -1.000000e+01  4.106600e+00
     vertex -2.161293e+00 -1.000000e+01  4.213354e+00
     vertex -4.698463e+00 -1.000000e+01  3.289899e+00
   endloop
 endfacet
 facet normal  0.000000e+00 -1.000000e+00  0.000000e+00
   outer loop
     vertex -2.119395e+00 -1.000000e+01  4.106600e+00
     vertex -4.698463e+00 -1.000000e+01  3.289899e+00
     vertex -4.607381e+00 -1.000000e+01  3.057826e+00
   endloop
 endfacet
 facet normal  0.000000e+00 -1.000000e+00  0.000000e+00
   outer loop
     vertex  9.459603e-01 -1.000000e+01  7.096463e+00
     vertex  2.281053e+00 -1.000000e+01  9.449359e+00
     vertex  2.056436e+00 -1.000000e+01  9.557529e+00
   endloop
 endfacet
 facet normal  0.000000e+00 -1.000000e+00  0.000000e+00
   outer loop
     vertex  9.459603e-01 -1.000000e+01  7.096463e+00
     vertex  2.056436e+00 -1.000000e+01  9.557529e+00
     vertex  1.826705e+00 -1.000000e+01  9.654369e+00
   endloop
 endfacet
 facet normal  0.000000e+00 -1.000000e+00  0.000000e+00
   outer loop
     vertex  9.459603e-01 -1.000000e+01  7.096463e+00
     vertex  1.826705e+00 -1.000000e+01  9.654369e+00
     vertex  8.402844e-01 -1.000000e+01  7.141010e+00
   endloop
 endfacet
 facet normal -0.000000e+00 -1.000000e+00  0.000000e+00
   outer loop
     vertex -2.072228e+00 -1.000000e+01  4.002067e+00
     vertex -2.119395e+00 -1.000000e+01  4.106600e+00
     vertex -4.607381e+00 -1.000000e+01  3.057826e+00
   endloop
 endfacet
 facet normal  0.000000e+00 -1.000000e+00  0.000000e+00
   outer loop
     vertex -2.072228e+00 -1.000000e+01  4.002067e+00
     vertex -4.607381e+00 -1.000000e+01  3.057826e+00
     vertex -4.504844e+00 -1.000000e+01  2.830581e+00
   endloop
 endfacet
 facet normal  0.000000e+00 -1.000000e+00  0.000000e+00
   outer loop
     vertex  1.049285e+00 -1.000000e+01  7.046705e+00
     vertex  2.500000e+00 -1.000000e+01  9.330127e+00
     vertex  2.281053e+00 -1.000000e+01  9.449359e+00
   endloop
 endfacet
 facet normal  0.000000e+00 -1.000000e+00  0.000000e+00
   outer loop
     vertex  1.049285e+00 -1.000000e+01  7.046705e+00
     vertex  2.281053e+00 -1.000000e+01  9.449359e+00
     vertex  9.459603e-01 -1.000000e+01  7.096463e+00
   endloop
 endfacet
 facet normal -0.000000e+00 -1.000000e+00  0.000000e+00
   outer loop
     vertex -2.019910e+00 -1.000000e+01  3.900016e+00
     vertex -2.072228e+00 -1.000000e+01  4.002067e+00
     vertex -4.504844e+00 -1.000000e+01  2.830581e+00
   endloop
 endfacet
 facet normal  0.000000e+00 -1.000000e+00  0.000000e+00
   outer loop
     vertex -2.019910e+00 -1.000000e+01  3.900016e+00
     vertex -4.504844e+00 -1.000000e+01  2.830581e+00
     vertex -4.391108e+00 -1.000000e+01  2.608730e+00
   endloop
 endfacet
 facet normal  0.000000e+00 -1.000000e+00  0.000000e+00
   outer loop
     vertex  1.150000e+00 -1.000000e+01  6.991858e+00
     vertex  2.712731e+00 -1.000000e+01  9.200130e+00
     vertex  2.500000e+00 -1.000000e+01  9.330127e+00
   endloop
 endfacet
 facet normal  0.000000e+00 -1.000000e+00  0.000000e+00
   outer loop
     vertex  1.150000e+00 -1.000000e+01  6.991858e+00
     vertex  2.500000e+00 -1.000000e+01  9.330127e+00
     vertex  1.049285e+00 -1.000000e+01  7.046705e+00
   endloop
 endfacet
 facet normal -0.000000e+00 -1.000000e+00  0.000000e+00
   outer loop
     vertex -1.962569e+00 -1.000000e+01  3.800699e+00
     vertex -2.019910e+00 -1.000000e+01  3.900016e+00
     vertex -4.391108e+00 -1.000000e+01  2.608730e+00
   endloop
 endfacet
 facet normal  0.000000e+00 -1.000000e+00  0.000000e+00
   outer loop
     vertex -1.962569e+00 -1.000000e+01  3.800699e+00
     vertex -4.391108e+00 -1.000000e+01  2.608730e+00
     vertex -4.266454e+00 -1.000000e+01  2.392824e+00
   endloop
 endfacet
 facet normal  0.000000e+00 -1.000000e+00  0.000000e+00
   outer loop
     vertex  1.247856e+00 -1.000000e+01  6.932060e+00
     vertex  2.712731e+00 -1.000000e+01  9.200130e+00
     vertex  1.150000e+00 -1.000000e+01  6.991858e+00
   endloop
 endfacet
 facet normal  0.000000e+00 -1.000000e+00  0.000000e+00
   outer loop
     vertex  1.247856e+00 -1.000000e+01  6.932060e+00
     vertex  2.918718e+00 -1.000000e+01  9.059690e+00
     vertex  2.712731e+00 -1.000000e+01  9.200130e+00
   endloop
 endfacet
 facet normal  0.000000e+00 -1.000000e+00  0.000000e+00
   outer loop
     vertex -1.900349e+00 -1.000000e+01  3.704364e+00
     vertex -4.266454e+00 -1.000000e+01  2.392824e+00
     vertex -4.131194e+00 -1.000000e+01  2.183400e+00
   endloop
 endfacet
 facet normal -0.000000e+00 -1.000000e+00  0.000000e+00
   outer loop
     vertex -1.900349e+00 -1.000000e+01  3.704364e+00
     vertex -1.962569e+00 -1.000000e+01  3.800699e+00
     vertex -4.266454e+00 -1.000000e+01  2.392824e+00
   endloop
 endfacet
 facet normal  0.000000e+00 -1.000000e+00  0.000000e+00
   outer loop
     vertex  1.342610e+00 -1.000000e+01  6.867457e+00
     vertex  2.918718e+00 -1.000000e+01  9.059690e+00
     vertex  1.247856e+00 -1.000000e+01  6.932060e+00
   endloop
 endfacet
 facet normal -0.000000e+00 -1.000000e+00  0.000000e+00
   outer loop
     vertex -1.833405e+00 -1.000000e+01  3.611250e+00
     vertex -1.900349e+00 -1.000000e+01  3.704364e+00
     vertex -4.131194e+00 -1.000000e+01  2.183400e+00
   endloop
 endfacet
 facet normal  0.000000e+00 -1.000000e+00  0.000000e+00
   outer loop
     vertex -1.833405e+00 -1.000000e+01  3.611250e+00
     vertex -4.131194e+00 -1.000000e+01  2.183400e+00
     vertex -3.985663e+00 -1.000000e+01  1.980978e+00
   endloop
 endfacet
 facet normal  0.000000e+00 -1.000000e+00  0.000000e+00
   outer loop
     vertex  1.434027e+00 -1.000000e+01  6.798212e+00
     vertex  3.117449e+00 -1.000000e+01  8.909157e+00
     vertex  2.918718e+00 -1.000000e+01  9.059690e+00
   endloop
 endfacet
 facet normal  0.000000e+00 -1.000000e+00  0.000000e+00
   outer loop
     vertex  1.434027e+00 -1.000000e+01  6.798212e+00
     vertex  2.918718e+00 -1.000000e+01  9.059690e+00
     vertex  1.342610e+00 -1.000000e+01  6.867457e+00
   endloop
 endfacet
 facet normal  0.000000e+00 -1.000000e+00  0.000000e+00
   outer loop
     vertex -1.761902e+00 -1.000000e+01  3.521588e+00
     vertex -3.985663e+00 -1.000000e+01  1.980978e+00
     vertex -3.830222e+00 -1.000000e+01  1.786062e+00
   endloop
 endfacet
 facet normal -0.000000e+00 -1.000000e+00  0.000000e+00
   outer loop
     vertex -1.761902e+00 -1.000000e+01  3.521588e+00
     vertex -1.833405e+00 -1.000000e+01  3.611250e+00
     vertex -3.985663e+00 -1.000000e+01  1.980978e+00
   endloop
 endfacet
 facet normal  0.000000e+00 -1.000000e+00  0.000000e+00
   outer loop
     vertex  1.521877e+00 -1.000000e+01  6.724497e+00
     vertex  3.308429e+00 -1.000000e+01  8.748906e+00
     vertex  3.117449e+00 -1.000000e+01  8.909157e+00
   endloop
 endfacet
 facet normal  0.000000e+00 -1.000000e+00  0.000000e+00
   outer loop
     vertex  1.521877e+00 -1.000000e+01  6.724497e+00
     vertex  3.117449e+00 -1.000000e+01  8.909157e+00
     vertex  1.434027e+00 -1.000000e+01  6.798212e+00
   endloop
 endfacet
 facet normal  0.000000e+00 -1.000000e+00  0.000000e+00
   outer loop
     vertex -1.686019e+00 -1.000000e+01  3.435603e+00
     vertex -3.830222e+00 -1.000000e+01  1.786062e+00
     vertex -3.665259e+00 -1.000000e+01  1.599136e+00
   endloop
 endfacet
 facet normal -0.000000e+00 -1.000000e+00  0.000000e+00
   outer loop
     vertex -1.686019e+00 -1.000000e+01  3.435603e+00
     vertex -1.761902e+00 -1.000000e+01  3.521588e+00
     vertex -3.830222e+00 -1.000000e+01  1.786062e+00
   endloop
 endfacet
 facet normal -0.000000e+00 -1.000000e+00  0.000000e+00
   outer loop
     vertex  3.491184e+00 -1.000000e+01  8.579334e+00
     vertex  3.308429e+00 -1.000000e+01  8.748906e+00
     vertex  1.521877e+00 -1.000000e+01  6.724497e+00
   endloop
 endfacet
 facet normal  0.000000e+00 -1.000000e+00  0.000000e+00
   outer loop
     vertex  1.605945e+00 -1.000000e+01  6.646494e+00
     vertex  3.491184e+00 -1.000000e+01  8.579334e+00
     vertex  1.521877e+00 -1.000000e+01  6.724497e+00
   endloop
 endfacet
 facet normal  0.000000e+00 -1.000000e+00  0.000000e+00
   outer loop
     vertex -3.491184e+00 -1.000000e+01  1.420666e+00
     vertex -1.605945e+00 -1.000000e+01  3.353506e+00
     vertex -1.686019e+00 -1.000000e+01  3.435603e+00
   endloop
 endfacet
 facet normal  0.000000e+00 -1.000000e+00  0.000000e+00
   outer loop
     vertex -3.491184e+00 -1.000000e+01  1.420666e+00
     vertex -1.686019e+00 -1.000000e+01  3.435603e+00
     vertex -3.665259e+00 -1.000000e+01  1.599136e+00
   endloop
 endfacet
 facet normal -0.000000e+00 -1.000000e+00  0.000000e+00
   outer loop
     vertex -1.521877e+00 -1.000000e+01  3.275503e+00
     vertex -1.605945e+00 -1.000000e+01  3.353506e+00
     vertex -3.491184e+00 -1.000000e+01  1.420666e+00
   endloop
 endfacet
 facet normal  0.000000e+00 -1.000000e+00  0.000000e+00
   outer loop
     vertex  3.665259e+00 -1.000000e+01  8.400864e+00
     vertex  1.605945e+00 -1.000000e+01  6.646494e+00
     vertex  1.686019e+00 -1.000000e+01  6.564397e+00
   endloop
 endfacet
 facet normal -0.000000e+00 -1.000000e+00  0.000000e+00
   outer loop
     vertex  3.665259e+00 -1.000000e+01  8.400864e+00
     vertex  3.491184e+00 -1.000000e+01  8.579334e+00
     vertex  1.605945e+00 -1.000000e+01  6.646494e+00
   endloop
 endfacet
 facet normal  0.000000e+00 -1.000000e+00  0.000000e+00
   outer loop
     vertex -3.308429e+00 -1.000000e+01  1.251094e+00
     vertex -1.521877e+00 -1.000000e+01  3.275503e+00
     vertex -3.491184e+00 -1.000000e+01  1.420666e+00
   endloop
 endfacet
 facet normal -0.000000e+00 -1.000000e+00  0.000000e+00
   outer loop
     vertex  3.830222e+00 -1.000000e+01  8.213938e+00
     vertex  3.665259e+00 -1.000000e+01  8.400864e+00
     vertex  1.686019e+00 -1.000000e+01  6.564397e+00
   endloop
 endfacet
 facet normal  0.000000e+00 -1.000000e+00  0.000000e+00
   outer loop
     vertex  3.830222e+00 -1.000000e+01  8.213938e+00
     vertex  1.686019e+00 -1.000000e+01  6.564397e+00
     vertex  1.761902e+00 -1.000000e+01  6.478412e+00
   endloop
 endfacet
 facet normal  0.000000e+00 -1.000000e+00  0.000000e+00
   outer loop
     vertex -3.117449e+00 -1.000000e+01  1.090843e+00
     vertex -1.521877e+00 -1.000000e+01  3.275503e+00
     vertex -3.308429e+00 -1.000000e+01  1.251094e+00
   endloop
 endfacet
 facet normal  0.000000e+00 -1.000000e+00  0.000000e+00
   outer loop
     vertex -3.117449e+00 -1.000000e+01  1.090843e+00
     vertex -1.434027e+00 -1.000000e+01  3.201788e+00
     vertex -1.521877e+00 -1.000000e+01  3.275503e+00
   endloop
 endfacet
 facet normal -0.000000e+00 -1.000000e+00  0.000000e+00
   outer loop
     vertex  3.985663e+00 -1.000000e+01  8.019022e+00
     vertex  3.830222e+00 -1.000000e+01  8.213938e+00
     vertex  1.761902e+00 -1.000000e+01  6.478412e+00
   endloop
 endfacet
 facet normal  0.000000e+00 -1.000000e+00  0.000000e+00
   outer loop
     vertex  3.985663e+00 -1.000000e+01  8.019022e+00
     vertex  1.761902e+00 -1.000000e+01  6.478412e+00
     vertex  1.833405e+00 -1.000000e+01  6.388750e+00
   endloop
 endfacet
 facet normal  0.000000e+00 -1.000000e+00  0.000000e+00
   outer loop
     vertex -2.918718e+00 -1.000000e+01  9.403100e-01
     vertex -1.434027e+00 -1.000000e+01  3.201788e+00
     vertex -3.117449e+00 -1.000000e+01  1.090843e+00
   endloop
 endfacet
 facet normal  0.000000e+00 -1.000000e+00  0.000000e+00
   outer loop
     vertex -2.918718e+00 -1.000000e+01  9.403100e-01
     vertex -1.342610e+00 -1.000000e+01  3.132543e+00
     vertex -1.434027e+00 -1.000000e+01  3.201788e+00
   endloop
 endfacet
 facet normal -0.000000e+00 -1.000000e+00  0.000000e+00
   outer loop
     vertex  4.131194e+00 -1.000000e+01  7.816600e+00
     vertex  3.985663e+00 -1.000000e+01  8.019022e+00
     vertex  1.833405e+00 -1.000000e+01  6.388750e+00
   endloop
 endfacet
 facet normal  0.000000e+00 -1.000000e+00  0.000000e+00
   outer loop
     vertex  4.131194e+00 -1.000000e+01  7.816600e+00
     vertex  1.833405e+00 -1.000000e+01  6.388750e+00
     vertex  1.900349e+00 -1.000000e+01  6.295636e+00
   endloop
 endfacet
 facet normal  0.000000e+00 -1.000000e+00  0.000000e+00
   outer loop
     vertex -2.712731e+00 -1.000000e+01  7.998704e-01
     vertex -1.342610e+00 -1.000000e+01  3.132543e+00
     vertex -2.918718e+00 -1.000000e+01  9.403100e-01
   endloop
 endfacet
 facet normal  0.000000e+00 -1.000000e+00  0.000000e+00
   outer loop
     vertex -2.712731e+00 -1.000000e+01  7.998704e-01
     vertex -1.150000e+00 -1.000000e+01  3.008142e+00
     vertex -1.247856e+00 -1.000000e+01  3.067940e+00
   endloop
 endfacet
 facet normal  0.000000e+00 -1.000000e+00  0.000000e+00
   outer loop
     vertex -2.712731e+00 -1.000000e+01  7.998704e-01
     vertex -1.247856e+00 -1.000000e+01  3.067940e+00
     vertex -1.342610e+00 -1.000000e+01  3.132543e+00
   endloop
 endfacet
 facet normal -0.000000e+00 -1.000000e+00  0.000000e+00
   outer loop
     vertex  4.266454e+00 -1.000000e+01  7.607176e+00
     vertex  4.131194e+00 -1.000000e+01  7.816600e+00
     vertex  1.900349e+00 -1.000000e+01  6.295636e+00
   endloop
 endfacet
 facet normal  0.000000e+00 -1.000000e+00  0.000000e+00
   outer loop
     vertex  4.266454e+00 -1.000000e+01  7.607176e+00
     vertex  1.900349e+00 -1.000000e+01  6.295636e+00
     vertex  1.962569e+00 -1.000000e+01  6.199301e+00
   endloop
 endfacet
 facet normal  0.000000e+00 -1.000000e+00  0.000000e+00
   outer loop
     vertex -2.500000e+00 -1.000000e+01  6.698730e-01
     vertex -1.150000e+00 -1.000000e+01  3.008142e+00
     vertex -2.712731e+00 -1.000000e+01  7.998704e-01
   endloop
 endfacet
 facet normal  0.000000e+00 -1.000000e+00  0.000000e+00
   outer loop
     vertex  4.391108e+00 -1.000000e+01  7.391270e+00
     vertex  1.962569e+00 -1.000000e+01  6.199301e+00
     vertex  2.019910e+00 -1.000000e+01  6.099984e+00
   endloop
 endfacet
 facet normal -0.000000e+00 -1.000000e+00  0.000000e+00
   outer loop
     vertex  4.391108e+00 -1.000000e+01  7.391270e+00
     vertex  4.266454e+00 -1.000000e+01  7.607176e+00
     vertex  1.962569e+00 -1.000000e+01  6.199301e+00
   endloop
 endfacet
 facet normal  0.000000e+00 -1.000000e+00  0.000000e+00
   outer loop
     vertex -2.281053e+00 -1.000000e+01  5.506410e-01
     vertex -1.150000e+00 -1.000000e+01  3.008142e+00
     vertex -2.500000e+00 -1.000000e+01  6.698730e-01
   endloop
 endfacet
 facet normal  0.000000e+00 -1.000000e+00  0.000000e+00
   outer loop
     vertex -2.281053e+00 -1.000000e+01  5.506410e-01
     vertex -9.459603e-01 -1.000000e+01  2.903537e+00
     vertex -1.049285e+00 -1.000000e+01  2.953295e+00
   endloop
 endfacet
 facet normal  0.000000e+00 -1.000000e+00  0.000000e+00
   outer loop
     vertex -2.281053e+00 -1.000000e+01  5.506410e-01
     vertex -1.049285e+00 -1.000000e+01  2.953295e+00
     vertex -1.150000e+00 -1.000000e+01  3.008142e+00
   endloop
 endfacet
 facet normal  0.000000e+00 -1.000000e+00  0.000000e+00
   outer loop
     vertex  4.504844e+00 -1.000000e+01  7.169419e+00
     vertex  2.019910e+00 -1.000000e+01  6.099984e+00
     vertex  2.072228e+00 -1.000000e+01  5.997933e+00
   endloop
 endfacet
 facet normal -0.000000e+00 -1.000000e+00  0.000000e+00
   outer loop
     vertex  4.504844e+00 -1.000000e+01  7.169419e+00
     vertex  4.391108e+00 -1.000000e+01  7.391270e+00
     vertex  2.019910e+00 -1.000000e+01  6.099984e+00
   endloop
 endfacet
 facet normal  0.000000e+00 -1.000000e+00  0.000000e+00
   outer loop
     vertex -2.056436e+00 -1.000000e+01  4.424707e-01
     vertex -8.402844e-01 -1.000000e+01  2.858990e+00
     vertex -9.459603e-01 -1.000000e+01  2.903537e+00
   endloop
 endfacet
 facet normal  0.000000e+00 -1.000000e+00  0.000000e+00
   outer loop
     vertex -2.056436e+00 -1.000000e+01  4.424707e-01
     vertex -9.459603e-01 -1.000000e+01  2.903537e+00
     vertex -2.281053e+00 -1.000000e+01  5.506410e-01
   endloop
 endfacet
 facet normal  0.000000e+00 -1.000000e+00  0.000000e+00
   outer loop
     vertex  4.607381e+00 -1.000000e+01  6.942174e+00
     vertex  2.072228e+00 -1.000000e+01  5.997933e+00
     vertex  2.119395e+00 -1.000000e+01  5.893400e+00
   endloop
 endfacet
 facet normal -0.000000e+00 -1.000000e+00  0.000000e+00
   outer loop
     vertex  4.607381e+00 -1.000000e+01  6.942174e+00
     vertex  4.504844e+00 -1.000000e+01  7.169419e+00
     vertex  2.072228e+00 -1.000000e+01  5.997933e+00
   endloop
 endfacet
 facet normal  0.000000e+00 -1.000000e+00  0.000000e+00
   outer loop
     vertex -1.826705e+00 -1.000000e+01  3.456313e-01
     vertex -8.402844e-01 -1.000000e+01  2.858990e+00
     vertex -2.056436e+00 -1.000000e+01  4.424707e-01
   endloop
 endfacet
 facet normal  0.000000e+00 -1.000000e+00  0.000000e+00
   outer loop
     vertex  4.698463e+00 -1.000000e+01  6.710101e+00
     vertex  2.119395e+00 -1.000000e+01  5.893400e+00
     vertex  2.161293e+00 -1.000000e+01  5.786646e+00
   endloop
 endfacet
 facet normal -0.000000e+00 -1.000000e+00  0.000000e+00
   outer loop
     vertex  4.698463e+00 -1.000000e+01  6.710101e+00
     vertex  4.607381e+00 -1.000000e+01  6.942174e+00
     vertex  2.119395e+00 -1.000000e+01  5.893400e+00
   endloop
 endfacet
 facet normal  0.000000e+00 -1.000000e+00  0.000000e+00
   outer loop
     vertex -1.592433e+00 -1.000000e+01  2.603633e-01
     vertex -7.325193e-01 -1.000000e+01  2.819767e+00
     vertex -8.402844e-01 -1.000000e+01  2.858990e+00
   endloop
 endfacet
 facet normal  0.000000e+00 -1.000000e+00  0.000000e+00
   outer loop
     vertex -1.592433e+00 -1.000000e+01  2.603633e-01
     vertex -8.402844e-01 -1.000000e+01  2.858990e+00
     vertex -1.826705e+00 -1.000000e+01  3.456313e-01
   endloop
 endfacet
 facet normal  0.000000e+00 -1.000000e+00  0.000000e+00
   outer loop
     vertex  4.777864e+00 -1.000000e+01  6.473776e+00
     vertex  2.161293e+00 -1.000000e+01  5.786646e+00
     vertex  2.197817e+00 -1.000000e+01  5.677937e+00
   endloop
 endfacet
 facet normal -0.000000e+00 -1.000000e+00  0.000000e+00
   outer loop
     vertex  4.777864e+00 -1.000000e+01  6.473776e+00
     vertex  4.698463e+00 -1.000000e+01  6.710101e+00
     vertex  2.161293e+00 -1.000000e+01  5.786646e+00
   endloop
 endfacet
 facet normal  0.000000e+00 -1.000000e+00  0.000000e+00
   outer loop
     vertex -1.354202e+00 -1.000000e+01  1.868788e-01
     vertex -7.325193e-01 -1.000000e+01  2.819767e+00
     vertex -1.592433e+00 -1.000000e+01  2.603633e-01
   endloop
 endfacet
 facet normal  0.000000e+00 -1.000000e+00  0.000000e+00
   outer loop
     vertex -1.354202e+00 -1.000000e+01  1.868788e-01
     vertex -5.117981e-01 -1.000000e+01  2.757666e+00
     vertex -6.229331e-01 -1.000000e+01  2.785964e+00
   endloop
 endfacet
 facet normal  0.000000e+00 -1.000000e+00  0.000000e+00
   outer loop
     vertex -1.354202e+00 -1.000000e+01  1.868788e-01
     vertex -6.229331e-01 -1.000000e+01  2.785964e+00
     vertex -7.325193e-01 -1.000000e+01  2.819767e+00
   endloop
 endfacet
 facet normal -0.000000e+00 -1.000000e+00  0.000000e+00
   outer loop
     vertex  4.845386e+00 -1.000000e+01  6.233787e+00
     vertex  4.777864e+00 -1.000000e+01  6.473776e+00
     vertex  2.197817e+00 -1.000000e+01  5.677937e+00
   endloop
 endfacet
 facet normal  0.000000e+00 -1.000000e+00  0.000000e+00
   outer loop
     vertex  4.845386e+00 -1.000000e+01  6.233787e+00
     vertex  2.197817e+00 -1.000000e+01  5.677937e+00
     vertex  2.228878e+00 -1.000000e+01  5.567542e+00
   endloop
 endfacet
 facet normal  0.000000e+00 -1.000000e+00  0.000000e+00
   outer loop
     vertex -1.112605e+00 -1.000000e+01  1.253604e-01
     vertex -5.117981e-01 -1.000000e+01  2.757666e+00
     vertex -1.354202e+00 -1.000000e+01  1.868788e-01
   endloop
 endfacet
 facet normal -0.000000e+00 -1.000000e+00  0.000000e+00
   outer loop
     vertex  4.900862e+00 -1.000000e+01  5.990731e+00
     vertex  4.845386e+00 -1.000000e+01  6.233787e+00
     vertex  2.228878e+00 -1.000000e+01  5.567542e+00
   endloop
 endfacet
 facet normal  0.000000e+00 -1.000000e+00  0.000000e+00
   outer loop
     vertex  4.900862e+00 -1.000000e+01  5.990731e+00
     vertex  2.228878e+00 -1.000000e+01  5.567542e+00
     vertex  2.254397e+00 -1.000000e+01  5.455736e+00
   endloop
 endfacet
 facet normal  0.000000e+00 -1.000000e+00  0.000000e+00
   outer loop
     vertex -8.682409e-01 -1.000000e+01  7.596123e-02
     vertex -2.859905e-01 -1.000000e+01  2.717850e+00
     vertex -3.993908e-01 -1.000000e+01  2.734942e+00
   endloop
 endfacet
 facet normal  0.000000e+00 -1.000000e+00  0.000000e+00
   outer loop
     vertex -8.682409e-01 -1.000000e+01  7.596123e-02
     vertex -3.993908e-01 -1.000000e+01  2.734942e+00
     vertex -5.117981e-01 -1.000000e+01  2.757666e+00
   endloop
 endfacet
 facet normal  0.000000e+00 -1.000000e+00  0.000000e+00
   outer loop
     vertex -8.682409e-01 -1.000000e+01  7.596123e-02
     vertex -5.117981e-01 -1.000000e+01  2.757666e+00
     vertex -1.112605e+00 -1.000000e+01  1.253604e-01
   endloop
 endfacet
 facet normal -0.000000e+00 -1.000000e+00  0.000000e+00
   outer loop
     vertex  4.944154e+00 -1.000000e+01  5.745211e+00
     vertex  4.900862e+00 -1.000000e+01  5.990731e+00
     vertex  2.254397e+00 -1.000000e+01  5.455736e+00
   endloop
 endfacet
 facet normal  0.000000e+00 -1.000000e+00  0.000000e+00
   outer loop
     vertex  4.944154e+00 -1.000000e+01  5.745211e+00
     vertex  2.254397e+00 -1.000000e+01  5.455736e+00
     vertex  2.274311e+00 -1.000000e+01  5.342797e+00
   endloop
 endfacet
 facet normal  0.000000e+00 -1.000000e+00  0.000000e+00
   outer loop
     vertex -6.217185e-01 -1.000000e+01  3.880397e-02
     vertex -2.859905e-01 -1.000000e+01  2.717850e+00
     vertex -8.682409e-01 -1.000000e+01  7.596123e-02
   endloop
 endfacet
 facet normal  0.000000e+00 -1.000000e+00  0.000000e+00
   outer loop
     vertex  4.975154e+00 -1.000000e+01  5.497839e+00
     vertex  2.274311e+00 -1.000000e+01  5.342797e+00
     vertex  2.288571e+00 -1.000000e+01  5.229006e+00
   endloop
 endfacet
 facet normal -0.000000e+00 -1.000000e+00  0.000000e+00
   outer loop
     vertex  4.975154e+00 -1.000000e+01  5.497839e+00
     vertex  4.944154e+00 -1.000000e+01  5.745211e+00
     vertex  2.274311e+00 -1.000000e+01  5.342797e+00
   endloop
 endfacet
 facet normal  0.000000e+00 -1.000000e+00  0.000000e+00
   outer loop
     vertex -3.736505e-01 -1.000000e+01  1.398101e-02
     vertex -5.734059e-02 -1.000000e+01  2.700715e+00
     vertex -1.718792e-01 -1.000000e+01  2.706431e+00
   endloop
 endfacet
 facet normal  0.000000e+00 -1.000000e+00  0.000000e+00
   outer loop
     vertex -3.736505e-01 -1.000000e+01  1.398101e-02
     vertex -1.718792e-01 -1.000000e+01  2.706431e+00
     vertex -2.859905e-01 -1.000000e+01  2.717850e+00
   endloop
 endfacet
 facet normal  0.000000e+00 -1.000000e+00  0.000000e+00
   outer loop
     vertex -3.736505e-01 -1.000000e+01  1.398101e-02
     vertex -2.859905e-01 -1.000000e+01  2.717850e+00
     vertex -6.217185e-01 -1.000000e+01  3.880397e-02
   endloop
 endfacet
 facet normal  0.000000e+00 -1.000000e+00  0.000000e+00
   outer loop
     vertex  4.993785e+00 -1.000000e+01  5.249229e+00
     vertex  2.288571e+00 -1.000000e+01  5.229006e+00
     vertex  2.297141e+00 -1.000000e+01  5.114646e+00
   endloop
 endfacet
 facet normal -0.000000e+00 -1.000000e+00  0.000000e+00
   outer loop
     vertex  4.993785e+00 -1.000000e+01  5.249229e+00
     vertex  4.975154e+00 -1.000000e+01  5.497839e+00
     vertex  2.288571e+00 -1.000000e+01  5.229006e+00
   endloop
 endfacet
 facet normal  0.000000e+00 -1.000000e+00  0.000000e+00
   outer loop
     vertex -1.246535e-01 -1.000000e+01  1.554090e-03
     vertex -5.734059e-02 -1.000000e+01  2.700715e+00
     vertex -3.736505e-01 -1.000000e+01  1.398101e-02
   endloop
 endfacet
 facet normal  0.000000e+00 -1.000000e+00  0.000000e+00
   outer loop
     vertex  5.000000e+00 -1.000000e+01  5.000000e+00
     vertex  2.297141e+00 -1.000000e+01  5.114646e+00
     vertex  2.300000e+00 -1.000000e+01  5.000000e+00
   endloop
 endfacet
 facet normal  0.000000e+00 -1.000000e+00  0.000000e+00
   outer loop
     vertex  5.000000e+00 -1.000000e+01  5.000000e+00
     vertex  4.993785e+00 -1.000000e+01  5.249229e+00
     vertex  2.297141e+00 -1.000000e+01  5.114646e+00
   endloop
 endfacet
 facet normal  0.000000e+00 -1.000000e+00  0.000000e+00
   outer loop
     vertex  1.246535e-01 -1.000000e+01  1.554090e-03
     vertex  1.718792e-01 -1.000000e+01  2.706431e+00
     vertex  5.734059e-02 -1.000000e+01  2.700715e+00
   endloop
 endfacet
 facet normal  0.000000e+00 -1.000000e+00  0.000000e+00
   outer loop
     vertex  1.246535e-01 -1.000000e+01  1.554090e-03
     vertex  5.734059e-02 -1.000000e+01  2.700715e+00
     vertex -5.734059e-02 -1.000000e+01  2.700715e+00
   endloop
 endfacet
 facet normal -0.000000e+00 -1.000000e+00  0.000000e+00
   outer loop
     vertex  1.246535e-01 -1.000000e+01  1.554090e-03
     vertex -5.734059e-02 -1.000000e+01  2.700715e+00
     vertex -1.246535e-01 -1.000000e+01  1.554090e-03
   endloop
 endfacet
 facet normal  0.000000e+00 -1.000000e+00  0.000000e+00
   outer loop
     vertex  4.993785e+00 -1.000000e+01  4.750771e+00
     vertex  2.300000e+00 -1.000000e+01  5.000000e+00
     vertex  2.297141e+00 -1.000000e+01  4.885354e+00
   endloop
 endfacet
 facet normal  0.000000e+00 -1.000000e+00  0.000000e+00
   outer loop
     vertex  4.993785e+00 -1.000000e+01  4.750771e+00
     vertex  5.000000e+00 -1.000000e+01  5.000000e+00
     vertex  2.300000e+00 -1.000000e+01  5.000000e+00
   endloop
 endfacet
 facet normal -0.000000e+00 -1.000000e+00  0.000000e+00
   outer loop
     vertex  3.736505e-01 -1.000000e+01  1.398101e-02
     vertex  1.718792e-01 -1.000000e+01  2.706431e+00
     vertex  1.246535e-01 -1.000000e+01  1.554090e-03
   endloop
 endfacet
 facet normal  0.000000e+00 -1.000000e+00  0.000000e+00
   outer loop
     vertex  4.975154e+00 -1.000000e+01  4.502161e+00
     vertex  4.993785e+00 -1.000000e+01  4.750771e+00
     vertex  2.297141e+00 -1.000000e+01  4.885354e+00
   endloop
 endfacet
 facet normal  0.000000e+00 -1.000000e+00  0.000000e+00
   outer loop
     vertex  4.975154e+00 -1.000000e+01  4.502161e+00
     vertex  2.297141e+00 -1.000000e+01  4.885354e+00
     vertex  2.288571e+00 -1.000000e+01  4.770994e+00
   endloop
 endfacet
 facet normal  0.000000e+00 -1.000000e+00  0.000000e+00
   outer loop
     vertex  6.217185e-01 -1.000000e+01  3.880397e-02
     vertex  2.859905e-01 -1.000000e+01  2.717850e+00
     vertex  1.718792e-01 -1.000000e+01  2.706431e+00
   endloop
 endfacet
 facet normal -0.000000e+00 -1.000000e+00  0.000000e+00
   outer loop
     vertex  6.217185e-01 -1.000000e+01  3.880397e-02
     vertex  1.718792e-01 -1.000000e+01  2.706431e+00
     vertex  3.736505e-01 -1.000000e+01  1.398101e-02
   endloop
 endfacet
 facet normal  0.000000e+00 -1.000000e+00  0.000000e+00
   outer loop
     vertex  4.944154e+00 -1.000000e+01  4.254789e+00
     vertex  2.288571e+00 -1.000000e+01  4.770994e+00
     vertex  2.274311e+00 -1.000000e+01  4.657203e+00
   endloop
 endfacet
 facet normal  0.000000e+00 -1.000000e+00  0.000000e+00
   outer loop
     vertex  4.944154e+00 -1.000000e+01  4.254789e+00
     vertex  4.975154e+00 -1.000000e+01  4.502161e+00
     vertex  2.288571e+00 -1.000000e+01  4.770994e+00
   endloop
 endfacet
 facet normal -0.000000e+00 -1.000000e+00  0.000000e+00
   outer loop
     vertex  8.682409e-01 -1.000000e+01  7.596123e-02
     vertex  2.859905e-01 -1.000000e+01  2.717850e+00
     vertex  6.217185e-01 -1.000000e+01  3.880397e-02
   endloop
 endfacet
 facet normal  0.000000e+00 -1.000000e+00  0.000000e+00
   outer loop
     vertex  8.682409e-01 -1.000000e+01  7.596123e-02
     vertex  3.993908e-01 -1.000000e+01  2.734942e+00
     vertex  2.859905e-01 -1.000000e+01  2.717850e+00
   endloop
 endfacet
 facet normal  0.000000e+00 -1.000000e+00  0.000000e+00
   outer loop
     vertex  4.900862e+00 -1.000000e+01  4.009269e+00
     vertex  4.944154e+00 -1.000000e+01  4.254789e+00
     vertex  2.274311e+00 -1.000000e+01  4.657203e+00
   endloop
 endfacet
 facet normal  0.000000e+00 -1.000000e+00  0.000000e+00
   outer loop
     vertex  4.900862e+00 -1.000000e+01  4.009269e+00
     vertex  2.274311e+00 -1.000000e+01  4.657203e+00
     vertex  2.254397e+00 -1.000000e+01  4.544264e+00
   endloop
 endfacet
 facet normal -0.000000e+00 -1.000000e+00  0.000000e+00
   outer loop
     vertex  1.112605e+00 -1.000000e+01  1.253604e-01
     vertex  3.993908e-01 -1.000000e+01  2.734942e+00
     vertex  8.682409e-01 -1.000000e+01  7.596123e-02
   endloop
 endfacet
 facet normal  0.000000e+00 -1.000000e+00  0.000000e+00
   outer loop
     vertex  1.112605e+00 -1.000000e+01  1.253604e-01
     vertex  5.117981e-01 -1.000000e+01  2.757666e+00
     vertex  3.993908e-01 -1.000000e+01  2.734942e+00
   endloop
 endfacet
 facet normal  0.000000e+00 -1.000000e+00  0.000000e+00
   outer loop
     vertex  4.845386e+00 -1.000000e+01  3.766213e+00
     vertex  2.254397e+00 -1.000000e+01  4.544264e+00
     vertex  2.228878e+00 -1.000000e+01  4.432458e+00
   endloop
 endfacet
 facet normal  0.000000e+00 -1.000000e+00  0.000000e+00
   outer loop
     vertex  4.845386e+00 -1.000000e+01  3.766213e+00
     vertex  4.900862e+00 -1.000000e+01  4.009269e+00
     vertex  2.254397e+00 -1.000000e+01  4.544264e+00
   endloop
 endfacet
 facet normal -0.000000e+00 -1.000000e+00  0.000000e+00
   outer loop
     vertex  1.354202e+00 -1.000000e+01  1.868788e-01
     vertex  5.117981e-01 -1.000000e+01  2.757666e+00
     vertex  1.112605e+00 -1.000000e+01  1.253604e-01
   endloop
 endfacet
 facet normal  0.000000e+00 -1.000000e+00  0.000000e+00
   outer loop
     vertex  1.354202e+00 -1.000000e+01  1.868788e-01
     vertex  6.229331e-01 -1.000000e+01  2.785964e+00
     vertex  5.117981e-01 -1.000000e+01  2.757666e+00
   endloop
 endfacet
 facet normal  0.000000e+00 -1.000000e+00  0.000000e+00
   outer loop
     vertex  4.777864e+00 -1.000000e+01  3.526224e+00
     vertex  2.228878e+00 -1.000000e+01  4.432458e+00
     vertex  2.197817e+00 -1.000000e+01  4.322063e+00
   endloop
 endfacet
 facet normal  0.000000e+00 -1.000000e+00  0.000000e+00
   outer loop
     vertex  4.777864e+00 -1.000000e+01  3.526224e+00
     vertex  4.845386e+00 -1.000000e+01  3.766213e+00
     vertex  2.228878e+00 -1.000000e+01  4.432458e+00
   endloop
 endfacet
 facet normal  0.000000e+00 -1.000000e+00  0.000000e+00
   outer loop
     vertex  1.592433e+00 -1.000000e+01  2.603633e-01
     vertex  8.402844e-01 -1.000000e+01  2.858990e+00
     vertex  7.325193e-01 -1.000000e+01  2.819767e+00
   endloop
 endfacet
 facet normal  0.000000e+00 -1.000000e+00  0.000000e+00
   outer loop
     vertex  1.592433e+00 -1.000000e+01  2.603633e-01
     vertex  7.325193e-01 -1.000000e+01  2.819767e+00
     vertex  6.229331e-01 -1.000000e+01  2.785964e+00
   endloop
 endfacet
 facet normal -0.000000e+00 -1.000000e+00  0.000000e+00
   outer loop
     vertex  1.592433e+00 -1.000000e+01  2.603633e-01
     vertex  6.229331e-01 -1.000000e+01  2.785964e+00
     vertex  1.354202e+00 -1.000000e+01  1.868788e-01
   endloop
 endfacet
 facet normal  0.000000e+00 -1.000000e+00  0.000000e+00
   outer loop
     vertex  4.698463e+00 -1.000000e+01  3.289899e+00
     vertex  2.197817e+00 -1.000000e+01  4.322063e+00
     vertex  2.161293e+00 -1.000000e+01  4.213354e+00
   endloop
 endfacet
 facet normal  0.000000e+00 -1.000000e+00  0.000000e+00
   outer loop
     vertex  4.698463e+00 -1.000000e+01  3.289899e+00
     vertex  4.777864e+00 -1.000000e+01  3.526224e+00
     vertex  2.197817e+00 -1.000000e+01  4.322063e+00
   endloop
 endfacet
 facet normal -0.000000e+00 -1.000000e+00  0.000000e+00
   outer loop
     vertex  1.826705e+00 -1.000000e+01  3.456313e-01
     vertex  8.402844e-01 -1.000000e+01  2.858990e+00
     vertex  1.592433e+00 -1.000000e+01  2.603633e-01
   endloop
 endfacet
 facet normal  0.000000e+00 -1.000000e+00  0.000000e+00
   outer loop
     vertex  4.607381e+00 -1.000000e+01  3.057826e+00
     vertex  2.161293e+00 -1.000000e+01  4.213354e+00
     vertex  2.119395e+00 -1.000000e+01  4.106600e+00
   endloop
 endfacet
 facet normal  0.000000e+00 -1.000000e+00  0.000000e+00
   outer loop
     vertex  4.607381e+00 -1.000000e+01  3.057826e+00
     vertex  4.698463e+00 -1.000000e+01  3.289899e+00
     vertex  2.161293e+00 -1.000000e+01  4.213354e+00
   endloop
 endfacet
 facet normal  0.000000e+00 -1.000000e+00  0.000000e+00
   outer loop
     vertex  2.056436e+00 -1.000000e+01  4.424707e-01
     vertex  1.049285e+00 -1.000000e+01  2.953295e+00
     vertex  9.459603e-01 -1.000000e+01  2.903537e+00
   endloop
 endfacet
 facet normal  0.000000e+00 -1.000000e+00  0.000000e+00
   outer loop
     vertex  2.056436e+00 -1.000000e+01  4.424707e-01
     vertex  9.459603e-01 -1.000000e+01  2.903537e+00
     vertex  8.402844e-01 -1.000000e+01  2.858990e+00
   endloop
 endfacet
 facet normal -0.000000e+00 -1.000000e+00  0.000000e+00
   outer loop
     vertex  2.056436e+00 -1.000000e+01  4.424707e-01
     vertex  8.402844e-01 -1.000000e+01  2.858990e+00
     vertex  1.826705e+00 -1.000000e+01  3.456313e-01
   endloop
 endfacet
 facet normal  0.000000e+00 -1.000000e+00  0.000000e+00
   outer loop
     vertex  4.504844e+00 -1.000000e+01  2.830581e+00
     vertex  2.119395e+00 -1.000000e+01  4.106600e+00
     vertex  2.072228e+00 -1.000000e+01  4.002067e+00
   endloop
 endfacet
 facet normal  0.000000e+00 -1.000000e+00  0.000000e+00
   outer loop
     vertex  4.504844e+00 -1.000000e+01  2.830581e+00
     vertex  4.607381e+00 -1.000000e+01  3.057826e+00
     vertex  2.119395e+00 -1.000000e+01  4.106600e+00
   endloop
 endfacet
 facet normal -0.000000e+00 -1.000000e+00  0.000000e+00
   outer loop
     vertex  2.281053e+00 -1.000000e+01  5.506410e-01
     vertex  1.049285e+00 -1.000000e+01  2.953295e+00
     vertex  2.056436e+00 -1.000000e+01  4.424707e-01
   endloop
 endfacet
 facet normal  0.000000e+00 -1.000000e+00  0.000000e+00
   outer loop
     vertex  4.391108e+00 -1.000000e+01  2.608730e+00
     vertex  2.072228e+00 -1.000000e+01  4.002067e+00
     vertex  2.019910e+00 -1.000000e+01  3.900016e+00
   endloop
 endfacet
 facet normal  0.000000e+00 -1.000000e+00  0.000000e+00
   outer loop
     vertex  4.391108e+00 -1.000000e+01  2.608730e+00
     vertex  4.504844e+00 -1.000000e+01  2.830581e+00
     vertex  2.072228e+00 -1.000000e+01  4.002067e+00
   endloop
 endfacet
 facet normal  0.000000e+00 -1.000000e+00  0.000000e+00
   outer loop
     vertex  2.500000e+00 -1.000000e+01  6.698730e-01
     vertex  1.150000e+00 -1.000000e+01  3.008142e+00
     vertex  1.049285e+00 -1.000000e+01  2.953295e+00
   endloop
 endfacet
 facet normal -0.000000e+00 -1.000000e+00  0.000000e+00
   outer loop
     vertex  2.500000e+00 -1.000000e+01  6.698730e-01
     vertex  1.049285e+00 -1.000000e+01  2.953295e+00
     vertex  2.281053e+00 -1.000000e+01  5.506410e-01
   endloop
 endfacet
 facet normal  0.000000e+00 -1.000000e+00  0.000000e+00
   outer loop
     vertex  4.266454e+00 -1.000000e+01  2.392824e+00
     vertex  4.391108e+00 -1.000000e+01  2.608730e+00
     vertex  2.019910e+00 -1.000000e+01  3.900016e+00
   endloop
 endfacet
 facet normal  0.000000e+00 -1.000000e+00  0.000000e+00
   outer loop
     vertex  4.266454e+00 -1.000000e+01  2.392824e+00
     vertex  2.019910e+00 -1.000000e+01  3.900016e+00
     vertex  1.962569e+00 -1.000000e+01  3.800699e+00
   endloop
 endfacet
 facet normal -0.000000e+00 -1.000000e+00  0.000000e+00
   outer loop
     vertex  2.712731e+00 -1.000000e+01  7.998704e-01
     vertex  1.150000e+00 -1.000000e+01  3.008142e+00
     vertex  2.500000e+00 -1.000000e+01  6.698730e-01
   endloop
 endfacet
 facet normal  0.000000e+00 -1.000000e+00  0.000000e+00
   outer loop
     vertex  2.712731e+00 -1.000000e+01  7.998704e-01
     vertex  1.247856e+00 -1.000000e+01  3.067940e+00
     vertex  1.150000e+00 -1.000000e+01  3.008142e+00
   endloop
 endfacet
 facet normal  0.000000e+00 -1.000000e+00  0.000000e+00
   outer loop
     vertex  4.131194e+00 -1.000000e+01  2.183400e+00
     vertex  1.962569e+00 -1.000000e+01  3.800699e+00
     vertex  1.900349e+00 -1.000000e+01  3.704364e+00
   endloop
 endfacet
 facet normal  0.000000e+00 -1.000000e+00  0.000000e+00
   outer loop
     vertex  4.131194e+00 -1.000000e+01  2.183400e+00
     vertex  4.266454e+00 -1.000000e+01  2.392824e+00
     vertex  1.962569e+00 -1.000000e+01  3.800699e+00
   endloop
 endfacet
 facet normal -0.000000e+00 -1.000000e+00  0.000000e+00
   outer loop
     vertex  2.918718e+00 -1.000000e+01  9.403100e-01
     vertex  1.247856e+00 -1.000000e+01  3.067940e+00
     vertex  2.712731e+00 -1.000000e+01  7.998704e-01
   endloop
 endfacet
 facet normal  0.000000e+00 -1.000000e+00  0.000000e+00
   outer loop
     vertex  2.918718e+00 -1.000000e+01  9.403100e-01
     vertex  1.434027e+00 -1.000000e+01  3.201788e+00
     vertex  1.342610e+00 -1.000000e+01  3.132543e+00
   endloop
 endfacet
 facet normal  0.000000e+00 -1.000000e+00  0.000000e+00
   outer loop
     vertex  2.918718e+00 -1.000000e+01  9.403100e-01
     vertex  1.342610e+00 -1.000000e+01  3.132543e+00
     vertex  1.247856e+00 -1.000000e+01  3.067940e+00
   endloop
 endfacet
 facet normal  0.000000e+00 -1.000000e+00  0.000000e+00
   outer loop
     vertex  3.985663e+00 -1.000000e+01  1.980978e+00
     vertex  4.131194e+00 -1.000000e+01  2.183400e+00
     vertex  1.900349e+00 -1.000000e+01  3.704364e+00
   endloop
 endfacet
 facet normal  0.000000e+00 -1.000000e+00  0.000000e+00
   outer loop
     vertex  3.985663e+00 -1.000000e+01  1.980978e+00
     vertex  1.900349e+00 -1.000000e+01  3.704364e+00
     vertex  1.833405e+00 -1.000000e+01  3.611250e+00
   endloop
 endfacet
 facet normal -0.000000e+00 -1.000000e+00  0.000000e+00
   outer loop
     vertex  3.117449e+00 -1.000000e+01  1.090843e+00
     vertex  1.434027e+00 -1.000000e+01  3.201788e+00
     vertex  2.918718e+00 -1.000000e+01  9.403100e-01
   endloop
 endfacet
 facet normal  0.000000e+00 -1.000000e+00  0.000000e+00
   outer loop
     vertex  3.117449e+00 -1.000000e+01  1.090843e+00
     vertex  1.521877e+00 -1.000000e+01  3.275503e+00
     vertex  1.434027e+00 -1.000000e+01  3.201788e+00
   endloop
 endfacet
 facet normal  0.000000e+00 -1.000000e+00  0.000000e+00
   outer loop
     vertex  3.830222e+00 -1.000000e+01  1.786062e+00
     vertex  3.985663e+00 -1.000000e+01  1.980978e+00
     vertex  1.833405e+00 -1.000000e+01  3.611250e+00
   endloop
 endfacet
 facet normal  0.000000e+00 -1.000000e+00  0.000000e+00
   outer loop
     vertex  3.830222e+00 -1.000000e+01  1.786062e+00
     vertex  1.833405e+00 -1.000000e+01  3.611250e+00
     vertex  1.761902e+00 -1.000000e+01  3.521588e+00
   endloop
 endfacet
 facet normal -0.000000e+00 -1.000000e+00  0.000000e+00
   outer loop
     vertex  3.308429e+00 -1.000000e+01  1.251094e+00
     vertex  1.521877e+00 -1.000000e+01  3.275503e+00
     vertex  3.117449e+00 -1.000000e+01  1.090843e+00
   endloop
 endfacet
 facet normal  0.000000e+00 -1.000000e+00  0.000000e+00
   outer loop
     vertex  3.665259e+00 -1.000000e+01  1.599136e+00
     vertex  1.761902e+00 -1.000000e+01  3.521588e+00
     vertex  1.686019e+00 -1.000000e+01  3.435603e+00
   endloop
 endfacet
 facet normal  0.000000e+00 -1.000000e+00  0.000000e+00
   outer loop
     vertex  3.665259e+00 -1.000000e+01  1.599136e+00
     vertex  3.830222e+00 -1.000000e+01  1.786062e+00
     vertex  1.761902e+00 -1.000000e+01  3.521588e+00
   endloop
 endfacet
 facet normal  0.000000e+00 -1.000000e+00  0.000000e+00
   outer loop
     vertex  3.491184e+00 -1.000000e+01  1.420666e+00
     vertex  1.686019e+00 -1.000000e+01  3.435603e+00
     vertex  1.605945e+00 -1.000000e+01  3.353506e+00
   endloop
 endfacet
 facet normal  0.000000e+00 -1.000000e+00  0.000000e+00
   outer loop
     vertex  3.491184e+00 -1.000000e+01  1.420666e+00
     vertex  1.605945e+00 -1.000000e+01  3.353506e+00
     vertex  1.521877e+00 -1.000000e+01  3.275503e+00
   endloop
 endfacet
 facet normal -0.000000e+00 -1.000000e+00  0.000000e+00
   outer loop
     vertex  3.491184e+00 -1.000000e+01  1.420666e+00
     vertex  1.521877e+00 -1.000000e+01  3.275503e+00
     vertex  3.308429e+00 -1.000000e+01  1.251094e+00
   endloop
 endfacet
 facet normal  0.000000e+00 -1.000000e+00  0.000000e+00
   outer loop
     vertex  3.491184e+00 -1.000000e+01  1.420666e+00
     vertex  3.665259e+00 -1.000000e+01  1.599136e+00
     vertex  1.686019e+00 -1.000000e+01  3.435603e+00
   endloop
 endfacet
 facet normal -9.997818e-01 -1.863260e-20 -2.088788e-02
   outer loop
     vertex  2.297993e+00 -6.000000e+00  5.096063e+00
     vertex  2.300000e+00 -6.000000e+00  5.000000e+00
     vertex  2.300000e+00 -1.000000e+01  5.000000e+00
   endloop
 endfacet
 facet normal -9.996892e-01  9.713788e-05 -2.493069e-02
   outer loop
     vertex  2.297993e+00 -6.000000e+00  5.096063e+00
     vertex  2.300000e+00 -1.000000e+01  5.000000e+00
     vertex  2.297141e+00 -1.000000e+01  5.114646e+00
   endloop
 endfacet
 facet normal -9.972038e-01  1.566696e-04 -7.473009e-02
   outer loop
     vertex  2.291976e+00 -6.000000e+00  5.191959e+00
     vertex  2.297141e+00 -1.000000e+01  5.114646e+00
     vertex  2.288571e+00 -1.000000e+01  5.229006e+00
   endloop
 endfacet
 facet normal -9.980370e-01 -7.833544e-05 -6.262719e-02
   outer loop
     vertex  2.291976e+00 -6.000000e+00  5.191959e+00
     vertex  2.297993e+00 -6.000000e+00  5.096063e+00
     vertex  2.297141e+00 -1.000000e+01  5.114646e+00
   endloop
 endfacet
 facet normal -9.922392e-01  1.785913e-04 -1.243437e-01
   outer loop
     vertex  2.281958e+00 -6.000000e+00  5.287520e+00
     vertex  2.288571e+00 -1.000000e+01  5.229006e+00
     vertex  2.274311e+00 -1.000000e+01  5.342797e+00
   endloop
 endfacet
 facet normal -9.945504e-01 -1.190625e-04 -1.042572e-01
   outer loop
     vertex  2.281958e+00 -6.000000e+00  5.287520e+00
     vertex  2.291976e+00 -6.000000e+00  5.191959e+00
     vertex  2.288571e+00 -1.000000e+01  5.229006e+00
   endloop
 endfacet
 facet normal -9.848077e-01  1.629015e-04 -1.736482e-01
   outer loop
     vertex  2.267958e+00 -6.000000e+00  5.382578e+00
     vertex  2.274311e+00 -1.000000e+01  5.342797e+00
     vertex  2.254397e+00 -1.000000e+01  5.455736e+00
   endloop
 endfacet
 facet normal -9.893280e-01 -1.221784e-04 -1.457053e-01
   outer loop
     vertex  2.267958e+00 -6.000000e+00  5.382578e+00
     vertex  2.281958e+00 -6.000000e+00  5.287520e+00
     vertex  2.274311e+00 -1.000000e+01  5.342797e+00
   endloop
 endfacet
 facet normal -9.823791e-01 -8.768312e-05 -1.868990e-01
   outer loop
     vertex  2.250000e+00 -6.000000e+00  5.476970e+00
     vertex  2.267958e+00 -6.000000e+00  5.382578e+00
     vertex  2.254397e+00 -1.000000e+01  5.455736e+00
   endloop
 endfacet
 facet normal -9.749279e-01  1.096012e-04 -2.225209e-01
   outer loop
     vertex  2.228878e+00 -1.000000e+01  5.567542e+00
     vertex  2.250000e+00 -6.000000e+00  5.476970e+00
     vertex  2.254397e+00 -1.000000e+01  5.455736e+00
   endloop
 endfacet
 facet normal -9.728052e-01  1.337590e-19 -2.316246e-01
   outer loop
     vertex  2.223522e+00  0.000000e+00  5.588175e+00
     vertex  2.250000e+00  0.000000e+00  5.476970e+00
     vertex  2.250000e+00 -6.000000e+00  5.476970e+00
   endloop
 endfacet
 facet normal -9.626242e-01  4.326770e-05 -2.708405e-01
   outer loop
     vertex  2.223522e+00  0.000000e+00  5.588175e+00
     vertex  2.228878e+00 -1.000000e+01  5.567542e+00
     vertex  2.197817e+00 -1.000000e+01  5.677937e+00
   endloop
 endfacet
 facet normal -9.733920e-01 -4.852537e-05 -2.291462e-01
   outer loop
     vertex  2.223522e+00  0.000000e+00  5.588175e+00
     vertex  2.250000e+00 -6.000000e+00  5.476970e+00
     vertex  2.228878e+00 -1.000000e+01  5.567542e+00
   endloop
 endfacet
 facet normal -9.479273e-01  4.268906e-05 -3.184866e-01
   outer loop
     vertex  2.191552e+00  0.000000e+00  5.697927e+00
     vertex  2.197817e+00 -1.000000e+01  5.677937e+00
     vertex  2.161293e+00 -1.000000e+01  5.786646e+00
   endloop
 endfacet
 facet normal -9.600951e-01 -4.252172e-05 -2.796736e-01
   outer loop
     vertex  2.191552e+00  0.000000e+00  5.697927e+00
     vertex  2.223522e+00  0.000000e+00  5.588175e+00
     vertex  2.197817e+00 -1.000000e+01  5.677937e+00
   endloop
 endfacet
 facet normal -9.308737e-01  4.210453e-05 -3.653410e-01
   outer loop
     vertex  2.154167e+00  0.000000e+00  5.805955e+00
     vertex  2.161293e+00 -1.000000e+01  5.786646e+00
     vertex  2.119395e+00 -1.000000e+01  5.893400e+00
   endloop
 endfacet
 facet normal -9.450133e-01 -4.194013e-05 -3.270318e-01
   outer loop
     vertex  2.154167e+00  0.000000e+00  5.805955e+00
     vertex  2.191552e+00  0.000000e+00  5.697927e+00
     vertex  2.161293e+00 -1.000000e+01  5.786646e+00
   endloop
 endfacet
 facet normal -9.115059e-01  4.151414e-05 -4.112871e-01
   outer loop
     vertex  2.111462e+00  0.000000e+00  5.911992e+00
     vertex  2.119395e+00 -1.000000e+01  5.893400e+00
     vertex  2.072228e+00 -1.000000e+01  5.997933e+00
   endloop
 endfacet
 facet normal -9.275971e-01 -4.135267e-05 -3.735820e-01
   outer loop
     vertex  2.111462e+00  0.000000e+00  5.911992e+00
     vertex  2.154167e+00  0.000000e+00  5.805955e+00
     vertex  2.119395e+00 -1.000000e+01  5.893400e+00
   endloop
 endfacet
 facet normal -9.078895e-01 -4.075934e-05 -4.192095e-01
   outer loop
     vertex  2.063540e+00  0.000000e+00  6.015776e+00
     vertex  2.111462e+00  0.000000e+00  5.911992e+00
     vertex  2.072228e+00 -1.000000e+01  5.997933e+00
   endloop
 endfacet
 facet normal -8.898718e-01  4.091787e-05 -4.562107e-01
   outer loop
     vertex  2.063540e+00  0.000000e+00  6.015776e+00
     vertex  2.072228e+00 -1.000000e+01  5.997933e+00
     vertex  2.019910e+00 -1.000000e+01  6.099984e+00
   endloop
 endfacet
 facet normal -8.859392e-01 -4.016014e-05 -4.638014e-01
   outer loop
     vertex  2.010521e+00  0.000000e+00  6.117051e+00
     vertex  2.063540e+00  0.000000e+00  6.015776e+00
     vertex  2.019910e+00 -1.000000e+01  6.099984e+00
   endloop
 endfacet
 facet normal -8.660254e-01  4.031574e-05 -5.000000e-01
   outer loop
     vertex  2.010521e+00  0.000000e+00  6.117051e+00
     vertex  2.019910e+00 -1.000000e+01  6.099984e+00
     vertex  1.962569e+00 -1.000000e+01  6.199301e+00
   endloop
 endfacet
 facet normal -8.618004e-01 -3.955507e-05 -5.072475e-01
   outer loop
     vertex  1.952536e+00  0.000000e+00  6.215567e+00
     vertex  2.010521e+00  0.000000e+00  6.117051e+00
     vertex  1.962569e+00 -1.000000e+01  6.199301e+00
   endloop
 endfacet
 facet normal -8.400259e-01  3.970773e-05 -5.425463e-01
   outer loop
     vertex  1.952536e+00  0.000000e+00  6.215567e+00
     vertex  1.962569e+00 -1.000000e+01  6.199301e+00
     vertex  1.900349e+00 -1.000000e+01  6.295636e+00
   endloop
 endfacet
 facet normal -8.355327e-01 -3.894412e-05 -5.494407e-01
   outer loop
     vertex  1.889727e+00  0.000000e+00  6.311080e+00
     vertex  1.952536e+00  0.000000e+00  6.215567e+00
     vertex  1.900349e+00 -1.000000e+01  6.295636e+00
   endloop
 endfacet
 facet normal -8.119380e-01  3.909384e-05 -5.837437e-01
   outer loop
     vertex  1.889727e+00  0.000000e+00  6.311080e+00
     vertex  1.900349e+00 -1.000000e+01  6.295636e+00
     vertex  1.833405e+00 -1.000000e+01  6.388750e+00
   endloop
 endfacet
 facet normal -8.072011e-01 -3.832730e-05 -5.902766e-01
   outer loop
     vertex  1.822251e+00  0.000000e+00  6.403354e+00
     vertex  1.889727e+00  0.000000e+00  6.311080e+00
     vertex  1.833405e+00 -1.000000e+01  6.388750e+00
   endloop
 endfacet
 facet normal -7.818315e-01  3.847409e-05 -6.234898e-01
   outer loop
     vertex  1.822251e+00  0.000000e+00  6.403354e+00
     vertex  1.833405e+00 -1.000000e+01  6.388750e+00
     vertex  1.761902e+00 -1.000000e+01  6.478412e+00
   endloop
 endfacet
 facet normal -7.768754e-01 -3.770461e-05 -6.296543e-01
   outer loop
     vertex  1.750273e+00  0.000000e+00  6.492162e+00
     vertex  1.822251e+00  0.000000e+00  6.403354e+00
     vertex  1.761902e+00 -1.000000e+01  6.478412e+00
   endloop
 endfacet
 facet normal -7.497812e-01  3.784846e-05 -6.616858e-01
   outer loop
     vertex  1.750273e+00  0.000000e+00  6.492162e+00
     vertex  1.761902e+00 -1.000000e+01  6.478412e+00
     vertex  1.686019e+00 -1.000000e+01  6.564397e+00
   endloop
 endfacet
 facet normal -7.446307e-01 -3.707605e-05 -6.674767e-01
   outer loop
     vertex  1.673971e+00  0.000000e+00  6.577283e+00
     vertex  1.750273e+00  0.000000e+00  6.492162e+00
     vertex  1.686019e+00 -1.000000e+01  6.564397e+00
   endloop
 endfacet
 facet normal -7.158668e-01  3.721697e-05 -6.982368e-01
   outer loop
     vertex  1.673971e+00  0.000000e+00  6.577283e+00
     vertex  1.686019e+00 -1.000000e+01  6.564397e+00
     vertex  1.605945e+00 -1.000000e+01  6.646494e+00
   endloop
 endfacet
 facet normal -7.105465e-01 -3.644162e-05 -7.036502e-01
   outer loop
     vertex  1.593534e+00  0.000000e+00  6.658508e+00
     vertex  1.673971e+00  0.000000e+00  6.577283e+00
     vertex  1.605945e+00 -1.000000e+01  6.646494e+00
   endloop
 endfacet
 facet normal -6.801727e-01  3.657960e-05 -7.330519e-01
   outer loop
     vertex  1.593534e+00  0.000000e+00  6.658508e+00
     vertex  1.605945e+00 -1.000000e+01  6.646494e+00
     vertex  1.521877e+00 -1.000000e+01  6.724497e+00
   endloop
 endfacet
 facet normal -6.427876e-01  3.593635e-05 -7.660444e-01
   outer loop
     vertex  1.509161e+00  0.000000e+00  6.735637e+00
     vertex  1.521877e+00 -1.000000e+01  6.724497e+00
     vertex  1.434027e+00 -1.000000e+01  6.798212e+00
   endloop
 endfacet
 facet normal -6.747071e-01 -3.580131e-05 -7.380855e-01
   outer loop
     vertex  1.509161e+00  0.000000e+00  6.735637e+00
     vertex  1.593534e+00  0.000000e+00  6.658508e+00
     vertex  1.521877e+00 -1.000000e+01  6.724497e+00
   endloop
 endfacet
 facet normal -6.372011e-01 -3.515513e-05 -7.706976e-01
   outer loop
     vertex  1.421059e+00  0.000000e+00  6.808477e+00
     vertex  1.509161e+00  0.000000e+00  6.735637e+00
     vertex  1.434027e+00 -1.000000e+01  6.798212e+00
   endloop
 endfacet
 facet normal -6.038044e-01  3.528724e-05 -7.971325e-01
   outer loop
     vertex  1.421059e+00  0.000000e+00  6.808477e+00
     vertex  1.434027e+00 -1.000000e+01  6.798212e+00
     vertex  1.342610e+00 -1.000000e+01  6.867457e+00
   endloop
 endfacet
 facet normal -5.633201e-01  3.463225e-05 -8.262388e-01
   outer loop
     vertex  1.329447e+00  0.000000e+00  6.876851e+00
     vertex  1.342610e+00 -1.000000e+01  6.867457e+00
     vertex  1.247856e+00 -1.000000e+01  6.932060e+00
   endloop
 endfacet
 facet normal -5.981209e-01 -3.450308e-05 -8.014059e-01
   outer loop
     vertex  1.329447e+00  0.000000e+00  6.876851e+00
     vertex  1.421059e+00  0.000000e+00  6.808477e+00
     vertex  1.342610e+00 -1.000000e+01  6.867457e+00
   endloop
 endfacet
 facet normal -5.214352e-01  3.397140e-05 -8.532909e-01
   outer loop
     vertex  1.234552e+00  0.000000e+00  6.940588e+00
     vertex  1.247856e+00 -1.000000e+01  6.932060e+00
     vertex  1.150000e+00 -1.000000e+01  6.991858e+00
   endloop
 endfacet
 facet normal -5.575633e-01 -3.384516e-05 -8.301344e-01
   outer loop
     vertex  1.234552e+00  0.000000e+00  6.940588e+00
     vertex  1.329447e+00  0.000000e+00  6.876851e+00
     vertex  1.247856e+00 -1.000000e+01  6.932060e+00
   endloop
 endfacet
 facet normal -4.782540e-01  3.330467e-05 -8.782216e-01
   outer loop
     vertex  1.136606e+00  0.000000e+00  6.999532e+00
     vertex  1.150000e+00 -1.000000e+01  6.991858e+00
     vertex  1.049285e+00 -1.000000e+01  7.046705e+00
   endloop
 endfacet
 facet normal -5.156283e-01 -3.318137e-05 -8.568124e-01
   outer loop
     vertex  1.136606e+00  0.000000e+00  6.999532e+00
     vertex  1.234552e+00  0.000000e+00  6.940588e+00
     vertex  1.150000e+00 -1.000000e+01  6.991858e+00
   endloop
 endfacet
 facet normal -4.338837e-01  3.263207e-05 -9.009689e-01
   outer loop
     vertex  1.035853e+00  0.000000e+00  7.053536e+00
     vertex  1.049285e+00 -1.000000e+01  7.046705e+00
     vertex  9.459603e-01 -1.000000e+01  7.096463e+00
   endloop
 endfacet
 facet normal -4.724196e-01 -3.251170e-05 -8.813737e-01
   outer loop
     vertex  1.035853e+00  0.000000e+00  7.053536e+00
     vertex  1.136606e+00  0.000000e+00  6.999532e+00
     vertex  1.049285e+00 -1.000000e+01  7.046705e+00
   endloop
 endfacet
 facet normal -3.884348e-01  3.195359e-05 -9.214762e-01
   outer loop
     vertex  9.325411e-01  0.000000e+00  7.102467e+00
     vertex  9.459603e-01 -1.000000e+01  7.096463e+00
     vertex  8.402844e-01 -1.000000e+01  7.141010e+00
   endloop
 endfacet
 facet normal -4.280440e-01 -3.183617e-05 -9.037579e-01
   outer loop
     vertex  9.325411e-01  0.000000e+00  7.102467e+00
     vertex  1.035853e+00  0.000000e+00  7.053536e+00
     vertex  9.459603e-01 -1.000000e+01  7.096463e+00
   endloop
 endfacet
 facet normal -3.420201e-01  3.126925e-05 -9.396926e-01
   outer loop
     vertex  8.269255e-01  0.000000e+00  7.146205e+00
     vertex  8.402844e-01 -1.000000e+01  7.141010e+00
     vertex  7.325193e-01 -1.000000e+01  7.180233e+00
   endloop
 endfacet
 facet normal -3.826109e-01 -3.115476e-05 -9.239096e-01
   outer loop
     vertex  8.269255e-01  0.000000e+00  7.146205e+00
     vertex  9.325411e-01  0.000000e+00  7.102467e+00
     vertex  8.402844e-01 -1.000000e+01  7.141010e+00
   endloop
 endfacet
 facet normal -2.947552e-01  3.057903e-05 -9.555728e-01
   outer loop
     vertex  7.192672e-01  0.000000e+00  7.184641e+00
     vertex  7.325193e-01 -1.000000e+01  7.180233e+00
     vertex  6.229331e-01 -1.000000e+01  7.214036e+00
   endloop
 endfacet
 facet normal -3.362327e-01 -3.046748e-05 -9.417789e-01
   outer loop
     vertex  7.192672e-01  0.000000e+00  7.184641e+00
     vertex  8.269255e-01  0.000000e+00  7.146205e+00
     vertex  7.325193e-01 -1.000000e+01  7.180233e+00
   endloop
 endfacet
 facet normal -2.467574e-01  2.988294e-05 -9.690773e-01
   outer loop
     vertex  6.098321e-01  0.000000e+00  7.217680e+00
     vertex  6.229331e-01 -1.000000e+01  7.214036e+00
     vertex  5.117981e-01 -1.000000e+01  7.242334e+00
   endloop
 endfacet
 facet normal -2.890239e-01 -2.977432e-05 -9.573219e-01
   outer loop
     vertex  6.098321e-01  0.000000e+00  7.217680e+00
     vertex  7.192672e-01  0.000000e+00  7.184641e+00
     vertex  6.229331e-01 -1.000000e+01  7.214036e+00
   endloop
 endfacet
 facet normal -1.981461e-01  2.918098e-05 -9.801725e-01
   outer loop
     vertex  4.988906e-01  0.000000e+00  7.245241e+00
     vertex  5.117981e-01 -1.000000e+01  7.242334e+00
     vertex  3.993908e-01 -1.000000e+01  7.265058e+00
   endloop
 endfacet
 facet normal -2.411011e-01 -2.907530e-05 -9.705000e-01
   outer loop
     vertex  4.988906e-01  0.000000e+00  7.245241e+00
     vertex  6.098321e-01  0.000000e+00  7.217680e+00
     vertex  5.117981e-01 -1.000000e+01  7.242334e+00
   endloop
 endfacet
 facet normal -1.490423e-01  2.847315e-05 -9.888308e-01
   outer loop
     vertex  3.867167e-01  0.000000e+00  7.267256e+00
     vertex  3.993908e-01 -1.000000e+01  7.265058e+00
     vertex  2.859905e-01 -1.000000e+01  7.282150e+00
   endloop
 endfacet
 facet normal -1.925828e-01 -2.837040e-05 -9.812807e-01
   outer loop
     vertex  3.867167e-01  0.000000e+00  7.267256e+00
     vertex  4.988906e-01  0.000000e+00  7.245241e+00
     vertex  3.993908e-01 -1.000000e+01  7.265058e+00
   endloop
 endfacet
 facet normal -9.956785e-02  2.775945e-05 -9.950308e-01
   outer loop
     vertex  2.735875e-01  0.000000e+00  7.283670e+00
     vertex  2.859905e-01 -1.000000e+01  7.282150e+00
     vertex  1.718792e-01 -1.000000e+01  7.293569e+00
   endloop
 endfacet
 facet normal -1.435887e-01 -2.765964e-05 -9.896374e-01
   outer loop
     vertex  2.735875e-01  0.000000e+00  7.283670e+00
     vertex  3.867167e-01  0.000000e+00  7.267256e+00
     vertex  2.859905e-01 -1.000000e+01  7.282150e+00
   endloop
 endfacet
 facet normal -4.984589e-02  2.703987e-05 -9.987569e-01
   outer loop
     vertex  1.597825e-01  0.000000e+00  7.294443e+00
     vertex  1.718792e-01 -1.000000e+01  7.293569e+00
     vertex  5.734059e-02 -1.000000e+01  7.299285e+00
   endloop
 endfacet
 facet normal -9.423996e-02 -2.694300e-05 -9.955495e-01
   outer loop
     vertex  1.597825e-01  0.000000e+00  7.294443e+00
     vertex  2.735875e-01  0.000000e+00  7.283670e+00
     vertex  1.718792e-01 -1.000000e+01  7.293569e+00
   endloop
 endfacet
 facet normal -1.548952e-14  2.631443e-05 -1.000000e+00
   outer loop
     vertex  4.558275e-02  0.000000e+00  7.299548e+00
     vertex  5.734059e-02 -1.000000e+01  7.299285e+00
     vertex -5.734059e-02 -1.000000e+01  7.299285e+00
   endloop
 endfacet
 facet normal -4.465840e-02 -2.622049e-05 -9.990023e-01
   outer loop
     vertex  4.558275e-02  0.000000e+00  7.299548e+00
     vertex  1.597825e-01  0.000000e+00  7.294443e+00
     vertex  5.734059e-02 -1.000000e+01  7.299285e+00
   endloop
 endfacet
 facet normal  4.984589e-02  2.558311e-05 -9.987569e-01
   outer loop
     vertex -6.872958e-02  0.000000e+00  7.298973e+00
     vertex -5.734059e-02 -1.000000e+01  7.299285e+00
     vertex -1.718792e-01 -1.000000e+01  7.293569e+00
   endloop
 endfacet
 facet normal  5.033474e-03 -2.549210e-05 -9.999873e-01
   outer loop
     vertex -6.872958e-02  0.000000e+00  7.298973e+00
     vertex  4.558275e-02  0.000000e+00  7.299548e+00
     vertex -5.734059e-02 -1.000000e+01  7.299285e+00
   endloop
 endfacet
 facet normal  9.956785e-02  2.484592e-05 -9.950308e-01
   outer loop
     vertex -1.828721e-01  0.000000e+00  7.292718e+00
     vertex -1.718792e-01 -1.000000e+01  7.293569e+00
     vertex -2.859905e-01 -1.000000e+01  7.282150e+00
   endloop
 endfacet
 facet normal  5.471292e-02 -2.475785e-05 -9.985021e-01
   outer loop
     vertex -1.828721e-01  0.000000e+00  7.292718e+00
     vertex -6.872958e-02  0.000000e+00  7.298973e+00
     vertex -1.718792e-01 -1.000000e+01  7.293569e+00
   endloop
 endfacet
 facet normal  1.042572e-01 -2.401772e-05 -9.945504e-01
   outer loop
     vertex -2.965629e-01  0.000000e+00  7.280800e+00
     vertex -1.828721e-01  0.000000e+00  7.292718e+00
     vertex -2.859905e-01 -1.000000e+01  7.282150e+00
   endloop
 endfacet
 facet normal  1.490423e-01  2.410286e-05 -9.888308e-01
   outer loop
     vertex -2.965629e-01  0.000000e+00  7.280800e+00
     vertex -2.859905e-01 -1.000000e+01  7.282150e+00
     vertex -3.993908e-01 -1.000000e+01  7.265058e+00
   endloop
 endfacet
 facet normal  1.535440e-01 -2.327173e-05 -9.881418e-01
   outer loop
     vertex -4.095211e-01  0.000000e+00  7.263248e+00
     vertex -2.965629e-01  0.000000e+00  7.280800e+00
     vertex -3.993908e-01 -1.000000e+01  7.265058e+00
   endloop
 endfacet
 facet normal  1.981461e-01  2.335392e-05 -9.801725e-01
   outer loop
     vertex -4.095211e-01  0.000000e+00  7.263248e+00
     vertex -3.993908e-01 -1.000000e+01  7.265058e+00
     vertex -5.117981e-01 -1.000000e+01  7.242334e+00
   endloop
 endfacet
 facet normal  2.024514e-01 -2.251986e-05 -9.792923e-01
   outer loop
     vertex -5.214677e-01  0.000000e+00  7.240105e+00
     vertex -4.095211e-01  0.000000e+00  7.263248e+00
     vertex -5.117981e-01 -1.000000e+01  7.242334e+00
   endloop
 endfacet
 facet normal  2.467574e-01  2.259912e-05 -9.690773e-01
   outer loop
     vertex -5.214677e-01  0.000000e+00  7.240105e+00
     vertex -5.117981e-01 -1.000000e+01  7.242334e+00
     vertex -6.229331e-01 -1.000000e+01  7.214036e+00
   endloop
 endfacet
 facet normal  2.947552e-01  2.183844e-05 -9.555728e-01
   outer loop
     vertex -6.321262e-01  0.000000e+00  7.211429e+00
     vertex -6.229331e-01 -1.000000e+01  7.214036e+00
     vertex -7.325193e-01 -1.000000e+01  7.180233e+00
   endloop
 endfacet
 facet normal  2.508588e-01 -2.176212e-05 -9.680237e-01
   outer loop
     vertex -6.321262e-01  0.000000e+00  7.211429e+00
     vertex -5.214677e-01  0.000000e+00  7.240105e+00
     vertex -6.229331e-01 -1.000000e+01  7.214036e+00
   endloop
 endfacet
 facet normal  3.420201e-01  2.107189e-05 -9.396926e-01
   outer loop
     vertex -7.412231e-01  0.000000e+00  7.177289e+00
     vertex -7.325193e-01 -1.000000e+01  7.180233e+00
     vertex -8.402844e-01 -1.000000e+01  7.141010e+00
   endloop
 endfacet
 facet normal  2.986464e-01 -2.099850e-05 -9.543638e-01
   outer loop
     vertex -7.412231e-01  0.000000e+00  7.177289e+00
     vertex -6.321262e-01  0.000000e+00  7.211429e+00
     vertex -7.325193e-01 -1.000000e+01  7.180233e+00
   endloop
 endfacet
 facet normal  3.884348e-01  2.029947e-05 -9.214762e-01
   outer loop
     vertex -8.484890e-01  0.000000e+00  7.137771e+00
     vertex -8.402844e-01 -1.000000e+01  7.141010e+00
     vertex -9.459603e-01 -1.000000e+01  7.096463e+00
   endloop
 endfacet
 facet normal  3.456964e-01 -2.022902e-05 -9.383464e-01
   outer loop
     vertex -8.484890e-01  0.000000e+00  7.137771e+00
     vertex -7.412231e-01  0.000000e+00  7.177289e+00
     vertex -8.402844e-01 -1.000000e+01  7.141010e+00
   endloop
 endfacet
 facet normal  4.338837e-01  1.952118e-05 -9.009689e-01
   outer loop
     vertex -9.536590e-01  0.000000e+00  7.092973e+00
     vertex -9.459603e-01 -1.000000e+01  7.096463e+00
     vertex -1.049285e+00 -1.000000e+01  7.046705e+00
   endloop
 endfacet
 facet normal  3.918923e-01 -1.945366e-05 -9.200111e-01
   outer loop
     vertex -9.536590e-01  0.000000e+00  7.092973e+00
     vertex -8.484890e-01  0.000000e+00  7.137771e+00
     vertex -9.459603e-01 -1.000000e+01  7.096463e+00
   endloop
 endfacet
 facet normal  4.782540e-01  1.873702e-05 -8.782216e-01
   outer loop
     vertex -1.056473e+00  0.000000e+00  7.043004e+00
     vertex -1.049285e+00 -1.000000e+01  7.046705e+00
     vertex -1.150000e+00 -1.000000e+01  6.991858e+00
   endloop
 endfacet
 facet normal  4.371202e-01 -1.867244e-05 -8.994031e-01
   outer loop
     vertex -1.056473e+00  0.000000e+00  7.043004e+00
     vertex -9.536590e-01  0.000000e+00  7.092973e+00
     vertex -1.049285e+00 -1.000000e+01  7.046705e+00
   endloop
 endfacet
 facet normal  5.214352e-01  1.794699e-05 -8.532909e-01
   outer loop
     vertex -1.156678e+00  0.000000e+00  6.987988e+00
     vertex -1.150000e+00 -1.000000e+01  6.991858e+00
     vertex -1.247856e+00 -1.000000e+01  6.932060e+00
   endloop
 endfacet
 facet normal  4.812683e-01 -1.788534e-05 -8.765733e-01
   outer loop
     vertex -1.156678e+00  0.000000e+00  6.987988e+00
     vertex -1.056473e+00  0.000000e+00  7.043004e+00
     vertex -1.150000e+00 -1.000000e+01  6.991858e+00
   endloop
 endfacet
 facet normal  5.633201e-01  1.715108e-05 -8.262388e-01
   outer loop
     vertex -1.254025e+00  0.000000e+00  6.928062e+00
     vertex -1.247856e+00 -1.000000e+01  6.932060e+00
     vertex -1.342610e+00 -1.000000e+01  6.867457e+00
   endloop
 endfacet
 facet normal  5.242276e-01 -1.709237e-05 -8.515782e-01
   outer loop
     vertex -1.254025e+00  0.000000e+00  6.928062e+00
     vertex -1.156678e+00  0.000000e+00  6.987988e+00
     vertex -1.247856e+00 -1.000000e+01  6.932060e+00
   endloop
 endfacet
 facet normal  6.038044e-01  1.634930e-05 -7.971325e-01
   outer loop
     vertex -1.348274e+00  0.000000e+00  6.863373e+00
     vertex -1.342610e+00 -1.000000e+01  6.867457e+00
     vertex -1.434027e+00 -1.000000e+01  6.798212e+00
   endloop
 endfacet
 facet normal  5.658919e-01 -1.629353e-05 -8.244795e-01
   outer loop
     vertex -1.348274e+00  0.000000e+00  6.863373e+00
     vertex -1.254025e+00  0.000000e+00  6.928062e+00
     vertex -1.342610e+00 -1.000000e+01  6.867457e+00
   endloop
 endfacet
 facet normal  6.427876e-01  1.554166e-05 -7.660444e-01
   outer loop
     vertex -1.439193e+00  0.000000e+00  6.794080e+00
     vertex -1.434027e+00 -1.000000e+01  6.798212e+00
     vertex -1.521877e+00 -1.000000e+01  6.724497e+00
   endloop
 endfacet
 facet normal  6.061582e-01 -1.548881e-05 -7.953441e-01
   outer loop
     vertex -1.439193e+00  0.000000e+00  6.794080e+00
     vertex -1.348274e+00  0.000000e+00  6.863373e+00
     vertex -1.434027e+00 -1.000000e+01  6.798212e+00
   endloop
 endfacet
 facet normal  6.801727e-01  1.472814e-05 -7.330519e-01
   outer loop
     vertex -1.526556e+00  0.000000e+00  6.720356e+00
     vertex -1.521877e+00 -1.000000e+01  6.724497e+00
     vertex -1.605945e+00 -1.000000e+01  6.646494e+00
   endloop
 endfacet
 facet normal  6.449272e-01 -1.467823e-05 -7.642440e-01
   outer loop
     vertex -1.526556e+00  0.000000e+00  6.720356e+00
     vertex -1.439193e+00  0.000000e+00  6.794080e+00
     vertex -1.521877e+00 -1.000000e+01  6.724497e+00
   endloop
 endfacet
 facet normal  7.158668e-01  1.390874e-05 -6.982368e-01
   outer loop
     vertex -1.610149e+00  0.000000e+00  6.642382e+00
     vertex -1.605945e+00 -1.000000e+01  6.646494e+00
     vertex -1.686019e+00 -1.000000e+01  6.564397e+00
   endloop
 endfacet
 facet normal  6.821031e-01 -1.386178e-05 -7.312560e-01
   outer loop
     vertex -1.610149e+00  0.000000e+00  6.642382e+00
     vertex -1.526556e+00  0.000000e+00  6.720356e+00
     vertex -1.605945e+00 -1.000000e+01  6.646494e+00
   endloop
 endfacet
 facet normal  7.497812e-01  1.308348e-05 -6.616858e-01
   outer loop
     vertex -1.689764e+00  0.000000e+00  6.560352e+00
     vertex -1.686019e+00 -1.000000e+01  6.564397e+00
     vertex -1.761902e+00 -1.000000e+01  6.478412e+00
   endloop
 endfacet
 facet normal  7.175940e-01 -1.303945e-05 -6.964616e-01
   outer loop
     vertex -1.689764e+00  0.000000e+00  6.560352e+00
     vertex -1.610149e+00  0.000000e+00  6.642382e+00
     vertex -1.686019e+00 -1.000000e+01  6.564397e+00
   endloop
 endfacet
 facet normal  7.818315e-01  1.225235e-05 -6.234898e-01
   outer loop
     vertex -1.765205e+00  0.000000e+00  6.474466e+00
     vertex -1.761902e+00 -1.000000e+01  6.478412e+00
     vertex -1.833405e+00 -1.000000e+01  6.388750e+00
   endloop
 endfacet
 facet normal  7.513123e-01 -1.221125e-05 -6.599468e-01
   outer loop
     vertex -1.765205e+00  0.000000e+00  6.474466e+00
     vertex -1.689764e+00  0.000000e+00  6.560352e+00
     vertex -1.761902e+00 -1.000000e+01  6.478412e+00
   endloop
 endfacet
 facet normal  7.831747e-01 -1.137718e-05 -6.218018e-01
   outer loop
     vertex -1.836286e+00  0.000000e+00  6.384939e+00
     vertex -1.765205e+00  0.000000e+00  6.474466e+00
     vertex -1.833405e+00 -1.000000e+01  6.388750e+00
   endloop
 endfacet
 facet normal  8.119380e-01  1.141534e-05 -5.837437e-01
   outer loop
     vertex -1.836286e+00  0.000000e+00  6.384939e+00
     vertex -1.833405e+00 -1.000000e+01  6.388750e+00
     vertex -1.900349e+00 -1.000000e+01  6.295636e+00
   endloop
 endfacet
 facet normal  8.131024e-01 -1.053724e-05 -5.821207e-01
   outer loop
     vertex -1.902830e+00  0.000000e+00  6.291990e+00
     vertex -1.836286e+00  0.000000e+00  6.384939e+00
     vertex -1.900349e+00 -1.000000e+01  6.295636e+00
   endloop
 endfacet
 facet normal  8.400259e-01  1.057247e-05 -5.425463e-01
   outer loop
     vertex -1.902830e+00  0.000000e+00  6.291990e+00
     vertex -1.900349e+00 -1.000000e+01  6.295636e+00
     vertex -1.962569e+00 -1.000000e+01  6.199301e+00
   endloop
 endfacet
 facet normal  8.410215e-01 -9.691429e-06 -5.410017e-01
   outer loop
     vertex -1.964674e+00  0.000000e+00  6.195849e+00
     vertex -1.902830e+00  0.000000e+00  6.291990e+00
     vertex -1.962569e+00 -1.000000e+01  6.199301e+00
   endloop
 endfacet
 facet normal  8.660254e-01  9.723720e-06 -5.000000e-01
   outer loop
     vertex -1.964674e+00  0.000000e+00  6.195849e+00
     vertex -1.962569e+00 -1.000000e+01  6.199301e+00
     vertex -2.019910e+00 -1.000000e+01  6.099984e+00
   endloop
 endfacet
 facet normal  8.668631e-01 -8.839746e-06 -4.985463e-01
   outer loop
     vertex -2.021665e+00  0.000000e+00  6.096755e+00
     vertex -1.964674e+00  0.000000e+00  6.195849e+00
     vertex -2.019910e+00 -1.000000e+01  6.099984e+00
   endloop
 endfacet
 facet normal  8.898718e-01  8.869101e-06 -4.562107e-01
   outer loop
     vertex -2.021665e+00  0.000000e+00  6.096755e+00
     vertex -2.019910e+00 -1.000000e+01  6.099984e+00
     vertex -2.072228e+00 -1.000000e+01  5.997933e+00
   endloop
 endfacet
 facet normal  8.905633e-01 -7.982191e-06 -4.548593e-01
   outer loop
     vertex -2.073661e+00  0.000000e+00  5.994951e+00
     vertex -2.021665e+00  0.000000e+00  6.096755e+00
     vertex -2.072228e+00 -1.000000e+01  5.997933e+00
   endloop
 endfacet
 facet normal  9.115059e-01  8.008611e-06 -4.112871e-01
   outer loop
     vertex -2.073661e+00  0.000000e+00  5.994951e+00
     vertex -2.072228e+00 -1.000000e+01  5.997933e+00
     vertex -2.119395e+00 -1.000000e+01  5.893400e+00
   endloop
 endfacet
 facet normal  9.120636e-01 -7.118766e-06 -4.100487e-01
   outer loop
     vertex -2.120536e+00  0.000000e+00  5.890690e+00
     vertex -2.073661e+00  0.000000e+00  5.994951e+00
     vertex -2.119395e+00 -1.000000e+01  5.893400e+00
   endloop
 endfacet
 facet normal  9.308737e-01  7.142250e-06 -3.653410e-01
   outer loop
     vertex -2.120536e+00  0.000000e+00  5.890690e+00
     vertex -2.119395e+00 -1.000000e+01  5.893400e+00
     vertex -2.161293e+00 -1.000000e+01  5.786646e+00
   endloop
 endfacet
 facet normal  9.313109e-01 -6.249469e-06 -3.642252e-01
   outer loop
     vertex -2.162172e+00  0.000000e+00  5.784228e+00
     vertex -2.120536e+00  0.000000e+00  5.890690e+00
     vertex -2.161293e+00 -1.000000e+01  5.786646e+00
   endloop
 endfacet
 facet normal  9.479273e-01  6.270017e-06 -3.184867e-01
   outer loop
     vertex -2.162172e+00  0.000000e+00  5.784228e+00
     vertex -2.161293e+00 -1.000000e+01  5.786646e+00
     vertex -2.197817e+00 -1.000000e+01  5.677937e+00
   endloop
 endfacet
 facet normal  9.626242e-01  5.391914e-06 -2.708405e-01
   outer loop
     vertex -2.198466e+00  0.000000e+00  5.675829e+00
     vertex -2.197817e+00 -1.000000e+01  5.677937e+00
     vertex -2.228878e+00 -1.000000e+01  5.567542e+00
   endloop
 endfacet
 facet normal  9.482576e-01 -5.374301e-06 -3.175019e-01
   outer loop
     vertex -2.198466e+00  0.000000e+00  5.675829e+00
     vertex -2.162172e+00  0.000000e+00  5.784228e+00
     vertex -2.197817e+00 -1.000000e+01  5.677937e+00
   endloop
 endfacet
 facet normal  9.749279e-01  4.507939e-06 -2.225209e-01
   outer loop
     vertex -2.229330e+00  0.000000e+00  5.565761e+00
     vertex -2.228878e+00 -1.000000e+01  5.567542e+00
     vertex -2.254397e+00 -1.000000e+01  5.455736e+00
   endloop
 endfacet
 facet normal  9.628619e-01 -4.493262e-06 -2.699943e-01
   outer loop
     vertex -2.229330e+00  0.000000e+00  5.565761e+00
     vertex -2.198466e+00  0.000000e+00  5.675829e+00
     vertex -2.228878e+00 -1.000000e+01  5.567542e+00
   endloop
 endfacet
 facet normal  9.848078e-01  3.618094e-06 -1.736482e-01
   outer loop
     vertex -2.254688e+00  0.000000e+00  5.454295e+00
     vertex -2.254397e+00 -1.000000e+01  5.455736e+00
     vertex -2.274311e+00 -1.000000e+01  5.342797e+00
   endloop
 endfacet
 facet normal  9.750877e-01 -3.606351e-06 -2.218198e-01
   outer loop
     vertex -2.254688e+00  0.000000e+00  5.454295e+00
     vertex -2.229330e+00  0.000000e+00  5.565761e+00
     vertex -2.254397e+00 -1.000000e+01  5.455736e+00
   endloop
 endfacet
 facet normal  9.922392e-01  2.722377e-06 -1.243437e-01
   outer loop
     vertex -2.274475e+00  0.000000e+00  5.341707e+00
     vertex -2.274311e+00 -1.000000e+01  5.342797e+00
     vertex -2.288571e+00 -1.000000e+01  5.229006e+00
   endloop
 endfacet
 facet normal  9.849047e-01 -2.713570e-06 -1.730974e-01
   outer loop
     vertex -2.274475e+00  0.000000e+00  5.341707e+00
     vertex -2.254688e+00  0.000000e+00  5.454295e+00
     vertex -2.274311e+00 -1.000000e+01  5.342797e+00
   endloop
 endfacet
 facet normal  9.922888e-01 -1.814918e-06 -1.239473e-01
   outer loop
     vertex -2.288644e+00  0.000000e+00  5.228275e+00
     vertex -2.274475e+00  0.000000e+00  5.341707e+00
     vertex -2.288571e+00 -1.000000e+01  5.229006e+00
   endloop
 endfacet
 facet normal  9.972038e-01  1.820789e-06 -7.473009e-02
   outer loop
     vertex -2.288644e+00  0.000000e+00  5.228275e+00
     vertex -2.288571e+00 -1.000000e+01  5.229006e+00
     vertex -2.297141e+00 -1.000000e+01  5.114646e+00
   endloop
 endfacet
 facet normal  9.972217e-01 -9.103944e-07 -7.449107e-02
   outer loop
     vertex -2.297159e+00  0.000000e+00  5.114278e+00
     vertex -2.288644e+00  0.000000e+00  5.228275e+00
     vertex -2.297141e+00 -1.000000e+01  5.114646e+00
   endloop
 endfacet
 facet normal  9.996892e-01  9.133299e-07 -2.493069e-02
   outer loop
     vertex -2.297159e+00  0.000000e+00  5.114278e+00
     vertex -2.297141e+00 -1.000000e+01  5.114646e+00
     vertex -2.300000e+00 -1.000000e+01  5.000000e+00
   endloop
 endfacet
 facet normal  9.996912e-01 -6.621589e-18 -2.485082e-02
   outer loop
     vertex -2.300000e+00  0.000000e+00  5.000000e+00
     vertex -2.297159e+00  0.000000e+00  5.114278e+00
     vertex -2.300000e+00 -1.000000e+01  5.000000e+00
   endloop
 endfacet
 facet normal  9.996912e-01  6.612297e-18  2.485082e-02
   outer loop
     vertex -2.297159e+00  0.000000e+00  4.885722e+00
     vertex -2.300000e+00  0.000000e+00  5.000000e+00
     vertex -2.300000e+00 -1.000000e+01  5.000000e+00
   endloop
 endfacet
 facet normal  9.996892e-01  9.133299e-07  2.493069e-02
   outer loop
     vertex -2.297159e+00  0.000000e+00  4.885722e+00
     vertex -2.300000e+00 -1.000000e+01  5.000000e+00
     vertex -2.297141e+00 -1.000000e+01  4.885354e+00
   endloop
 endfacet
 facet normal  9.972217e-01 -9.103944e-07  7.449107e-02
   outer loop
     vertex -2.288644e+00  0.000000e+00  4.771725e+00
     vertex -2.297159e+00  0.000000e+00  4.885722e+00
     vertex -2.297141e+00 -1.000000e+01  4.885354e+00
   endloop
 endfacet
 facet normal  9.972038e-01  1.820789e-06  7.473009e-02
   outer loop
     vertex -2.288644e+00  0.000000e+00  4.771725e+00
     vertex -2.297141e+00 -1.000000e+01  4.885354e+00
     vertex -2.288571e+00 -1.000000e+01  4.770994e+00
   endloop
 endfacet
 facet normal  9.922888e-01 -1.814918e-06  1.239473e-01
   outer loop
     vertex -2.274475e+00  0.000000e+00  4.658293e+00
     vertex -2.288644e+00  0.000000e+00  4.771725e+00
     vertex -2.288571e+00 -1.000000e+01  4.770994e+00
   endloop
 endfacet
 facet normal  9.922392e-01  2.722377e-06  1.243437e-01
   outer loop
     vertex -2.274475e+00  0.000000e+00  4.658293e+00
     vertex -2.288571e+00 -1.000000e+01  4.770994e+00
     vertex -2.274311e+00 -1.000000e+01  4.657203e+00
   endloop
 endfacet
 facet normal  9.849047e-01 -2.713570e-06  1.730974e-01
   outer loop
     vertex -2.254688e+00  0.000000e+00  4.545705e+00
     vertex -2.274475e+00  0.000000e+00  4.658293e+00
     vertex -2.274311e+00 -1.000000e+01  4.657203e+00
   endloop
 endfacet
 facet normal  9.848078e-01  3.618094e-06  1.736482e-01
   outer loop
     vertex -2.254688e+00  0.000000e+00  4.545705e+00
     vertex -2.274311e+00 -1.000000e+01  4.657203e+00
     vertex -2.254397e+00 -1.000000e+01  4.544264e+00
   endloop
 endfacet
 facet normal  9.750877e-01 -3.606351e-06  2.218198e-01
   outer loop
     vertex -2.229330e+00  0.000000e+00  4.434239e+00
     vertex -2.254688e+00  0.000000e+00  4.545705e+00
     vertex -2.254397e+00 -1.000000e+01  4.544264e+00
   endloop
 endfacet
 facet normal  9.749279e-01  4.507939e-06  2.225209e-01
   outer loop
     vertex -2.229330e+00  0.000000e+00  4.434239e+00
     vertex -2.254397e+00 -1.000000e+01  4.544264e+00
     vertex -2.228878e+00 -1.000000e+01  4.432458e+00
   endloop
 endfacet
 facet normal  9.628619e-01 -4.493262e-06  2.699943e-01
   outer loop
     vertex -2.198466e+00  0.000000e+00  4.324171e+00
     vertex -2.229330e+00  0.000000e+00  4.434239e+00
     vertex -2.228878e+00 -1.000000e+01  4.432458e+00
   endloop
 endfacet
 facet normal  9.626242e-01  5.391914e-06  2.708405e-01
   outer loop
     vertex -2.198466e+00  0.000000e+00  4.324171e+00
     vertex -2.228878e+00 -1.000000e+01  4.432458e+00
     vertex -2.197817e+00 -1.000000e+01  4.322063e+00
   endloop
 endfacet
 facet normal  9.482576e-01 -5.374301e-06  3.175019e-01
   outer loop
     vertex -2.162172e+00  0.000000e+00  4.215772e+00
     vertex -2.198466e+00  0.000000e+00  4.324171e+00
     vertex -2.197817e+00 -1.000000e+01  4.322063e+00
   endloop
 endfacet
 facet normal  9.479273e-01  6.270017e-06  3.184867e-01
   outer loop
     vertex -2.162172e+00  0.000000e+00  4.215772e+00
     vertex -2.197817e+00 -1.000000e+01  4.322063e+00
     vertex -2.161293e+00 -1.000000e+01  4.213354e+00
   endloop
 endfacet
 facet normal  9.313109e-01 -6.249469e-06  3.642252e-01
   outer loop
     vertex -2.120536e+00  0.000000e+00  4.109310e+00
     vertex -2.162172e+00  0.000000e+00  4.215772e+00
     vertex -2.161293e+00 -1.000000e+01  4.213354e+00
   endloop
 endfacet
 facet normal  9.308737e-01  7.142250e-06  3.653410e-01
   outer loop
     vertex -2.120536e+00  0.000000e+00  4.109310e+00
     vertex -2.161293e+00 -1.000000e+01  4.213354e+00
     vertex -2.119395e+00 -1.000000e+01  4.106600e+00
   endloop
 endfacet
 facet normal  9.120636e-01 -7.118766e-06  4.100487e-01
   outer loop
     vertex -2.073661e+00  0.000000e+00  4.005049e+00
     vertex -2.120536e+00  0.000000e+00  4.109310e+00
     vertex -2.119395e+00 -1.000000e+01  4.106600e+00
   endloop
 endfacet
 facet normal  9.115059e-01  8.008611e-06  4.112871e-01
   outer loop
     vertex -2.073661e+00  0.000000e+00  4.005049e+00
     vertex -2.119395e+00 -1.000000e+01  4.106600e+00
     vertex -2.072228e+00 -1.000000e+01  4.002067e+00
   endloop
 endfacet
 facet normal  8.905633e-01 -7.982191e-06  4.548593e-01
   outer loop
     vertex -2.021665e+00  0.000000e+00  3.903245e+00
     vertex -2.073661e+00  0.000000e+00  4.005049e+00
     vertex -2.072228e+00 -1.000000e+01  4.002067e+00
   endloop
 endfacet
 facet normal  8.898718e-01  8.869101e-06  4.562107e-01
   outer loop
     vertex -2.021665e+00  0.000000e+00  3.903245e+00
     vertex -2.072228e+00 -1.000000e+01  4.002067e+00
     vertex -2.019910e+00 -1.000000e+01  3.900016e+00
   endloop
 endfacet
 facet normal  8.668631e-01 -8.839746e-06  4.985463e-01
   outer loop
     vertex -1.964674e+00  0.000000e+00  3.804151e+00
     vertex -2.021665e+00  0.000000e+00  3.903245e+00
     vertex -2.019910e+00 -1.000000e+01  3.900016e+00
   endloop
 endfacet
 facet normal  8.660254e-01  9.723720e-06  5.000000e-01
   outer loop
     vertex -1.964674e+00  0.000000e+00  3.804151e+00
     vertex -2.019910e+00 -1.000000e+01  3.900016e+00
     vertex -1.962569e+00 -1.000000e+01  3.800699e+00
   endloop
 endfacet
 facet normal  8.410215e-01 -9.691429e-06  5.410017e-01
   outer loop
     vertex -1.902830e+00  0.000000e+00  3.708010e+00
     vertex -1.964674e+00  0.000000e+00  3.804151e+00
     vertex -1.962569e+00 -1.000000e+01  3.800699e+00
   endloop
 endfacet
 facet normal  8.400259e-01  1.057247e-05  5.425463e-01
   outer loop
     vertex -1.902830e+00  0.000000e+00  3.708010e+00
     vertex -1.962569e+00 -1.000000e+01  3.800699e+00
     vertex -1.900349e+00 -1.000000e+01  3.704364e+00
   endloop
 endfacet
 facet normal  8.131024e-01 -1.053724e-05  5.821207e-01
   outer loop
     vertex -1.836286e+00  0.000000e+00  3.615061e+00
     vertex -1.902830e+00  0.000000e+00  3.708010e+00
     vertex -1.900349e+00 -1.000000e+01  3.704364e+00
   endloop
 endfacet
 facet normal  8.119380e-01  1.141534e-05  5.837437e-01
   outer loop
     vertex -1.836286e+00  0.000000e+00  3.615061e+00
     vertex -1.900349e+00 -1.000000e+01  3.704364e+00
     vertex -1.833405e+00 -1.000000e+01  3.611250e+00
   endloop
 endfacet
 facet normal  7.831747e-01 -1.137718e-05  6.218018e-01
   outer loop
     vertex -1.765205e+00  0.000000e+00  3.525534e+00
     vertex -1.836286e+00  0.000000e+00  3.615061e+00
     vertex -1.833405e+00 -1.000000e+01  3.611250e+00
   endloop
 endfacet
 facet normal  7.818315e-01  1.225235e-05  6.234898e-01
   outer loop
     vertex -1.765205e+00  0.000000e+00  3.525534e+00
     vertex -1.833405e+00 -1.000000e+01  3.611250e+00
     vertex -1.761902e+00 -1.000000e+01  3.521588e+00
   endloop
 endfacet
 facet normal  7.497812e-01  1.308348e-05  6.616858e-01
   outer loop
     vertex -1.689764e+00  0.000000e+00  3.439648e+00
     vertex -1.761902e+00 -1.000000e+01  3.521588e+00
     vertex -1.686019e+00 -1.000000e+01  3.435603e+00
   endloop
 endfacet
 facet normal  7.513123e-01 -1.221125e-05  6.599468e-01
   outer loop
     vertex -1.689764e+00  0.000000e+00  3.439648e+00
     vertex -1.765205e+00  0.000000e+00  3.525534e+00
     vertex -1.761902e+00 -1.000000e+01  3.521588e+00
   endloop
 endfacet
 facet normal  7.175940e-01 -1.303945e-05  6.964616e-01
   outer loop
     vertex -1.610149e+00  0.000000e+00  3.357618e+00
     vertex -1.689764e+00  0.000000e+00  3.439648e+00
     vertex -1.686019e+00 -1.000000e+01  3.435603e+00
   endloop
 endfacet
 facet normal  7.158668e-01  1.390874e-05  6.982368e-01
   outer loop
     vertex -1.610149e+00  0.000000e+00  3.357618e+00
     vertex -1.686019e+00 -1.000000e+01  3.435603e+00
     vertex -1.605945e+00 -1.000000e+01  3.353506e+00
   endloop
 endfacet
 facet normal  6.801727e-01  1.472814e-05  7.330519e-01
   outer loop
     vertex -1.526556e+00  0.000000e+00  3.279644e+00
     vertex -1.605945e+00 -1.000000e+01  3.353506e+00
     vertex -1.521877e+00 -1.000000e+01  3.275503e+00
   endloop
 endfacet
 facet normal  6.821031e-01 -1.386178e-05  7.312560e-01
   outer loop
     vertex -1.526556e+00  0.000000e+00  3.279644e+00
     vertex -1.610149e+00  0.000000e+00  3.357618e+00
     vertex -1.605945e+00 -1.000000e+01  3.353506e+00
   endloop
 endfacet
 facet normal  6.427876e-01  1.554166e-05  7.660444e-01
   outer loop
     vertex -1.439193e+00  0.000000e+00  3.205920e+00
     vertex -1.521877e+00 -1.000000e+01  3.275503e+00
     vertex -1.434027e+00 -1.000000e+01  3.201788e+00
   endloop
 endfacet
 facet normal  6.449272e-01 -1.467823e-05  7.642440e-01
   outer loop
     vertex -1.439193e+00  0.000000e+00  3.205920e+00
     vertex -1.526556e+00  0.000000e+00  3.279644e+00
     vertex -1.521877e+00 -1.000000e+01  3.275503e+00
   endloop
 endfacet
 facet normal  6.038044e-01  1.634930e-05  7.971325e-01
   outer loop
     vertex -1.348274e+00  0.000000e+00  3.136627e+00
     vertex -1.434027e+00 -1.000000e+01  3.201788e+00
     vertex -1.342610e+00 -1.000000e+01  3.132543e+00
   endloop
 endfacet
 facet normal  6.061582e-01 -1.548881e-05  7.953441e-01
   outer loop
     vertex -1.348274e+00  0.000000e+00  3.136627e+00
     vertex -1.439193e+00  0.000000e+00  3.205920e+00
     vertex -1.434027e+00 -1.000000e+01  3.201788e+00
   endloop
 endfacet
 facet normal  5.633201e-01  1.715108e-05  8.262388e-01
   outer loop
     vertex -1.254025e+00  0.000000e+00  3.071938e+00
     vertex -1.342610e+00 -1.000000e+01  3.132543e+00
     vertex -1.247856e+00 -1.000000e+01  3.067940e+00
   endloop
 endfacet
 facet normal  5.658919e-01 -1.629353e-05  8.244795e-01
   outer loop
     vertex -1.254025e+00  0.000000e+00  3.071938e+00
     vertex -1.348274e+00  0.000000e+00  3.136627e+00
     vertex -1.342610e+00 -1.000000e+01  3.132543e+00
   endloop
 endfacet
 facet normal  5.214352e-01  1.794699e-05  8.532909e-01
   outer loop
     vertex -1.156678e+00  0.000000e+00  3.012012e+00
     vertex -1.247856e+00 -1.000000e+01  3.067940e+00
     vertex -1.150000e+00 -1.000000e+01  3.008142e+00
   endloop
 endfacet
 facet normal  5.242276e-01 -1.709237e-05  8.515782e-01
   outer loop
     vertex -1.156678e+00  0.000000e+00  3.012012e+00
     vertex -1.254025e+00  0.000000e+00  3.071938e+00
     vertex -1.247856e+00 -1.000000e+01  3.067940e+00
   endloop
 endfacet
 facet normal  4.782540e-01  1.873702e-05  8.782216e-01
   outer loop
     vertex -1.056473e+00  0.000000e+00  2.956996e+00
     vertex -1.150000e+00 -1.000000e+01  3.008142e+00
     vertex -1.049285e+00 -1.000000e+01  2.953295e+00
   endloop
 endfacet
 facet normal  4.812683e-01 -1.788534e-05  8.765733e-01
   outer loop
     vertex -1.056473e+00  0.000000e+00  2.956996e+00
     vertex -1.156678e+00  0.000000e+00  3.012012e+00
     vertex -1.150000e+00 -1.000000e+01  3.008142e+00
   endloop
 endfacet
 facet normal  4.371202e-01 -1.867244e-05  8.994031e-01
   outer loop
     vertex -9.536590e-01  0.000000e+00  2.907027e+00
     vertex -1.056473e+00  0.000000e+00  2.956996e+00
     vertex -1.049285e+00 -1.000000e+01  2.953295e+00
   endloop
 endfacet
 facet normal  4.338837e-01  1.952118e-05  9.009689e-01
   outer loop
     vertex -9.536590e-01  0.000000e+00  2.907027e+00
     vertex -1.049285e+00 -1.000000e+01  2.953295e+00
     vertex -9.459603e-01 -1.000000e+01  2.903537e+00
   endloop
 endfacet
 facet normal  3.918923e-01 -1.945366e-05  9.200111e-01
   outer loop
     vertex -8.484890e-01  0.000000e+00  2.862229e+00
     vertex -9.536590e-01  0.000000e+00  2.907027e+00
     vertex -9.459603e-01 -1.000000e+01  2.903537e+00
   endloop
 endfacet
 facet normal  3.884348e-01  2.029947e-05  9.214762e-01
   outer loop
     vertex -8.484890e-01  0.000000e+00  2.862229e+00
     vertex -9.459603e-01 -1.000000e+01  2.903537e+00
     vertex -8.402844e-01 -1.000000e+01  2.858990e+00
   endloop
 endfacet
 facet normal  3.456964e-01 -2.022902e-05  9.383464e-01
   outer loop
     vertex -7.412231e-01  0.000000e+00  2.822711e+00
     vertex -8.484890e-01  0.000000e+00  2.862229e+00
     vertex -8.402844e-01 -1.000000e+01  2.858990e+00
   endloop
 endfacet
 facet normal  3.420201e-01  2.107189e-05  9.396926e-01
   outer loop
     vertex -7.412231e-01  0.000000e+00  2.822711e+00
     vertex -8.402844e-01 -1.000000e+01  2.858990e+00
     vertex -7.325193e-01 -1.000000e+01  2.819767e+00
   endloop
 endfacet
 facet normal  2.986464e-01 -2.099850e-05  9.543638e-01
   outer loop
     vertex -6.321262e-01  0.000000e+00  2.788571e+00
     vertex -7.412231e-01  0.000000e+00  2.822711e+00
     vertex -7.325193e-01 -1.000000e+01  2.819767e+00
   endloop
 endfacet
 facet normal  2.947552e-01  2.183844e-05  9.555728e-01
   outer loop
     vertex -6.321262e-01  0.000000e+00  2.788571e+00
     vertex -7.325193e-01 -1.000000e+01  2.819767e+00
     vertex -6.229331e-01 -1.000000e+01  2.785964e+00
   endloop
 endfacet
 facet normal  2.508588e-01 -2.176212e-05  9.680237e-01
   outer loop
     vertex -5.214677e-01  0.000000e+00  2.759895e+00
     vertex -6.321262e-01  0.000000e+00  2.788571e+00
     vertex -6.229331e-01 -1.000000e+01  2.785964e+00
   endloop
 endfacet
 facet normal  2.467574e-01  2.259912e-05  9.690773e-01
   outer loop
     vertex -5.214677e-01  0.000000e+00  2.759895e+00
     vertex -6.229331e-01 -1.000000e+01  2.785964e+00
     vertex -5.117981e-01 -1.000000e+01  2.757666e+00
   endloop
 endfacet
 facet normal  2.024514e-01 -2.251986e-05  9.792923e-01
   outer loop
     vertex -4.095211e-01  0.000000e+00  2.736752e+00
     vertex -5.214677e-01  0.000000e+00  2.759895e+00
     vertex -5.117981e-01 -1.000000e+01  2.757666e+00
   endloop
 endfacet
 facet normal  1.981461e-01  2.335392e-05  9.801725e-01
   outer loop
     vertex -4.095211e-01  0.000000e+00  2.736752e+00
     vertex -5.117981e-01 -1.000000e+01  2.757666e+00
     vertex -3.993908e-01 -1.000000e+01  2.734942e+00
   endloop
 endfacet
 facet normal  1.535440e-01 -2.327173e-05  9.881418e-01
   outer loop
     vertex -2.965629e-01  0.000000e+00  2.719200e+00
     vertex -4.095211e-01  0.000000e+00  2.736752e+00
     vertex -3.993908e-01 -1.000000e+01  2.734942e+00
   endloop
 endfacet
 facet normal  1.490423e-01  2.410286e-05  9.888308e-01
   outer loop
     vertex -2.965629e-01  0.000000e+00  2.719200e+00
     vertex -3.993908e-01 -1.000000e+01  2.734942e+00
     vertex -2.859905e-01 -1.000000e+01  2.717850e+00
   endloop
 endfacet
 facet normal  1.042572e-01 -2.401772e-05  9.945504e-01
   outer loop
     vertex -1.828721e-01  0.000000e+00  2.707282e+00
     vertex -2.965629e-01  0.000000e+00  2.719200e+00
     vertex -2.859905e-01 -1.000000e+01  2.717850e+00
   endloop
 endfacet
 facet normal  9.956785e-02  2.484592e-05  9.950308e-01
   outer loop
     vertex -1.828721e-01  0.000000e+00  2.707282e+00
     vertex -2.859905e-01 -1.000000e+01  2.717850e+00
     vertex -1.718792e-01 -1.000000e+01  2.706431e+00
   endloop
 endfacet
 facet normal  5.471292e-02 -2.475785e-05  9.985021e-01
   outer loop
     vertex -6.872958e-02  0.000000e+00  2.701027e+00
     vertex -1.828721e-01  0.000000e+00  2.707282e+00
     vertex -1.718792e-01 -1.000000e+01  2.706431e+00
   endloop
 endfacet
 facet normal  4.984589e-02  2.558311e-05  9.987569e-01
   outer loop
     vertex -6.872958e-02  0.000000e+00  2.701027e+00
     vertex -1.718792e-01 -1.000000e+01  2.706431e+00
     vertex -5.734059e-02 -1.000000e+01  2.700715e+00
   endloop
 endfacet
 facet normal  5.033474e-03 -2.549210e-05  9.999873e-01
   outer loop
     vertex  4.558275e-02  0.000000e+00  2.700452e+00
     vertex -6.872958e-02  0.000000e+00  2.701027e+00
     vertex -5.734059e-02 -1.000000e+01  2.700715e+00
   endloop
 endfacet
 facet normal  0.000000e+00  2.631443e-05  1.000000e+00
   outer loop
     vertex  4.558275e-02  0.000000e+00  2.700452e+00
     vertex -5.734059e-02 -1.000000e+01  2.700715e+00
     vertex  5.734059e-02 -1.000000e+01  2.700715e+00
   endloop
 endfacet
 facet normal -4.465840e-02 -2.622049e-05  9.990023e-01
   outer loop
     vertex  1.597825e-01  0.000000e+00  2.705557e+00
     vertex  4.558275e-02  0.000000e+00  2.700452e+00
     vertex  5.734059e-02 -1.000000e+01  2.700715e+00
   endloop
 endfacet
 facet normal -4.984589e-02  2.703987e-05  9.987569e-01
   outer loop
     vertex  1.597825e-01  0.000000e+00  2.705557e+00
     vertex  5.734059e-02 -1.000000e+01  2.700715e+00
     vertex  1.718792e-01 -1.000000e+01  2.706431e+00
   endloop
 endfacet
 facet normal -9.423996e-02 -2.694300e-05  9.955495e-01
   outer loop
     vertex  2.735875e-01  0.000000e+00  2.716330e+00
     vertex  1.597825e-01  0.000000e+00  2.705557e+00
     vertex  1.718792e-01 -1.000000e+01  2.706431e+00
   endloop
 endfacet
 facet normal -9.956785e-02  2.775945e-05  9.950308e-01
   outer loop
     vertex  2.735875e-01  0.000000e+00  2.716330e+00
     vertex  1.718792e-01 -1.000000e+01  2.706431e+00
     vertex  2.859905e-01 -1.000000e+01  2.717850e+00
   endloop
 endfacet
 facet normal -1.490423e-01  2.847315e-05  9.888308e-01
   outer loop
     vertex  3.867167e-01  0.000000e+00  2.732744e+00
     vertex  2.859905e-01 -1.000000e+01  2.717850e+00
     vertex  3.993908e-01 -1.000000e+01  2.734942e+00
   endloop
 endfacet
 facet normal -1.435887e-01 -2.765964e-05  9.896374e-01
   outer loop
     vertex  3.867167e-01  0.000000e+00  2.732744e+00
     vertex  2.735875e-01  0.000000e+00  2.716330e+00
     vertex  2.859905e-01 -1.000000e+01  2.717850e+00
   endloop
 endfacet
 facet normal -1.981461e-01  2.918098e-05  9.801725e-01
   outer loop
     vertex  4.988906e-01  0.000000e+00  2.754759e+00
     vertex  3.993908e-01 -1.000000e+01  2.734942e+00
     vertex  5.117981e-01 -1.000000e+01  2.757666e+00
   endloop
 endfacet
 facet normal -1.925828e-01 -2.837040e-05  9.812807e-01
   outer loop
     vertex  4.988906e-01  0.000000e+00  2.754759e+00
     vertex  3.867167e-01  0.000000e+00  2.732744e+00
     vertex  3.993908e-01 -1.000000e+01  2.734942e+00
   endloop
 endfacet
 facet normal -2.467574e-01  2.988294e-05  9.690773e-01
   outer loop
     vertex  6.098321e-01  0.000000e+00  2.782320e+00
     vertex  5.117981e-01 -1.000000e+01  2.757666e+00
     vertex  6.229331e-01 -1.000000e+01  2.785964e+00
   endloop
 endfacet
 facet normal -2.411011e-01 -2.907530e-05  9.705000e-01
   outer loop
     vertex  6.098321e-01  0.000000e+00  2.782320e+00
     vertex  4.988906e-01  0.000000e+00  2.754759e+00
     vertex  5.117981e-01 -1.000000e+01  2.757666e+00
   endloop
 endfacet
 facet normal -2.947552e-01  3.057903e-05  9.555728e-01
   outer loop
     vertex  7.192672e-01  0.000000e+00  2.815359e+00
     vertex  6.229331e-01 -1.000000e+01  2.785964e+00
     vertex  7.325193e-01 -1.000000e+01  2.819767e+00
   endloop
 endfacet
 facet normal -2.890239e-01 -2.977432e-05  9.573219e-01
   outer loop
     vertex  7.192672e-01  0.000000e+00  2.815359e+00
     vertex  6.098321e-01  0.000000e+00  2.782320e+00
     vertex  6.229331e-01 -1.000000e+01  2.785964e+00
   endloop
 endfacet
 facet normal -3.420201e-01  3.126925e-05  9.396926e-01
   outer loop
     vertex  8.269255e-01  0.000000e+00  2.853795e+00
     vertex  7.325193e-01 -1.000000e+01  2.819767e+00
     vertex  8.402844e-01 -1.000000e+01  2.858990e+00
   endloop
 endfacet
 facet normal -3.362327e-01 -3.046748e-05  9.417789e-01
   outer loop
     vertex  8.269255e-01  0.000000e+00  2.853795e+00
     vertex  7.192672e-01  0.000000e+00  2.815359e+00
     vertex  7.325193e-01 -1.000000e+01  2.819767e+00
   endloop
 endfacet
 facet normal -3.884348e-01  3.195359e-05  9.214762e-01
   outer loop
     vertex  9.325411e-01  0.000000e+00  2.897533e+00
     vertex  8.402844e-01 -1.000000e+01  2.858990e+00
     vertex  9.459603e-01 -1.000000e+01  2.903537e+00
   endloop
 endfacet
 facet normal -3.826109e-01 -3.115476e-05  9.239096e-01
   outer loop
     vertex  9.325411e-01  0.000000e+00  2.897533e+00
     vertex  8.269255e-01  0.000000e+00  2.853795e+00
     vertex  8.402844e-01 -1.000000e+01  2.858990e+00
   endloop
 endfacet
 facet normal -4.338837e-01  3.263207e-05  9.009689e-01
   outer loop
     vertex  1.035853e+00  0.000000e+00  2.946464e+00
     vertex  9.459603e-01 -1.000000e+01  2.903537e+00
     vertex  1.049285e+00 -1.000000e+01  2.953295e+00
   endloop
 endfacet
 facet normal -4.280440e-01 -3.183617e-05  9.037579e-01
   outer loop
     vertex  1.035853e+00  0.000000e+00  2.946464e+00
     vertex  9.325411e-01  0.000000e+00  2.897533e+00
     vertex  9.459603e-01 -1.000000e+01  2.903537e+00
   endloop
 endfacet
 facet normal -4.782540e-01  3.330467e-05  8.782216e-01
   outer loop
     vertex  1.136606e+00  0.000000e+00  3.000468e+00
     vertex  1.049285e+00 -1.000000e+01  2.953295e+00
     vertex  1.150000e+00 -1.000000e+01  3.008142e+00
   endloop
 endfacet
 facet normal -4.724196e-01 -3.251170e-05  8.813737e-01
   outer loop
     vertex  1.136606e+00  0.000000e+00  3.000468e+00
     vertex  1.035853e+00  0.000000e+00  2.946464e+00
     vertex  1.049285e+00 -1.000000e+01  2.953295e+00
   endloop
 endfacet
 facet normal -5.214352e-01  3.397140e-05  8.532909e-01
   outer loop
     vertex  1.234552e+00  0.000000e+00  3.059412e+00
     vertex  1.150000e+00 -1.000000e+01  3.008142e+00
     vertex  1.247856e+00 -1.000000e+01  3.067940e+00
   endloop
 endfacet
 facet normal -5.156283e-01 -3.318137e-05  8.568124e-01
   outer loop
     vertex  1.234552e+00  0.000000e+00  3.059412e+00
     vertex  1.136606e+00  0.000000e+00  3.000468e+00
     vertex  1.150000e+00 -1.000000e+01  3.008142e+00
   endloop
 endfacet
 facet normal -5.633201e-01  3.463225e-05  8.262388e-01
   outer loop
     vertex  1.329447e+00  0.000000e+00  3.123149e+00
     vertex  1.247856e+00 -1.000000e+01  3.067940e+00
     vertex  1.342610e+00 -1.000000e+01  3.132543e+00
   endloop
 endfacet
 facet normal -5.575633e-01 -3.384516e-05  8.301344e-01
   outer loop
     vertex  1.329447e+00  0.000000e+00  3.123149e+00
     vertex  1.234552e+00  0.000000e+00  3.059412e+00
     vertex  1.247856e+00 -1.000000e+01  3.067940e+00
   endloop
 endfacet
 facet normal -6.038044e-01  3.528724e-05  7.971325e-01
   outer loop
     vertex  1.421059e+00  0.000000e+00  3.191523e+00
     vertex  1.342610e+00 -1.000000e+01  3.132543e+00
     vertex  1.434027e+00 -1.000000e+01  3.201788e+00
   endloop
 endfacet
 facet normal -5.981209e-01 -3.450308e-05  8.014059e-01
   outer loop
     vertex  1.421059e+00  0.000000e+00  3.191523e+00
     vertex  1.329447e+00  0.000000e+00  3.123149e+00
     vertex  1.342610e+00 -1.000000e+01  3.132543e+00
   endloop
 endfacet
 facet normal -6.427876e-01  3.593635e-05  7.660444e-01
   outer loop
     vertex  1.509161e+00  0.000000e+00  3.264363e+00
     vertex  1.434027e+00 -1.000000e+01  3.201788e+00
     vertex  1.521877e+00 -1.000000e+01  3.275503e+00
   endloop
 endfacet
 facet normal -6.372011e-01 -3.515513e-05  7.706976e-01
   outer loop
     vertex  1.509161e+00  0.000000e+00  3.264363e+00
     vertex  1.421059e+00  0.000000e+00  3.191523e+00
     vertex  1.434027e+00 -1.000000e+01  3.201788e+00
   endloop
 endfacet
 facet normal -6.801727e-01  3.657960e-05  7.330519e-01
   outer loop
     vertex  1.593534e+00  0.000000e+00  3.341492e+00
     vertex  1.521877e+00 -1.000000e+01  3.275503e+00
     vertex  1.605945e+00 -1.000000e+01  3.353506e+00
   endloop
 endfacet
 facet normal -6.747071e-01 -3.580131e-05  7.380855e-01
   outer loop
     vertex  1.593534e+00  0.000000e+00  3.341492e+00
     vertex  1.509161e+00  0.000000e+00  3.264363e+00
     vertex  1.521877e+00 -1.000000e+01  3.275503e+00
   endloop
 endfacet
 facet normal -7.105465e-01 -3.644162e-05  7.036502e-01
   outer loop
     vertex  1.673971e+00  0.000000e+00  3.422717e+00
     vertex  1.593534e+00  0.000000e+00  3.341492e+00
     vertex  1.605945e+00 -1.000000e+01  3.353506e+00
   endloop
 endfacet
 facet normal -7.158668e-01  3.721697e-05  6.982368e-01
   outer loop
     vertex  1.673971e+00  0.000000e+00  3.422717e+00
     vertex  1.605945e+00 -1.000000e+01  3.353506e+00
     vertex  1.686019e+00 -1.000000e+01  3.435603e+00
   endloop
 endfacet
 facet normal -7.446307e-01 -3.707605e-05  6.674767e-01
   outer loop
     vertex  1.750273e+00  0.000000e+00  3.507838e+00
     vertex  1.673971e+00  0.000000e+00  3.422717e+00
     vertex  1.686019e+00 -1.000000e+01  3.435603e+00
   endloop
 endfacet
 facet normal -7.497812e-01  3.784846e-05  6.616858e-01
   outer loop
     vertex  1.750273e+00  0.000000e+00  3.507838e+00
     vertex  1.686019e+00 -1.000000e+01  3.435603e+00
     vertex  1.761902e+00 -1.000000e+01  3.521588e+00
   endloop
 endfacet
 facet normal -7.768754e-01 -3.770461e-05  6.296543e-01
   outer loop
     vertex  1.822251e+00  0.000000e+00  3.596646e+00
     vertex  1.750273e+00  0.000000e+00  3.507838e+00
     vertex  1.761902e+00 -1.000000e+01  3.521588e+00
   endloop
 endfacet
 facet normal -7.818315e-01  3.847409e-05  6.234898e-01
   outer loop
     vertex  1.822251e+00  0.000000e+00  3.596646e+00
     vertex  1.761902e+00 -1.000000e+01  3.521588e+00
     vertex  1.833405e+00 -1.000000e+01  3.611250e+00
   endloop
 endfacet
 facet normal -8.072011e-01 -3.832730e-05  5.902766e-01
   outer loop
     vertex  1.889727e+00  0.000000e+00  3.688920e+00
     vertex  1.822251e+00  0.000000e+00  3.596646e+00
     vertex  1.833405e+00 -1.000000e+01  3.611250e+00
   endloop
 endfacet
 facet normal -8.119380e-01  3.909384e-05  5.837437e-01
   outer loop
     vertex  1.889727e+00  0.000000e+00  3.688920e+00
     vertex  1.833405e+00 -1.000000e+01  3.611250e+00
     vertex  1.900349e+00 -1.000000e+01  3.704364e+00
   endloop
 endfacet
 facet normal -8.355327e-01 -3.894412e-05  5.494407e-01
   outer loop
     vertex  1.952536e+00  0.000000e+00  3.784433e+00
     vertex  1.889727e+00  0.000000e+00  3.688920e+00
     vertex  1.900349e+00 -1.000000e+01  3.704364e+00
   endloop
 endfacet
 facet normal -8.400259e-01  3.970773e-05  5.425463e-01
   outer loop
     vertex  1.952536e+00  0.000000e+00  3.784433e+00
     vertex  1.900349e+00 -1.000000e+01  3.704364e+00
     vertex  1.962569e+00 -1.000000e+01  3.800699e+00
   endloop
 endfacet
 facet normal -8.618004e-01 -3.955507e-05  5.072475e-01
   outer loop
     vertex  2.010521e+00  0.000000e+00  3.882949e+00
     vertex  1.952536e+00  0.000000e+00  3.784433e+00
     vertex  1.962569e+00 -1.000000e+01  3.800699e+00
   endloop
 endfacet
 facet normal -8.660254e-01  4.031574e-05  5.000000e-01
   outer loop
     vertex  2.010521e+00  0.000000e+00  3.882949e+00
     vertex  1.962569e+00 -1.000000e+01  3.800699e+00
     vertex  2.019910e+00 -1.000000e+01  3.900016e+00
   endloop
 endfacet
 facet normal -8.859392e-01 -4.016014e-05  4.638014e-01
   outer loop
     vertex  2.063540e+00  0.000000e+00  3.984224e+00
     vertex  2.010521e+00  0.000000e+00  3.882949e+00
     vertex  2.019910e+00 -1.000000e+01  3.900016e+00
   endloop
 endfacet
 facet normal -8.898718e-01  4.091787e-05  4.562107e-01
   outer loop
     vertex  2.063540e+00  0.000000e+00  3.984224e+00
     vertex  2.019910e+00 -1.000000e+01  3.900016e+00
     vertex  2.072228e+00 -1.000000e+01  4.002067e+00
   endloop
 endfacet
 facet normal -9.115059e-01  4.151414e-05  4.112871e-01
   outer loop
     vertex  2.111462e+00  0.000000e+00  4.088008e+00
     vertex  2.072228e+00 -1.000000e+01  4.002067e+00
     vertex  2.119395e+00 -1.000000e+01  4.106600e+00
   endloop
 endfacet
 facet normal -9.078895e-01 -4.075934e-05  4.192095e-01
   outer loop
     vertex  2.111462e+00  0.000000e+00  4.088008e+00
     vertex  2.063540e+00  0.000000e+00  3.984224e+00
     vertex  2.072228e+00 -1.000000e+01  4.002067e+00
   endloop
 endfacet
 facet normal -9.308737e-01  4.210453e-05  3.653410e-01
   outer loop
     vertex  2.154167e+00  0.000000e+00  4.194045e+00
     vertex  2.119395e+00 -1.000000e+01  4.106600e+00
     vertex  2.161293e+00 -1.000000e+01  4.213354e+00
   endloop
 endfacet
 facet normal -9.275971e-01 -4.135267e-05  3.735820e-01
   outer loop
     vertex  2.154167e+00  0.000000e+00  4.194045e+00
     vertex  2.111462e+00  0.000000e+00  4.088008e+00
     vertex  2.119395e+00 -1.000000e+01  4.106600e+00
   endloop
 endfacet
 facet normal -9.479273e-01  4.268906e-05  3.184866e-01
   outer loop
     vertex  2.191552e+00  0.000000e+00  4.302073e+00
     vertex  2.161293e+00 -1.000000e+01  4.213354e+00
     vertex  2.197817e+00 -1.000000e+01  4.322063e+00
   endloop
 endfacet
 facet normal -9.450133e-01 -4.194013e-05  3.270318e-01
   outer loop
     vertex  2.191552e+00  0.000000e+00  4.302073e+00
     vertex  2.154167e+00  0.000000e+00  4.194045e+00
     vertex  2.161293e+00 -1.000000e+01  4.213354e+00
   endloop
 endfacet
 facet normal -9.749279e-01  1.096012e-04  2.225209e-01
   outer loop
     vertex  2.250000e+00 -6.000000e+00  4.523030e+00
     vertex  2.228878e+00 -1.000000e+01  4.432458e+00
     vertex  2.254397e+00 -1.000000e+01  4.544264e+00
   endloop
 endfacet
 facet normal -9.626242e-01  4.326770e-05  2.708405e-01
   outer loop
     vertex  2.223522e+00  0.000000e+00  4.411825e+00
     vertex  2.197817e+00 -1.000000e+01  4.322063e+00
     vertex  2.228878e+00 -1.000000e+01  4.432458e+00
   endloop
 endfacet
 facet normal -9.600951e-01 -4.252172e-05  2.796736e-01
   outer loop
     vertex  2.223522e+00  0.000000e+00  4.411825e+00
     vertex  2.191552e+00  0.000000e+00  4.302073e+00
     vertex  2.197817e+00 -1.000000e+01  4.322063e+00
   endloop
 endfacet
 facet normal -9.733920e-01 -4.852537e-05  2.291462e-01
   outer loop
     vertex  2.223522e+00  0.000000e+00  4.411825e+00
     vertex  2.228878e+00 -1.000000e+01  4.432458e+00
     vertex  2.250000e+00 -6.000000e+00  4.523030e+00
   endloop
 endfacet
 facet normal -9.848077e-01  1.629015e-04  1.736482e-01
   outer loop
     vertex  2.267958e+00 -6.000000e+00  4.617422e+00
     vertex  2.254397e+00 -1.000000e+01  4.544264e+00
     vertex  2.274311e+00 -1.000000e+01  4.657203e+00
   endloop
 endfacet
 facet normal -9.823791e-01 -8.768312e-05  1.868990e-01
   outer loop
     vertex  2.267958e+00 -6.000000e+00  4.617422e+00
     vertex  2.250000e+00 -6.000000e+00  4.523030e+00
     vertex  2.254397e+00 -1.000000e+01  4.544264e+00
   endloop
 endfacet
 facet normal -9.728052e-01  0.000000e+00  2.316246e-01
   outer loop
     vertex  2.250000e+00  0.000000e+00  4.523030e+00
     vertex  2.223522e+00  0.000000e+00  4.411825e+00
     vertex  2.250000e+00 -6.000000e+00  4.523030e+00
   endloop
 endfacet
 facet normal -9.922392e-01  1.785913e-04  1.243437e-01
   outer loop
     vertex  2.281958e+00 -6.000000e+00  4.712480e+00
     vertex  2.274311e+00 -1.000000e+01  4.657203e+00
     vertex  2.288571e+00 -1.000000e+01  4.770994e+00
   endloop
 endfacet
 facet normal -9.893280e-01 -1.221784e-04  1.457053e-01
   outer loop
     vertex  2.281958e+00 -6.000000e+00  4.712480e+00
     vertex  2.267958e+00 -6.000000e+00  4.617422e+00
     vertex  2.274311e+00 -1.000000e+01  4.657203e+00
   endloop
 endfacet
 facet normal -9.972038e-01  1.566696e-04  7.473009e-02
   outer loop
     vertex  2.291976e+00 -6.000000e+00  4.808041e+00
     vertex  2.288571e+00 -1.000000e+01  4.770994e+00
     vertex  2.297141e+00 -1.000000e+01  4.885354e+00
   endloop
 endfacet
 facet normal -9.945504e-01 -1.190625e-04  1.042572e-01
   outer loop
     vertex  2.291976e+00 -6.000000e+00  4.808041e+00
     vertex  2.281958e+00 -6.000000e+00  4.712480e+00
     vertex  2.288571e+00 -1.000000e+01  4.770994e+00
   endloop
 endfacet
 facet normal -9.980370e-01 -7.833544e-05  6.262719e-02
   outer loop
     vertex  2.297993e+00 -6.000000e+00  4.903937e+00
     vertex  2.291976e+00 -6.000000e+00  4.808041e+00
     vertex  2.297141e+00 -1.000000e+01  4.885354e+00
   endloop
 endfacet
 facet normal -9.996892e-01  9.713788e-05  2.493069e-02
   outer loop
     vertex  2.300000e+00 -1.000000e+01  5.000000e+00
     vertex  2.297993e+00 -6.000000e+00  4.903937e+00
     vertex  2.297141e+00 -1.000000e+01  4.885354e+00
   endloop
 endfacet
 facet normal -9.997818e-01  0.000000e+00  2.088788e-02
   outer loop
     vertex  2.300000e+00 -6.000000e+00  5.000000e+00
     vertex  2.297993e+00 -6.000000e+00  4.903937e+00
     vertex  2.300000e+00 -1.000000e+01  5.000000e+00
   endloop
 endfacet
 facet normal  1.000000e+00 -0.000000e+00  0.000000e+00
   outer loop
     vertex  2.250000e+00  0.000000e+00  4.523030e+00
     vertex  2.250000e+00  6.000000e+00  7.500000e-01
     vertex  2.250000e+00  6.000000e+00  4.523030e+00
   endloop
 endfacet
 facet normal  1.000000e+00  0.000000e+00  0.000000e+00
   outer loop
     vertex  2.250000e+00 -6.000000e+00  7.500000e-01
     vertex  2.250000e+00  6.000000e+00  7.500000e-01
     vertex  2.250000e+00  0.000000e+00  4.523030e+00
   endloop
 endfacet
 facet normal  1.000000e+00 -0.000000e+00  0.000000e+00
   outer loop
     vertex  2.250000e+00 -6.000000e+00  4.523030e+00
     vertex  2.250000e+00 -6.000000e+00  7.500000e-01
     vertex  2.250000e+00  0.000000e+00  4.523030e+00
   endloop
 endfacet
 facet normal  0.000000e+00 -1.000000e+00  0.000000e+00
   outer loop
     vertex  2.836367e+00  6.000000e+00  8.823526e-01
     vertex  2.250000e+00  6.000000e+00  7.500000e-01
     vertex  2.633913e+00  6.000000e+00  7.500000e-01
   endloop
 endfacet
 facet normal  0.000000e+00 -1.000000e+00  0.000000e+00
   outer loop
     vertex  3.032184e+00  6.000000e+00  1.024341e+00
     vertex  2.250000e+00  6.000000e+00  7.500000e-01
     vertex  2.836367e+00  6.000000e+00  8.823526e-01
   endloop
 endfacet
 facet normal  0.000000e+00 -1.000000e+00  0.000000e+00
   outer loop
     vertex  3.220904e+00  6.000000e+00  1.175634e+00
     vertex  2.250000e+00  6.000000e+00  7.500000e-01
     vertex  3.032184e+00  6.000000e+00  1.024341e+00
   endloop
 endfacet
 facet normal  0.000000e+00 -1.000000e+00  0.000000e+00
   outer loop
     vertex  2.250000e+00  6.000000e+00  4.523030e+00
     vertex  3.220904e+00  6.000000e+00  1.175634e+00
     vertex  3.402087e+00  6.000000e+00  1.335876e+00
   endloop
 endfacet
 facet normal  0.000000e+00 -1.000000e+00  0.000000e+00
   outer loop
     vertex  2.250000e+00  6.000000e+00  4.523030e+00
     vertex  3.402087e+00  6.000000e+00  1.335876e+00
     vertex  3.575308e+00  6.000000e+00  1.504693e+00
   endloop
 endfacet
 facet normal  0.000000e+00 -1.000000e+00  0.000000e+00
   outer loop
     vertex  2.250000e+00  6.000000e+00  4.523030e+00
     vertex  3.575308e+00  6.000000e+00  1.504693e+00
     vertex  3.740163e+00  6.000000e+00  1.681690e+00
   endloop
 endfacet
 facet normal  0.000000e+00 -1.000000e+00  0.000000e+00
   outer loop
     vertex  2.250000e+00  6.000000e+00  4.523030e+00
     vertex  3.740163e+00  6.000000e+00  1.681690e+00
     vertex  3.896264e+00  6.000000e+00  1.866452e+00
   endloop
 endfacet
 facet normal  0.000000e+00 -1.000000e+00  0.000000e+00
   outer loop
     vertex  2.250000e+00  6.000000e+00  4.523030e+00
     vertex  3.896264e+00  6.000000e+00  1.866452e+00
     vertex  4.043248e+00  6.000000e+00  2.058547e+00
   endloop
 endfacet
 facet normal  0.000000e+00 -1.000000e+00  0.000000e+00
   outer loop
     vertex  2.250000e+00  6.000000e+00  4.523030e+00
     vertex  4.043248e+00  6.000000e+00  2.058547e+00
     vertex  4.180770e+00  6.000000e+00  2.257526e+00
   endloop
 endfacet
 facet normal  0.000000e+00 -1.000000e+00  0.000000e+00
   outer loop
     vertex  2.250000e+00  6.000000e+00  4.523030e+00
     vertex  4.180770e+00  6.000000e+00  2.257526e+00
     vertex  4.308508e+00  6.000000e+00  2.462923e+00
   endloop
 endfacet
 facet normal  0.000000e+00 -1.000000e+00  0.000000e+00
   outer loop
     vertex  2.250000e+00  6.000000e+00  4.523030e+00
     vertex  2.250000e+00  6.000000e+00  7.500000e-01
     vertex  3.220904e+00  6.000000e+00  1.175634e+00
   endloop
 endfacet
 facet normal -0.000000e+00 -1.000000e+00  0.000000e+00
   outer loop
     vertex  4.426163e+00  6.000000e+00  2.674257e+00
     vertex  2.250000e+00  6.000000e+00  4.523030e+00
     vertex  4.308508e+00  6.000000e+00  2.462923e+00
   endloop
 endfacet
 facet normal -0.000000e+00 -1.000000e+00  0.000000e+00
   outer loop
     vertex  4.533460e+00  6.000000e+00  2.891033e+00
     vertex  2.250000e+00  6.000000e+00  4.523030e+00
     vertex  4.426163e+00  6.000000e+00  2.674257e+00
   endloop
 endfacet
 facet normal -0.000000e+00 -1.000000e+00  0.000000e+00
   outer loop
     vertex  4.630148e+00  6.000000e+00  3.112746e+00
     vertex  2.250000e+00  6.000000e+00  4.523030e+00
     vertex  4.533460e+00  6.000000e+00  2.891033e+00
   endloop
 endfacet
 facet normal -0.000000e+00 -1.000000e+00  0.000000e+00
   outer loop
     vertex  4.716001e+00  6.000000e+00  3.338874e+00
     vertex  2.250000e+00  6.000000e+00  4.523030e+00
     vertex  4.630148e+00  6.000000e+00  3.112746e+00
   endloop
 endfacet
 facet normal -0.000000e+00 -1.000000e+00  0.000000e+00
   outer loop
     vertex  4.790817e+00  6.000000e+00  3.568890e+00
     vertex  2.250000e+00  6.000000e+00  4.523030e+00
     vertex  4.716001e+00  6.000000e+00  3.338874e+00
   endloop
 endfacet
 facet normal -0.000000e+00 -1.000000e+00  0.000000e+00
   outer loop
     vertex  4.854421e+00  6.000000e+00  3.802255e+00
     vertex  2.250000e+00  6.000000e+00  4.523030e+00
     vertex  4.790817e+00  6.000000e+00  3.568890e+00
   endloop
 endfacet
 facet normal  0.000000e+00 -1.000000e+00  0.000000e+00
   outer loop
     vertex  4.906666e+00  6.000000e+00  4.038423e+00
     vertex  2.267958e+00  6.000000e+00  4.617422e+00
     vertex  2.250000e+00  6.000000e+00  4.523030e+00
   endloop
 endfacet
 facet normal -0.000000e+00 -1.000000e+00  0.000000e+00
   outer loop
     vertex  4.906666e+00  6.000000e+00  4.038423e+00
     vertex  2.250000e+00  6.000000e+00  4.523030e+00
     vertex  4.854421e+00  6.000000e+00  3.802255e+00
   endloop
 endfacet
 facet normal  0.000000e+00 -1.000000e+00  0.000000e+00
   outer loop
     vertex  4.947428e+00  6.000000e+00  4.276841e+00
     vertex  2.281958e+00  6.000000e+00  4.712480e+00
     vertex  2.267958e+00  6.000000e+00  4.617422e+00
   endloop
 endfacet
 facet normal -0.000000e+00 -1.000000e+00  0.000000e+00
   outer loop
     vertex  4.947428e+00  6.000000e+00  4.276841e+00
     vertex  2.267958e+00  6.000000e+00  4.617422e+00
     vertex  4.906666e+00  6.000000e+00  4.038423e+00
   endloop
 endfacet
 facet normal  0.000000e+00 -1.000000e+00  0.000000e+00
   outer loop
     vertex  4.976612e+00  6.000000e+00  4.516952e+00
     vertex  2.291976e+00  6.000000e+00  4.808041e+00
     vertex  2.281958e+00  6.000000e+00  4.712480e+00
   endloop
 endfacet
 facet normal -0.000000e+00 -1.000000e+00  0.000000e+00
   outer loop
     vertex  4.976612e+00  6.000000e+00  4.516952e+00
     vertex  2.281958e+00  6.000000e+00  4.712480e+00
     vertex  4.947428e+00  6.000000e+00  4.276841e+00
   endloop
 endfacet
 facet normal  0.000000e+00 -1.000000e+00  0.000000e+00
   outer loop
     vertex  4.994150e+00  6.000000e+00  4.758193e+00
     vertex  2.297993e+00  6.000000e+00  4.903937e+00
     vertex  2.291976e+00  6.000000e+00  4.808041e+00
   endloop
 endfacet
 facet normal -0.000000e+00 -1.000000e+00  0.000000e+00
   outer loop
     vertex  4.994150e+00  6.000000e+00  4.758193e+00
     vertex  2.291976e+00  6.000000e+00  4.808041e+00
     vertex  4.976612e+00  6.000000e+00  4.516952e+00
   endloop
 endfacet
 facet normal -0.000000e+00 -1.000000e+00  0.000000e+00
   outer loop
     vertex  5.000000e+00  6.000000e+00  5.000000e+00
     vertex  2.300000e+00  6.000000e+00  5.000000e+00
     vertex  2.297993e+00  6.000000e+00  4.903937e+00
   endloop
 endfacet
 facet normal  0.000000e+00 -1.000000e+00  0.000000e+00
   outer loop
     vertex  5.000000e+00  6.000000e+00  5.000000e+00
     vertex  2.297993e+00  6.000000e+00  5.096063e+00
     vertex  2.300000e+00  6.000000e+00  5.000000e+00
   endloop
 endfacet
 facet normal  0.000000e+00 -1.000000e+00  0.000000e+00
   outer loop
     vertex  5.000000e+00  6.000000e+00  5.000000e+00
     vertex  2.297993e+00  6.000000e+00  4.903937e+00
     vertex  4.994150e+00  6.000000e+00  4.758193e+00
   endloop
 endfacet
 facet normal  0.000000e+00 -1.000000e+00  0.000000e+00
   outer loop
     vertex  4.994241e+00  6.000000e+00  5.239915e+00
     vertex  2.291976e+00  6.000000e+00  5.191959e+00
     vertex  2.297993e+00  6.000000e+00  5.096063e+00
   endloop
 endfacet
 facet normal  0.000000e+00 -1.000000e+00 -0.000000e+00
   outer loop
     vertex  4.994241e+00  6.000000e+00  5.239915e+00
     vertex  2.297993e+00  6.000000e+00  5.096063e+00
     vertex  5.000000e+00  6.000000e+00  5.000000e+00
   endloop
 endfacet
 facet normal  0.000000e+00 -1.000000e+00  0.000000e+00
   outer loop
     vertex  4.976976e+00  6.000000e+00  5.479276e+00
     vertex  2.281958e+00  6.000000e+00  5.287520e+00
     vertex  2.291976e+00  6.000000e+00  5.191959e+00
   endloop
 endfacet
 facet normal  0.000000e+00 -1.000000e+00 -0.000000e+00
   outer loop
     vertex  4.976976e+00  6.000000e+00  5.479276e+00
     vertex  2.291976e+00  6.000000e+00  5.191959e+00
     vertex  4.994241e+00  6.000000e+00  5.239915e+00
   endloop
 endfacet
 facet normal  0.000000e+00 -1.000000e+00  0.000000e+00
   outer loop
     vertex  4.948247e+00  6.000000e+00  5.717534e+00
     vertex  2.267958e+00  6.000000e+00  5.382578e+00
     vertex  2.281958e+00  6.000000e+00  5.287520e+00
   endloop
 endfacet
 facet normal  0.000000e+00 -1.000000e+00 -0.000000e+00
   outer loop
     vertex  4.948247e+00  6.000000e+00  5.717534e+00
     vertex  2.281958e+00  6.000000e+00  5.287520e+00
     vertex  4.976976e+00  6.000000e+00  5.479276e+00
   endloop
 endfacet
 facet normal  0.000000e+00 -1.000000e+00  0.000000e+00
   outer loop
     vertex  4.908118e+00  6.000000e+00  5.954139e+00
     vertex  2.250000e+00  6.000000e+00  5.476970e+00
     vertex  2.267958e+00  6.000000e+00  5.382578e+00
   endloop
 endfacet
 facet normal  0.000000e+00 -1.000000e+00 -0.000000e+00
   outer loop
     vertex  4.908118e+00  6.000000e+00  5.954139e+00
     vertex  2.267958e+00  6.000000e+00  5.382578e+00
     vertex  4.948247e+00  6.000000e+00  5.717534e+00
   endloop
 endfacet
 facet normal  0.000000e+00 -1.000000e+00 -0.000000e+00
   outer loop
     vertex  4.856682e+00  6.000000e+00  6.188546e+00
     vertex  2.250000e+00  6.000000e+00  5.476970e+00
     vertex  4.908118e+00  6.000000e+00  5.954139e+00
   endloop
 endfacet
 facet normal  0.000000e+00 -1.000000e+00 -0.000000e+00
   outer loop
     vertex  4.794058e+00  6.000000e+00  6.420215e+00
     vertex  2.250000e+00  6.000000e+00  5.476970e+00
     vertex  4.856682e+00  6.000000e+00  6.188546e+00
   endloop
 endfacet
 facet normal  0.000000e+00 -1.000000e+00 -0.000000e+00
   outer loop
     vertex  4.720390e+00  6.000000e+00  6.648612e+00
     vertex  2.250000e+00  6.000000e+00  5.476970e+00
     vertex  4.794058e+00  6.000000e+00  6.420215e+00
   endloop
 endfacet
 facet normal  0.000000e+00 -1.000000e+00 -0.000000e+00
   outer loop
     vertex  4.635847e+00  6.000000e+00  6.873211e+00
     vertex  2.250000e+00  6.000000e+00  5.476970e+00
     vertex  4.720390e+00  6.000000e+00  6.648612e+00
   endloop
 endfacet
 facet normal  0.000000e+00 -1.000000e+00 -0.000000e+00
   outer loop
     vertex  4.540626e+00  6.000000e+00  7.093495e+00
     vertex  2.250000e+00  6.000000e+00  5.476970e+00
     vertex  4.635847e+00  6.000000e+00  6.873211e+00
   endloop
 endfacet
 facet normal  0.000000e+00 -1.000000e+00 -0.000000e+00
   outer loop
     vertex  4.434944e+00  6.000000e+00  7.308956e+00
     vertex  2.250000e+00  6.000000e+00  5.476970e+00
     vertex  4.540626e+00  6.000000e+00  7.093495e+00
   endloop
 endfacet
 facet normal -0.000000e+00 -1.000000e+00  0.000000e+00
   outer loop
     vertex  2.461659e+00  6.000000e+00  9.352038e+00
     vertex  2.250000e+00  6.000000e+00  9.465143e+00
     vertex  2.250000e+00  6.000000e+00  5.476970e+00
   endloop
 endfacet
 facet normal  0.000000e+00 -1.000000e+00 -0.000000e+00
   outer loop
     vertex  4.319045e+00  6.000000e+00  7.519098e+00
     vertex  2.250000e+00  6.000000e+00  5.476970e+00
     vertex  4.434944e+00  6.000000e+00  7.308956e+00
   endloop
 endfacet
 facet normal -0.000000e+00 -1.000000e+00  0.000000e+00
   outer loop
     vertex  2.667647e+00  6.000000e+00  9.228908e+00
     vertex  2.461659e+00  6.000000e+00  9.352038e+00
     vertex  2.250000e+00  6.000000e+00  5.476970e+00
   endloop
 endfacet
 facet normal  0.000000e+00 -1.000000e+00 -0.000000e+00
   outer loop
     vertex  4.193196e+00  6.000000e+00  7.723436e+00
     vertex  2.250000e+00  6.000000e+00  5.476970e+00
     vertex  4.319045e+00  6.000000e+00  7.519098e+00
   endloop
 endfacet
 facet normal -0.000000e+00 -1.000000e+00  0.000000e+00
   outer loop
     vertex  2.867490e+00  6.000000e+00  9.096035e+00
     vertex  2.667647e+00  6.000000e+00  9.228908e+00
     vertex  2.250000e+00  6.000000e+00  5.476970e+00
   endloop
 endfacet
 facet normal  0.000000e+00 -1.000000e+00 -0.000000e+00
   outer loop
     vertex  4.057688e+00  6.000000e+00  7.921501e+00
     vertex  2.250000e+00  6.000000e+00  5.476970e+00
     vertex  4.193196e+00  6.000000e+00  7.723436e+00
   endloop
 endfacet
 facet normal -0.000000e+00 -1.000000e+00  0.000000e+00
   outer loop
     vertex  3.060726e+00  6.000000e+00  8.953727e+00
     vertex  2.867490e+00  6.000000e+00  9.096035e+00
     vertex  2.250000e+00  6.000000e+00  5.476970e+00
   endloop
 endfacet
 facet normal  0.000000e+00 -1.000000e+00 -0.000000e+00
   outer loop
     vertex  3.912832e+00  6.000000e+00  8.112836e+00
     vertex  2.250000e+00  6.000000e+00  5.476970e+00
     vertex  4.057688e+00  6.000000e+00  7.921501e+00
   endloop
 endfacet
 facet normal -0.000000e+00 -1.000000e+00  0.000000e+00
   outer loop
     vertex  3.246912e+00  6.000000e+00  8.802310e+00
     vertex  3.060726e+00  6.000000e+00  8.953727e+00
     vertex  2.250000e+00  6.000000e+00  5.476970e+00
   endloop
 endfacet
 facet normal  0.000000e+00 -1.000000e+00 -0.000000e+00
   outer loop
     vertex  3.758962e+00  6.000000e+00  8.296999e+00
     vertex  2.250000e+00  6.000000e+00  5.476970e+00
     vertex  3.912832e+00  6.000000e+00  8.112836e+00
   endloop
 endfacet
 facet normal -0.000000e+00 -1.000000e+00  0.000000e+00
   outer loop
     vertex  3.425618e+00  6.000000e+00  8.642134e+00
     vertex  3.246912e+00  6.000000e+00  8.802310e+00
     vertex  2.250000e+00  6.000000e+00  5.476970e+00
   endloop
 endfacet
 facet normal  0.000000e+00 -1.000000e+00 -0.000000e+00
   outer loop
     vertex  3.596433e+00  6.000000e+00  8.473568e+00
     vertex  2.250000e+00  6.000000e+00  5.476970e+00
     vertex  3.758962e+00  6.000000e+00  8.296999e+00
   endloop
 endfacet
 facet normal -0.000000e+00 -1.000000e+00  0.000000e+00
   outer loop
     vertex  3.596433e+00  6.000000e+00  8.473568e+00
     vertex  3.425618e+00  6.000000e+00  8.642134e+00
     vertex  2.250000e+00  6.000000e+00  5.476970e+00
   endloop
 endfacet
 facet normal -9.997818e-01 -2.078372e-21 -2.088788e-02
   outer loop
     vertex  2.297993e+00  6.000000e+00  5.096063e+00
     vertex  2.300000e+00  1.000000e+01  5.000000e+00
     vertex  2.300000e+00  6.000000e+00  5.000000e+00
   endloop
 endfacet
 facet normal -9.996892e-01 -9.713788e-05 -2.493069e-02
   outer loop
     vertex  2.297993e+00  6.000000e+00  5.096063e+00
     vertex  2.297141e+00  1.000000e+01  5.114646e+00
     vertex  2.300000e+00  1.000000e+01  5.000000e+00
   endloop
 endfacet
 facet normal -9.972038e-01 -1.566696e-04 -7.473009e-02
   outer loop
     vertex  2.291976e+00  6.000000e+00  5.191959e+00
     vertex  2.288571e+00  1.000000e+01  5.229006e+00
     vertex  2.297141e+00  1.000000e+01  5.114646e+00
   endloop
 endfacet
 facet normal -9.980370e-01  7.833544e-05 -6.262719e-02
   outer loop
     vertex  2.291976e+00  6.000000e+00  5.191959e+00
     vertex  2.297141e+00  1.000000e+01  5.114646e+00
     vertex  2.297993e+00  6.000000e+00  5.096063e+00
   endloop
 endfacet
 facet normal -9.922392e-01 -1.785913e-04 -1.243437e-01
   outer loop
     vertex  2.281958e+00  6.000000e+00  5.287520e+00
     vertex  2.274311e+00  1.000000e+01  5.342797e+00
     vertex  2.288571e+00  1.000000e+01  5.229006e+00
   endloop
 endfacet
 facet normal -9.945504e-01  1.190625e-04 -1.042572e-01
   outer loop
     vertex  2.281958e+00  6.000000e+00  5.287520e+00
     vertex  2.288571e+00  1.000000e+01  5.229006e+00
     vertex  2.291976e+00  6.000000e+00  5.191959e+00
   endloop
 endfacet
 facet normal -9.848077e-01 -1.629015e-04 -1.736482e-01
   outer loop
     vertex  2.267958e+00  6.000000e+00  5.382578e+00
     vertex  2.254397e+00  1.000000e+01  5.455736e+00
     vertex  2.274311e+00  1.000000e+01  5.342797e+00
   endloop
 endfacet
 facet normal -9.893280e-01  1.221784e-04 -1.457053e-01
   outer loop
     vertex  2.267958e+00  6.000000e+00  5.382578e+00
     vertex  2.274311e+00  1.000000e+01  5.342797e+00
     vertex  2.281958e+00  6.000000e+00  5.287520e+00
   endloop
 endfacet
 facet normal -9.823791e-01  8.768312e-05 -1.868990e-01
   outer loop
     vertex  2.250000e+00  6.000000e+00  5.476970e+00
     vertex  2.254397e+00  1.000000e+01  5.455736e+00
     vertex  2.267958e+00  6.000000e+00  5.382578e+00
   endloop
 endfacet
 facet normal -9.749279e-01 -1.096012e-04 -2.225209e-01
   outer loop
     vertex  2.228878e+00  1.000000e+01  5.567542e+00
     vertex  2.254397e+00  1.000000e+01  5.455736e+00
     vertex  2.250000e+00  6.000000e+00  5.476970e+00
   endloop
 endfacet
 facet normal -9.728052e-01  1.337590e-19 -2.316246e-01
   outer loop
     vertex  2.223522e+00  0.000000e+00  5.588175e+00
     vertex  2.250000e+00  6.000000e+00  5.476970e+00
     vertex  2.250000e+00  0.000000e+00  5.476970e+00
   endloop
 endfacet
 facet normal -9.626242e-01 -4.326770e-05 -2.708405e-01
   outer loop
     vertex  2.223522e+00  0.000000e+00  5.588175e+00
     vertex  2.197817e+00  1.000000e+01  5.677937e+00
     vertex  2.228878e+00  1.000000e+01  5.567542e+00
   endloop
 endfacet
 facet normal -9.733920e-01  4.852537e-05 -2.291462e-01
   outer loop
     vertex  2.223522e+00  0.000000e+00  5.588175e+00
     vertex  2.228878e+00  1.000000e+01  5.567542e+00
     vertex  2.250000e+00  6.000000e+00  5.476970e+00
   endloop
 endfacet
 facet normal -9.479273e-01 -4.268906e-05 -3.184866e-01
   outer loop
     vertex  2.191552e+00  0.000000e+00  5.697927e+00
     vertex  2.161293e+00  1.000000e+01  5.786646e+00
     vertex  2.197817e+00  1.000000e+01  5.677937e+00
   endloop
 endfacet
 facet normal -9.600951e-01  4.252172e-05 -2.796736e-01
   outer loop
     vertex  2.191552e+00  0.000000e+00  5.697927e+00
     vertex  2.197817e+00  1.000000e+01  5.677937e+00
     vertex  2.223522e+00  0.000000e+00  5.588175e+00
   endloop
 endfacet
 facet normal -9.308737e-01 -4.210453e-05 -3.653410e-01
   outer loop
     vertex  2.154167e+00  0.000000e+00  5.805955e+00
     vertex  2.119395e+00  1.000000e+01  5.893400e+00
     vertex  2.161293e+00  1.000000e+01  5.786646e+00
   endloop
 endfacet
 facet normal -9.450133e-01  4.194013e-05 -3.270318e-01
   outer loop
     vertex  2.154167e+00  0.000000e+00  5.805955e+00
     vertex  2.161293e+00  1.000000e+01  5.786646e+00
     vertex  2.191552e+00  0.000000e+00  5.697927e+00
   endloop
 endfacet
 facet normal -9.115059e-01 -4.151414e-05 -4.112871e-01
   outer loop
     vertex  2.111462e+00  0.000000e+00  5.911992e+00
     vertex  2.072228e+00  1.000000e+01  5.997933e+00
     vertex  2.119395e+00  1.000000e+01  5.893400e+00
   endloop
 endfacet
 facet normal -9.275971e-01  4.135267e-05 -3.735820e-01
   outer loop
     vertex  2.111462e+00  0.000000e+00  5.911992e+00
     vertex  2.119395e+00  1.000000e+01  5.893400e+00
     vertex  2.154167e+00  0.000000e+00  5.805955e+00
   endloop
 endfacet
 facet normal -9.078895e-01  4.075934e-05 -4.192095e-01
   outer loop
     vertex  2.063540e+00  0.000000e+00  6.015776e+00
     vertex  2.072228e+00  1.000000e+01  5.997933e+00
     vertex  2.111462e+00  0.000000e+00  5.911992e+00
   endloop
 endfacet
 facet normal -8.898718e-01 -4.091787e-05 -4.562107e-01
   outer loop
     vertex  2.063540e+00  0.000000e+00  6.015776e+00
     vertex  2.019910e+00  1.000000e+01  6.099984e+00
     vertex  2.072228e+00  1.000000e+01  5.997933e+00
   endloop
 endfacet
 facet normal -8.859392e-01  4.016014e-05 -4.638014e-01
   outer loop
     vertex  2.010521e+00  0.000000e+00  6.117051e+00
     vertex  2.019910e+00  1.000000e+01  6.099984e+00
     vertex  2.063540e+00  0.000000e+00  6.015776e+00
   endloop
 endfacet
 facet normal -8.660254e-01 -4.031574e-05 -5.000000e-01
   outer loop
     vertex  2.010521e+00  0.000000e+00  6.117051e+00
     vertex  1.962569e+00  1.000000e+01  6.199301e+00
     vertex  2.019910e+00  1.000000e+01  6.099984e+00
   endloop
 endfacet
 facet normal -8.618004e-01  3.955507e-05 -5.072475e-01
   outer loop
     vertex  1.952536e+00  0.000000e+00  6.215567e+00
     vertex  1.962569e+00  1.000000e+01  6.199301e+00
     vertex  2.010521e+00  0.000000e+00  6.117051e+00
   endloop
 endfacet
 facet normal -8.400259e-01 -3.970773e-05 -5.425463e-01
   outer loop
     vertex  1.952536e+00  0.000000e+00  6.215567e+00
     vertex  1.900349e+00  1.000000e+01  6.295636e+00
     vertex  1.962569e+00  1.000000e+01  6.199301e+00
   endloop
 endfacet
 facet normal -8.355327e-01  3.894412e-05 -5.494407e-01
   outer loop
     vertex  1.889727e+00  0.000000e+00  6.311080e+00
     vertex  1.900349e+00  1.000000e+01  6.295636e+00
     vertex  1.952536e+00  0.000000e+00  6.215567e+00
   endloop
 endfacet
 facet normal -8.119380e-01 -3.909384e-05 -5.837437e-01
   outer loop
     vertex  1.889727e+00  0.000000e+00  6.311080e+00
     vertex  1.833405e+00  1.000000e+01  6.388750e+00
     vertex  1.900349e+00  1.000000e+01  6.295636e+00
   endloop
 endfacet
 facet normal -8.072011e-01  3.832730e-05 -5.902766e-01
   outer loop
     vertex  1.822251e+00  0.000000e+00  6.403354e+00
     vertex  1.833405e+00  1.000000e+01  6.388750e+00
     vertex  1.889727e+00  0.000000e+00  6.311080e+00
   endloop
 endfacet
 facet normal -7.818315e-01 -3.847409e-05 -6.234898e-01
   outer loop
     vertex  1.822251e+00  0.000000e+00  6.403354e+00
     vertex  1.761902e+00  1.000000e+01  6.478412e+00
     vertex  1.833405e+00  1.000000e+01  6.388750e+00
   endloop
 endfacet
 facet normal -7.768754e-01  3.770461e-05 -6.296543e-01
   outer loop
     vertex  1.750273e+00  0.000000e+00  6.492162e+00
     vertex  1.761902e+00  1.000000e+01  6.478412e+00
     vertex  1.822251e+00  0.000000e+00  6.403354e+00
   endloop
 endfacet
 facet normal -7.497812e-01 -3.784846e-05 -6.616858e-01
   outer loop
     vertex  1.750273e+00  0.000000e+00  6.492162e+00
     vertex  1.686019e+00  1.000000e+01  6.564397e+00
     vertex  1.761902e+00  1.000000e+01  6.478412e+00
   endloop
 endfacet
 facet normal -7.446307e-01  3.707605e-05 -6.674767e-01
   outer loop
     vertex  1.673971e+00  0.000000e+00  6.577283e+00
     vertex  1.686019e+00  1.000000e+01  6.564397e+00
     vertex  1.750273e+00  0.000000e+00  6.492162e+00
   endloop
 endfacet
 facet normal -7.158668e-01 -3.721697e-05 -6.982368e-01
   outer loop
     vertex  1.673971e+00  0.000000e+00  6.577283e+00
     vertex  1.605945e+00  1.000000e+01  6.646494e+00
     vertex  1.686019e+00  1.000000e+01  6.564397e+00
   endloop
 endfacet
 facet normal -7.105465e-01  3.644162e-05 -7.036502e-01
   outer loop
     vertex  1.593534e+00  0.000000e+00  6.658508e+00
     vertex  1.605945e+00  1.000000e+01  6.646494e+00
     vertex  1.673971e+00  0.000000e+00  6.577283e+00
   endloop
 endfacet
 facet normal -6.801727e-01 -3.657960e-05 -7.330519e-01
   outer loop
     vertex  1.593534e+00  0.000000e+00  6.658508e+00
     vertex  1.521877e+00  1.000000e+01  6.724497e+00
     vertex  1.605945e+00  1.000000e+01  6.646494e+00
   endloop
 endfacet
 facet normal -6.747071e-01  3.580131e-05 -7.380855e-01
   outer loop
     vertex  1.509161e+00  0.000000e+00  6.735637e+00
     vertex  1.521877e+00  1.000000e+01  6.724497e+00
     vertex  1.593534e+00  0.000000e+00  6.658508e+00
   endloop
 endfacet
 facet normal -6.427876e-01 -3.593635e-05 -7.660444e-01
   outer loop
     vertex  1.509161e+00  0.000000e+00  6.735637e+00
     vertex  1.434027e+00  1.000000e+01  6.798212e+00
     vertex  1.521877e+00  1.000000e+01  6.724497e+00
   endloop
 endfacet
 facet normal -6.372011e-01  3.515513e-05 -7.706976e-01
   outer loop
     vertex  1.421059e+00  0.000000e+00  6.808477e+00
     vertex  1.434027e+00  1.000000e+01  6.798212e+00
     vertex  1.509161e+00  0.000000e+00  6.735637e+00
   endloop
 endfacet
 facet normal -6.038044e-01 -3.528724e-05 -7.971325e-01
   outer loop
     vertex  1.421059e+00  0.000000e+00  6.808477e+00
     vertex  1.342610e+00  1.000000e+01  6.867457e+00
     vertex  1.434027e+00  1.000000e+01  6.798212e+00
   endloop
 endfacet
 facet normal -5.981209e-01  3.450308e-05 -8.014059e-01
   outer loop
     vertex  1.329447e+00  0.000000e+00  6.876851e+00
     vertex  1.342610e+00  1.000000e+01  6.867457e+00
     vertex  1.421059e+00  0.000000e+00  6.808477e+00
   endloop
 endfacet
 facet normal -5.633201e-01 -3.463225e-05 -8.262388e-01
   outer loop
     vertex  1.329447e+00  0.000000e+00  6.876851e+00
     vertex  1.247856e+00  1.000000e+01  6.932060e+00
     vertex  1.342610e+00  1.000000e+01  6.867457e+00
   endloop
 endfacet
 facet normal -5.214352e-01 -3.397140e-05 -8.532909e-01
   outer loop
     vertex  1.234552e+00  0.000000e+00  6.940588e+00
     vertex  1.150000e+00  1.000000e+01  6.991858e+00
     vertex  1.247856e+00  1.000000e+01  6.932060e+00
   endloop
 endfacet
 facet normal -5.575633e-01  3.384516e-05 -8.301344e-01
   outer loop
     vertex  1.234552e+00  0.000000e+00  6.940588e+00
     vertex  1.247856e+00  1.000000e+01  6.932060e+00
     vertex  1.329447e+00  0.000000e+00  6.876851e+00
   endloop
 endfacet
 facet normal -4.782540e-01 -3.330467e-05 -8.782216e-01
   outer loop
     vertex  1.136606e+00  0.000000e+00  6.999532e+00
     vertex  1.049285e+00  1.000000e+01  7.046705e+00
     vertex  1.150000e+00  1.000000e+01  6.991858e+00
   endloop
 endfacet
 facet normal -5.156283e-01  3.318137e-05 -8.568124e-01
   outer loop
     vertex  1.136606e+00  0.000000e+00  6.999532e+00
     vertex  1.150000e+00  1.000000e+01  6.991858e+00
     vertex  1.234552e+00  0.000000e+00  6.940588e+00
   endloop
 endfacet
 facet normal -4.338837e-01 -3.263207e-05 -9.009689e-01
   outer loop
     vertex  1.035853e+00  0.000000e+00  7.053536e+00
     vertex  9.459603e-01  1.000000e+01  7.096463e+00
     vertex  1.049285e+00  1.000000e+01  7.046705e+00
   endloop
 endfacet
 facet normal -4.724196e-01  3.251170e-05 -8.813737e-01
   outer loop
     vertex  1.035853e+00  0.000000e+00  7.053536e+00
     vertex  1.049285e+00  1.000000e+01  7.046705e+00
     vertex  1.136606e+00  0.000000e+00  6.999532e+00
   endloop
 endfacet
 facet normal -3.884348e-01 -3.195359e-05 -9.214762e-01
   outer loop
     vertex  9.325411e-01  0.000000e+00  7.102467e+00
     vertex  8.402844e-01  1.000000e+01  7.141010e+00
     vertex  9.459603e-01  1.000000e+01  7.096463e+00
   endloop
 endfacet
 facet normal -4.280440e-01  3.183617e-05 -9.037579e-01
   outer loop
     vertex  9.325411e-01  0.000000e+00  7.102467e+00
     vertex  9.459603e-01  1.000000e+01  7.096463e+00
     vertex  1.035853e+00  0.000000e+00  7.053536e+00
   endloop
 endfacet
 facet normal -3.420201e-01 -3.126925e-05 -9.396926e-01
   outer loop
     vertex  8.269255e-01  0.000000e+00  7.146205e+00
     vertex  7.325193e-01  1.000000e+01  7.180233e+00
     vertex  8.402844e-01  1.000000e+01  7.141010e+00
   endloop
 endfacet
 facet normal -3.826109e-01  3.115476e-05 -9.239096e-01
   outer loop
     vertex  8.269255e-01  0.000000e+00  7.146205e+00
     vertex  8.402844e-01  1.000000e+01  7.141010e+00
     vertex  9.325411e-01  0.000000e+00  7.102467e+00
   endloop
 endfacet
 facet normal -2.947552e-01 -3.057903e-05 -9.555728e-01
   outer loop
     vertex  7.192672e-01  0.000000e+00  7.184641e+00
     vertex  6.229331e-01  1.000000e+01  7.214036e+00
     vertex  7.325193e-01  1.000000e+01  7.180233e+00
   endloop
 endfacet
 facet normal -3.362327e-01  3.046748e-05 -9.417789e-01
   outer loop
     vertex  7.192672e-01  0.000000e+00  7.184641e+00
     vertex  7.325193e-01  1.000000e+01  7.180233e+00
     vertex  8.269255e-01  0.000000e+00  7.146205e+00
   endloop
 endfacet
 facet normal -2.467574e-01 -2.988294e-05 -9.690773e-01
   outer loop
     vertex  6.098321e-01  0.000000e+00  7.217680e+00
     vertex  5.117981e-01  1.000000e+01  7.242334e+00
     vertex  6.229331e-01  1.000000e+01  7.214036e+00
   endloop
 endfacet
 facet normal -2.890239e-01  2.977432e-05 -9.573219e-01
   outer loop
     vertex  6.098321e-01  0.000000e+00  7.217680e+00
     vertex  6.229331e-01  1.000000e+01  7.214036e+00
     vertex  7.192672e-01  0.000000e+00  7.184641e+00
   endloop
 endfacet
 facet normal -1.981461e-01 -2.918098e-05 -9.801725e-01
   outer loop
     vertex  4.988906e-01  0.000000e+00  7.245241e+00
     vertex  3.993908e-01  1.000000e+01  7.265058e+00
     vertex  5.117981e-01  1.000000e+01  7.242334e+00
   endloop
 endfacet
 facet normal -2.411011e-01  2.907530e-05 -9.705000e-01
   outer loop
     vertex  4.988906e-01  0.000000e+00  7.245241e+00
     vertex  5.117981e-01  1.000000e+01  7.242334e+00
     vertex  6.098321e-01  0.000000e+00  7.217680e+00
   endloop
 endfacet
 facet normal -1.490423e-01 -2.847315e-05 -9.888308e-01
   outer loop
     vertex  3.867167e-01  0.000000e+00  7.267256e+00
     vertex  2.859905e-01  1.000000e+01  7.282150e+00
     vertex  3.993908e-01  1.000000e+01  7.265058e+00
   endloop
 endfacet
 facet normal -1.925828e-01  2.837040e-05 -9.812807e-01
   outer loop
     vertex  3.867167e-01  0.000000e+00  7.267256e+00
     vertex  3.993908e-01  1.000000e+01  7.265058e+00
     vertex  4.988906e-01  0.000000e+00  7.245241e+00
   endloop
 endfacet
 facet normal -9.956785e-02 -2.775945e-05 -9.950308e-01
   outer loop
     vertex  2.735875e-01  0.000000e+00  7.283670e+00
     vertex  1.718792e-01  1.000000e+01  7.293569e+00
     vertex  2.859905e-01  1.000000e+01  7.282150e+00
   endloop
 endfacet
 facet normal -1.435887e-01  2.765964e-05 -9.896374e-01
   outer loop
     vertex  2.735875e-01  0.000000e+00  7.283670e+00
     vertex  2.859905e-01  1.000000e+01  7.282150e+00
     vertex  3.867167e-01  0.000000e+00  7.267256e+00
   endloop
 endfacet
 facet normal -4.984589e-02 -2.703987e-05 -9.987569e-01
   outer loop
     vertex  1.597825e-01  0.000000e+00  7.294443e+00
     vertex  5.734059e-02  1.000000e+01  7.299285e+00
     vertex  1.718792e-01  1.000000e+01  7.293569e+00
   endloop
 endfacet
 facet normal -9.423996e-02  2.694300e-05 -9.955495e-01
   outer loop
     vertex  1.597825e-01  0.000000e+00  7.294443e+00
     vertex  1.718792e-01  1.000000e+01  7.293569e+00
     vertex  2.735875e-01  0.000000e+00  7.283670e+00
   endloop
 endfacet
 facet normal  0.000000e+00 -2.631443e-05 -1.000000e+00
   outer loop
     vertex  4.558275e-02  0.000000e+00  7.299548e+00
     vertex -5.734059e-02  1.000000e+01  7.299285e+00
     vertex  5.734059e-02  1.000000e+01  7.299285e+00
   endloop
 endfacet
 facet normal -4.465840e-02  2.622049e-05 -9.990023e-01
   outer loop
     vertex  4.558275e-02  0.000000e+00  7.299548e+00
     vertex  5.734059e-02  1.000000e+01  7.299285e+00
     vertex  1.597825e-01  0.000000e+00  7.294443e+00
   endloop
 endfacet
 facet normal  4.984589e-02 -2.558311e-05 -9.987569e-01
   outer loop
     vertex -6.872958e-02  0.000000e+00  7.298973e+00
     vertex -1.718792e-01  1.000000e+01  7.293569e+00
     vertex -5.734059e-02  1.000000e+01  7.299285e+00
   endloop
 endfacet
 facet normal  5.033474e-03  2.549210e-05 -9.999873e-01
   outer loop
     vertex -6.872958e-02  0.000000e+00  7.298973e+00
     vertex -5.734059e-02  1.000000e+01  7.299285e+00
     vertex  4.558275e-02  0.000000e+00  7.299548e+00
   endloop
 endfacet
 facet normal  9.956785e-02 -2.484592e-05 -9.950308e-01
   outer loop
     vertex -1.828721e-01  0.000000e+00  7.292718e+00
     vertex -2.859905e-01  1.000000e+01  7.282150e+00
     vertex -1.718792e-01  1.000000e+01  7.293569e+00
   endloop
 endfacet
 facet normal  5.471292e-02  2.475785e-05 -9.985021e-01
   outer loop
     vertex -1.828721e-01  0.000000e+00  7.292718e+00
     vertex -1.718792e-01  1.000000e+01  7.293569e+00
     vertex -6.872958e-02  0.000000e+00  7.298973e+00
   endloop
 endfacet
 facet normal  1.490423e-01 -2.410286e-05 -9.888308e-01
   outer loop
     vertex -2.965629e-01  0.000000e+00  7.280800e+00
     vertex -3.993908e-01  1.000000e+01  7.265058e+00
     vertex -2.859905e-01  1.000000e+01  7.282150e+00
   endloop
 endfacet
 facet normal  1.042572e-01  2.401772e-05 -9.945504e-01
   outer loop
     vertex -2.965629e-01  0.000000e+00  7.280800e+00
     vertex -2.859905e-01  1.000000e+01  7.282150e+00
     vertex -1.828721e-01  0.000000e+00  7.292718e+00
   endloop
 endfacet
 facet normal  1.535440e-01  2.327173e-05 -9.881418e-01
   outer loop
     vertex -4.095211e-01  0.000000e+00  7.263248e+00
     vertex -3.993908e-01  1.000000e+01  7.265058e+00
     vertex -2.965629e-01  0.000000e+00  7.280800e+00
   endloop
 endfacet
 facet normal  1.981461e-01 -2.335392e-05 -9.801725e-01
   outer loop
     vertex -4.095211e-01  0.000000e+00  7.263248e+00
     vertex -5.117981e-01  1.000000e+01  7.242334e+00
     vertex -3.993908e-01  1.000000e+01  7.265058e+00
   endloop
 endfacet
 facet normal  2.024514e-01  2.251986e-05 -9.792923e-01
   outer loop
     vertex -5.214677e-01  0.000000e+00  7.240105e+00
     vertex -5.117981e-01  1.000000e+01  7.242334e+00
     vertex -4.095211e-01  0.000000e+00  7.263248e+00
   endloop
 endfacet
 facet normal  2.467574e-01 -2.259912e-05 -9.690773e-01
   outer loop
     vertex -5.214677e-01  0.000000e+00  7.240105e+00
     vertex -6.229331e-01  1.000000e+01  7.214036e+00
     vertex -5.117981e-01  1.000000e+01  7.242334e+00
   endloop
 endfacet
 facet normal  2.508588e-01  2.176212e-05 -9.680237e-01
   outer loop
     vertex -6.321262e-01  0.000000e+00  7.211429e+00
     vertex -6.229331e-01  1.000000e+01  7.214036e+00
     vertex -5.214677e-01  0.000000e+00  7.240105e+00
   endloop
 endfacet
 facet normal  2.947552e-01 -2.183844e-05 -9.555728e-01
   outer loop
     vertex -6.321262e-01  0.000000e+00  7.211429e+00
     vertex -7.325193e-01  1.000000e+01  7.180233e+00
     vertex -6.229331e-01  1.000000e+01  7.214036e+00
   endloop
 endfacet
 facet normal  2.986464e-01  2.099850e-05 -9.543638e-01
   outer loop
     vertex -7.412231e-01  0.000000e+00  7.177289e+00
     vertex -7.325193e-01  1.000000e+01  7.180233e+00
     vertex -6.321262e-01  0.000000e+00  7.211429e+00
   endloop
 endfacet
 facet normal  3.420201e-01 -2.107189e-05 -9.396926e-01
   outer loop
     vertex -7.412231e-01  0.000000e+00  7.177289e+00
     vertex -8.402844e-01  1.000000e+01  7.141010e+00
     vertex -7.325193e-01  1.000000e+01  7.180233e+00
   endloop
 endfacet
 facet normal  3.456964e-01  2.022902e-05 -9.383464e-01
   outer loop
     vertex -8.484890e-01  0.000000e+00  7.137771e+00
     vertex -8.402844e-01  1.000000e+01  7.141010e+00
     vertex -7.412231e-01  0.000000e+00  7.177289e+00
   endloop
 endfacet
 facet normal  3.884348e-01 -2.029947e-05 -9.214762e-01
   outer loop
     vertex -8.484890e-01  0.000000e+00  7.137771e+00
     vertex -9.459603e-01  1.000000e+01  7.096463e+00
     vertex -8.402844e-01  1.000000e+01  7.141010e+00
   endloop
 endfacet
 facet normal  3.918923e-01  1.945366e-05 -9.200111e-01
   outer loop
     vertex -9.536590e-01  0.000000e+00  7.092973e+00
     vertex -9.459603e-01  1.000000e+01  7.096463e+00
     vertex -8.484890e-01  0.000000e+00  7.137771e+00
   endloop
 endfacet
 facet normal  4.338837e-01 -1.952118e-05 -9.009689e-01
   outer loop
     vertex -9.536590e-01  0.000000e+00  7.092973e+00
     vertex -1.049285e+00  1.000000e+01  7.046705e+00
     vertex -9.459603e-01  1.000000e+01  7.096463e+00
   endloop
 endfacet
 facet normal  4.371202e-01  1.867244e-05 -8.994031e-01
   outer loop
     vertex -1.056473e+00  0.000000e+00  7.043004e+00
     vertex -1.049285e+00  1.000000e+01  7.046705e+00
     vertex -9.536590e-01  0.000000e+00  7.092973e+00
   endloop
 endfacet
 facet normal  4.782540e-01 -1.873702e-05 -8.782216e-01
   outer loop
     vertex -1.056473e+00  0.000000e+00  7.043004e+00
     vertex -1.150000e+00  1.000000e+01  6.991858e+00
     vertex -1.049285e+00  1.000000e+01  7.046705e+00
   endloop
 endfacet
 facet normal  4.812683e-01  1.788534e-05 -8.765733e-01
   outer loop
     vertex -1.156678e+00  0.000000e+00  6.987988e+00
     vertex -1.150000e+00  1.000000e+01  6.991858e+00
     vertex -1.056473e+00  0.000000e+00  7.043004e+00
   endloop
 endfacet
 facet normal  5.214352e-01 -1.794699e-05 -8.532909e-01
   outer loop
     vertex -1.156678e+00  0.000000e+00  6.987988e+00
     vertex -1.247856e+00  1.000000e+01  6.932060e+00
     vertex -1.150000e+00  1.000000e+01  6.991858e+00
   endloop
 endfacet
 facet normal  5.242276e-01  1.709237e-05 -8.515782e-01
   outer loop
     vertex -1.254025e+00  0.000000e+00  6.928062e+00
     vertex -1.247856e+00  1.000000e+01  6.932060e+00
     vertex -1.156678e+00  0.000000e+00  6.987988e+00
   endloop
 endfacet
 facet normal  5.633201e-01 -1.715108e-05 -8.262388e-01
   outer loop
     vertex -1.254025e+00  0.000000e+00  6.928062e+00
     vertex -1.342610e+00  1.000000e+01  6.867457e+00
     vertex -1.247856e+00  1.000000e+01  6.932060e+00
   endloop
 endfacet
 facet normal  5.658919e-01  1.629353e-05 -8.244795e-01
   outer loop
     vertex -1.348274e+00  0.000000e+00  6.863373e+00
     vertex -1.342610e+00  1.000000e+01  6.867457e+00
     vertex -1.254025e+00  0.000000e+00  6.928062e+00
   endloop
 endfacet
 facet normal  6.038044e-01 -1.634930e-05 -7.971325e-01
   outer loop
     vertex -1.348274e+00  0.000000e+00  6.863373e+00
     vertex -1.434027e+00  1.000000e+01  6.798212e+00
     vertex -1.342610e+00  1.000000e+01  6.867457e+00
   endloop
 endfacet
 facet normal  6.061582e-01  1.548881e-05 -7.953441e-01
   outer loop
     vertex -1.439193e+00  0.000000e+00  6.794080e+00
     vertex -1.434027e+00  1.000000e+01  6.798212e+00
     vertex -1.348274e+00  0.000000e+00  6.863373e+00
   endloop
 endfacet
 facet normal  6.427876e-01 -1.554166e-05 -7.660444e-01
   outer loop
     vertex -1.439193e+00  0.000000e+00  6.794080e+00
     vertex -1.521877e+00  1.000000e+01  6.724497e+00
     vertex -1.434027e+00  1.000000e+01  6.798212e+00
   endloop
 endfacet
 facet normal  6.449272e-01  1.467823e-05 -7.642440e-01
   outer loop
     vertex -1.526556e+00  0.000000e+00  6.720356e+00
     vertex -1.521877e+00  1.000000e+01  6.724497e+00
     vertex -1.439193e+00  0.000000e+00  6.794080e+00
   endloop
 endfacet
 facet normal  6.801727e-01 -1.472814e-05 -7.330519e-01
   outer loop
     vertex -1.526556e+00  0.000000e+00  6.720356e+00
     vertex -1.605945e+00  1.000000e+01  6.646494e+00
     vertex -1.521877e+00  1.000000e+01  6.724497e+00
   endloop
 endfacet
 facet normal  6.821031e-01  1.386178e-05 -7.312560e-01
   outer loop
     vertex -1.610149e+00  0.000000e+00  6.642382e+00
     vertex -1.605945e+00  1.000000e+01  6.646494e+00
     vertex -1.526556e+00  0.000000e+00  6.720356e+00
   endloop
 endfacet
 facet normal  7.158668e-01 -1.390874e-05 -6.982368e-01
   outer loop
     vertex -1.610149e+00  0.000000e+00  6.642382e+00
     vertex -1.686019e+00  1.000000e+01  6.564397e+00
     vertex -1.605945e+00  1.000000e+01  6.646494e+00
   endloop
 endfacet
 facet normal  7.175940e-01  1.303945e-05 -6.964616e-01
   outer loop
     vertex -1.689764e+00  0.000000e+00  6.560352e+00
     vertex -1.686019e+00  1.000000e+01  6.564397e+00
     vertex -1.610149e+00  0.000000e+00  6.642382e+00
   endloop
 endfacet
 facet normal  7.497812e-01 -1.308348e-05 -6.616858e-01
   outer loop
     vertex -1.689764e+00  0.000000e+00  6.560352e+00
     vertex -1.761902e+00  1.000000e+01  6.478412e+00
     vertex -1.686019e+00  1.000000e+01  6.564397e+00
   endloop
 endfacet
 facet normal  7.513123e-01  1.221125e-05 -6.599468e-01
   outer loop
     vertex -1.765205e+00  0.000000e+00  6.474466e+00
     vertex -1.761902e+00  1.000000e+01  6.478412e+00
     vertex -1.689764e+00  0.000000e+00  6.560352e+00
   endloop
 endfacet
 facet normal  7.818315e-01 -1.225235e-05 -6.234898e-01
   outer loop
     vertex -1.765205e+00  0.000000e+00  6.474466e+00
     vertex -1.833405e+00  1.000000e+01  6.388750e+00
     vertex -1.761902e+00  1.000000e+01  6.478412e+00
   endloop
 endfacet
 facet normal  7.831747e-01  1.137718e-05 -6.218018e-01
   outer loop
     vertex -1.836286e+00  0.000000e+00  6.384939e+00
     vertex -1.833405e+00  1.000000e+01  6.388750e+00
     vertex -1.765205e+00  0.000000e+00  6.474466e+00
   endloop
 endfacet
 facet normal  8.119380e-01 -1.141534e-05 -5.837437e-01
   outer loop
     vertex -1.836286e+00  0.000000e+00  6.384939e+00
     vertex -1.900349e+00  1.000000e+01  6.295636e+00
     vertex -1.833405e+00  1.000000e+01  6.388750e+00
   endloop
 endfacet
 facet normal  8.131024e-01  1.053724e-05 -5.821207e-01
   outer loop
     vertex -1.902830e+00  0.000000e+00  6.291990e+00
     vertex -1.900349e+00  1.000000e+01  6.295636e+00
     vertex -1.836286e+00  0.000000e+00  6.384939e+00
   endloop
 endfacet
 facet normal  8.400259e-01 -1.057247e-05 -5.425463e-01
   outer loop
     vertex -1.902830e+00  0.000000e+00  6.291990e+00
     vertex -1.962569e+00  1.000000e+01  6.199301e+00
     vertex -1.900349e+00  1.000000e+01  6.295636e+00
   endloop
 endfacet
 facet normal  8.410215e-01  9.691429e-06 -5.410017e-01
   outer loop
     vertex -1.964674e+00  0.000000e+00  6.195849e+00
     vertex -1.962569e+00  1.000000e+01  6.199301e+00
     vertex -1.902830e+00  0.000000e+00  6.291990e+00
   endloop
 endfacet
 facet normal  8.660254e-01 -9.723720e-06 -5.000000e-01
   outer loop
     vertex -1.964674e+00  0.000000e+00  6.195849e+00
     vertex -2.019910e+00  1.000000e+01  6.099984e+00
     vertex -1.962569e+00  1.000000e+01  6.199301e+00
   endloop
 endfacet
 facet normal  8.898718e-01 -8.869101e-06 -4.562107e-01
   outer loop
     vertex -2.021665e+00  0.000000e+00  6.096755e+00
     vertex -2.072228e+00  1.000000e+01  5.997933e+00
     vertex -2.019910e+00  1.000000e+01  6.099984e+00
   endloop
 endfacet
 facet normal  8.668631e-01  8.839746e-06 -4.985463e-01
   outer loop
     vertex -2.021665e+00  0.000000e+00  6.096755e+00
     vertex -2.019910e+00  1.000000e+01  6.099984e+00
     vertex -1.964674e+00  0.000000e+00  6.195849e+00
   endloop
 endfacet
 facet normal  9.115059e-01 -8.008611e-06 -4.112871e-01
   outer loop
     vertex -2.073661e+00  0.000000e+00  5.994951e+00
     vertex -2.119395e+00  1.000000e+01  5.893400e+00
     vertex -2.072228e+00  1.000000e+01  5.997933e+00
   endloop
 endfacet
 facet normal  8.905633e-01  7.982191e-06 -4.548593e-01
   outer loop
     vertex -2.073661e+00  0.000000e+00  5.994951e+00
     vertex -2.072228e+00  1.000000e+01  5.997933e+00
     vertex -2.021665e+00  0.000000e+00  6.096755e+00
   endloop
 endfacet
 facet normal  9.308737e-01 -7.142250e-06 -3.653410e-01
   outer loop
     vertex -2.120536e+00  0.000000e+00  5.890690e+00
     vertex -2.161293e+00  1.000000e+01  5.786646e+00
     vertex -2.119395e+00  1.000000e+01  5.893400e+00
   endloop
 endfacet
 facet normal  9.120636e-01  7.118766e-06 -4.100487e-01
   outer loop
     vertex -2.120536e+00  0.000000e+00  5.890690e+00
     vertex -2.119395e+00  1.000000e+01  5.893400e+00
     vertex -2.073661e+00  0.000000e+00  5.994951e+00
   endloop
 endfacet
 facet normal  9.479273e-01 -6.270017e-06 -3.184867e-01
   outer loop
     vertex -2.162172e+00  0.000000e+00  5.784228e+00
     vertex -2.197817e+00  1.000000e+01  5.677937e+00
     vertex -2.161293e+00  1.000000e+01  5.786646e+00
   endloop
 endfacet
 facet normal  9.313109e-01  6.249469e-06 -3.642252e-01
   outer loop
     vertex -2.162172e+00  0.000000e+00  5.784228e+00
     vertex -2.161293e+00  1.000000e+01  5.786646e+00
     vertex -2.120536e+00  0.000000e+00  5.890690e+00
   endloop
 endfacet
 facet normal  9.626242e-01 -5.391914e-06 -2.708405e-01
   outer loop
     vertex -2.198466e+00  0.000000e+00  5.675829e+00
     vertex -2.228878e+00  1.000000e+01  5.567542e+00
     vertex -2.197817e+00  1.000000e+01  5.677937e+00
   endloop
 endfacet
 facet normal  9.482576e-01  5.374301e-06 -3.175019e-01
   outer loop
     vertex -2.198466e+00  0.000000e+00  5.675829e+00
     vertex -2.197817e+00  1.000000e+01  5.677937e+00
     vertex -2.162172e+00  0.000000e+00  5.784228e+00
   endloop
 endfacet
 facet normal  9.749279e-01 -4.507939e-06 -2.225209e-01
   outer loop
     vertex -2.229330e+00  0.000000e+00  5.565761e+00
     vertex -2.254397e+00  1.000000e+01  5.455736e+00
     vertex -2.228878e+00  1.000000e+01  5.567542e+00
   endloop
 endfacet
 facet normal  9.628619e-01  4.493262e-06 -2.699943e-01
   outer loop
     vertex -2.229330e+00  0.000000e+00  5.565761e+00
     vertex -2.228878e+00  1.000000e+01  5.567542e+00
     vertex -2.198466e+00  0.000000e+00  5.675829e+00
   endloop
 endfacet
 facet normal  9.848078e-01 -3.618094e-06 -1.736482e-01
   outer loop
     vertex -2.254688e+00  0.000000e+00  5.454295e+00
     vertex -2.274311e+00  1.000000e+01  5.342797e+00
     vertex -2.254397e+00  1.000000e+01  5.455736e+00
   endloop
 endfacet
 facet normal  9.750877e-01  3.606351e-06 -2.218198e-01
   outer loop
     vertex -2.254688e+00  0.000000e+00  5.454295e+00
     vertex -2.254397e+00  1.000000e+01  5.455736e+00
     vertex -2.229330e+00  0.000000e+00  5.565761e+00
   endloop
 endfacet
 facet normal  9.849047e-01  2.713570e-06 -1.730974e-01
   outer loop
     vertex -2.274475e+00  0.000000e+00  5.341707e+00
     vertex -2.274311e+00  1.000000e+01  5.342797e+00
     vertex -2.254688e+00  0.000000e+00  5.454295e+00
   endloop
 endfacet
 facet normal  9.922392e-01 -2.722377e-06 -1.243437e-01
   outer loop
     vertex -2.274475e+00  0.000000e+00  5.341707e+00
     vertex -2.288571e+00  1.000000e+01  5.229006e+00
     vertex -2.274311e+00  1.000000e+01  5.342797e+00
   endloop
 endfacet
 facet normal  9.922888e-01  1.814918e-06 -1.239473e-01
   outer loop
     vertex -2.288644e+00  0.000000e+00  5.228275e+00
     vertex -2.288571e+00  1.000000e+01  5.229006e+00
     vertex -2.274475e+00  0.000000e+00  5.341707e+00
   endloop
 endfacet
 facet normal  9.972038e-01 -1.820789e-06 -7.473009e-02
   outer loop
     vertex -2.288644e+00  0.000000e+00  5.228275e+00
     vertex -2.297141e+00  1.000000e+01  5.114646e+00
     vertex -2.288571e+00  1.000000e+01  5.229006e+00
   endloop
 endfacet
 facet normal  9.972217e-01  9.103944e-07 -7.449107e-02
   outer loop
     vertex -2.297159e+00  0.000000e+00  5.114278e+00
     vertex -2.297141e+00  1.000000e+01  5.114646e+00
     vertex -2.288644e+00  0.000000e+00  5.228275e+00
   endloop
 endfacet
 facet normal  9.996892e-01 -9.133299e-07 -2.493069e-02
   outer loop
     vertex -2.297159e+00  0.000000e+00  5.114278e+00
     vertex -2.300000e+00  1.000000e+01  5.000000e+00
     vertex -2.297141e+00  1.000000e+01  5.114646e+00
   endloop
 endfacet
 facet normal  9.996912e-01 -3.310794e-17 -2.485082e-02
   outer loop
     vertex -2.300000e+00  0.000000e+00  5.000000e+00
     vertex -2.300000e+00  1.000000e+01  5.000000e+00
     vertex -2.297159e+00  0.000000e+00  5.114278e+00
   endloop
 endfacet
 facet normal  9.996912e-01  3.312855e-17  2.485082e-02
   outer loop
     vertex -2.297159e+00  0.000000e+00  4.885722e+00
     vertex -2.300000e+00  1.000000e+01  5.000000e+00
     vertex -2.300000e+00  0.000000e+00  5.000000e+00
   endloop
 endfacet
 facet normal  9.996892e-01 -9.133299e-07  2.493069e-02
   outer loop
     vertex -2.297159e+00  0.000000e+00  4.885722e+00
     vertex -2.297141e+00  1.000000e+01  4.885354e+00
     vertex -2.300000e+00  1.000000e+01  5.000000e+00
   endloop
 endfacet
 facet normal  9.972217e-01  9.103944e-07  7.449107e-02
   outer loop
     vertex -2.288644e+00  0.000000e+00  4.771725e+00
     vertex -2.297141e+00  1.000000e+01  4.885354e+00
     vertex -2.297159e+00  0.000000e+00  4.885722e+00
   endloop
 endfacet
 facet normal  9.972038e-01 -1.820789e-06  7.473009e-02
   outer loop
     vertex -2.288644e+00  0.000000e+00  4.771725e+00
     vertex -2.288571e+00  1.000000e+01  4.770994e+00
     vertex -2.297141e+00  1.000000e+01  4.885354e+00
   endloop
 endfacet
 facet normal  9.922888e-01  1.814918e-06  1.239473e-01
   outer loop
     vertex -2.274475e+00  0.000000e+00  4.658293e+00
     vertex -2.288571e+00  1.000000e+01  4.770994e+00
     vertex -2.288644e+00  0.000000e+00  4.771725e+00
   endloop
 endfacet
 facet normal  9.922392e-01 -2.722377e-06  1.243437e-01
   outer loop
     vertex -2.274475e+00  0.000000e+00  4.658293e+00
     vertex -2.274311e+00  1.000000e+01  4.657203e+00
     vertex -2.288571e+00  1.000000e+01  4.770994e+00
   endloop
 endfacet
 facet normal  9.849047e-01  2.713570e-06  1.730974e-01
   outer loop
     vertex -2.254688e+00  0.000000e+00  4.545705e+00
     vertex -2.274311e+00  1.000000e+01  4.657203e+00
     vertex -2.274475e+00  0.000000e+00  4.658293e+00
   endloop
 endfacet
 facet normal  9.848078e-01 -3.618094e-06  1.736482e-01
   outer loop
     vertex -2.254688e+00  0.000000e+00  4.545705e+00
     vertex -2.254397e+00  1.000000e+01  4.544264e+00
     vertex -2.274311e+00  1.000000e+01  4.657203e+00
   endloop
 endfacet
 facet normal  9.750877e-01  3.606351e-06  2.218198e-01
   outer loop
     vertex -2.229330e+00  0.000000e+00  4.434239e+00
     vertex -2.254397e+00  1.000000e+01  4.544264e+00
     vertex -2.254688e+00  0.000000e+00  4.545705e+00
   endloop
 endfacet
 facet normal  9.749279e-01 -4.507939e-06  2.225209e-01
   outer loop
     vertex -2.229330e+00  0.000000e+00  4.434239e+00
     vertex -2.228878e+00  1.000000e+01  4.432458e+00
     vertex -2.254397e+00  1.000000e+01  4.544264e+00
   endloop
 endfacet
 facet normal  9.628619e-01  4.493262e-06  2.699943e-01
   outer loop
     vertex -2.198466e+00  0.000000e+00  4.324171e+00
     vertex -2.228878e+00  1.000000e+01  4.432458e+00
     vertex -2.229330e+00  0.000000e+00  4.434239e+00
   endloop
 endfacet
 facet normal  9.626242e-01 -5.391914e-06  2.708405e-01
   outer loop
     vertex -2.198466e+00  0.000000e+00  4.324171e+00
     vertex -2.197817e+00  1.000000e+01  4.322063e+00
     vertex -2.228878e+00  1.000000e+01  4.432458e+00
   endloop
 endfacet
 facet normal  9.482576e-01  5.374301e-06  3.175019e-01
   outer loop
     vertex -2.162172e+00  0.000000e+00  4.215772e+00
     vertex -2.197817e+00  1.000000e+01  4.322063e+00
     vertex -2.198466e+00  0.000000e+00  4.324171e+00
   endloop
 endfacet
 facet normal  9.479273e-01 -6.270017e-06  3.184867e-01
   outer loop
     vertex -2.162172e+00  0.000000e+00  4.215772e+00
     vertex -2.161293e+00  1.000000e+01  4.213354e+00
     vertex -2.197817e+00  1.000000e+01  4.322063e+00
   endloop
 endfacet
 facet normal  9.313109e-01  6.249469e-06  3.642252e-01
   outer loop
     vertex -2.120536e+00  0.000000e+00  4.109310e+00
     vertex -2.161293e+00  1.000000e+01  4.213354e+00
     vertex -2.162172e+00  0.000000e+00  4.215772e+00
   endloop
 endfacet
 facet normal  9.308737e-01 -7.142250e-06  3.653410e-01
   outer loop
     vertex -2.120536e+00  0.000000e+00  4.109310e+00
     vertex -2.119395e+00  1.000000e+01  4.106600e+00
     vertex -2.161293e+00  1.000000e+01  4.213354e+00
   endloop
 endfacet
 facet normal  9.120636e-01  7.118766e-06  4.100487e-01
   outer loop
     vertex -2.073661e+00  0.000000e+00  4.005049e+00
     vertex -2.119395e+00  1.000000e+01  4.106600e+00
     vertex -2.120536e+00  0.000000e+00  4.109310e+00
   endloop
 endfacet
 facet normal  9.115059e-01 -8.008611e-06  4.112871e-01
   outer loop
     vertex -2.073661e+00  0.000000e+00  4.005049e+00
     vertex -2.072228e+00  1.000000e+01  4.002067e+00
     vertex -2.119395e+00  1.000000e+01  4.106600e+00
   endloop
 endfacet
 facet normal  8.905633e-01  7.982191e-06  4.548593e-01
   outer loop
     vertex -2.021665e+00  0.000000e+00  3.903245e+00
     vertex -2.072228e+00  1.000000e+01  4.002067e+00
     vertex -2.073661e+00  0.000000e+00  4.005049e+00
   endloop
 endfacet
 facet normal  8.898718e-01 -8.869101e-06  4.562107e-01
   outer loop
     vertex -2.021665e+00  0.000000e+00  3.903245e+00
     vertex -2.019910e+00  1.000000e+01  3.900016e+00
     vertex -2.072228e+00  1.000000e+01  4.002067e+00
   endloop
 endfacet
 facet normal  8.668631e-01  8.839746e-06  4.985463e-01
   outer loop
     vertex -1.964674e+00  0.000000e+00  3.804151e+00
     vertex -2.019910e+00  1.000000e+01  3.900016e+00
     vertex -2.021665e+00  0.000000e+00  3.903245e+00
   endloop
 endfacet
 facet normal  8.660254e-01 -9.723720e-06  5.000000e-01
   outer loop
     vertex -1.964674e+00  0.000000e+00  3.804151e+00
     vertex -1.962569e+00  1.000000e+01  3.800699e+00
     vertex -2.019910e+00  1.000000e+01  3.900016e+00
   endloop
 endfacet
 facet normal  8.410215e-01  9.691429e-06  5.410017e-01
   outer loop
     vertex -1.902830e+00  0.000000e+00  3.708010e+00
     vertex -1.962569e+00  1.000000e+01  3.800699e+00
     vertex -1.964674e+00  0.000000e+00  3.804151e+00
   endloop
 endfacet
 facet normal  8.400259e-01 -1.057247e-05  5.425463e-01
   outer loop
     vertex -1.902830e+00  0.000000e+00  3.708010e+00
     vertex -1.900349e+00  1.000000e+01  3.704364e+00
     vertex -1.962569e+00  1.000000e+01  3.800699e+00
   endloop
 endfacet
 facet normal  8.131024e-01  1.053724e-05  5.821207e-01
   outer loop
     vertex -1.836286e+00  0.000000e+00  3.615061e+00
     vertex -1.900349e+00  1.000000e+01  3.704364e+00
     vertex -1.902830e+00  0.000000e+00  3.708010e+00
   endloop
 endfacet
 facet normal  8.119380e-01 -1.141534e-05  5.837437e-01
   outer loop
     vertex -1.836286e+00  0.000000e+00  3.615061e+00
     vertex -1.833405e+00  1.000000e+01  3.611250e+00
     vertex -1.900349e+00  1.000000e+01  3.704364e+00
   endloop
 endfacet
 facet normal  7.818315e-01 -1.225235e-05  6.234898e-01
   outer loop
     vertex -1.765205e+00  0.000000e+00  3.525534e+00
     vertex -1.761902e+00  1.000000e+01  3.521588e+00
     vertex -1.833405e+00  1.000000e+01  3.611250e+00
   endloop
 endfacet
 facet normal  7.831747e-01  1.137718e-05  6.218018e-01
   outer loop
     vertex -1.765205e+00  0.000000e+00  3.525534e+00
     vertex -1.833405e+00  1.000000e+01  3.611250e+00
     vertex -1.836286e+00  0.000000e+00  3.615061e+00
   endloop
 endfacet
 facet normal  7.497812e-01 -1.308348e-05  6.616858e-01
   outer loop
     vertex -1.689764e+00  0.000000e+00  3.439648e+00
     vertex -1.686019e+00  1.000000e+01  3.435603e+00
     vertex -1.761902e+00  1.000000e+01  3.521588e+00
   endloop
 endfacet
 facet normal  7.513123e-01  1.221125e-05  6.599468e-01
   outer loop
     vertex -1.689764e+00  0.000000e+00  3.439648e+00
     vertex -1.761902e+00  1.000000e+01  3.521588e+00
     vertex -1.765205e+00  0.000000e+00  3.525534e+00
   endloop
 endfacet
 facet normal  7.158668e-01 -1.390874e-05  6.982368e-01
   outer loop
     vertex -1.610149e+00  0.000000e+00  3.357618e+00
     vertex -1.605945e+00  1.000000e+01  3.353506e+00
     vertex -1.686019e+00  1.000000e+01  3.435603e+00
   endloop
 endfacet
 facet normal  7.175940e-01  1.303945e-05  6.964616e-01
   outer loop
     vertex -1.610149e+00  0.000000e+00  3.357618e+00
     vertex -1.686019e+00  1.000000e+01  3.435603e+00
     vertex -1.689764e+00  0.000000e+00  3.439648e+00
   endloop
 endfacet
 facet normal  6.801727e-01 -1.472814e-05  7.330519e-01
   outer loop
     vertex -1.526556e+00  0.000000e+00  3.279644e+00
     vertex -1.521877e+00  1.000000e+01  3.275503e+00
     vertex -1.605945e+00  1.000000e+01  3.353506e+00
   endloop
 endfacet
 facet normal  6.821031e-01  1.386178e-05  7.312560e-01
   outer loop
     vertex -1.526556e+00  0.000000e+00  3.279644e+00
     vertex -1.605945e+00  1.000000e+01  3.353506e+00
     vertex -1.610149e+00  0.000000e+00  3.357618e+00
   endloop
 endfacet
 facet normal  6.427876e-01 -1.554166e-05  7.660444e-01
   outer loop
     vertex -1.439193e+00  0.000000e+00  3.205920e+00
     vertex -1.434027e+00  1.000000e+01  3.201788e+00
     vertex -1.521877e+00  1.000000e+01  3.275503e+00
   endloop
 endfacet
 facet normal  6.449272e-01  1.467823e-05  7.642440e-01
   outer loop
     vertex -1.439193e+00  0.000000e+00  3.205920e+00
     vertex -1.521877e+00  1.000000e+01  3.275503e+00
     vertex -1.526556e+00  0.000000e+00  3.279644e+00
   endloop
 endfacet
 facet normal  6.038044e-01 -1.634930e-05  7.971325e-01
   outer loop
     vertex -1.348274e+00  0.000000e+00  3.136627e+00
     vertex -1.342610e+00  1.000000e+01  3.132543e+00
     vertex -1.434027e+00  1.000000e+01  3.201788e+00
   endloop
 endfacet
 facet normal  6.061582e-01  1.548881e-05  7.953441e-01
   outer loop
     vertex -1.348274e+00  0.000000e+00  3.136627e+00
     vertex -1.434027e+00  1.000000e+01  3.201788e+00
     vertex -1.439193e+00  0.000000e+00  3.205920e+00
   endloop
 endfacet
 facet normal  5.633201e-01 -1.715108e-05  8.262388e-01
   outer loop
     vertex -1.254025e+00  0.000000e+00  3.071938e+00
     vertex -1.247856e+00  1.000000e+01  3.067940e+00
     vertex -1.342610e+00  1.000000e+01  3.132543e+00
   endloop
 endfacet
 facet normal  5.658919e-01  1.629353e-05  8.244795e-01
   outer loop
     vertex -1.254025e+00  0.000000e+00  3.071938e+00
     vertex -1.342610e+00  1.000000e+01  3.132543e+00
     vertex -1.348274e+00  0.000000e+00  3.136627e+00
   endloop
 endfacet
 facet normal  5.214352e-01 -1.794699e-05  8.532909e-01
   outer loop
     vertex -1.156678e+00  0.000000e+00  3.012012e+00
     vertex -1.150000e+00  1.000000e+01  3.008142e+00
     vertex -1.247856e+00  1.000000e+01  3.067940e+00
   endloop
 endfacet
 facet normal  5.242276e-01  1.709237e-05  8.515782e-01
   outer loop
     vertex -1.156678e+00  0.000000e+00  3.012012e+00
     vertex -1.247856e+00  1.000000e+01  3.067940e+00
     vertex -1.254025e+00  0.000000e+00  3.071938e+00
   endloop
 endfacet
 facet normal  4.782540e-01 -1.873702e-05  8.782216e-01
   outer loop
     vertex -1.056473e+00  0.000000e+00  2.956996e+00
     vertex -1.049285e+00  1.000000e+01  2.953295e+00
     vertex -1.150000e+00  1.000000e+01  3.008142e+00
   endloop
 endfacet
 facet normal  4.812683e-01  1.788534e-05  8.765733e-01
   outer loop
     vertex -1.056473e+00  0.000000e+00  2.956996e+00
     vertex -1.150000e+00  1.000000e+01  3.008142e+00
     vertex -1.156678e+00  0.000000e+00  3.012012e+00
   endloop
 endfacet
 facet normal  4.371202e-01  1.867244e-05  8.994031e-01
   outer loop
     vertex -9.536590e-01  0.000000e+00  2.907027e+00
     vertex -1.049285e+00  1.000000e+01  2.953295e+00
     vertex -1.056473e+00  0.000000e+00  2.956996e+00
   endloop
 endfacet
 facet normal  4.338837e-01 -1.952118e-05  9.009689e-01
   outer loop
     vertex -9.536590e-01  0.000000e+00  2.907027e+00
     vertex -9.459603e-01  1.000000e+01  2.903537e+00
     vertex -1.049285e+00  1.000000e+01  2.953295e+00
   endloop
 endfacet
 facet normal  3.884348e-01 -2.029947e-05  9.214762e-01
   outer loop
     vertex -8.484890e-01  0.000000e+00  2.862229e+00
     vertex -8.402844e-01  1.000000e+01  2.858990e+00
     vertex -9.459603e-01  1.000000e+01  2.903537e+00
   endloop
 endfacet
 facet normal  3.918923e-01  1.945366e-05  9.200111e-01
   outer loop
     vertex -8.484890e-01  0.000000e+00  2.862229e+00
     vertex -9.459603e-01  1.000000e+01  2.903537e+00
     vertex -9.536590e-01  0.000000e+00  2.907027e+00
   endloop
 endfacet
 facet normal  3.456964e-01  2.022902e-05  9.383464e-01
   outer loop
     vertex -7.412231e-01  0.000000e+00  2.822711e+00
     vertex -8.402844e-01  1.000000e+01  2.858990e+00
     vertex -8.484890e-01  0.000000e+00  2.862229e+00
   endloop
 endfacet
 facet normal  3.420201e-01 -2.107189e-05  9.396926e-01
   outer loop
     vertex -7.412231e-01  0.000000e+00  2.822711e+00
     vertex -7.325193e-01  1.000000e+01  2.819767e+00
     vertex -8.402844e-01  1.000000e+01  2.858990e+00
   endloop
 endfacet
 facet normal  2.947552e-01 -2.183844e-05  9.555728e-01
   outer loop
     vertex -6.321262e-01  0.000000e+00  2.788571e+00
     vertex -6.229331e-01  1.000000e+01  2.785964e+00
     vertex -7.325193e-01  1.000000e+01  2.819767e+00
   endloop
 endfacet
 facet normal  2.986464e-01  2.099850e-05  9.543638e-01
   outer loop
     vertex -6.321262e-01  0.000000e+00  2.788571e+00
     vertex -7.325193e-01  1.000000e+01  2.819767e+00
     vertex -7.412231e-01  0.000000e+00  2.822711e+00
   endloop
 endfacet
 facet normal  2.467574e-01 -2.259912e-05  9.690773e-01
   outer loop
     vertex -5.214677e-01  0.000000e+00  2.759895e+00
     vertex -5.117981e-01  1.000000e+01  2.757666e+00
     vertex -6.229331e-01  1.000000e+01  2.785964e+00
   endloop
 endfacet
 facet normal  2.508588e-01  2.176212e-05  9.680237e-01
   outer loop
     vertex -5.214677e-01  0.000000e+00  2.759895e+00
     vertex -6.229331e-01  1.000000e+01  2.785964e+00
     vertex -6.321262e-01  0.000000e+00  2.788571e+00
   endloop
 endfacet
 facet normal  1.981461e-01 -2.335392e-05  9.801725e-01
   outer loop
     vertex -4.095211e-01  0.000000e+00  2.736752e+00
     vertex -3.993908e-01  1.000000e+01  2.734942e+00
     vertex -5.117981e-01  1.000000e+01  2.757666e+00
   endloop
 endfacet
 facet normal  2.024514e-01  2.251986e-05  9.792923e-01
   outer loop
     vertex -4.095211e-01  0.000000e+00  2.736752e+00
     vertex -5.117981e-01  1.000000e+01  2.757666e+00
     vertex -5.214677e-01  0.000000e+00  2.759895e+00
   endloop
 endfacet
 facet normal  1.490423e-01 -2.410286e-05  9.888308e-01
   outer loop
     vertex -2.965629e-01  0.000000e+00  2.719200e+00
     vertex -2.859905e-01  1.000000e+01  2.717850e+00
     vertex -3.993908e-01  1.000000e+01  2.734942e+00
   endloop
 endfacet
 facet normal  1.535440e-01  2.327173e-05  9.881418e-01
   outer loop
     vertex -2.965629e-01  0.000000e+00  2.719200e+00
     vertex -3.993908e-01  1.000000e+01  2.734942e+00
     vertex -4.095211e-01  0.000000e+00  2.736752e+00
   endloop
 endfacet
 facet normal  9.956785e-02 -2.484592e-05  9.950308e-01
   outer loop
     vertex -1.828721e-01  0.000000e+00  2.707282e+00
     vertex -1.718792e-01  1.000000e+01  2.706431e+00
     vertex -2.859905e-01  1.000000e+01  2.717850e+00
   endloop
 endfacet
 facet normal  1.042572e-01  2.401772e-05  9.945504e-01
   outer loop
     vertex -1.828721e-01  0.000000e+00  2.707282e+00
     vertex -2.859905e-01  1.000000e+01  2.717850e+00
     vertex -2.965629e-01  0.000000e+00  2.719200e+00
   endloop
 endfacet
 facet normal  4.984589e-02 -2.558311e-05  9.987569e-01
   outer loop
     vertex -6.872958e-02  0.000000e+00  2.701027e+00
     vertex -5.734059e-02  1.000000e+01  2.700715e+00
     vertex -1.718792e-01  1.000000e+01  2.706431e+00
   endloop
 endfacet
 facet normal  5.471292e-02  2.475785e-05  9.985021e-01
   outer loop
     vertex -6.872958e-02  0.000000e+00  2.701027e+00
     vertex -1.718792e-01  1.000000e+01  2.706431e+00
     vertex -1.828721e-01  0.000000e+00  2.707282e+00
   endloop
 endfacet
 facet normal -1.161714e-14 -2.631443e-05  1.000000e+00
   outer loop
     vertex  4.558275e-02  0.000000e+00  2.700452e+00
     vertex  5.734059e-02  1.000000e+01  2.700715e+00
     vertex -5.734059e-02  1.000000e+01  2.700715e+00
   endloop
 endfacet
 facet normal  5.033474e-03  2.549210e-05  9.999873e-01
   outer loop
     vertex  4.558275e-02  0.000000e+00  2.700452e+00
     vertex -5.734059e-02  1.000000e+01  2.700715e+00
     vertex -6.872958e-02  0.000000e+00  2.701027e+00
   endloop
 endfacet
 facet normal -4.984589e-02 -2.703987e-05  9.987569e-01
   outer loop
     vertex  1.597825e-01  0.000000e+00  2.705557e+00
     vertex  1.718792e-01  1.000000e+01  2.706431e+00
     vertex  5.734059e-02  1.000000e+01  2.700715e+00
   endloop
 endfacet
 facet normal -4.465840e-02  2.622049e-05  9.990023e-01
   outer loop
     vertex  1.597825e-01  0.000000e+00  2.705557e+00
     vertex  5.734059e-02  1.000000e+01  2.700715e+00
     vertex  4.558275e-02  0.000000e+00  2.700452e+00
   endloop
 endfacet
 facet normal -9.956785e-02 -2.775945e-05  9.950308e-01
   outer loop
     vertex  2.735875e-01  0.000000e+00  2.716330e+00
     vertex  2.859905e-01  1.000000e+01  2.717850e+00
     vertex  1.718792e-01  1.000000e+01  2.706431e+00
   endloop
 endfacet
 facet normal -9.423996e-02  2.694300e-05  9.955495e-01
   outer loop
     vertex  2.735875e-01  0.000000e+00  2.716330e+00
     vertex  1.718792e-01  1.000000e+01  2.706431e+00
     vertex  1.597825e-01  0.000000e+00  2.705557e+00
   endloop
 endfacet
 facet normal -1.490423e-01 -2.847315e-05  9.888308e-01
   outer loop
     vertex  3.867167e-01  0.000000e+00  2.732744e+00
     vertex  3.993908e-01  1.000000e+01  2.734942e+00
     vertex  2.859905e-01  1.000000e+01  2.717850e+00
   endloop
 endfacet
 facet normal -1.435887e-01  2.765964e-05  9.896374e-01
   outer loop
     vertex  3.867167e-01  0.000000e+00  2.732744e+00
     vertex  2.859905e-01  1.000000e+01  2.717850e+00
     vertex  2.735875e-01  0.000000e+00  2.716330e+00
   endloop
 endfacet
 facet normal -1.981461e-01 -2.918098e-05  9.801725e-01
   outer loop
     vertex  4.988906e-01  0.000000e+00  2.754759e+00
     vertex  5.117981e-01  1.000000e+01  2.757666e+00
     vertex  3.993908e-01  1.000000e+01  2.734942e+00
   endloop
 endfacet
 facet normal -1.925828e-01  2.837040e-05  9.812807e-01
   outer loop
     vertex  4.988906e-01  0.000000e+00  2.754759e+00
     vertex  3.993908e-01  1.000000e+01  2.734942e+00
     vertex  3.867167e-01  0.000000e+00  2.732744e+00
   endloop
 endfacet
 facet normal -2.467574e-01 -2.988294e-05  9.690773e-01
   outer loop
     vertex  6.098321e-01  0.000000e+00  2.782320e+00
     vertex  6.229331e-01  1.000000e+01  2.785964e+00
     vertex  5.117981e-01  1.000000e+01  2.757666e+00
   endloop
 endfacet
 facet normal -2.411011e-01  2.907530e-05  9.705000e-01
   outer loop
     vertex  6.098321e-01  0.000000e+00  2.782320e+00
     vertex  5.117981e-01  1.000000e+01  2.757666e+00
     vertex  4.988906e-01  0.000000e+00  2.754759e+00
   endloop
 endfacet
 facet normal -2.947552e-01 -3.057903e-05  9.555728e-01
   outer loop
     vertex  7.192672e-01  0.000000e+00  2.815359e+00
     vertex  7.325193e-01  1.000000e+01  2.819767e+00
     vertex  6.229331e-01  1.000000e+01  2.785964e+00
   endloop
 endfacet
 facet normal -2.890239e-01  2.977432e-05  9.573219e-01
   outer loop
     vertex  7.192672e-01  0.000000e+00  2.815359e+00
     vertex  6.229331e-01  1.000000e+01  2.785964e+00
     vertex  6.098321e-01  0.000000e+00  2.782320e+00
   endloop
 endfacet
 facet normal -3.420201e-01 -3.126925e-05  9.396926e-01
   outer loop
     vertex  8.269255e-01  0.000000e+00  2.853795e+00
     vertex  8.402844e-01  1.000000e+01  2.858990e+00
     vertex  7.325193e-01  1.000000e+01  2.819767e+00
   endloop
 endfacet
 facet normal -3.362327e-01  3.046748e-05  9.417789e-01
   outer loop
     vertex  8.269255e-01  0.000000e+00  2.853795e+00
     vertex  7.325193e-01  1.000000e+01  2.819767e+00
     vertex  7.192672e-01  0.000000e+00  2.815359e+00
   endloop
 endfacet
 facet normal -3.884348e-01 -3.195359e-05  9.214762e-01
   outer loop
     vertex  9.325411e-01  0.000000e+00  2.897533e+00
     vertex  9.459603e-01  1.000000e+01  2.903537e+00
     vertex  8.402844e-01  1.000000e+01  2.858990e+00
   endloop
 endfacet
 facet normal -3.826109e-01  3.115476e-05  9.239096e-01
   outer loop
     vertex  9.325411e-01  0.000000e+00  2.897533e+00
     vertex  8.402844e-01  1.000000e+01  2.858990e+00
     vertex  8.269255e-01  0.000000e+00  2.853795e+00
   endloop
 endfacet
 facet normal -4.338837e-01 -3.263207e-05  9.009689e-01
   outer loop
     vertex  1.035853e+00  0.000000e+00  2.946464e+00
     vertex  1.049285e+00  1.000000e+01  2.953295e+00
     vertex  9.459603e-01  1.000000e+01  2.903537e+00
   endloop
 endfacet
 facet normal -4.280440e-01  3.183617e-05  9.037579e-01
   outer loop
     vertex  1.035853e+00  0.000000e+00  2.946464e+00
     vertex  9.459603e-01  1.000000e+01  2.903537e+00
     vertex  9.325411e-01  0.000000e+00  2.897533e+00
   endloop
 endfacet
 facet normal -4.782540e-01 -3.330467e-05  8.782216e-01
   outer loop
     vertex  1.136606e+00  0.000000e+00  3.000468e+00
     vertex  1.150000e+00  1.000000e+01  3.008142e+00
     vertex  1.049285e+00  1.000000e+01  2.953295e+00
   endloop
 endfacet
 facet normal -4.724196e-01  3.251170e-05  8.813737e-01
   outer loop
     vertex  1.136606e+00  0.000000e+00  3.000468e+00
     vertex  1.049285e+00  1.000000e+01  2.953295e+00
     vertex  1.035853e+00  0.000000e+00  2.946464e+00
   endloop
 endfacet
 facet normal -5.214352e-01 -3.397140e-05  8.532909e-01
   outer loop
     vertex  1.234552e+00  0.000000e+00  3.059412e+00
     vertex  1.247856e+00  1.000000e+01  3.067940e+00
     vertex  1.150000e+00  1.000000e+01  3.008142e+00
   endloop
 endfacet
 facet normal -5.156283e-01  3.318137e-05  8.568124e-01
   outer loop
     vertex  1.234552e+00  0.000000e+00  3.059412e+00
     vertex  1.150000e+00  1.000000e+01  3.008142e+00
     vertex  1.136606e+00  0.000000e+00  3.000468e+00
   endloop
 endfacet
 facet normal -5.633201e-01 -3.463225e-05  8.262388e-01
   outer loop
     vertex  1.329447e+00  0.000000e+00  3.123149e+00
     vertex  1.342610e+00  1.000000e+01  3.132543e+00
     vertex  1.247856e+00  1.000000e+01  3.067940e+00
   endloop
 endfacet
 facet normal -5.575633e-01  3.384516e-05  8.301344e-01
   outer loop
     vertex  1.329447e+00  0.000000e+00  3.123149e+00
     vertex  1.247856e+00  1.000000e+01  3.067940e+00
     vertex  1.234552e+00  0.000000e+00  3.059412e+00
   endloop
 endfacet
 facet normal -6.038044e-01 -3.528724e-05  7.971325e-01
   outer loop
     vertex  1.421059e+00  0.000000e+00  3.191523e+00
     vertex  1.434027e+00  1.000000e+01  3.201788e+00
     vertex  1.342610e+00  1.000000e+01  3.132543e+00
   endloop
 endfacet
 facet normal -5.981209e-01  3.450308e-05  8.014059e-01
   outer loop
     vertex  1.421059e+00  0.000000e+00  3.191523e+00
     vertex  1.342610e+00  1.000000e+01  3.132543e+00
     vertex  1.329447e+00  0.000000e+00  3.123149e+00
   endloop
 endfacet
 facet normal -6.427876e-01 -3.593635e-05  7.660444e-01
   outer loop
     vertex  1.509161e+00  0.000000e+00  3.264363e+00
     vertex  1.521877e+00  1.000000e+01  3.275503e+00
     vertex  1.434027e+00  1.000000e+01  3.201788e+00
   endloop
 endfacet
 facet normal -6.372011e-01  3.515513e-05  7.706976e-01
   outer loop
     vertex  1.509161e+00  0.000000e+00  3.264363e+00
     vertex  1.434027e+00  1.000000e+01  3.201788e+00
     vertex  1.421059e+00  0.000000e+00  3.191523e+00
   endloop
 endfacet
 facet normal -6.801727e-01 -3.657960e-05  7.330519e-01
   outer loop
     vertex  1.593534e+00  0.000000e+00  3.341492e+00
     vertex  1.605945e+00  1.000000e+01  3.353506e+00
     vertex  1.521877e+00  1.000000e+01  3.275503e+00
   endloop
 endfacet
 facet normal -6.747071e-01  3.580131e-05  7.380855e-01
   outer loop
     vertex  1.593534e+00  0.000000e+00  3.341492e+00
     vertex  1.521877e+00  1.000000e+01  3.275503e+00
     vertex  1.509161e+00  0.000000e+00  3.264363e+00
   endloop
 endfacet
 facet normal -7.105465e-01  3.644162e-05  7.036502e-01
   outer loop
     vertex  1.673971e+00  0.000000e+00  3.422717e+00
     vertex  1.605945e+00  1.000000e+01  3.353506e+00
     vertex  1.593534e+00  0.000000e+00  3.341492e+00
   endloop
 endfacet
 facet normal -7.158668e-01 -3.721697e-05  6.982368e-01
   outer loop
     vertex  1.673971e+00  0.000000e+00  3.422717e+00
     vertex  1.686019e+00  1.000000e+01  3.435603e+00
     vertex  1.605945e+00  1.000000e+01  3.353506e+00
   endloop
 endfacet
 facet normal -7.446307e-01  3.707605e-05  6.674767e-01
   outer loop
     vertex  1.750273e+00  0.000000e+00  3.507838e+00
     vertex  1.686019e+00  1.000000e+01  3.435603e+00
     vertex  1.673971e+00  0.000000e+00  3.422717e+00
   endloop
 endfacet
 facet normal -7.497812e-01 -3.784846e-05  6.616858e-01
   outer loop
     vertex  1.750273e+00  0.000000e+00  3.507838e+00
     vertex  1.761902e+00  1.000000e+01  3.521588e+00
     vertex  1.686019e+00  1.000000e+01  3.435603e+00
   endloop
 endfacet
 facet normal -7.768754e-01  3.770461e-05  6.296543e-01
   outer loop
     vertex  1.822251e+00  0.000000e+00  3.596646e+00
     vertex  1.761902e+00  1.000000e+01  3.521588e+00
     vertex  1.750273e+00  0.000000e+00  3.507838e+00
   endloop
 endfacet
 facet normal -7.818315e-01 -3.847409e-05  6.234898e-01
   outer loop
     vertex  1.822251e+00  0.000000e+00  3.596646e+00
     vertex  1.833405e+00  1.000000e+01  3.611250e+00
     vertex  1.761902e+00  1.000000e+01  3.521588e+00
   endloop
 endfacet
 facet normal -8.072011e-01  3.832730e-05  5.902766e-01
   outer loop
     vertex  1.889727e+00  0.000000e+00  3.688920e+00
     vertex  1.833405e+00  1.000000e+01  3.611250e+00
     vertex  1.822251e+00  0.000000e+00  3.596646e+00
   endloop
 endfacet
 facet normal -8.119380e-01 -3.909384e-05  5.837437e-01
   outer loop
     vertex  1.889727e+00  0.000000e+00  3.688920e+00
     vertex  1.900349e+00  1.000000e+01  3.704364e+00
     vertex  1.833405e+00  1.000000e+01  3.611250e+00
   endloop
 endfacet
 facet normal -8.355327e-01  3.894412e-05  5.494407e-01
   outer loop
     vertex  1.952536e+00  0.000000e+00  3.784433e+00
     vertex  1.900349e+00  1.000000e+01  3.704364e+00
     vertex  1.889727e+00  0.000000e+00  3.688920e+00
   endloop
 endfacet
 facet normal -8.400259e-01 -3.970773e-05  5.425463e-01
   outer loop
     vertex  1.952536e+00  0.000000e+00  3.784433e+00
     vertex  1.962569e+00  1.000000e+01  3.800699e+00
     vertex  1.900349e+00  1.000000e+01  3.704364e+00
   endloop
 endfacet
 facet normal -8.618004e-01  3.955507e-05  5.072475e-01
   outer loop
     vertex  2.010521e+00  0.000000e+00  3.882949e+00
     vertex  1.962569e+00  1.000000e+01  3.800699e+00
     vertex  1.952536e+00  0.000000e+00  3.784433e+00
   endloop
 endfacet
 facet normal -8.660254e-01 -4.031574e-05  5.000000e-01
   outer loop
     vertex  2.010521e+00  0.000000e+00  3.882949e+00
     vertex  2.019910e+00  1.000000e+01  3.900016e+00
     vertex  1.962569e+00  1.000000e+01  3.800699e+00
   endloop
 endfacet
 facet normal -8.859392e-01  4.016014e-05  4.638014e-01
   outer loop
     vertex  2.063540e+00  0.000000e+00  3.984224e+00
     vertex  2.019910e+00  1.000000e+01  3.900016e+00
     vertex  2.010521e+00  0.000000e+00  3.882949e+00
   endloop
 endfacet
 facet normal -8.898718e-01 -4.091787e-05  4.562107e-01
   outer loop
     vertex  2.063540e+00  0.000000e+00  3.984224e+00
     vertex  2.072228e+00  1.000000e+01  4.002067e+00
     vertex  2.019910e+00  1.000000e+01  3.900016e+00
   endloop
 endfacet
 facet normal -9.078895e-01  4.075934e-05  4.192095e-01
   outer loop
     vertex  2.111462e+00  0.000000e+00  4.088008e+00
     vertex  2.072228e+00  1.000000e+01  4.002067e+00
     vertex  2.063540e+00  0.000000e+00  3.984224e+00
   endloop
 endfacet
 facet normal -9.115059e-01 -4.151414e-05  4.112871e-01
   outer loop
     vertex  2.111462e+00  0.000000e+00  4.088008e+00
     vertex  2.119395e+00  1.000000e+01  4.106600e+00
     vertex  2.072228e+00  1.000000e+01  4.002067e+00
   endloop
 endfacet
 facet normal -9.275971e-01  4.135267e-05  3.735820e-01
   outer loop
     vertex  2.154167e+00  0.000000e+00  4.194045e+00
     vertex  2.119395e+00  1.000000e+01  4.106600e+00
     vertex  2.111462e+00  0.000000e+00  4.088008e+00
   endloop
 endfacet
 facet normal -9.308737e-01 -4.210453e-05  3.653410e-01
   outer loop
     vertex  2.154167e+00  0.000000e+00  4.194045e+00
     vertex  2.161293e+00  1.000000e+01  4.213354e+00
     vertex  2.119395e+00  1.000000e+01  4.106600e+00
   endloop
 endfacet
 facet normal -9.450133e-01  4.194013e-05  3.270318e-01
   outer loop
     vertex  2.191552e+00  0.000000e+00  4.302073e+00
     vertex  2.161293e+00  1.000000e+01  4.213354e+00
     vertex  2.154167e+00  0.000000e+00  4.194045e+00
   endloop
 endfacet
 facet normal -9.479273e-01 -4.268906e-05  3.184866e-01
   outer loop
     vertex  2.191552e+00  0.000000e+00  4.302073e+00
     vertex  2.197817e+00  1.000000e+01  4.322063e+00
     vertex  2.161293e+00  1.000000e+01  4.213354e+00
   endloop
 endfacet
 facet normal -9.749279e-01 -1.096012e-04  2.225209e-01
   outer loop
     vertex  2.250000e+00  6.000000e+00  4.523030e+00
     vertex  2.254397e+00  1.000000e+01  4.544264e+00
     vertex  2.228878e+00  1.000000e+01  4.432458e+00
   endloop
 endfacet
 facet normal -9.600951e-01  4.252172e-05  2.796736e-01
   outer loop
     vertex  2.223522e+00  0.000000e+00  4.411825e+00
     vertex  2.197817e+00  1.000000e+01  4.322063e+00
     vertex  2.191552e+00  0.000000e+00  4.302073e+00
   endloop
 endfacet
 facet normal -9.626242e-01 -4.326770e-05  2.708405e-01
   outer loop
     vertex  2.223522e+00  0.000000e+00  4.411825e+00
     vertex  2.228878e+00  1.000000e+01  4.432458e+00
     vertex  2.197817e+00  1.000000e+01  4.322063e+00
   endloop
 endfacet
 facet normal -9.733920e-01  4.852537e-05  2.291462e-01
   outer loop
     vertex  2.223522e+00  0.000000e+00  4.411825e+00
     vertex  2.250000e+00  6.000000e+00  4.523030e+00
     vertex  2.228878e+00  1.000000e+01  4.432458e+00
   endloop
 endfacet
 facet normal -9.848077e-01 -1.629015e-04  1.736482e-01
   outer loop
     vertex  2.267958e+00  6.000000e+00  4.617422e+00
     vertex  2.274311e+00  1.000000e+01  4.657203e+00
     vertex  2.254397e+00  1.000000e+01  4.544264e+00
   endloop
 endfacet
 facet normal -9.823791e-01  8.768312e-05  1.868990e-01
   outer loop
     vertex  2.267958e+00  6.000000e+00  4.617422e+00
     vertex  2.254397e+00  1.000000e+01  4.544264e+00
     vertex  2.250000e+00  6.000000e+00  4.523030e+00
   endloop
 endfacet
 facet normal -9.728052e-01  0.000000e+00  2.316246e-01
   outer loop
     vertex  2.250000e+00  0.000000e+00  4.523030e+00
     vertex  2.250000e+00  6.000000e+00  4.523030e+00
     vertex  2.223522e+00  0.000000e+00  4.411825e+00
   endloop
 endfacet
 facet normal -9.922392e-01 -1.785913e-04  1.243437e-01
   outer loop
     vertex  2.281958e+00  6.000000e+00  4.712480e+00
     vertex  2.288571e+00  1.000000e+01  4.770994e+00
     vertex  2.274311e+00  1.000000e+01  4.657203e+00
   endloop
 endfacet
 facet normal -9.893280e-01  1.221784e-04  1.457053e-01
   outer loop
     vertex  2.281958e+00  6.000000e+00  4.712480e+00
     vertex  2.274311e+00  1.000000e+01  4.657203e+00
     vertex  2.267958e+00  6.000000e+00  4.617422e+00
   endloop
 endfacet
 facet normal -9.972038e-01 -1.566696e-04  7.473009e-02
   outer loop
     vertex  2.291976e+00  6.000000e+00  4.808041e+00
     vertex  2.297141e+00  1.000000e+01  4.885354e+00
     vertex  2.288571e+00  1.000000e+01  4.770994e+00
   endloop
 endfacet
 facet normal -9.945504e-01  1.190625e-04  1.042572e-01
   outer loop
     vertex  2.291976e+00  6.000000e+00  4.808041e+00
     vertex  2.288571e+00  1.000000e+01  4.770994e+00
     vertex  2.281958e+00  6.000000e+00  4.712480e+00
   endloop
 endfacet
 facet normal -9.980370e-01  7.833544e-05  6.262719e-02
   outer loop
     vertex  2.297993e+00  6.000000e+00  4.903937e+00
     vertex  2.297141e+00  1.000000e+01  4.885354e+00
     vertex  2.291976e+00  6.000000e+00  4.808041e+00
   endloop
 endfacet
 facet normal -9.996892e-01 -9.713788e-05  2.493069e-02
   outer loop
     vertex  2.300000e+00  1.000000e+01  5.000000e+00
     vertex  2.297141e+00  1.000000e+01  4.885354e+00
     vertex  2.297993e+00  6.000000e+00  4.903937e+00
   endloop
 endfacet
 facet normal -9.997818e-01  0.000000e+00  2.088788e-02
   outer loop
     vertex  2.300000e+00  6.000000e+00  5.000000e+00
     vertex  2.300000e+00  1.000000e+01  5.000000e+00
     vertex  2.297993e+00  6.000000e+00  4.903937e+00
   endloop
 endfacet
 facet normal  0.000000e+00  1.000000e+00 -0.000000e+00
   outer loop
     vertex -1.686019e+00  1.000000e+01  6.564397e+00
     vertex -3.491184e+00  1.000000e+01  8.579334e+00
     vertex -1.605945e+00  1.000000e+01  6.646494e+00
   endloop
 endfacet
 facet normal  0.000000e+00  1.000000e+00  0.000000e+00
   outer loop
     vertex -1.686019e+00  1.000000e+01  6.564397e+00
     vertex -3.665259e+00  1.000000e+01  8.400864e+00
     vertex -3.491184e+00  1.000000e+01  8.579334e+00
   endloop
 endfacet
 facet normal  0.000000e+00  1.000000e+00  0.000000e+00
   outer loop
     vertex -1.521877e+00  1.000000e+01  6.724497e+00
     vertex -1.605945e+00  1.000000e+01  6.646494e+00
     vertex -3.491184e+00  1.000000e+01  8.579334e+00
   endloop
 endfacet
 facet normal  0.000000e+00  1.000000e+00  0.000000e+00
   outer loop
     vertex -1.521877e+00  1.000000e+01  6.724497e+00
     vertex -3.491184e+00  1.000000e+01  8.579334e+00
     vertex -3.308429e+00  1.000000e+01  8.748906e+00
   endloop
 endfacet
 facet normal  0.000000e+00  1.000000e+00 -0.000000e+00
   outer loop
     vertex -1.761902e+00  1.000000e+01  6.478412e+00
     vertex -3.665259e+00  1.000000e+01  8.400864e+00
     vertex -1.686019e+00  1.000000e+01  6.564397e+00
   endloop
 endfacet
 facet normal  0.000000e+00  1.000000e+00  0.000000e+00
   outer loop
     vertex -1.761902e+00  1.000000e+01  6.478412e+00
     vertex -3.830222e+00  1.000000e+01  8.213938e+00
     vertex -3.665259e+00  1.000000e+01  8.400864e+00
   endloop
 endfacet
 facet normal  0.000000e+00  1.000000e+00  0.000000e+00
   outer loop
     vertex -1.434027e+00  1.000000e+01  6.798212e+00
     vertex -3.308429e+00  1.000000e+01  8.748906e+00
     vertex -3.117449e+00  1.000000e+01  8.909157e+00
   endloop
 endfacet
 facet normal  0.000000e+00  1.000000e+00  0.000000e+00
   outer loop
     vertex -1.434027e+00  1.000000e+01  6.798212e+00
     vertex -1.521877e+00  1.000000e+01  6.724497e+00
     vertex -3.308429e+00  1.000000e+01  8.748906e+00
   endloop
 endfacet
 facet normal  0.000000e+00  1.000000e+00 -0.000000e+00
   outer loop
     vertex -1.833405e+00  1.000000e+01  6.388750e+00
     vertex -3.830222e+00  1.000000e+01  8.213938e+00
     vertex -1.761902e+00  1.000000e+01  6.478412e+00
   endloop
 endfacet
 facet normal  0.000000e+00  1.000000e+00  0.000000e+00
   outer loop
     vertex -1.833405e+00  1.000000e+01  6.388750e+00
     vertex -3.985663e+00  1.000000e+01  8.019022e+00
     vertex -3.830222e+00  1.000000e+01  8.213938e+00
   endloop
 endfacet
 facet normal  0.000000e+00  1.000000e+00  0.000000e+00
   outer loop
     vertex -1.342610e+00  1.000000e+01  6.867457e+00
     vertex -3.117449e+00  1.000000e+01  8.909157e+00
     vertex -2.918718e+00  1.000000e+01  9.059690e+00
   endloop
 endfacet
 facet normal  0.000000e+00  1.000000e+00  0.000000e+00
   outer loop
     vertex -1.342610e+00  1.000000e+01  6.867457e+00
     vertex -1.434027e+00  1.000000e+01  6.798212e+00
     vertex -3.117449e+00  1.000000e+01  8.909157e+00
   endloop
 endfacet
 facet normal  0.000000e+00  1.000000e+00  0.000000e+00
   outer loop
     vertex -1.900349e+00  1.000000e+01  6.295636e+00
     vertex -4.131194e+00  1.000000e+01  7.816600e+00
     vertex -3.985663e+00  1.000000e+01  8.019022e+00
   endloop
 endfacet
 facet normal  0.000000e+00  1.000000e+00 -0.000000e+00
   outer loop
     vertex -1.900349e+00  1.000000e+01  6.295636e+00
     vertex -3.985663e+00  1.000000e+01  8.019022e+00
     vertex -1.833405e+00  1.000000e+01  6.388750e+00
   endloop
 endfacet
 facet normal  0.000000e+00  1.000000e+00  0.000000e+00
   outer loop
     vertex -1.247856e+00  1.000000e+01  6.932060e+00
     vertex -2.918718e+00  1.000000e+01  9.059690e+00
     vertex -2.712731e+00  1.000000e+01  9.200130e+00
   endloop
 endfacet
 facet normal  0.000000e+00  1.000000e+00  0.000000e+00
   outer loop
     vertex -1.247856e+00  1.000000e+01  6.932060e+00
     vertex -1.342610e+00  1.000000e+01  6.867457e+00
     vertex -2.918718e+00  1.000000e+01  9.059690e+00
   endloop
 endfacet
 facet normal  0.000000e+00  1.000000e+00  0.000000e+00
   outer loop
     vertex -1.962569e+00  1.000000e+01  6.199301e+00
     vertex -4.266454e+00  1.000000e+01  7.607176e+00
     vertex -4.131194e+00  1.000000e+01  7.816600e+00
   endloop
 endfacet
 facet normal  0.000000e+00  1.000000e+00 -0.000000e+00
   outer loop
     vertex -1.962569e+00  1.000000e+01  6.199301e+00
     vertex -4.131194e+00  1.000000e+01  7.816600e+00
     vertex -1.900349e+00  1.000000e+01  6.295636e+00
   endloop
 endfacet
 facet normal  0.000000e+00  1.000000e+00  0.000000e+00
   outer loop
     vertex -1.150000e+00  1.000000e+01  6.991858e+00
     vertex -1.247856e+00  1.000000e+01  6.932060e+00
     vertex -2.712731e+00  1.000000e+01  9.200130e+00
   endloop
 endfacet
 facet normal  0.000000e+00  1.000000e+00  0.000000e+00
   outer loop
     vertex -1.150000e+00  1.000000e+01  6.991858e+00
     vertex -2.500000e+00  1.000000e+01  9.330127e+00
     vertex -2.281053e+00  1.000000e+01  9.449359e+00
   endloop
 endfacet
 facet normal  0.000000e+00  1.000000e+00  0.000000e+00
   outer loop
     vertex -1.150000e+00  1.000000e+01  6.991858e+00
     vertex -2.712731e+00  1.000000e+01  9.200130e+00
     vertex -2.500000e+00  1.000000e+01  9.330127e+00
   endloop
 endfacet
 facet normal  0.000000e+00  1.000000e+00 -0.000000e+00
   outer loop
     vertex -2.019910e+00  1.000000e+01  6.099984e+00
     vertex -4.266454e+00  1.000000e+01  7.607176e+00
     vertex -1.962569e+00  1.000000e+01  6.199301e+00
   endloop
 endfacet
 facet normal  0.000000e+00  1.000000e+00  0.000000e+00
   outer loop
     vertex -2.019910e+00  1.000000e+01  6.099984e+00
     vertex -4.391108e+00  1.000000e+01  7.391270e+00
     vertex -4.266454e+00  1.000000e+01  7.607176e+00
   endloop
 endfacet
 facet normal  0.000000e+00  1.000000e+00  0.000000e+00
   outer loop
     vertex -1.049285e+00  1.000000e+01  7.046705e+00
     vertex -1.150000e+00  1.000000e+01  6.991858e+00
     vertex -2.281053e+00  1.000000e+01  9.449359e+00
   endloop
 endfacet
 facet normal  0.000000e+00  1.000000e+00  0.000000e+00
   outer loop
     vertex -2.072228e+00  1.000000e+01  5.997933e+00
     vertex -4.504844e+00  1.000000e+01  7.169419e+00
     vertex -4.391108e+00  1.000000e+01  7.391270e+00
   endloop
 endfacet
 facet normal  0.000000e+00  1.000000e+00 -0.000000e+00
   outer loop
     vertex -2.072228e+00  1.000000e+01  5.997933e+00
     vertex -4.391108e+00  1.000000e+01  7.391270e+00
     vertex -2.019910e+00  1.000000e+01  6.099984e+00
   endloop
 endfacet
 facet normal  0.000000e+00  1.000000e+00  0.000000e+00
   outer loop
     vertex -9.459603e-01  1.000000e+01  7.096463e+00
     vertex -1.049285e+00  1.000000e+01  7.046705e+00
     vertex -2.281053e+00  1.000000e+01  9.449359e+00
   endloop
 endfacet
 facet normal  0.000000e+00  1.000000e+00  0.000000e+00
   outer loop
     vertex -9.459603e-01  1.000000e+01  7.096463e+00
     vertex -2.281053e+00  1.000000e+01  9.449359e+00
     vertex -2.056436e+00  1.000000e+01  9.557529e+00
   endloop
 endfacet
 facet normal  0.000000e+00  1.000000e+00 -0.000000e+00
   outer loop
     vertex -2.119395e+00  1.000000e+01  5.893400e+00
     vertex -4.504844e+00  1.000000e+01  7.169419e+00
     vertex -2.072228e+00  1.000000e+01  5.997933e+00
   endloop
 endfacet
 facet normal  0.000000e+00  1.000000e+00  0.000000e+00
   outer loop
     vertex -2.119395e+00  1.000000e+01  5.893400e+00
     vertex -4.607381e+00  1.000000e+01  6.942174e+00
     vertex -4.504844e+00  1.000000e+01  7.169419e+00
   endloop
 endfacet
 facet normal  0.000000e+00  1.000000e+00  0.000000e+00
   outer loop
     vertex -8.402844e-01  1.000000e+01  7.141010e+00
     vertex -2.056436e+00  1.000000e+01  9.557529e+00
     vertex -1.826705e+00  1.000000e+01  9.654369e+00
   endloop
 endfacet
 facet normal  0.000000e+00  1.000000e+00  0.000000e+00
   outer loop
     vertex -8.402844e-01  1.000000e+01  7.141010e+00
     vertex -9.459603e-01  1.000000e+01  7.096463e+00
     vertex -2.056436e+00  1.000000e+01  9.557529e+00
   endloop
 endfacet
 facet normal  0.000000e+00  1.000000e+00 -0.000000e+00
   outer loop
     vertex -2.161293e+00  1.000000e+01  5.786646e+00
     vertex -4.607381e+00  1.000000e+01  6.942174e+00
     vertex -2.119395e+00  1.000000e+01  5.893400e+00
   endloop
 endfacet
 facet normal  0.000000e+00  1.000000e+00  0.000000e+00
   outer loop
     vertex -2.161293e+00  1.000000e+01  5.786646e+00
     vertex -4.698463e+00  1.000000e+01  6.710101e+00
     vertex -4.607381e+00  1.000000e+01  6.942174e+00
   endloop
 endfacet
 facet normal  0.000000e+00  1.000000e+00  0.000000e+00
   outer loop
     vertex -7.325193e-01  1.000000e+01  7.180233e+00
     vertex -1.826705e+00  1.000000e+01  9.654369e+00
     vertex -1.592433e+00  1.000000e+01  9.739637e+00
   endloop
 endfacet
 facet normal  0.000000e+00  1.000000e+00  0.000000e+00
   outer loop
     vertex -7.325193e-01  1.000000e+01  7.180233e+00
     vertex -8.402844e-01  1.000000e+01  7.141010e+00
     vertex -1.826705e+00  1.000000e+01  9.654369e+00
   endloop
 endfacet
 facet normal  0.000000e+00  1.000000e+00  0.000000e+00
   outer loop
     vertex -2.197817e+00  1.000000e+01  5.677937e+00
     vertex -4.777864e+00  1.000000e+01  6.473776e+00
     vertex -4.698463e+00  1.000000e+01  6.710101e+00
   endloop
 endfacet
 facet normal  0.000000e+00  1.000000e+00 -0.000000e+00
   outer loop
     vertex -2.197817e+00  1.000000e+01  5.677937e+00
     vertex -4.698463e+00  1.000000e+01  6.710101e+00
     vertex -2.161293e+00  1.000000e+01  5.786646e+00
   endloop
 endfacet
 facet normal  0.000000e+00  1.000000e+00  0.000000e+00
   outer loop
     vertex -6.229331e-01  1.000000e+01  7.214036e+00
     vertex -7.325193e-01  1.000000e+01  7.180233e+00
     vertex -1.592433e+00  1.000000e+01  9.739637e+00
   endloop
 endfacet
 facet normal  0.000000e+00  1.000000e+00  0.000000e+00
   outer loop
     vertex -6.229331e-01  1.000000e+01  7.214036e+00
     vertex -1.592433e+00  1.000000e+01  9.739637e+00
     vertex -1.354202e+00  1.000000e+01  9.813121e+00
   endloop
 endfacet
 facet normal  0.000000e+00  1.000000e+00  0.000000e+00
   outer loop
     vertex -2.228878e+00  1.000000e+01  5.567542e+00
     vertex -4.845386e+00  1.000000e+01  6.233787e+00
     vertex -4.777864e+00  1.000000e+01  6.473776e+00
   endloop
 endfacet
 facet normal  0.000000e+00  1.000000e+00 -0.000000e+00
   outer loop
     vertex -2.228878e+00  1.000000e+01  5.567542e+00
     vertex -4.777864e+00  1.000000e+01  6.473776e+00
     vertex -2.197817e+00  1.000000e+01  5.677937e+00
   endloop
 endfacet
 facet normal  0.000000e+00  1.000000e+00  0.000000e+00
   outer loop
     vertex -5.117981e-01  1.000000e+01  7.242334e+00
     vertex -6.229331e-01  1.000000e+01  7.214036e+00
     vertex -1.354202e+00  1.000000e+01  9.813121e+00
   endloop
 endfacet
 facet normal  0.000000e+00  1.000000e+00  0.000000e+00
   outer loop
     vertex -5.117981e-01  1.000000e+01  7.242334e+00
     vertex -1.354202e+00  1.000000e+01  9.813121e+00
     vertex -1.112605e+00  1.000000e+01  9.874640e+00
   endloop
 endfacet
 facet normal  0.000000e+00  1.000000e+00 -0.000000e+00
   outer loop
     vertex -2.254397e+00  1.000000e+01  5.455736e+00
     vertex -4.845386e+00  1.000000e+01  6.233787e+00
     vertex -2.228878e+00  1.000000e+01  5.567542e+00
   endloop
 endfacet
 facet normal  0.000000e+00  1.000000e+00  0.000000e+00
   outer loop
     vertex -2.254397e+00  1.000000e+01  5.455736e+00
     vertex -4.900862e+00  1.000000e+01  5.990731e+00
     vertex -4.845386e+00  1.000000e+01  6.233787e+00
   endloop
 endfacet
 facet normal  0.000000e+00  1.000000e+00  0.000000e+00
   outer loop
     vertex -3.993908e-01  1.000000e+01  7.265058e+00
     vertex -5.117981e-01  1.000000e+01  7.242334e+00
     vertex -1.112605e+00  1.000000e+01  9.874640e+00
   endloop
 endfacet
 facet normal  0.000000e+00  1.000000e+00  0.000000e+00
   outer loop
     vertex -3.993908e-01  1.000000e+01  7.265058e+00
     vertex -1.112605e+00  1.000000e+01  9.874640e+00
     vertex -8.682409e-01  1.000000e+01  9.924039e+00
   endloop
 endfacet
 facet normal  0.000000e+00  1.000000e+00  0.000000e+00
   outer loop
     vertex -2.274311e+00  1.000000e+01  5.342797e+00
     vertex -4.944154e+00  1.000000e+01  5.745211e+00
     vertex -4.900862e+00  1.000000e+01  5.990731e+00
   endloop
 endfacet
 facet normal  0.000000e+00  1.000000e+00 -0.000000e+00
   outer loop
     vertex -2.274311e+00  1.000000e+01  5.342797e+00
     vertex -4.900862e+00  1.000000e+01  5.990731e+00
     vertex -2.254397e+00  1.000000e+01  5.455736e+00
   endloop
 endfacet
 facet normal  0.000000e+00  1.000000e+00  0.000000e+00
   outer loop
     vertex -2.859905e-01  1.000000e+01  7.282150e+00
     vertex -8.682409e-01  1.000000e+01  9.924039e+00
     vertex -6.217185e-01  1.000000e+01  9.961196e+00
   endloop
 endfacet
 facet normal  0.000000e+00  1.000000e+00  0.000000e+00
   outer loop
     vertex -2.859905e-01  1.000000e+01  7.282150e+00
     vertex -3.993908e-01  1.000000e+01  7.265058e+00
     vertex -8.682409e-01  1.000000e+01  9.924039e+00
   endloop
 endfacet
 facet normal  0.000000e+00  1.000000e+00  0.000000e+00
   outer loop
     vertex -2.288571e+00  1.000000e+01  5.229006e+00
     vertex -4.975154e+00  1.000000e+01  5.497839e+00
     vertex -4.944154e+00  1.000000e+01  5.745211e+00
   endloop
 endfacet
 facet normal  0.000000e+00  1.000000e+00  0.000000e+00
   outer loop
     vertex -2.288571e+00  1.000000e+01  5.229006e+00
     vertex -4.993785e+00  1.000000e+01  5.249229e+00
     vertex -4.975154e+00  1.000000e+01  5.497839e+00
   endloop
 endfacet
 facet normal  0.000000e+00  1.000000e+00 -0.000000e+00
   outer loop
     vertex -2.288571e+00  1.000000e+01  5.229006e+00
     vertex -4.944154e+00  1.000000e+01  5.745211e+00
     vertex -2.274311e+00  1.000000e+01  5.342797e+00
   endloop
 endfacet
 facet normal  0.000000e+00  1.000000e+00  0.000000e+00
   outer loop
     vertex -1.718792e-01  1.000000e+01  7.293569e+00
     vertex -6.217185e-01  1.000000e+01  9.961196e+00
     vertex -3.736505e-01  1.000000e+01  9.986019e+00
   endloop
 endfacet
 facet normal  0.000000e+00  1.000000e+00  0.000000e+00
   outer loop
     vertex -1.718792e-01  1.000000e+01  7.293569e+00
     vertex -2.859905e-01  1.000000e+01  7.282150e+00
     vertex -6.217185e-01  1.000000e+01  9.961196e+00
   endloop
 endfacet
 facet normal  0.000000e+00  1.000000e+00 -0.000000e+00
   outer loop
     vertex -2.297141e+00  1.000000e+01  5.114646e+00
     vertex -4.993785e+00  1.000000e+01  5.249229e+00
     vertex -2.288571e+00  1.000000e+01  5.229006e+00
   endloop
 endfacet
 facet normal  0.000000e+00  1.000000e+00  0.000000e+00
   outer loop
     vertex -5.734059e-02  1.000000e+01  7.299285e+00
     vertex -3.736505e-01  1.000000e+01  9.986019e+00
     vertex -1.246535e-01  1.000000e+01  9.998446e+00
   endloop
 endfacet
 facet normal  0.000000e+00  1.000000e+00  0.000000e+00
   outer loop
     vertex -5.734059e-02  1.000000e+01  7.299285e+00
     vertex -1.718792e-01  1.000000e+01  7.293569e+00
     vertex -3.736505e-01  1.000000e+01  9.986019e+00
   endloop
 endfacet
 facet normal  0.000000e+00  1.000000e+00  0.000000e+00
   outer loop
     vertex -2.300000e+00  1.000000e+01  5.000000e+00
     vertex -5.000000e+00  1.000000e+01  5.000000e+00
     vertex -4.993785e+00  1.000000e+01  5.249229e+00
   endloop
 endfacet
 facet normal  0.000000e+00  1.000000e+00 -0.000000e+00
   outer loop
     vertex -2.300000e+00  1.000000e+01  5.000000e+00
     vertex -4.993785e+00  1.000000e+01  5.249229e+00
     vertex -2.297141e+00  1.000000e+01  5.114646e+00
   endloop
 endfacet
 facet normal  0.000000e+00  1.000000e+00 -0.000000e+00
   outer loop
     vertex  5.734059e-02  1.000000e+01  7.299285e+00
     vertex -1.246535e-01  1.000000e+01  9.998446e+00
     vertex  1.246535e-01  1.000000e+01  9.998446e+00
   endloop
 endfacet
 facet normal  0.000000e+00  1.000000e+00  0.000000e+00
   outer loop
     vertex  5.734059e-02  1.000000e+01  7.299285e+00
     vertex -5.734059e-02  1.000000e+01  7.299285e+00
     vertex -1.246535e-01  1.000000e+01  9.998446e+00
   endloop
 endfacet
 facet normal  0.000000e+00  1.000000e+00  0.000000e+00
   outer loop
     vertex -2.297141e+00  1.000000e+01  4.885354e+00
     vertex -5.000000e+00  1.000000e+01  5.000000e+00
     vertex -2.300000e+00  1.000000e+01  5.000000e+00
   endloop
 endfacet
 facet normal  0.000000e+00  1.000000e+00  0.000000e+00
   outer loop
     vertex -2.297141e+00  1.000000e+01  4.885354e+00
     vertex -4.993785e+00  1.000000e+01  4.750771e+00
     vertex -5.000000e+00  1.000000e+01  5.000000e+00
   endloop
 endfacet
 facet normal  0.000000e+00  1.000000e+00  0.000000e+00
   outer loop
     vertex -2.297141e+00  1.000000e+01  4.885354e+00
     vertex -4.975154e+00  1.000000e+01  4.502161e+00
     vertex -4.993785e+00  1.000000e+01  4.750771e+00
   endloop
 endfacet
 facet normal  0.000000e+00  1.000000e+00 -0.000000e+00
   outer loop
     vertex  1.718792e-01  1.000000e+01  7.293569e+00
     vertex  1.246535e-01  1.000000e+01  9.998446e+00
     vertex  3.736505e-01  1.000000e+01  9.986019e+00
   endloop
 endfacet
 facet normal  0.000000e+00  1.000000e+00  0.000000e+00
   outer loop
     vertex  1.718792e-01  1.000000e+01  7.293569e+00
     vertex  5.734059e-02  1.000000e+01  7.299285e+00
     vertex  1.246535e-01  1.000000e+01  9.998446e+00
   endloop
 endfacet
 facet normal  0.000000e+00  1.000000e+00  0.000000e+00
   outer loop
     vertex -2.288571e+00  1.000000e+01  4.770994e+00
     vertex -4.975154e+00  1.000000e+01  4.502161e+00
     vertex -2.297141e+00  1.000000e+01  4.885354e+00
   endloop
 endfacet
 facet normal  0.000000e+00  1.000000e+00 -0.000000e+00
   outer loop
     vertex  2.859905e-01  1.000000e+01  7.282150e+00
     vertex  1.718792e-01  1.000000e+01  7.293569e+00
     vertex  3.736505e-01  1.000000e+01  9.986019e+00
   endloop
 endfacet
 facet normal  0.000000e+00  1.000000e+00  0.000000e+00
   outer loop
     vertex  2.859905e-01  1.000000e+01  7.282150e+00
     vertex  3.736505e-01  1.000000e+01  9.986019e+00
     vertex  6.217185e-01  1.000000e+01  9.961196e+00
   endloop
 endfacet
 facet normal  0.000000e+00  1.000000e+00  0.000000e+00
   outer loop
     vertex -2.274311e+00  1.000000e+01  4.657203e+00
     vertex -4.975154e+00  1.000000e+01  4.502161e+00
     vertex -2.288571e+00  1.000000e+01  4.770994e+00
   endloop
 endfacet
 facet normal  0.000000e+00  1.000000e+00  0.000000e+00
   outer loop
     vertex -2.274311e+00  1.000000e+01  4.657203e+00
     vertex -4.944154e+00  1.000000e+01  4.254789e+00
     vertex -4.975154e+00  1.000000e+01  4.502161e+00
   endloop
 endfacet
 facet normal  0.000000e+00  1.000000e+00 -0.000000e+00
   outer loop
     vertex  3.993908e-01  1.000000e+01  7.265058e+00
     vertex  2.859905e-01  1.000000e+01  7.282150e+00
     vertex  6.217185e-01  1.000000e+01  9.961196e+00
   endloop
 endfacet
 facet normal  0.000000e+00  1.000000e+00  0.000000e+00
   outer loop
     vertex  3.993908e-01  1.000000e+01  7.265058e+00
     vertex  6.217185e-01  1.000000e+01  9.961196e+00
     vertex  8.682409e-01  1.000000e+01  9.924039e+00
   endloop
 endfacet
 facet normal  0.000000e+00  1.000000e+00  0.000000e+00
   outer loop
     vertex -2.254397e+00  1.000000e+01  4.544264e+00
     vertex -4.900862e+00  1.000000e+01  4.009269e+00
     vertex -4.944154e+00  1.000000e+01  4.254789e+00
   endloop
 endfacet
 facet normal  0.000000e+00  1.000000e+00  0.000000e+00
   outer loop
     vertex -2.254397e+00  1.000000e+01  4.544264e+00
     vertex -4.944154e+00  1.000000e+01  4.254789e+00
     vertex -2.274311e+00  1.000000e+01  4.657203e+00
   endloop
 endfacet
 facet normal  0.000000e+00  1.000000e+00 -0.000000e+00
   outer loop
     vertex  5.117981e-01  1.000000e+01  7.242334e+00
     vertex  3.993908e-01  1.000000e+01  7.265058e+00
     vertex  8.682409e-01  1.000000e+01  9.924039e+00
   endloop
 endfacet
 facet normal  0.000000e+00  1.000000e+00  0.000000e+00
   outer loop
     vertex  5.117981e-01  1.000000e+01  7.242334e+00
     vertex  8.682409e-01  1.000000e+01  9.924039e+00
     vertex  1.112605e+00  1.000000e+01  9.874640e+00
   endloop
 endfacet
 facet normal  0.000000e+00  1.000000e+00  0.000000e+00
   outer loop
     vertex -2.228878e+00  1.000000e+01  4.432458e+00
     vertex -4.845386e+00  1.000000e+01  3.766213e+00
     vertex -4.900862e+00  1.000000e+01  4.009269e+00
   endloop
 endfacet
 facet normal  0.000000e+00  1.000000e+00  0.000000e+00
   outer loop
     vertex -2.228878e+00  1.000000e+01  4.432458e+00
     vertex -4.777864e+00  1.000000e+01  3.526224e+00
     vertex -4.845386e+00  1.000000e+01  3.766213e+00
   endloop
 endfacet
 facet normal  0.000000e+00  1.000000e+00  0.000000e+00
   outer loop
     vertex -2.228878e+00  1.000000e+01  4.432458e+00
     vertex -4.900862e+00  1.000000e+01  4.009269e+00
     vertex -2.254397e+00  1.000000e+01  4.544264e+00
   endloop
 endfacet
 facet normal  0.000000e+00  1.000000e+00 -0.000000e+00
   outer loop
     vertex  6.229331e-01  1.000000e+01  7.214036e+00
     vertex  5.117981e-01  1.000000e+01  7.242334e+00
     vertex  1.112605e+00  1.000000e+01  9.874640e+00
   endloop
 endfacet
 facet normal  0.000000e+00  1.000000e+00  0.000000e+00
   outer loop
     vertex  6.229331e-01  1.000000e+01  7.214036e+00
     vertex  1.112605e+00  1.000000e+01  9.874640e+00
     vertex  1.354202e+00  1.000000e+01  9.813121e+00
   endloop
 endfacet
 facet normal  0.000000e+00  1.000000e+00  0.000000e+00
   outer loop
     vertex -2.197817e+00  1.000000e+01  4.322063e+00
     vertex -4.777864e+00  1.000000e+01  3.526224e+00
     vertex -2.228878e+00  1.000000e+01  4.432458e+00
   endloop
 endfacet
 facet normal  0.000000e+00  1.000000e+00  0.000000e+00
   outer loop
     vertex  7.325193e-01  1.000000e+01  7.180233e+00
     vertex  1.354202e+00  1.000000e+01  9.813121e+00
     vertex  1.592433e+00  1.000000e+01  9.739637e+00
   endloop
 endfacet
 facet normal  0.000000e+00  1.000000e+00 -0.000000e+00
   outer loop
     vertex  7.325193e-01  1.000000e+01  7.180233e+00
     vertex  6.229331e-01  1.000000e+01  7.214036e+00
     vertex  1.354202e+00  1.000000e+01  9.813121e+00
   endloop
 endfacet
 facet normal  0.000000e+00  1.000000e+00  0.000000e+00
   outer loop
     vertex -2.161293e+00  1.000000e+01  4.213354e+00
     vertex -4.777864e+00  1.000000e+01  3.526224e+00
     vertex -2.197817e+00  1.000000e+01  4.322063e+00
   endloop
 endfacet
 facet normal  0.000000e+00  1.000000e+00  0.000000e+00
   outer loop
     vertex -2.161293e+00  1.000000e+01  4.213354e+00
     vertex -4.698463e+00  1.000000e+01  3.289899e+00
     vertex -4.777864e+00  1.000000e+01  3.526224e+00
   endloop
 endfacet
 facet normal  0.000000e+00  1.000000e+00 -0.000000e+00
   outer loop
     vertex  8.402844e-01  1.000000e+01  7.141010e+00
     vertex  7.325193e-01  1.000000e+01  7.180233e+00
     vertex  1.592433e+00  1.000000e+01  9.739637e+00
   endloop
 endfacet
 facet normal  0.000000e+00  1.000000e+00  0.000000e+00
   outer loop
     vertex  8.402844e-01  1.000000e+01  7.141010e+00
     vertex  1.592433e+00  1.000000e+01  9.739637e+00
     vertex  1.826705e+00  1.000000e+01  9.654369e+00
   endloop
 endfacet
 facet normal  0.000000e+00  1.000000e+00  0.000000e+00
   outer loop
     vertex -2.119395e+00  1.000000e+01  4.106600e+00
     vertex -4.607381e+00  1.000000e+01  3.057826e+00
     vertex -4.698463e+00  1.000000e+01  3.289899e+00
   endloop
 endfacet
 facet normal  0.000000e+00  1.000000e+00  0.000000e+00
   outer loop
     vertex -2.119395e+00  1.000000e+01  4.106600e+00
     vertex -4.698463e+00  1.000000e+01  3.289899e+00
     vertex -2.161293e+00  1.000000e+01  4.213354e+00
   endloop
 endfacet
 facet normal  0.000000e+00  1.000000e+00  0.000000e+00
   outer loop
     vertex  9.459603e-01  1.000000e+01  7.096463e+00
     vertex  1.826705e+00  1.000000e+01  9.654369e+00
     vertex  2.056436e+00  1.000000e+01  9.557529e+00
   endloop
 endfacet
 facet normal  0.000000e+00  1.000000e+00 -0.000000e+00
   outer loop
     vertex  9.459603e-01  1.000000e+01  7.096463e+00
     vertex  8.402844e-01  1.000000e+01  7.141010e+00
     vertex  1.826705e+00  1.000000e+01  9.654369e+00
   endloop
 endfacet
 facet normal  0.000000e+00  1.000000e+00  0.000000e+00
   outer loop
     vertex -2.072228e+00  1.000000e+01  4.002067e+00
     vertex -4.607381e+00  1.000000e+01  3.057826e+00
     vertex -2.119395e+00  1.000000e+01  4.106600e+00
   endloop
 endfacet
 facet normal  0.000000e+00  1.000000e+00  0.000000e+00
   outer loop
     vertex -2.072228e+00  1.000000e+01  4.002067e+00
     vertex -4.504844e+00  1.000000e+01  2.830581e+00
     vertex -4.607381e+00  1.000000e+01  3.057826e+00
   endloop
 endfacet
 facet normal  0.000000e+00  1.000000e+00  0.000000e+00
   outer loop
     vertex  1.049285e+00  1.000000e+01  7.046705e+00
     vertex  2.056436e+00  1.000000e+01  9.557529e+00
     vertex  2.281053e+00  1.000000e+01  9.449359e+00
   endloop
 endfacet
 facet normal  0.000000e+00  1.000000e+00 -0.000000e+00
   outer loop
     vertex  1.049285e+00  1.000000e+01  7.046705e+00
     vertex  9.459603e-01  1.000000e+01  7.096463e+00
     vertex  2.056436e+00  1.000000e+01  9.557529e+00
   endloop
 endfacet
 facet normal  0.000000e+00  1.000000e+00  0.000000e+00
   outer loop
     vertex -2.019910e+00  1.000000e+01  3.900016e+00
     vertex -4.504844e+00  1.000000e+01  2.830581e+00
     vertex -2.072228e+00  1.000000e+01  4.002067e+00
   endloop
 endfacet
 facet normal  0.000000e+00  1.000000e+00  0.000000e+00
   outer loop
     vertex -2.019910e+00  1.000000e+01  3.900016e+00
     vertex -4.391108e+00  1.000000e+01  2.608730e+00
     vertex -4.504844e+00  1.000000e+01  2.830581e+00
   endloop
 endfacet
 facet normal  0.000000e+00  1.000000e+00  0.000000e+00
   outer loop
     vertex  1.150000e+00  1.000000e+01  6.991858e+00
     vertex  2.281053e+00  1.000000e+01  9.449359e+00
     vertex  2.500000e+00  1.000000e+01  9.330127e+00
   endloop
 endfacet
 facet normal  0.000000e+00  1.000000e+00 -0.000000e+00
   outer loop
     vertex  1.150000e+00  1.000000e+01  6.991858e+00
     vertex  1.049285e+00  1.000000e+01  7.046705e+00
     vertex  2.281053e+00  1.000000e+01  9.449359e+00
   endloop
 endfacet
 facet normal  0.000000e+00  1.000000e+00  0.000000e+00
   outer loop
     vertex -1.962569e+00  1.000000e+01  3.800699e+00
     vertex -4.391108e+00  1.000000e+01  2.608730e+00
     vertex -2.019910e+00  1.000000e+01  3.900016e+00
   endloop
 endfacet
 facet normal  0.000000e+00  1.000000e+00  0.000000e+00
   outer loop
     vertex -1.962569e+00  1.000000e+01  3.800699e+00
     vertex -4.266454e+00  1.000000e+01  2.392824e+00
     vertex -4.391108e+00  1.000000e+01  2.608730e+00
   endloop
 endfacet
 facet normal  0.000000e+00  1.000000e+00  0.000000e+00
   outer loop
     vertex  1.247856e+00  1.000000e+01  6.932060e+00
     vertex  2.500000e+00  1.000000e+01  9.330127e+00
     vertex  2.712731e+00  1.000000e+01  9.200130e+00
   endloop
 endfacet
 facet normal  0.000000e+00  1.000000e+00 -0.000000e+00
   outer loop
     vertex  1.247856e+00  1.000000e+01  6.932060e+00
     vertex  1.150000e+00  1.000000e+01  6.991858e+00
     vertex  2.500000e+00  1.000000e+01  9.330127e+00
   endloop
 endfacet
 facet normal  0.000000e+00  1.000000e+00  0.000000e+00
   outer loop
     vertex -1.900349e+00  1.000000e+01  3.704364e+00
     vertex -4.131194e+00  1.000000e+01  2.183400e+00
     vertex -4.266454e+00  1.000000e+01  2.392824e+00
   endloop
 endfacet
 facet normal  0.000000e+00  1.000000e+00  0.000000e+00
   outer loop
     vertex -1.900349e+00  1.000000e+01  3.704364e+00
     vertex -4.266454e+00  1.000000e+01  2.392824e+00
     vertex -1.962569e+00  1.000000e+01  3.800699e+00
   endloop
 endfacet
 facet normal  0.000000e+00  1.000000e+00  0.000000e+00
   outer loop
     vertex  1.342610e+00  1.000000e+01  6.867457e+00
     vertex  2.712731e+00  1.000000e+01  9.200130e+00
     vertex  2.918718e+00  1.000000e+01  9.059690e+00
   endloop
 endfacet
 facet normal  0.000000e+00  1.000000e+00 -0.000000e+00
   outer loop
     vertex  1.342610e+00  1.000000e+01  6.867457e+00
     vertex  1.247856e+00  1.000000e+01  6.932060e+00
     vertex  2.712731e+00  1.000000e+01  9.200130e+00
   endloop
 endfacet
 facet normal  0.000000e+00  1.000000e+00  0.000000e+00
   outer loop
     vertex -1.833405e+00  1.000000e+01  3.611250e+00
     vertex -4.131194e+00  1.000000e+01  2.183400e+00
     vertex -1.900349e+00  1.000000e+01  3.704364e+00
   endloop
 endfacet
 facet normal  0.000000e+00  1.000000e+00  0.000000e+00
   outer loop
     vertex -1.833405e+00  1.000000e+01  3.611250e+00
     vertex -3.985663e+00  1.000000e+01  1.980978e+00
     vertex -4.131194e+00  1.000000e+01  2.183400e+00
   endloop
 endfacet
 facet normal  0.000000e+00  1.000000e+00  0.000000e+00
   outer loop
     vertex  1.434027e+00  1.000000e+01  6.798212e+00
     vertex  2.918718e+00  1.000000e+01  9.059690e+00
     vertex  3.117449e+00  1.000000e+01  8.909157e+00
   endloop
 endfacet
 facet normal  0.000000e+00  1.000000e+00 -0.000000e+00
   outer loop
     vertex  1.434027e+00  1.000000e+01  6.798212e+00
     vertex  1.342610e+00  1.000000e+01  6.867457e+00
     vertex  2.918718e+00  1.000000e+01  9.059690e+00
   endloop
 endfacet
 facet normal  0.000000e+00  1.000000e+00  0.000000e+00
   outer loop
     vertex -1.761902e+00  1.000000e+01  3.521588e+00
     vertex -3.830222e+00  1.000000e+01  1.786062e+00
     vertex -3.985663e+00  1.000000e+01  1.980978e+00
   endloop
 endfacet
 facet normal  0.000000e+00  1.000000e+00  0.000000e+00
   outer loop
     vertex -1.761902e+00  1.000000e+01  3.521588e+00
     vertex -3.985663e+00  1.000000e+01  1.980978e+00
     vertex -1.833405e+00  1.000000e+01  3.611250e+00
   endloop
 endfacet
 facet normal  0.000000e+00  1.000000e+00  0.000000e+00
   outer loop
     vertex  1.521877e+00  1.000000e+01  6.724497e+00
     vertex  3.117449e+00  1.000000e+01  8.909157e+00
     vertex  3.308429e+00  1.000000e+01  8.748906e+00
   endloop
 endfacet
 facet normal  0.000000e+00  1.000000e+00 -0.000000e+00
   outer loop
     vertex  1.521877e+00  1.000000e+01  6.724497e+00
     vertex  1.434027e+00  1.000000e+01  6.798212e+00
     vertex  3.117449e+00  1.000000e+01  8.909157e+00
   endloop
 endfacet
 facet normal  0.000000e+00  1.000000e+00  0.000000e+00
   outer loop
     vertex -1.686019e+00  1.000000e+01  3.435603e+00
     vertex -3.665259e+00  1.000000e+01  1.599136e+00
     vertex -3.830222e+00  1.000000e+01  1.786062e+00
   endloop
 endfacet
 facet normal  0.000000e+00  1.000000e+00  0.000000e+00
   outer loop
     vertex -1.686019e+00  1.000000e+01  3.435603e+00
     vertex -3.830222e+00  1.000000e+01  1.786062e+00
     vertex -1.761902e+00  1.000000e+01  3.521588e+00
   endloop
 endfacet
 facet normal  0.000000e+00  1.000000e+00  0.000000e+00
   outer loop
     vertex  3.491184e+00  1.000000e+01  8.579334e+00
     vertex  1.521877e+00  1.000000e+01  6.724497e+00
     vertex  3.308429e+00  1.000000e+01  8.748906e+00
   endloop
 endfacet
 facet normal  0.000000e+00  1.000000e+00 -0.000000e+00
   outer loop
     vertex  1.605945e+00  1.000000e+01  6.646494e+00
     vertex  1.521877e+00  1.000000e+01  6.724497e+00
     vertex  3.491184e+00  1.000000e+01  8.579334e+00
   endloop
 endfacet
 facet normal  0.000000e+00  1.000000e+00  0.000000e+00
   outer loop
     vertex -1.605945e+00  1.000000e+01  3.353506e+00
     vertex -3.665259e+00  1.000000e+01  1.599136e+00
     vertex -1.686019e+00  1.000000e+01  3.435603e+00
   endloop
 endfacet
 facet normal  0.000000e+00  1.000000e+00 -0.000000e+00
   outer loop
     vertex -3.491184e+00  1.000000e+01  1.420666e+00
     vertex -3.665259e+00  1.000000e+01  1.599136e+00
     vertex -1.605945e+00  1.000000e+01  3.353506e+00
   endloop
 endfacet
 facet normal  0.000000e+00  1.000000e+00  0.000000e+00
   outer loop
     vertex -1.521877e+00  1.000000e+01  3.275503e+00
     vertex -3.491184e+00  1.000000e+01  1.420666e+00
     vertex -1.605945e+00  1.000000e+01  3.353506e+00
   endloop
 endfacet
 facet normal  0.000000e+00  1.000000e+00  0.000000e+00
   outer loop
     vertex  3.665259e+00  1.000000e+01  8.400864e+00
     vertex  1.686019e+00  1.000000e+01  6.564397e+00
     vertex  1.605945e+00  1.000000e+01  6.646494e+00
   endloop
 endfacet
 facet normal  0.000000e+00  1.000000e+00  0.000000e+00
   outer loop
     vertex  3.665259e+00  1.000000e+01  8.400864e+00
     vertex  1.605945e+00  1.000000e+01  6.646494e+00
     vertex  3.491184e+00  1.000000e+01  8.579334e+00
   endloop
 endfacet
 facet normal  0.000000e+00  1.000000e+00 -0.000000e+00
   outer loop
     vertex -3.308429e+00  1.000000e+01  1.251094e+00
     vertex -3.491184e+00  1.000000e+01  1.420666e+00
     vertex -1.521877e+00  1.000000e+01  3.275503e+00
   endloop
 endfacet
 facet normal  0.000000e+00  1.000000e+00  0.000000e+00
   outer loop
     vertex  3.830222e+00  1.000000e+01  8.213938e+00
     vertex  1.833405e+00  1.000000e+01  6.388750e+00
     vertex  1.761902e+00  1.000000e+01  6.478412e+00
   endloop
 endfacet
 facet normal  0.000000e+00  1.000000e+00  0.000000e+00
   outer loop
     vertex  3.830222e+00  1.000000e+01  8.213938e+00
     vertex  1.761902e+00  1.000000e+01  6.478412e+00
     vertex  1.686019e+00  1.000000e+01  6.564397e+00
   endloop
 endfacet
 facet normal  0.000000e+00  1.000000e+00  0.000000e+00
   outer loop
     vertex  3.830222e+00  1.000000e+01  8.213938e+00
     vertex  1.686019e+00  1.000000e+01  6.564397e+00
     vertex  3.665259e+00  1.000000e+01  8.400864e+00
   endloop
 endfacet
 facet normal  0.000000e+00  1.000000e+00  0.000000e+00
   outer loop
     vertex -3.117449e+00  1.000000e+01  1.090843e+00
     vertex -1.521877e+00  1.000000e+01  3.275503e+00
     vertex -1.434027e+00  1.000000e+01  3.201788e+00
   endloop
 endfacet
 facet normal  0.000000e+00  1.000000e+00 -0.000000e+00
   outer loop
     vertex -3.117449e+00  1.000000e+01  1.090843e+00
     vertex -3.308429e+00  1.000000e+01  1.251094e+00
     vertex -1.521877e+00  1.000000e+01  3.275503e+00
   endloop
 endfacet
 facet normal  0.000000e+00  1.000000e+00  0.000000e+00
   outer loop
     vertex  3.985663e+00  1.000000e+01  8.019022e+00
     vertex  1.833405e+00  1.000000e+01  6.388750e+00
     vertex  3.830222e+00  1.000000e+01  8.213938e+00
   endloop
 endfacet
 facet normal  0.000000e+00  1.000000e+00  0.000000e+00
   outer loop
     vertex -2.918718e+00  1.000000e+01  9.403100e-01
     vertex -1.434027e+00  1.000000e+01  3.201788e+00
     vertex -1.342610e+00  1.000000e+01  3.132543e+00
   endloop
 endfacet
 facet normal  0.000000e+00  1.000000e+00 -0.000000e+00
   outer loop
     vertex -2.918718e+00  1.000000e+01  9.403100e-01
     vertex -3.117449e+00  1.000000e+01  1.090843e+00
     vertex -1.434027e+00  1.000000e+01  3.201788e+00
   endloop
 endfacet
 facet normal  0.000000e+00  1.000000e+00  0.000000e+00
   outer loop
     vertex  4.131194e+00  1.000000e+01  7.816600e+00
     vertex  1.833405e+00  1.000000e+01  6.388750e+00
     vertex  3.985663e+00  1.000000e+01  8.019022e+00
   endloop
 endfacet
 facet normal  0.000000e+00  1.000000e+00  0.000000e+00
   outer loop
     vertex  4.131194e+00  1.000000e+01  7.816600e+00
     vertex  1.900349e+00  1.000000e+01  6.295636e+00
     vertex  1.833405e+00  1.000000e+01  6.388750e+00
   endloop
 endfacet
 facet normal  0.000000e+00  1.000000e+00  0.000000e+00
   outer loop
     vertex -2.712731e+00  1.000000e+01  7.998704e-01
     vertex -1.342610e+00  1.000000e+01  3.132543e+00
     vertex -1.247856e+00  1.000000e+01  3.067940e+00
   endloop
 endfacet
 facet normal  0.000000e+00  1.000000e+00 -0.000000e+00
   outer loop
     vertex -2.712731e+00  1.000000e+01  7.998704e-01
     vertex -2.918718e+00  1.000000e+01  9.403100e-01
     vertex -1.342610e+00  1.000000e+01  3.132543e+00
   endloop
 endfacet
 facet normal  0.000000e+00  1.000000e+00  0.000000e+00
   outer loop
     vertex  4.266454e+00  1.000000e+01  7.607176e+00
     vertex  1.962569e+00  1.000000e+01  6.199301e+00
     vertex  1.900349e+00  1.000000e+01  6.295636e+00
   endloop
 endfacet
 facet normal  0.000000e+00  1.000000e+00  0.000000e+00
   outer loop
     vertex  4.266454e+00  1.000000e+01  7.607176e+00
     vertex  1.900349e+00  1.000000e+01  6.295636e+00
     vertex  4.131194e+00  1.000000e+01  7.816600e+00
   endloop
 endfacet
 facet normal  0.000000e+00  1.000000e+00  0.000000e+00
   outer loop
     vertex -2.500000e+00  1.000000e+01  6.698730e-01
     vertex -1.247856e+00  1.000000e+01  3.067940e+00
     vertex -1.150000e+00  1.000000e+01  3.008142e+00
   endloop
 endfacet
 facet normal  0.000000e+00  1.000000e+00  0.000000e+00
   outer loop
     vertex -2.500000e+00  1.000000e+01  6.698730e-01
     vertex -1.150000e+00  1.000000e+01  3.008142e+00
     vertex -1.049285e+00  1.000000e+01  2.953295e+00
   endloop
 endfacet
 facet normal  0.000000e+00  1.000000e+00 -0.000000e+00
   outer loop
     vertex -2.500000e+00  1.000000e+01  6.698730e-01
     vertex -2.712731e+00  1.000000e+01  7.998704e-01
     vertex -1.247856e+00  1.000000e+01  3.067940e+00
   endloop
 endfacet
 facet normal  0.000000e+00  1.000000e+00  0.000000e+00
   outer loop
     vertex  4.391108e+00  1.000000e+01  7.391270e+00
     vertex  2.019910e+00  1.000000e+01  6.099984e+00
     vertex  1.962569e+00  1.000000e+01  6.199301e+00
   endloop
 endfacet
 facet normal  0.000000e+00  1.000000e+00  0.000000e+00
   outer loop
     vertex  4.391108e+00  1.000000e+01  7.391270e+00
     vertex  1.962569e+00  1.000000e+01  6.199301e+00
     vertex  4.266454e+00  1.000000e+01  7.607176e+00
   endloop
 endfacet
 facet normal  0.000000e+00  1.000000e+00 -0.000000e+00
   outer loop
     vertex -2.281053e+00  1.000000e+01  5.506410e-01
     vertex -2.500000e+00  1.000000e+01  6.698730e-01
     vertex -1.049285e+00  1.000000e+01  2.953295e+00
   endloop
 endfacet
 facet normal  0.000000e+00  1.000000e+00  0.000000e+00
   outer loop
     vertex  4.504844e+00  1.000000e+01  7.169419e+00
     vertex  2.072228e+00  1.000000e+01  5.997933e+00
     vertex  2.019910e+00  1.000000e+01  6.099984e+00
   endloop
 endfacet
 facet normal  0.000000e+00  1.000000e+00  0.000000e+00
   outer loop
     vertex  4.504844e+00  1.000000e+01  7.169419e+00
     vertex  2.019910e+00  1.000000e+01  6.099984e+00
     vertex  4.391108e+00  1.000000e+01  7.391270e+00
   endloop
 endfacet
 facet normal  0.000000e+00  1.000000e+00  0.000000e+00
   outer loop
     vertex -2.056436e+00  1.000000e+01  4.424707e-01
     vertex -1.049285e+00  1.000000e+01  2.953295e+00
     vertex -9.459603e-01  1.000000e+01  2.903537e+00
   endloop
 endfacet
 facet normal  0.000000e+00  1.000000e+00 -0.000000e+00
   outer loop
     vertex -2.056436e+00  1.000000e+01  4.424707e-01
     vertex -2.281053e+00  1.000000e+01  5.506410e-01
     vertex -1.049285e+00  1.000000e+01  2.953295e+00
   endloop
 endfacet
 facet normal  0.000000e+00  1.000000e+00  0.000000e+00
   outer loop
     vertex  4.607381e+00  1.000000e+01  6.942174e+00
     vertex  2.072228e+00  1.000000e+01  5.997933e+00
     vertex  4.504844e+00  1.000000e+01  7.169419e+00
   endloop
 endfacet
 facet normal  0.000000e+00  1.000000e+00  0.000000e+00
   outer loop
     vertex  4.607381e+00  1.000000e+01  6.942174e+00
     vertex  2.161293e+00  1.000000e+01  5.786646e+00
     vertex  2.119395e+00  1.000000e+01  5.893400e+00
   endloop
 endfacet
 facet normal  0.000000e+00  1.000000e+00  0.000000e+00
   outer loop
     vertex  4.607381e+00  1.000000e+01  6.942174e+00
     vertex  2.119395e+00  1.000000e+01  5.893400e+00
     vertex  2.072228e+00  1.000000e+01  5.997933e+00
   endloop
 endfacet
 facet normal  0.000000e+00  1.000000e+00  0.000000e+00
   outer loop
     vertex -1.826705e+00  1.000000e+01  3.456313e-01
     vertex -9.459603e-01  1.000000e+01  2.903537e+00
     vertex -8.402844e-01  1.000000e+01  2.858990e+00
   endloop
 endfacet
 facet normal  0.000000e+00  1.000000e+00 -0.000000e+00
   outer loop
     vertex -1.826705e+00  1.000000e+01  3.456313e-01
     vertex -2.056436e+00  1.000000e+01  4.424707e-01
     vertex -9.459603e-01  1.000000e+01  2.903537e+00
   endloop
 endfacet
 facet normal  0.000000e+00  1.000000e+00  0.000000e+00
   outer loop
     vertex  4.698463e+00  1.000000e+01  6.710101e+00
     vertex  2.197817e+00  1.000000e+01  5.677937e+00
     vertex  2.161293e+00  1.000000e+01  5.786646e+00
   endloop
 endfacet
 facet normal  0.000000e+00  1.000000e+00  0.000000e+00
   outer loop
     vertex  4.698463e+00  1.000000e+01  6.710101e+00
     vertex  2.161293e+00  1.000000e+01  5.786646e+00
     vertex  4.607381e+00  1.000000e+01  6.942174e+00
   endloop
 endfacet
 facet normal  0.000000e+00  1.000000e+00  0.000000e+00
   outer loop
     vertex -1.592433e+00  1.000000e+01  2.603633e-01
     vertex -8.402844e-01  1.000000e+01  2.858990e+00
     vertex -7.325193e-01  1.000000e+01  2.819767e+00
   endloop
 endfacet
 facet normal  0.000000e+00  1.000000e+00  0.000000e+00
   outer loop
     vertex -1.592433e+00  1.000000e+01  2.603633e-01
     vertex -7.325193e-01  1.000000e+01  2.819767e+00
     vertex -6.229331e-01  1.000000e+01  2.785964e+00
   endloop
 endfacet
 facet normal  0.000000e+00  1.000000e+00 -0.000000e+00
   outer loop
     vertex -1.592433e+00  1.000000e+01  2.603633e-01
     vertex -1.826705e+00  1.000000e+01  3.456313e-01
     vertex -8.402844e-01  1.000000e+01  2.858990e+00
   endloop
 endfacet
 facet normal  0.000000e+00  1.000000e+00  0.000000e+00
   outer loop
     vertex  4.777864e+00  1.000000e+01  6.473776e+00
     vertex  2.197817e+00  1.000000e+01  5.677937e+00
     vertex  4.698463e+00  1.000000e+01  6.710101e+00
   endloop
 endfacet
 facet normal  0.000000e+00  1.000000e+00 -0.000000e+00
   outer loop
     vertex -1.354202e+00  1.000000e+01  1.868788e-01
     vertex -1.592433e+00  1.000000e+01  2.603633e-01
     vertex -6.229331e-01  1.000000e+01  2.785964e+00
   endloop
 endfacet
 facet normal  0.000000e+00  1.000000e+00  0.000000e+00
   outer loop
     vertex  4.845386e+00  1.000000e+01  6.233787e+00
     vertex  2.197817e+00  1.000000e+01  5.677937e+00
     vertex  4.777864e+00  1.000000e+01  6.473776e+00
   endloop
 endfacet
 facet normal  0.000000e+00  1.000000e+00  0.000000e+00
   outer loop
     vertex  4.845386e+00  1.000000e+01  6.233787e+00
     vertex  2.254397e+00  1.000000e+01  5.455736e+00
     vertex  2.228878e+00  1.000000e+01  5.567542e+00
   endloop
 endfacet
 facet normal  0.000000e+00  1.000000e+00  0.000000e+00
   outer loop
     vertex  4.845386e+00  1.000000e+01  6.233787e+00
     vertex  2.228878e+00  1.000000e+01  5.567542e+00
     vertex  2.197817e+00  1.000000e+01  5.677937e+00
   endloop
 endfacet
 facet normal  0.000000e+00  1.000000e+00  0.000000e+00
   outer loop
     vertex -1.112605e+00  1.000000e+01  1.253604e-01
     vertex -6.229331e-01  1.000000e+01  2.785964e+00
     vertex -5.117981e-01  1.000000e+01  2.757666e+00
   endloop
 endfacet
 facet normal  0.000000e+00  1.000000e+00 -0.000000e+00
   outer loop
     vertex -1.112605e+00  1.000000e+01  1.253604e-01
     vertex -1.354202e+00  1.000000e+01  1.868788e-01
     vertex -6.229331e-01  1.000000e+01  2.785964e+00
   endloop
 endfacet
 facet normal  0.000000e+00  1.000000e+00  0.000000e+00
   outer loop
     vertex  4.900862e+00  1.000000e+01  5.990731e+00
     vertex  2.254397e+00  1.000000e+01  5.455736e+00
     vertex  4.845386e+00  1.000000e+01  6.233787e+00
   endloop
 endfacet
 facet normal  0.000000e+00  1.000000e+00  0.000000e+00
   outer loop
     vertex -8.682409e-01  1.000000e+01  7.596123e-02
     vertex -5.117981e-01  1.000000e+01  2.757666e+00
     vertex -3.993908e-01  1.000000e+01  2.734942e+00
   endloop
 endfacet
 facet normal  0.000000e+00  1.000000e+00 -0.000000e+00
   outer loop
     vertex -8.682409e-01  1.000000e+01  7.596123e-02
     vertex -1.112605e+00  1.000000e+01  1.253604e-01
     vertex -5.117981e-01  1.000000e+01  2.757666e+00
   endloop
 endfacet
 facet normal  0.000000e+00  1.000000e+00  0.000000e+00
   outer loop
     vertex  4.944154e+00  1.000000e+01  5.745211e+00
     vertex  2.288571e+00  1.000000e+01  5.229006e+00
     vertex  2.274311e+00  1.000000e+01  5.342797e+00
   endloop
 endfacet
 facet normal  0.000000e+00  1.000000e+00  0.000000e+00
   outer loop
     vertex  4.944154e+00  1.000000e+01  5.745211e+00
     vertex  2.274311e+00  1.000000e+01  5.342797e+00
     vertex  2.254397e+00  1.000000e+01  5.455736e+00
   endloop
 endfacet
 facet normal  0.000000e+00  1.000000e+00  0.000000e+00
   outer loop
     vertex  4.944154e+00  1.000000e+01  5.745211e+00
     vertex  2.254397e+00  1.000000e+01  5.455736e+00
     vertex  4.900862e+00  1.000000e+01  5.990731e+00
   endloop
 endfacet
 facet normal  0.000000e+00  1.000000e+00  0.000000e+00
   outer loop
     vertex -6.217185e-01  1.000000e+01  3.880397e-02
     vertex -3.993908e-01  1.000000e+01  2.734942e+00
     vertex -2.859905e-01  1.000000e+01  2.717850e+00
   endloop
 endfacet
 facet normal  0.000000e+00  1.000000e+00 -0.000000e+00
   outer loop
     vertex -6.217185e-01  1.000000e+01  3.880397e-02
     vertex -8.682409e-01  1.000000e+01  7.596123e-02
     vertex -3.993908e-01  1.000000e+01  2.734942e+00
   endloop
 endfacet
 facet normal  0.000000e+00  1.000000e+00  0.000000e+00
   outer loop
     vertex  4.975154e+00  1.000000e+01  5.497839e+00
     vertex  2.288571e+00  1.000000e+01  5.229006e+00
     vertex  4.944154e+00  1.000000e+01  5.745211e+00
   endloop
 endfacet
 facet normal  0.000000e+00  1.000000e+00  0.000000e+00
   outer loop
     vertex -3.736505e-01  1.000000e+01  1.398101e-02
     vertex -2.859905e-01  1.000000e+01  2.717850e+00
     vertex -1.718792e-01  1.000000e+01  2.706431e+00
   endloop
 endfacet
 facet normal  0.000000e+00  1.000000e+00 -0.000000e+00
   outer loop
     vertex -3.736505e-01  1.000000e+01  1.398101e-02
     vertex -6.217185e-01  1.000000e+01  3.880397e-02
     vertex -2.859905e-01  1.000000e+01  2.717850e+00
   endloop
 endfacet
 facet normal  0.000000e+00  1.000000e+00  0.000000e+00
   outer loop
     vertex  4.993785e+00  1.000000e+01  5.249229e+00
     vertex  2.297141e+00  1.000000e+01  5.114646e+00
     vertex  2.288571e+00  1.000000e+01  5.229006e+00
   endloop
 endfacet
 facet normal  0.000000e+00  1.000000e+00  0.000000e+00
   outer loop
     vertex  4.993785e+00  1.000000e+01  5.249229e+00
     vertex  2.288571e+00  1.000000e+01  5.229006e+00
     vertex  4.975154e+00  1.000000e+01  5.497839e+00
   endloop
 endfacet
 facet normal  0.000000e+00  1.000000e+00 -0.000000e+00
   outer loop
     vertex -1.246535e-01  1.000000e+01  1.554090e-03
     vertex -1.718792e-01  1.000000e+01  2.706431e+00
     vertex -5.734059e-02  1.000000e+01  2.700715e+00
   endloop
 endfacet
 facet normal  0.000000e+00  1.000000e+00  0.000000e+00
   outer loop
     vertex -1.246535e-01  1.000000e+01  1.554090e-03
     vertex -5.734059e-02  1.000000e+01  2.700715e+00
     vertex  5.734059e-02  1.000000e+01  2.700715e+00
   endloop
 endfacet
 facet normal  0.000000e+00  1.000000e+00  0.000000e+00
   outer loop
     vertex -1.246535e-01  1.000000e+01  1.554090e-03
     vertex -3.736505e-01  1.000000e+01  1.398101e-02
     vertex -1.718792e-01  1.000000e+01  2.706431e+00
   endloop
 endfacet
 facet normal  0.000000e+00  1.000000e+00  0.000000e+00
   outer loop
     vertex  5.000000e+00  1.000000e+01  5.000000e+00
     vertex  2.300000e+00  1.000000e+01  5.000000e+00
     vertex  2.297141e+00  1.000000e+01  5.114646e+00
   endloop
 endfacet
 facet normal  0.000000e+00  1.000000e+00  0.000000e+00
   outer loop
     vertex  5.000000e+00  1.000000e+01  5.000000e+00
     vertex  2.297141e+00  1.000000e+01  5.114646e+00
     vertex  4.993785e+00  1.000000e+01  5.249229e+00
   endloop
 endfacet
 facet normal  0.000000e+00  1.000000e+00 -0.000000e+00
   outer loop
     vertex  1.246535e-01  1.000000e+01  1.554090e-03
     vertex  5.734059e-02  1.000000e+01  2.700715e+00
     vertex  1.718792e-01  1.000000e+01  2.706431e+00
   endloop
 endfacet
 facet normal  0.000000e+00  1.000000e+00  0.000000e+00
   outer loop
     vertex  1.246535e-01  1.000000e+01  1.554090e-03
     vertex -1.246535e-01  1.000000e+01  1.554090e-03
     vertex  5.734059e-02  1.000000e+01  2.700715e+00
   endloop
 endfacet
 facet normal  0.000000e+00  1.000000e+00  0.000000e+00
   outer loop
     vertex  4.993785e+00  1.000000e+01  4.750771e+00
     vertex  2.297141e+00  1.000000e+01  4.885354e+00
     vertex  2.300000e+00  1.000000e+01  5.000000e+00
   endloop
 endfacet
 facet normal  0.000000e+00  1.000000e+00 -0.000000e+00
   outer loop
     vertex  4.993785e+00  1.000000e+01  4.750771e+00
     vertex  2.300000e+00  1.000000e+01  5.000000e+00
     vertex  5.000000e+00  1.000000e+01  5.000000e+00
   endloop
 endfacet
 facet normal  0.000000e+00  1.000000e+00  0.000000e+00
   outer loop
     vertex  3.736505e-01  1.000000e+01  1.398101e-02
     vertex  1.246535e-01  1.000000e+01  1.554090e-03
     vertex  1.718792e-01  1.000000e+01  2.706431e+00
   endloop
 endfacet
 facet normal  0.000000e+00  1.000000e+00  0.000000e+00
   outer loop
     vertex  4.975154e+00  1.000000e+01  4.502161e+00
     vertex  2.288571e+00  1.000000e+01  4.770994e+00
     vertex  2.297141e+00  1.000000e+01  4.885354e+00
   endloop
 endfacet
 facet normal  0.000000e+00  1.000000e+00 -0.000000e+00
   outer loop
     vertex  4.975154e+00  1.000000e+01  4.502161e+00
     vertex  2.297141e+00  1.000000e+01  4.885354e+00
     vertex  4.993785e+00  1.000000e+01  4.750771e+00
   endloop
 endfacet
 facet normal  0.000000e+00  1.000000e+00  0.000000e+00
   outer loop
     vertex  6.217185e-01  1.000000e+01  3.880397e-02
     vertex  1.718792e-01  1.000000e+01  2.706431e+00
     vertex  2.859905e-01  1.000000e+01  2.717850e+00
   endloop
 endfacet
 facet normal  0.000000e+00  1.000000e+00  0.000000e+00
   outer loop
     vertex  6.217185e-01  1.000000e+01  3.880397e-02
     vertex  2.859905e-01  1.000000e+01  2.717850e+00
     vertex  3.993908e-01  1.000000e+01  2.734942e+00
   endloop
 endfacet
 facet normal  0.000000e+00  1.000000e+00  0.000000e+00
   outer loop
     vertex  6.217185e-01  1.000000e+01  3.880397e-02
     vertex  3.736505e-01  1.000000e+01  1.398101e-02
     vertex  1.718792e-01  1.000000e+01  2.706431e+00
   endloop
 endfacet
 facet normal  0.000000e+00  1.000000e+00  0.000000e+00
   outer loop
     vertex  4.944154e+00  1.000000e+01  4.254789e+00
     vertex  2.274311e+00  1.000000e+01  4.657203e+00
     vertex  2.288571e+00  1.000000e+01  4.770994e+00
   endloop
 endfacet
 facet normal  0.000000e+00  1.000000e+00 -0.000000e+00
   outer loop
     vertex  4.944154e+00  1.000000e+01  4.254789e+00
     vertex  2.288571e+00  1.000000e+01  4.770994e+00
     vertex  4.975154e+00  1.000000e+01  4.502161e+00
   endloop
 endfacet
 facet normal  0.000000e+00  1.000000e+00  0.000000e+00
   outer loop
     vertex  8.682409e-01  1.000000e+01  7.596123e-02
     vertex  6.217185e-01  1.000000e+01  3.880397e-02
     vertex  3.993908e-01  1.000000e+01  2.734942e+00
   endloop
 endfacet
 facet normal  0.000000e+00  1.000000e+00 -0.000000e+00
   outer loop
     vertex  4.900862e+00  1.000000e+01  4.009269e+00
     vertex  2.274311e+00  1.000000e+01  4.657203e+00
     vertex  4.944154e+00  1.000000e+01  4.254789e+00
   endloop
 endfacet
 facet normal  0.000000e+00  1.000000e+00  0.000000e+00
   outer loop
     vertex  4.900862e+00  1.000000e+01  4.009269e+00
     vertex  2.254397e+00  1.000000e+01  4.544264e+00
     vertex  2.274311e+00  1.000000e+01  4.657203e+00
   endloop
 endfacet
 facet normal  0.000000e+00  1.000000e+00  0.000000e+00
   outer loop
     vertex  1.112605e+00  1.000000e+01  1.253604e-01
     vertex  8.682409e-01  1.000000e+01  7.596123e-02
     vertex  3.993908e-01  1.000000e+01  2.734942e+00
   endloop
 endfacet
 facet normal  0.000000e+00  1.000000e+00  0.000000e+00
   outer loop
     vertex  1.112605e+00  1.000000e+01  1.253604e-01
     vertex  3.993908e-01  1.000000e+01  2.734942e+00
     vertex  5.117981e-01  1.000000e+01  2.757666e+00
   endloop
 endfacet
 facet normal  0.000000e+00  1.000000e+00 -0.000000e+00
   outer loop
     vertex  4.845386e+00  1.000000e+01  3.766213e+00
     vertex  2.254397e+00  1.000000e+01  4.544264e+00
     vertex  4.900862e+00  1.000000e+01  4.009269e+00
   endloop
 endfacet
 facet normal  0.000000e+00  1.000000e+00  0.000000e+00
   outer loop
     vertex  4.845386e+00  1.000000e+01  3.766213e+00
     vertex  2.197817e+00  1.000000e+01  4.322063e+00
     vertex  2.228878e+00  1.000000e+01  4.432458e+00
   endloop
 endfacet
 facet normal  0.000000e+00  1.000000e+00  0.000000e+00
   outer loop
     vertex  4.845386e+00  1.000000e+01  3.766213e+00
     vertex  2.228878e+00  1.000000e+01  4.432458e+00
     vertex  2.254397e+00  1.000000e+01  4.544264e+00
   endloop
 endfacet
 facet normal  0.000000e+00  1.000000e+00  0.000000e+00
   outer loop
     vertex  1.354202e+00  1.000000e+01  1.868788e-01
     vertex  1.112605e+00  1.000000e+01  1.253604e-01
     vertex  5.117981e-01  1.000000e+01  2.757666e+00
   endloop
 endfacet
 facet normal  0.000000e+00  1.000000e+00  0.000000e+00
   outer loop
     vertex  1.354202e+00  1.000000e+01  1.868788e-01
     vertex  5.117981e-01  1.000000e+01  2.757666e+00
     vertex  6.229331e-01  1.000000e+01  2.785964e+00
   endloop
 endfacet
 facet normal  0.000000e+00  1.000000e+00 -0.000000e+00
   outer loop
     vertex  4.777864e+00  1.000000e+01  3.526224e+00
     vertex  2.197817e+00  1.000000e+01  4.322063e+00
     vertex  4.845386e+00  1.000000e+01  3.766213e+00
   endloop
 endfacet
 facet normal  0.000000e+00  1.000000e+00  0.000000e+00
   outer loop
     vertex  1.592433e+00  1.000000e+01  2.603633e-01
     vertex  1.354202e+00  1.000000e+01  1.868788e-01
     vertex  6.229331e-01  1.000000e+01  2.785964e+00
   endloop
 endfacet
 facet normal  0.000000e+00  1.000000e+00  0.000000e+00
   outer loop
     vertex  1.592433e+00  1.000000e+01  2.603633e-01
     vertex  6.229331e-01  1.000000e+01  2.785964e+00
     vertex  7.325193e-01  1.000000e+01  2.819767e+00
   endloop
 endfacet
 facet normal  0.000000e+00  1.000000e+00  0.000000e+00
   outer loop
     vertex  1.592433e+00  1.000000e+01  2.603633e-01
     vertex  7.325193e-01  1.000000e+01  2.819767e+00
     vertex  8.402844e-01  1.000000e+01  2.858990e+00
   endloop
 endfacet
 facet normal  0.000000e+00  1.000000e+00  0.000000e+00
   outer loop
     vertex  4.698463e+00  1.000000e+01  3.289899e+00
     vertex  2.161293e+00  1.000000e+01  4.213354e+00
     vertex  2.197817e+00  1.000000e+01  4.322063e+00
   endloop
 endfacet
 facet normal  0.000000e+00  1.000000e+00 -0.000000e+00
   outer loop
     vertex  4.698463e+00  1.000000e+01  3.289899e+00
     vertex  2.197817e+00  1.000000e+01  4.322063e+00
     vertex  4.777864e+00  1.000000e+01  3.526224e+00
   endloop
 endfacet
 facet normal  0.000000e+00  1.000000e+00  0.000000e+00
   outer loop
     vertex  1.826705e+00  1.000000e+01  3.456313e-01
     vertex  1.592433e+00  1.000000e+01  2.603633e-01
     vertex  8.402844e-01  1.000000e+01  2.858990e+00
   endloop
 endfacet
 facet normal  0.000000e+00  1.000000e+00 -0.000000e+00
   outer loop
     vertex  4.607381e+00  1.000000e+01  3.057826e+00
     vertex  2.161293e+00  1.000000e+01  4.213354e+00
     vertex  4.698463e+00  1.000000e+01  3.289899e+00
   endloop
 endfacet
 facet normal  0.000000e+00  1.000000e+00  0.000000e+00
   outer loop
     vertex  4.607381e+00  1.000000e+01  3.057826e+00
     vertex  2.072228e+00  1.000000e+01  4.002067e+00
     vertex  2.119395e+00  1.000000e+01  4.106600e+00
   endloop
 endfacet
 facet normal  0.000000e+00  1.000000e+00  0.000000e+00
   outer loop
     vertex  4.607381e+00  1.000000e+01  3.057826e+00
     vertex  2.119395e+00  1.000000e+01  4.106600e+00
     vertex  2.161293e+00  1.000000e+01  4.213354e+00
   endloop
 endfacet
 facet normal  0.000000e+00  1.000000e+00  0.000000e+00
   outer loop
     vertex  2.056436e+00  1.000000e+01  4.424707e-01
     vertex  1.826705e+00  1.000000e+01  3.456313e-01
     vertex  8.402844e-01  1.000000e+01  2.858990e+00
   endloop
 endfacet
 facet normal  0.000000e+00  1.000000e+00  0.000000e+00
   outer loop
     vertex  2.056436e+00  1.000000e+01  4.424707e-01
     vertex  8.402844e-01  1.000000e+01  2.858990e+00
     vertex  9.459603e-01  1.000000e+01  2.903537e+00
   endloop
 endfacet
 facet normal  0.000000e+00  1.000000e+00 -0.000000e+00
   outer loop
     vertex  4.504844e+00  1.000000e+01  2.830581e+00
     vertex  2.072228e+00  1.000000e+01  4.002067e+00
     vertex  4.607381e+00  1.000000e+01  3.057826e+00
   endloop
 endfacet
 facet normal  0.000000e+00  1.000000e+00  0.000000e+00
   outer loop
     vertex  2.281053e+00  1.000000e+01  5.506410e-01
     vertex  2.056436e+00  1.000000e+01  4.424707e-01
     vertex  9.459603e-01  1.000000e+01  2.903537e+00
   endloop
 endfacet
 facet normal  0.000000e+00  1.000000e+00  0.000000e+00
   outer loop
     vertex  2.281053e+00  1.000000e+01  5.506410e-01
     vertex  9.459603e-01  1.000000e+01  2.903537e+00
     vertex  1.049285e+00  1.000000e+01  2.953295e+00
   endloop
 endfacet
 facet normal  0.000000e+00  1.000000e+00  0.000000e+00
   outer loop
     vertex  2.281053e+00  1.000000e+01  5.506410e-01
     vertex  1.049285e+00  1.000000e+01  2.953295e+00
     vertex  1.150000e+00  1.000000e+01  3.008142e+00
   endloop
 endfacet
 facet normal  0.000000e+00  1.000000e+00 -0.000000e+00
   outer loop
     vertex  4.391108e+00  1.000000e+01  2.608730e+00
     vertex  2.072228e+00  1.000000e+01  4.002067e+00
     vertex  4.504844e+00  1.000000e+01  2.830581e+00
   endloop
 endfacet
 facet normal  0.000000e+00  1.000000e+00  0.000000e+00
   outer loop
     vertex  4.391108e+00  1.000000e+01  2.608730e+00
     vertex  2.019910e+00  1.000000e+01  3.900016e+00
     vertex  2.072228e+00  1.000000e+01  4.002067e+00
   endloop
 endfacet
 facet normal  0.000000e+00  1.000000e+00  0.000000e+00
   outer loop
     vertex  2.500000e+00  1.000000e+01  6.698730e-01
     vertex  2.281053e+00  1.000000e+01  5.506410e-01
     vertex  1.150000e+00  1.000000e+01  3.008142e+00
   endloop
 endfacet
 facet normal  0.000000e+00  1.000000e+00  0.000000e+00
   outer loop
     vertex  2.500000e+00  1.000000e+01  6.698730e-01
     vertex  1.150000e+00  1.000000e+01  3.008142e+00
     vertex  1.247856e+00  1.000000e+01  3.067940e+00
   endloop
 endfacet
 facet normal  0.000000e+00  1.000000e+00 -0.000000e+00
   outer loop
     vertex  4.266454e+00  1.000000e+01  2.392824e+00
     vertex  2.019910e+00  1.000000e+01  3.900016e+00
     vertex  4.391108e+00  1.000000e+01  2.608730e+00
   endloop
 endfacet
 facet normal  0.000000e+00  1.000000e+00  0.000000e+00
   outer loop
     vertex  4.266454e+00  1.000000e+01  2.392824e+00
     vertex  1.962569e+00  1.000000e+01  3.800699e+00
     vertex  2.019910e+00  1.000000e+01  3.900016e+00
   endloop
 endfacet
 facet normal  0.000000e+00  1.000000e+00  0.000000e+00
   outer loop
     vertex  2.712731e+00  1.000000e+01  7.998704e-01
     vertex  2.500000e+00  1.000000e+01  6.698730e-01
     vertex  1.247856e+00  1.000000e+01  3.067940e+00
   endloop
 endfacet
 facet normal  0.000000e+00  1.000000e+00 -0.000000e+00
   outer loop
     vertex  4.131194e+00  1.000000e+01  2.183400e+00
     vertex  1.962569e+00  1.000000e+01  3.800699e+00
     vertex  4.266454e+00  1.000000e+01  2.392824e+00
   endloop
 endfacet
 facet normal  0.000000e+00  1.000000e+00  0.000000e+00
   outer loop
     vertex  4.131194e+00  1.000000e+01  2.183400e+00
     vertex  1.900349e+00  1.000000e+01  3.704364e+00
     vertex  1.962569e+00  1.000000e+01  3.800699e+00
   endloop
 endfacet
 facet normal  0.000000e+00  1.000000e+00  0.000000e+00
   outer loop
     vertex  2.918718e+00  1.000000e+01  9.403100e-01
     vertex  2.712731e+00  1.000000e+01  7.998704e-01
     vertex  1.247856e+00  1.000000e+01  3.067940e+00
   endloop
 endfacet
 facet normal  0.000000e+00  1.000000e+00  0.000000e+00
   outer loop
     vertex  2.918718e+00  1.000000e+01  9.403100e-01
     vertex  1.247856e+00  1.000000e+01  3.067940e+00
     vertex  1.342610e+00  1.000000e+01  3.132543e+00
   endloop
 endfacet
 facet normal  0.000000e+00  1.000000e+00  0.000000e+00
   outer loop
     vertex  3.985663e+00  1.000000e+01  1.980978e+00
     vertex  1.833405e+00  1.000000e+01  3.611250e+00
     vertex  1.900349e+00  1.000000e+01  3.704364e+00
   endloop
 endfacet
 facet normal  0.000000e+00  1.000000e+00 -0.000000e+00
   outer loop
     vertex  3.985663e+00  1.000000e+01  1.980978e+00
     vertex  1.900349e+00  1.000000e+01  3.704364e+00
     vertex  4.131194e+00  1.000000e+01  2.183400e+00
   endloop
 endfacet
 facet normal  0.000000e+00  1.000000e+00  0.000000e+00
   outer loop
     vertex  3.117449e+00  1.000000e+01  1.090843e+00
     vertex  2.918718e+00  1.000000e+01  9.403100e-01
     vertex  1.342610e+00  1.000000e+01  3.132543e+00
   endloop
 endfacet
 facet normal  0.000000e+00  1.000000e+00  0.000000e+00
   outer loop
     vertex  3.117449e+00  1.000000e+01  1.090843e+00
     vertex  1.342610e+00  1.000000e+01  3.132543e+00
     vertex  1.434027e+00  1.000000e+01  3.201788e+00
   endloop
 endfacet
 facet normal  0.000000e+00  1.000000e+00  0.000000e+00
   outer loop
     vertex  3.830222e+00  1.000000e+01  1.786062e+00
     vertex  1.761902e+00  1.000000e+01  3.521588e+00
     vertex  1.833405e+00  1.000000e+01  3.611250e+00
   endloop
 endfacet
 facet normal  0.000000e+00  1.000000e+00 -0.000000e+00
   outer loop
     vertex  3.830222e+00  1.000000e+01  1.786062e+00
     vertex  1.833405e+00  1.000000e+01  3.611250e+00
     vertex  3.985663e+00  1.000000e+01  1.980978e+00
   endloop
 endfacet
 facet normal  0.000000e+00  1.000000e+00  0.000000e+00
   outer loop
     vertex  3.308429e+00  1.000000e+01  1.251094e+00
     vertex  3.117449e+00  1.000000e+01  1.090843e+00
     vertex  1.434027e+00  1.000000e+01  3.201788e+00
   endloop
 endfacet
 facet normal  0.000000e+00  1.000000e+00  0.000000e+00
   outer loop
     vertex  3.308429e+00  1.000000e+01  1.251094e+00
     vertex  1.434027e+00  1.000000e+01  3.201788e+00
     vertex  1.521877e+00  1.000000e+01  3.275503e+00
   endloop
 endfacet
 facet normal  0.000000e+00  1.000000e+00 -0.000000e+00
   outer loop
     vertex  3.665259e+00  1.000000e+01  1.599136e+00
     vertex  1.761902e+00  1.000000e+01  3.521588e+00
     vertex  3.830222e+00  1.000000e+01  1.786062e+00
   endloop
 endfacet
 facet normal  0.000000e+00  1.000000e+00  0.000000e+00
   outer loop
     vertex  3.665259e+00  1.000000e+01  1.599136e+00
     vertex  1.686019e+00  1.000000e+01  3.435603e+00
     vertex  1.761902e+00  1.000000e+01  3.521588e+00
   endloop
 endfacet
 facet normal  0.000000e+00  1.000000e+00  0.000000e+00
   outer loop
     vertex  3.491184e+00  1.000000e+01  1.420666e+00
     vertex  3.308429e+00  1.000000e+01  1.251094e+00
     vertex  1.521877e+00  1.000000e+01  3.275503e+00
   endloop
 endfacet
 facet normal  0.000000e+00  1.000000e+00  0.000000e+00
   outer loop
     vertex  3.491184e+00  1.000000e+01  1.420666e+00
     vertex  1.521877e+00  1.000000e+01  3.275503e+00
     vertex  1.605945e+00  1.000000e+01  3.353506e+00
   endloop
 endfacet
 facet normal  0.000000e+00  1.000000e+00  0.000000e+00
   outer loop
     vertex  3.491184e+00  1.000000e+01  1.420666e+00
     vertex  1.605945e+00  1.000000e+01  3.353506e+00
     vertex  1.686019e+00  1.000000e+01  3.435603e+00
   endloop
 endfacet
 facet normal  0.000000e+00  1.000000e+00 -0.000000e+00
   outer loop
     vertex  3.491184e+00  1.000000e+01  1.420666e+00
     vertex  1.686019e+00  1.000000e+01  3.435603e+00
     vertex  3.665259e+00  1.000000e+01  1.599136e+00
   endloop
 endfacet
endsolid
