solid CadrixAI_v2_692f135ef97a
 facet normal  5.676731e-01 -8.232541e-01  6.633991e-18
   outer loop
     vertex  1.997780e+01 -9.421290e-01  0.000000e+00
     vertex  1.792227e+01 -2.359512e+00  8.000000e+00
     vertex  1.792227e+01 -2.359512e+00  0.000000e+00
   endloop
 endfacet
 facet normal  5.676731e-01 -8.232541e-01  0.000000e+00
   outer loop
     vertex  1.997780e+01 -9.421290e-01  0.000000e+00
     vertex  1.997780e+01 -9.421290e-01  8.000000e+00
     vertex  1.792227e+01 -2.359512e+00  8.000000e+00
   endloop
 endfacet
 facet normal  7.614039e-01  6.482778e-01  7.823890e-18
   outer loop
     vertex  1.792227e+01 -2.359512e+00  0.000000e+00
     vertex  1.954091e+01 -4.260608e+00  8.000000e+00
     vertex  1.954091e+01 -4.260608e+00  0.000000e+00
   endloop
 endfacet
 facet normal  7.614039e-01  6.482778e-01 -0.000000e+00
   outer loop
     vertex  1.792227e+01 -2.359512e+00  0.000000e+00
     vertex  1.792227e+01 -2.359512e+00  8.000000e+00
     vertex  1.954091e+01 -4.260608e+00  8.000000e+00
   endloop
 endfacet
 facet normal  1.000000e+00  0.000000e+00  0.000000e+00
   outer loop
     vertex  1.997780e+01  9.421290e-01  0.000000e+00
     vertex  1.997780e+01 -9.421290e-01  8.000000e+00
     vertex  1.997780e+01 -9.421290e-01  0.000000e+00
   endloop
 endfacet
 facet normal  1.000000e+00  0.000000e+00 -0.000000e+00
   outer loop
     vertex  1.997780e+01  9.421290e-01  0.000000e+00
     vertex  1.997780e+01  9.421290e-01  8.000000e+00
     vertex  1.997780e+01 -9.421290e-01  8.000000e+00
   endloop
 endfacet
 facet normal  0.000000e+00  0.000000e+00 -1.000000e+00
   outer loop
     vertex -1.100453e+01 -1.434139e+01  0.000000e+00
     vertex -9.172991e+00 -1.777234e+01  0.000000e+00
     vertex -1.080481e+01 -1.683022e+01  0.000000e+00
   endloop
 endfacet
 facet normal  0.000000e+00 -0.000000e+00 -1.000000e+00
   outer loop
     vertex -1.434139e+01 -1.100453e+01  0.000000e+00
     vertex -1.346025e+01 -1.479262e+01  0.000000e+00
     vertex -1.479262e+01 -1.346025e+01  0.000000e+00
   endloop
 endfacet
 facet normal  0.000000e+00  0.000000e+00 -1.000000e+00
   outer loop
     vertex -1.434139e+01 -1.100453e+01  0.000000e+00
     vertex -1.100453e+01 -1.434139e+01  0.000000e+00
     vertex -1.346025e+01 -1.479262e+01  0.000000e+00
   endloop
 endfacet
 facet normal -0.000000e+00  0.000000e+00 -1.000000e+00
   outer loop
     vertex -6.917739e+00 -1.670090e+01  0.000000e+00
     vertex -9.172991e+00 -1.777234e+01  0.000000e+00
     vertex -1.100453e+01 -1.434139e+01  0.000000e+00
   endloop
 endfacet
 facet normal  0.000000e+00  0.000000e+00 -1.000000e+00
   outer loop
     vertex -1.670090e+01 -6.917739e+00  0.000000e+00
     vertex -1.683022e+01 -1.080481e+01  0.000000e+00
     vertex -1.777234e+01 -9.172991e+00  0.000000e+00
   endloop
 endfacet
 facet normal  0.000000e+00 -0.000000e+00 -1.000000e+00
   outer loop
     vertex -1.670090e+01 -6.917739e+00  0.000000e+00
     vertex -1.434139e+01 -1.100453e+01  0.000000e+00
     vertex -1.683022e+01 -1.080481e+01  0.000000e+00
   endloop
 endfacet
 facet normal -0.000000e+00  0.000000e+00 -1.000000e+00
   outer loop
     vertex -2.359512e+00 -1.792227e+01  0.000000e+00
     vertex -6.080661e+00 -1.905323e+01  0.000000e+00
     vertex -6.917739e+00 -1.670090e+01  0.000000e+00
   endloop
 endfacet
 facet normal  0.000000e+00  0.000000e+00 -1.000000e+00
   outer loop
     vertex -2.359512e+00 -1.792227e+01  0.000000e+00
     vertex -4.260608e+00 -1.954091e+01  0.000000e+00
     vertex -6.080661e+00 -1.905323e+01  0.000000e+00
   endloop
 endfacet
 facet normal  0.000000e+00  0.000000e+00 -1.000000e+00
   outer loop
     vertex -1.792227e+01 -2.359512e+00  0.000000e+00
     vertex -1.905323e+01 -6.080661e+00  0.000000e+00
     vertex -1.954091e+01 -4.260608e+00  0.000000e+00
   endloop
 endfacet
 facet normal  0.000000e+00 -0.000000e+00 -1.000000e+00
   outer loop
     vertex -1.792227e+01 -2.359512e+00  0.000000e+00
     vertex -1.670090e+01 -6.917739e+00  0.000000e+00
     vertex -1.905323e+01 -6.080661e+00  0.000000e+00
   endloop
 endfacet
 facet normal  0.000000e+00  0.000000e+00 -1.000000e+00
   outer loop
     vertex  9.421290e-01 -1.997780e+01  0.000000e+00
     vertex -9.421290e-01 -1.997780e+01  0.000000e+00
     vertex -2.359512e+00 -1.792227e+01  0.000000e+00
   endloop
 endfacet
 facet normal  0.000000e+00 -0.000000e+00 -1.000000e+00
   outer loop
     vertex -1.997780e+01  9.421290e-01  0.000000e+00
     vertex -1.792227e+01 -2.359512e+00  0.000000e+00
     vertex -1.997780e+01 -9.421290e-01  0.000000e+00
   endloop
 endfacet
 facet normal -0.000000e+00  0.000000e+00 -1.000000e+00
   outer loop
     vertex  2.359512e+00 -1.792227e+01  0.000000e+00
     vertex  9.421290e-01 -1.997780e+01  0.000000e+00
     vertex -2.359512e+00 -1.792227e+01  0.000000e+00
   endloop
 endfacet
 facet normal  0.000000e+00  0.000000e+00 -1.000000e+00
   outer loop
     vertex -1.792227e+01  2.359512e+00  0.000000e+00
     vertex -1.792227e+01 -2.359512e+00  0.000000e+00
     vertex -1.997780e+01  9.421290e-01  0.000000e+00
   endloop
 endfacet
 facet normal  0.000000e+00 -0.000000e+00 -1.000000e+00
   outer loop
     vertex -1.905323e+01  6.080661e+00  0.000000e+00
     vertex -1.792227e+01  2.359512e+00  0.000000e+00
     vertex -1.954091e+01  4.260608e+00  0.000000e+00
   endloop
 endfacet
 facet normal  0.000000e+00  0.000000e+00 -1.000000e+00
   outer loop
     vertex  6.917739e+00 -1.670090e+01  0.000000e+00
     vertex  4.260608e+00 -1.954091e+01  0.000000e+00
     vertex  2.359512e+00 -1.792227e+01  0.000000e+00
   endloop
 endfacet
 facet normal  0.000000e+00  0.000000e+00 -1.000000e+00
   outer loop
     vertex  6.917739e+00 -1.670090e+01  0.000000e+00
     vertex  6.080661e+00 -1.905323e+01  0.000000e+00
     vertex  4.260608e+00 -1.954091e+01  0.000000e+00
   endloop
 endfacet
 facet normal  0.000000e+00  0.000000e+00 -1.000000e+00
   outer loop
     vertex -1.670090e+01  6.917739e+00  0.000000e+00
     vertex -1.792227e+01  2.359512e+00  0.000000e+00
     vertex -1.905323e+01  6.080661e+00  0.000000e+00
   endloop
 endfacet
 facet normal -0.000000e+00  0.000000e+00 -1.000000e+00
   outer loop
     vertex  1.080481e+01 -1.683022e+01  0.000000e+00
     vertex  9.172991e+00 -1.777234e+01  0.000000e+00
     vertex  6.917739e+00 -1.670090e+01  0.000000e+00
   endloop
 endfacet
 facet normal  0.000000e+00 -0.000000e+00 -1.000000e+00
   outer loop
     vertex -1.683022e+01  1.080481e+01  0.000000e+00
     vertex -1.670090e+01  6.917739e+00  0.000000e+00
     vertex -1.777234e+01  9.172991e+00  0.000000e+00
   endloop
 endfacet
 facet normal  0.000000e+00  0.000000e+00 -1.000000e+00
   outer loop
     vertex -1.745592e+00 -1.789667e+00  0.000000e+00
     vertex -1.100453e+01 -1.434139e+01  0.000000e+00
     vertex -1.434139e+01 -1.100453e+01  0.000000e+00
   endloop
 endfacet
 facet normal  0.000000e+00 -0.000000e+00 -1.000000e+00
   outer loop
     vertex -1.832630e+00 -1.700432e+00  0.000000e+00
     vertex -1.745592e+00 -1.789667e+00  0.000000e+00
     vertex -1.434139e+01 -1.100453e+01  0.000000e+00
   endloop
 endfacet
 facet normal -0.000000e+00  0.000000e+00 -1.000000e+00
   outer loop
     vertex -1.654215e+00 -1.874453e+00  0.000000e+00
     vertex -1.100453e+01 -1.434139e+01  0.000000e+00
     vertex -1.745592e+00 -1.789667e+00  0.000000e+00
   endloop
 endfacet
 facet normal  0.000000e+00 -0.000000e+00 -1.000000e+00
   outer loop
     vertex -1.915111e+00 -1.606969e+00  0.000000e+00
     vertex -1.832630e+00 -1.700432e+00  0.000000e+00
     vertex -1.434139e+01 -1.100453e+01  0.000000e+00
   endloop
 endfacet
 facet normal -0.000000e+00  0.000000e+00 -1.000000e+00
   outer loop
     vertex -1.558725e+00 -1.954579e+00  0.000000e+00
     vertex -1.100453e+01 -1.434139e+01  0.000000e+00
     vertex -1.654215e+00 -1.874453e+00  0.000000e+00
   endloop
 endfacet
 facet normal  0.000000e+00 -0.000000e+00 -1.000000e+00
   outer loop
     vertex -1.992831e+00 -1.509511e+00  0.000000e+00
     vertex -1.915111e+00 -1.606969e+00  0.000000e+00
     vertex -1.434139e+01 -1.100453e+01  0.000000e+00
   endloop
 endfacet
 facet normal -0.000000e+00  0.000000e+00 -1.000000e+00
   outer loop
     vertex -1.459359e+00 -2.029845e+00  0.000000e+00
     vertex -1.100453e+01 -1.434139e+01  0.000000e+00
     vertex -1.558725e+00 -1.954579e+00  0.000000e+00
   endloop
 endfacet
 facet normal  0.000000e+00 -0.000000e+00 -1.000000e+00
   outer loop
     vertex -2.065597e+00 -1.408300e+00  0.000000e+00
     vertex -1.992831e+00 -1.509511e+00  0.000000e+00
     vertex -1.434139e+01 -1.100453e+01  0.000000e+00
   endloop
 endfacet
 facet normal -0.000000e+00  0.000000e+00 -1.000000e+00
   outer loop
     vertex -1.356366e+00 -2.100065e+00  0.000000e+00
     vertex -1.100453e+01 -1.434139e+01  0.000000e+00
     vertex -1.459359e+00 -2.029845e+00  0.000000e+00
   endloop
 endfacet
 facet normal  0.000000e+00 -0.000000e+00 -1.000000e+00
   outer loop
     vertex -2.133227e+00 -1.303588e+00  0.000000e+00
     vertex -2.065597e+00 -1.408300e+00  0.000000e+00
     vertex -1.434139e+01 -1.100453e+01  0.000000e+00
   endloop
 endfacet
 facet normal  0.000000e+00  0.000000e+00 -1.000000e+00
   outer loop
     vertex -1.250000e+00 -2.165064e+00  0.000000e+00
     vertex -6.917739e+00 -1.670090e+01  0.000000e+00
     vertex -1.100453e+01 -1.434139e+01  0.000000e+00
   endloop
 endfacet
 facet normal -0.000000e+00  0.000000e+00 -1.000000e+00
   outer loop
     vertex -1.250000e+00 -2.165064e+00  0.000000e+00
     vertex -1.100453e+01 -1.434139e+01  0.000000e+00
     vertex -1.356366e+00 -2.100065e+00  0.000000e+00
   endloop
 endfacet
 facet normal  0.000000e+00  0.000000e+00 -1.000000e+00
   outer loop
     vertex -2.195554e+00 -1.195635e+00  0.000000e+00
     vertex -1.434139e+01 -1.100453e+01  0.000000e+00
     vertex -1.670090e+01 -6.917739e+00  0.000000e+00
   endloop
 endfacet
 facet normal  0.000000e+00 -0.000000e+00 -1.000000e+00
   outer loop
     vertex -2.195554e+00 -1.195635e+00  0.000000e+00
     vertex -2.133227e+00 -1.303588e+00  0.000000e+00
     vertex -1.434139e+01 -1.100453e+01  0.000000e+00
   endloop
 endfacet
 facet normal -0.000000e+00  0.000000e+00 -1.000000e+00
   outer loop
     vertex -1.140527e+00 -2.224680e+00  0.000000e+00
     vertex -6.917739e+00 -1.670090e+01  0.000000e+00
     vertex -1.250000e+00 -2.165064e+00  0.000000e+00
   endloop
 endfacet
 facet normal  0.000000e+00 -0.000000e+00 -1.000000e+00
   outer loop
     vertex -2.252422e+00 -1.084709e+00  0.000000e+00
     vertex -2.195554e+00 -1.195635e+00  0.000000e+00
     vertex -1.670090e+01 -6.917739e+00  0.000000e+00
   endloop
 endfacet
 facet normal  0.000000e+00  0.000000e+00 -1.000000e+00
   outer loop
     vertex  1.100453e+01 -1.434139e+01  0.000000e+00
     vertex  1.080481e+01 -1.683022e+01  0.000000e+00
     vertex  6.917739e+00 -1.670090e+01  0.000000e+00
   endloop
 endfacet
 facet normal  0.000000e+00  0.000000e+00 -1.000000e+00
   outer loop
     vertex -1.434139e+01  1.100453e+01  0.000000e+00
     vertex -1.670090e+01  6.917739e+00  0.000000e+00
     vertex -1.683022e+01  1.080481e+01  0.000000e+00
   endloop
 endfacet
 facet normal -0.000000e+00  0.000000e+00 -1.000000e+00
   outer loop
     vertex -1.028218e+00 -2.278765e+00  0.000000e+00
     vertex -6.917739e+00 -1.670090e+01  0.000000e+00
     vertex -1.140527e+00 -2.224680e+00  0.000000e+00
   endloop
 endfacet
 facet normal  0.000000e+00 -0.000000e+00 -1.000000e+00
   outer loop
     vertex -2.303691e+00 -9.710870e-01  0.000000e+00
     vertex -2.252422e+00 -1.084709e+00  0.000000e+00
     vertex -1.670090e+01 -6.917739e+00  0.000000e+00
   endloop
 endfacet
 facet normal -0.000000e+00  0.000000e+00 -1.000000e+00
   outer loop
     vertex -9.133526e-01 -2.327184e+00  0.000000e+00
     vertex -6.917739e+00 -1.670090e+01  0.000000e+00
     vertex -1.028218e+00 -2.278765e+00  0.000000e+00
   endloop
 endfacet
 facet normal  0.000000e+00 -0.000000e+00 -1.000000e+00
   outer loop
     vertex -2.349232e+00 -8.550504e-01  0.000000e+00
     vertex -2.303691e+00 -9.710870e-01  0.000000e+00
     vertex -1.670090e+01 -6.917739e+00  0.000000e+00
   endloop
 endfacet
 facet normal -0.000000e+00  0.000000e+00 -1.000000e+00
   outer loop
     vertex -7.962166e-01 -2.369818e+00  0.000000e+00
     vertex -6.917739e+00 -1.670090e+01  0.000000e+00
     vertex -9.133526e-01 -2.327184e+00  0.000000e+00
   endloop
 endfacet
 facet normal  0.000000e+00 -0.000000e+00 -1.000000e+00
   outer loop
     vertex -2.388932e+00 -7.368879e-01  0.000000e+00
     vertex -2.349232e+00 -8.550504e-01  0.000000e+00
     vertex -1.670090e+01 -6.917739e+00  0.000000e+00
   endloop
 endfacet
 facet normal -0.000000e+00  0.000000e+00 -1.000000e+00
   outer loop
     vertex -6.771012e-01 -2.406561e+00  0.000000e+00
     vertex -6.917739e+00 -1.670090e+01  0.000000e+00
     vertex -7.962166e-01 -2.369818e+00  0.000000e+00
   endloop
 endfacet
 facet normal  0.000000e+00  0.000000e+00 -1.000000e+00
   outer loop
     vertex -6.771012e-01 -2.406561e+00  0.000000e+00
     vertex -2.359512e+00 -1.792227e+01  0.000000e+00
     vertex -6.917739e+00 -1.670090e+01  0.000000e+00
   endloop
 endfacet
 facet normal  0.000000e+00 -0.000000e+00 -1.000000e+00
   outer loop
     vertex -2.422693e+00 -6.168935e-01  0.000000e+00
     vertex -2.388932e+00 -7.368879e-01  0.000000e+00
     vertex -1.670090e+01 -6.917739e+00  0.000000e+00
   endloop
 endfacet
 facet normal  0.000000e+00  0.000000e+00 -1.000000e+00
   outer loop
     vertex -2.422693e+00 -6.168935e-01  0.000000e+00
     vertex -1.670090e+01 -6.917739e+00  0.000000e+00
     vertex -1.792227e+01 -2.359512e+00  0.000000e+00
   endloop
 endfacet
 facet normal -0.000000e+00  0.000000e+00 -1.000000e+00
   outer loop
     vertex -5.563023e-01 -2.437320e+00  0.000000e+00
     vertex -2.359512e+00 -1.792227e+01  0.000000e+00
     vertex -6.771012e-01 -2.406561e+00  0.000000e+00
   endloop
 endfacet
 facet normal  0.000000e+00 -0.000000e+00 -1.000000e+00
   outer loop
     vertex -2.450431e+00 -4.953654e-01  0.000000e+00
     vertex -2.422693e+00 -6.168935e-01  0.000000e+00
     vertex -1.792227e+01 -2.359512e+00  0.000000e+00
   endloop
 endfacet
 facet normal -0.000000e+00  0.000000e+00 -1.000000e+00
   outer loop
     vertex -4.341204e-01 -2.462019e+00  0.000000e+00
     vertex -2.359512e+00 -1.792227e+01  0.000000e+00
     vertex -5.563023e-01 -2.437320e+00  0.000000e+00
   endloop
 endfacet
 facet normal  0.000000e+00 -0.000000e+00 -1.000000e+00
   outer loop
     vertex -2.472077e+00 -3.726057e-01  0.000000e+00
     vertex -2.450431e+00 -4.953654e-01  0.000000e+00
     vertex -1.792227e+01 -2.359512e+00  0.000000e+00
   endloop
 endfacet
 facet normal -0.000000e+00  0.000000e+00 -1.000000e+00
   outer loop
     vertex -3.108593e-01 -2.480598e+00  0.000000e+00
     vertex -2.359512e+00 -1.792227e+01  0.000000e+00
     vertex -4.341204e-01 -2.462019e+00  0.000000e+00
   endloop
 endfacet
 facet normal  0.000000e+00 -0.000000e+00 -1.000000e+00
   outer loop
     vertex -2.487577e+00 -2.489196e-01  0.000000e+00
     vertex -2.472077e+00 -3.726057e-01  0.000000e+00
     vertex -1.792227e+01 -2.359512e+00  0.000000e+00
   endloop
 endfacet
 facet normal -0.000000e+00  0.000000e+00 -1.000000e+00
   outer loop
     vertex -1.868252e-01 -2.493009e+00  0.000000e+00
     vertex -2.359512e+00 -1.792227e+01  0.000000e+00
     vertex -3.108593e-01 -2.480598e+00  0.000000e+00
   endloop
 endfacet
 facet normal  0.000000e+00 -0.000000e+00 -1.000000e+00
   outer loop
     vertex -2.496892e+00 -1.246147e-01  0.000000e+00
     vertex -2.487577e+00 -2.489196e-01  0.000000e+00
     vertex -1.792227e+01 -2.359512e+00  0.000000e+00
   endloop
 endfacet
 facet normal -0.000000e+00  0.000000e+00 -1.000000e+00
   outer loop
     vertex -6.232673e-02 -2.499223e+00  0.000000e+00
     vertex -2.359512e+00 -1.792227e+01  0.000000e+00
     vertex -1.868252e-01 -2.493009e+00  0.000000e+00
   endloop
 endfacet
 facet normal  0.000000e+00 -0.000000e+00 -1.000000e+00
   outer loop
     vertex -2.500000e+00 -8.575622e-15  0.000000e+00
     vertex -2.496892e+00 -1.246147e-01  0.000000e+00
     vertex -1.792227e+01 -2.359512e+00  0.000000e+00
   endloop
 endfacet
 facet normal -0.000000e+00  0.000000e+00 -1.000000e+00
   outer loop
     vertex -2.500000e+00 -8.575622e-15  0.000000e+00
     vertex -1.792227e+01 -2.359512e+00  0.000000e+00
     vertex -1.792227e+01  2.359512e+00  0.000000e+00
   endloop
 endfacet
 facet normal  0.000000e+00  0.000000e+00 -1.000000e+00
   outer loop
     vertex  6.232673e-02 -2.499223e+00  0.000000e+00
     vertex -2.359512e+00 -1.792227e+01  0.000000e+00
     vertex -6.232673e-02 -2.499223e+00  0.000000e+00
   endloop
 endfacet
 facet normal  0.000000e+00 -0.000000e+00 -1.000000e+00
   outer loop
     vertex  6.232673e-02 -2.499223e+00  0.000000e+00
     vertex  2.359512e+00 -1.792227e+01  0.000000e+00
     vertex -2.359512e+00 -1.792227e+01  0.000000e+00
   endloop
 endfacet
 facet normal -0.000000e+00  0.000000e+00 -1.000000e+00
   outer loop
     vertex -2.496892e+00  1.246147e-01  0.000000e+00
     vertex -2.500000e+00 -8.575622e-15  0.000000e+00
     vertex -1.792227e+01  2.359512e+00  0.000000e+00
   endloop
 endfacet
 facet normal  0.000000e+00 -0.000000e+00 -1.000000e+00
   outer loop
     vertex  1.868252e-01 -2.493009e+00  0.000000e+00
     vertex  2.359512e+00 -1.792227e+01  0.000000e+00
     vertex  6.232673e-02 -2.499223e+00  0.000000e+00
   endloop
 endfacet
 facet normal -0.000000e+00  0.000000e+00 -1.000000e+00
   outer loop
     vertex -2.487577e+00  2.489196e-01  0.000000e+00
     vertex -2.496892e+00  1.246147e-01  0.000000e+00
     vertex -1.792227e+01  2.359512e+00  0.000000e+00
   endloop
 endfacet
 facet normal  0.000000e+00 -0.000000e+00 -1.000000e+00
   outer loop
     vertex  3.108593e-01 -2.480598e+00  0.000000e+00
     vertex  2.359512e+00 -1.792227e+01  0.000000e+00
     vertex  1.868252e-01 -2.493009e+00  0.000000e+00
   endloop
 endfacet
 facet normal -0.000000e+00  0.000000e+00 -1.000000e+00
   outer loop
     vertex -2.472077e+00  3.726057e-01  0.000000e+00
     vertex -2.487577e+00  2.489196e-01  0.000000e+00
     vertex -1.792227e+01  2.359512e+00  0.000000e+00
   endloop
 endfacet
 facet normal  0.000000e+00 -0.000000e+00 -1.000000e+00
   outer loop
     vertex  4.341204e-01 -2.462019e+00  0.000000e+00
     vertex  2.359512e+00 -1.792227e+01  0.000000e+00
     vertex  3.108593e-01 -2.480598e+00  0.000000e+00
   endloop
 endfacet
 facet normal -0.000000e+00  0.000000e+00 -1.000000e+00
   outer loop
     vertex -2.450431e+00  4.953654e-01  0.000000e+00
     vertex -2.472077e+00  3.726057e-01  0.000000e+00
     vertex -1.792227e+01  2.359512e+00  0.000000e+00
   endloop
 endfacet
 facet normal  0.000000e+00 -0.000000e+00 -1.000000e+00
   outer loop
     vertex  5.563023e-01 -2.437320e+00  0.000000e+00
     vertex  2.359512e+00 -1.792227e+01  0.000000e+00
     vertex  4.341204e-01 -2.462019e+00  0.000000e+00
   endloop
 endfacet
 facet normal -0.000000e+00  0.000000e+00 -1.000000e+00
   outer loop
     vertex -2.422693e+00  6.168935e-01  0.000000e+00
     vertex -2.450431e+00  4.953654e-01  0.000000e+00
     vertex -1.792227e+01  2.359512e+00  0.000000e+00
   endloop
 endfacet
 facet normal  0.000000e+00  0.000000e+00 -1.000000e+00
   outer loop
     vertex -2.422693e+00  6.168935e-01  0.000000e+00
     vertex -1.792227e+01  2.359512e+00  0.000000e+00
     vertex -1.670090e+01  6.917739e+00  0.000000e+00
   endloop
 endfacet
 facet normal  0.000000e+00 -0.000000e+00 -1.000000e+00
   outer loop
     vertex  6.771012e-01 -2.406561e+00  0.000000e+00
     vertex  2.359512e+00 -1.792227e+01  0.000000e+00
     vertex  5.563023e-01 -2.437320e+00  0.000000e+00
   endloop
 endfacet
 facet normal  0.000000e+00  0.000000e+00 -1.000000e+00
   outer loop
     vertex  6.771012e-01 -2.406561e+00  0.000000e+00
     vertex  6.917739e+00 -1.670090e+01  0.000000e+00
     vertex  2.359512e+00 -1.792227e+01  0.000000e+00
   endloop
 endfacet
 facet normal -0.000000e+00  0.000000e+00 -1.000000e+00
   outer loop
     vertex -2.388932e+00  7.368879e-01  0.000000e+00
     vertex -2.422693e+00  6.168935e-01  0.000000e+00
     vertex -1.670090e+01  6.917739e+00  0.000000e+00
   endloop
 endfacet
 facet normal  0.000000e+00 -0.000000e+00 -1.000000e+00
   outer loop
     vertex  7.962166e-01 -2.369818e+00  0.000000e+00
     vertex  6.917739e+00 -1.670090e+01  0.000000e+00
     vertex  6.771012e-01 -2.406561e+00  0.000000e+00
   endloop
 endfacet
 facet normal -0.000000e+00  0.000000e+00 -1.000000e+00
   outer loop
     vertex -2.349232e+00  8.550504e-01  0.000000e+00
     vertex -2.388932e+00  7.368879e-01  0.000000e+00
     vertex -1.670090e+01  6.917739e+00  0.000000e+00
   endloop
 endfacet
 facet normal  0.000000e+00 -0.000000e+00 -1.000000e+00
   outer loop
     vertex  9.133526e-01 -2.327184e+00  0.000000e+00
     vertex  6.917739e+00 -1.670090e+01  0.000000e+00
     vertex  7.962166e-01 -2.369818e+00  0.000000e+00
   endloop
 endfacet
 facet normal -0.000000e+00  0.000000e+00 -1.000000e+00
   outer loop
     vertex -2.303691e+00  9.710870e-01  0.000000e+00
     vertex -2.349232e+00  8.550504e-01  0.000000e+00
     vertex -1.670090e+01  6.917739e+00  0.000000e+00
   endloop
 endfacet
 facet normal  0.000000e+00 -0.000000e+00 -1.000000e+00
   outer loop
     vertex  1.028218e+00 -2.278765e+00  0.000000e+00
     vertex  6.917739e+00 -1.670090e+01  0.000000e+00
     vertex  9.133526e-01 -2.327184e+00  0.000000e+00
   endloop
 endfacet
 facet normal -0.000000e+00  0.000000e+00 -1.000000e+00
   outer loop
     vertex -2.252422e+00  1.084709e+00  0.000000e+00
     vertex -2.303691e+00  9.710870e-01  0.000000e+00
     vertex -1.670090e+01  6.917739e+00  0.000000e+00
   endloop
 endfacet
 facet normal  0.000000e+00 -0.000000e+00 -1.000000e+00
   outer loop
     vertex  1.140527e+00 -2.224680e+00  0.000000e+00
     vertex  6.917739e+00 -1.670090e+01  0.000000e+00
     vertex  1.028218e+00 -2.278765e+00  0.000000e+00
   endloop
 endfacet
 facet normal -0.000000e+00  0.000000e+00 -1.000000e+00
   outer loop
     vertex -2.195554e+00  1.195635e+00  0.000000e+00
     vertex -2.252422e+00  1.084709e+00  0.000000e+00
     vertex -1.670090e+01  6.917739e+00  0.000000e+00
   endloop
 endfacet
 facet normal  0.000000e+00  0.000000e+00 -1.000000e+00
   outer loop
     vertex  1.250000e+00 -2.165064e+00  0.000000e+00
     vertex  1.100453e+01 -1.434139e+01  0.000000e+00
     vertex  6.917739e+00 -1.670090e+01  0.000000e+00
   endloop
 endfacet
 facet normal  0.000000e+00 -0.000000e+00 -1.000000e+00
   outer loop
     vertex  1.250000e+00 -2.165064e+00  0.000000e+00
     vertex  6.917739e+00 -1.670090e+01  0.000000e+00
     vertex  1.140527e+00 -2.224680e+00  0.000000e+00
   endloop
 endfacet
 facet normal -0.000000e+00  0.000000e+00 -1.000000e+00
   outer loop
     vertex -2.133227e+00  1.303588e+00  0.000000e+00
     vertex -2.195554e+00  1.195635e+00  0.000000e+00
     vertex -1.670090e+01  6.917739e+00  0.000000e+00
   endloop
 endfacet
 facet normal  0.000000e+00  0.000000e+00 -1.000000e+00
   outer loop
     vertex -2.133227e+00  1.303588e+00  0.000000e+00
     vertex -1.670090e+01  6.917739e+00  0.000000e+00
     vertex -1.434139e+01  1.100453e+01  0.000000e+00
   endloop
 endfacet
 facet normal  0.000000e+00 -0.000000e+00 -1.000000e+00
   outer loop
     vertex  1.356366e+00 -2.100065e+00  0.000000e+00
     vertex  1.100453e+01 -1.434139e+01  0.000000e+00
     vertex  1.250000e+00 -2.165064e+00  0.000000e+00
   endloop
 endfacet
 facet normal -0.000000e+00  0.000000e+00 -1.000000e+00
   outer loop
     vertex -2.065597e+00  1.408300e+00  0.000000e+00
     vertex -2.133227e+00  1.303588e+00  0.000000e+00
     vertex -1.434139e+01  1.100453e+01  0.000000e+00
   endloop
 endfacet
 facet normal  0.000000e+00 -0.000000e+00 -1.000000e+00
   outer loop
     vertex  1.459359e+00 -2.029845e+00  0.000000e+00
     vertex  1.100453e+01 -1.434139e+01  0.000000e+00
     vertex  1.356366e+00 -2.100065e+00  0.000000e+00
   endloop
 endfacet
 facet normal -0.000000e+00  0.000000e+00 -1.000000e+00
   outer loop
     vertex -1.992831e+00  1.509511e+00  0.000000e+00
     vertex -2.065597e+00  1.408300e+00  0.000000e+00
     vertex -1.434139e+01  1.100453e+01  0.000000e+00
   endloop
 endfacet
 facet normal  0.000000e+00 -0.000000e+00 -1.000000e+00
   outer loop
     vertex  1.558725e+00 -1.954579e+00  0.000000e+00
     vertex  1.100453e+01 -1.434139e+01  0.000000e+00
     vertex  1.459359e+00 -2.029845e+00  0.000000e+00
   endloop
 endfacet
 facet normal -0.000000e+00  0.000000e+00 -1.000000e+00
   outer loop
     vertex -1.915111e+00  1.606969e+00  0.000000e+00
     vertex -1.992831e+00  1.509511e+00  0.000000e+00
     vertex -1.434139e+01  1.100453e+01  0.000000e+00
   endloop
 endfacet
 facet normal  0.000000e+00 -0.000000e+00 -1.000000e+00
   outer loop
     vertex  1.654215e+00 -1.874453e+00  0.000000e+00
     vertex  1.100453e+01 -1.434139e+01  0.000000e+00
     vertex  1.558725e+00 -1.954579e+00  0.000000e+00
   endloop
 endfacet
 facet normal -0.000000e+00  0.000000e+00 -1.000000e+00
   outer loop
     vertex -1.832630e+00  1.700432e+00  0.000000e+00
     vertex -1.915111e+00  1.606969e+00  0.000000e+00
     vertex -1.434139e+01  1.100453e+01  0.000000e+00
   endloop
 endfacet
 facet normal  0.000000e+00 -0.000000e+00 -1.000000e+00
   outer loop
     vertex  1.745592e+00 -1.789667e+00  0.000000e+00
     vertex  1.100453e+01 -1.434139e+01  0.000000e+00
     vertex  1.654215e+00 -1.874453e+00  0.000000e+00
   endloop
 endfacet
 facet normal -0.000000e+00  0.000000e+00 -1.000000e+00
   outer loop
     vertex -1.745592e+00  1.789667e+00  0.000000e+00
     vertex -1.832630e+00  1.700432e+00  0.000000e+00
     vertex -1.434139e+01  1.100453e+01  0.000000e+00
   endloop
 endfacet
 facet normal  0.000000e+00  0.000000e+00 -1.000000e+00
   outer loop
     vertex  1.434139e+01 -1.100453e+01  0.000000e+00
     vertex  1.346025e+01 -1.479262e+01  0.000000e+00
     vertex  1.100453e+01 -1.434139e+01  0.000000e+00
   endloop
 endfacet
 facet normal  0.000000e+00 -0.000000e+00 -1.000000e+00
   outer loop
     vertex  1.434139e+01 -1.100453e+01  0.000000e+00
     vertex  1.479262e+01 -1.346025e+01  0.000000e+00
     vertex  1.346025e+01 -1.479262e+01  0.000000e+00
   endloop
 endfacet
 facet normal  0.000000e+00  0.000000e+00 -1.000000e+00
   outer loop
     vertex  1.434139e+01 -1.100453e+01  0.000000e+00
     vertex  1.745592e+00 -1.789667e+00  0.000000e+00
     vertex  1.832630e+00 -1.700432e+00  0.000000e+00
   endloop
 endfacet
 facet normal  0.000000e+00  0.000000e+00 -1.000000e+00
   outer loop
     vertex  1.434139e+01 -1.100453e+01  0.000000e+00
     vertex  1.832630e+00 -1.700432e+00  0.000000e+00
     vertex  1.915111e+00 -1.606969e+00  0.000000e+00
   endloop
 endfacet
 facet normal  0.000000e+00  0.000000e+00 -1.000000e+00
   outer loop
     vertex  1.434139e+01 -1.100453e+01  0.000000e+00
     vertex  1.915111e+00 -1.606969e+00  0.000000e+00
     vertex  1.992831e+00 -1.509511e+00  0.000000e+00
   endloop
 endfacet
 facet normal  0.000000e+00  0.000000e+00 -1.000000e+00
   outer loop
     vertex  1.434139e+01 -1.100453e+01  0.000000e+00
     vertex  1.992831e+00 -1.509511e+00  0.000000e+00
     vertex  2.065597e+00 -1.408300e+00  0.000000e+00
   endloop
 endfacet
 facet normal  0.000000e+00  0.000000e+00 -1.000000e+00
   outer loop
     vertex  1.434139e+01 -1.100453e+01  0.000000e+00
     vertex  2.065597e+00 -1.408300e+00  0.000000e+00
     vertex  2.133227e+00 -1.303588e+00  0.000000e+00
   endloop
 endfacet
 facet normal -0.000000e+00  0.000000e+00 -1.000000e+00
   outer loop
     vertex  1.434139e+01 -1.100453e+01  0.000000e+00
     vertex  1.100453e+01 -1.434139e+01  0.000000e+00
     vertex  1.745592e+00 -1.789667e+00  0.000000e+00
   endloop
 endfacet
 facet normal  0.000000e+00  0.000000e+00 -1.000000e+00
   outer loop
     vertex -1.100453e+01  1.434139e+01  0.000000e+00
     vertex -1.250000e+00  2.165064e+00  0.000000e+00
     vertex -1.356366e+00  2.100065e+00  0.000000e+00
   endloop
 endfacet
 facet normal  0.000000e+00  0.000000e+00 -1.000000e+00
   outer loop
     vertex -1.100453e+01  1.434139e+01  0.000000e+00
     vertex -1.356366e+00  2.100065e+00  0.000000e+00
     vertex -1.459359e+00  2.029845e+00  0.000000e+00
   endloop
 endfacet
 facet normal  0.000000e+00  0.000000e+00 -1.000000e+00
   outer loop
     vertex -1.100453e+01  1.434139e+01  0.000000e+00
     vertex -1.459359e+00  2.029845e+00  0.000000e+00
     vertex -1.558725e+00  1.954579e+00  0.000000e+00
   endloop
 endfacet
 facet normal  0.000000e+00  0.000000e+00 -1.000000e+00
   outer loop
     vertex -1.100453e+01  1.434139e+01  0.000000e+00
     vertex -1.558725e+00  1.954579e+00  0.000000e+00
     vertex -1.654215e+00  1.874453e+00  0.000000e+00
   endloop
 endfacet
 facet normal  0.000000e+00  0.000000e+00 -1.000000e+00
   outer loop
     vertex -1.100453e+01  1.434139e+01  0.000000e+00
     vertex -1.654215e+00  1.874453e+00  0.000000e+00
     vertex -1.745592e+00  1.789667e+00  0.000000e+00
   endloop
 endfacet
 facet normal -0.000000e+00  0.000000e+00 -1.000000e+00
   outer loop
     vertex -1.100453e+01  1.434139e+01  0.000000e+00
     vertex -1.479262e+01  1.346025e+01  0.000000e+00
     vertex -1.346025e+01  1.479262e+01  0.000000e+00
   endloop
 endfacet
 facet normal  0.000000e+00  0.000000e+00 -1.000000e+00
   outer loop
     vertex -1.100453e+01  1.434139e+01  0.000000e+00
     vertex -1.434139e+01  1.100453e+01  0.000000e+00
     vertex -1.479262e+01  1.346025e+01  0.000000e+00
   endloop
 endfacet
 facet normal  0.000000e+00 -0.000000e+00 -1.000000e+00
   outer loop
     vertex -1.100453e+01  1.434139e+01  0.000000e+00
     vertex -1.745592e+00  1.789667e+00  0.000000e+00
     vertex -1.434139e+01  1.100453e+01  0.000000e+00
   endloop
 endfacet
 facet normal  0.000000e+00  0.000000e+00 -1.000000e+00
   outer loop
     vertex  1.777234e+01 -9.172991e+00  0.000000e+00
     vertex  1.683022e+01 -1.080481e+01  0.000000e+00
     vertex  1.434139e+01 -1.100453e+01  0.000000e+00
   endloop
 endfacet
 facet normal  0.000000e+00 -0.000000e+00 -1.000000e+00
   outer loop
     vertex  1.670090e+01 -6.917739e+00  0.000000e+00
     vertex  1.777234e+01 -9.172991e+00  0.000000e+00
     vertex  1.434139e+01 -1.100453e+01  0.000000e+00
   endloop
 endfacet
 facet normal -0.000000e+00  0.000000e+00 -1.000000e+00
   outer loop
     vertex  1.670090e+01 -6.917739e+00  0.000000e+00
     vertex  1.434139e+01 -1.100453e+01  0.000000e+00
     vertex  2.133227e+00 -1.303588e+00  0.000000e+00
   endloop
 endfacet
 facet normal  0.000000e+00  0.000000e+00 -1.000000e+00
   outer loop
     vertex  1.670090e+01 -6.917739e+00  0.000000e+00
     vertex  2.133227e+00 -1.303588e+00  0.000000e+00
     vertex  2.195554e+00 -1.195635e+00  0.000000e+00
   endloop
 endfacet
 facet normal  0.000000e+00  0.000000e+00 -1.000000e+00
   outer loop
     vertex  1.670090e+01 -6.917739e+00  0.000000e+00
     vertex  2.195554e+00 -1.195635e+00  0.000000e+00
     vertex  2.252422e+00 -1.084709e+00  0.000000e+00
   endloop
 endfacet
 facet normal  0.000000e+00  0.000000e+00 -1.000000e+00
   outer loop
     vertex  1.670090e+01 -6.917739e+00  0.000000e+00
     vertex  2.252422e+00 -1.084709e+00  0.000000e+00
     vertex  2.303691e+00 -9.710870e-01  0.000000e+00
   endloop
 endfacet
 facet normal  0.000000e+00  0.000000e+00 -1.000000e+00
   outer loop
     vertex  1.670090e+01 -6.917739e+00  0.000000e+00
     vertex  2.303691e+00 -9.710870e-01  0.000000e+00
     vertex  2.349232e+00 -8.550504e-01  0.000000e+00
   endloop
 endfacet
 facet normal  0.000000e+00  0.000000e+00 -1.000000e+00
   outer loop
     vertex  1.670090e+01 -6.917739e+00  0.000000e+00
     vertex  2.349232e+00 -8.550504e-01  0.000000e+00
     vertex  2.388932e+00 -7.368879e-01  0.000000e+00
   endloop
 endfacet
 facet normal  0.000000e+00  0.000000e+00 -1.000000e+00
   outer loop
     vertex  1.670090e+01 -6.917739e+00  0.000000e+00
     vertex  2.388932e+00 -7.368879e-01  0.000000e+00
     vertex  2.422693e+00 -6.168935e-01  0.000000e+00
   endloop
 endfacet
 facet normal  0.000000e+00  0.000000e+00 -1.000000e+00
   outer loop
     vertex -6.917739e+00  1.670090e+01  0.000000e+00
     vertex -6.771012e-01  2.406561e+00  0.000000e+00
     vertex -7.962166e-01  2.369818e+00  0.000000e+00
   endloop
 endfacet
 facet normal  0.000000e+00  0.000000e+00 -1.000000e+00
   outer loop
     vertex -6.917739e+00  1.670090e+01  0.000000e+00
     vertex -7.962166e-01  2.369818e+00  0.000000e+00
     vertex -9.133526e-01  2.327184e+00  0.000000e+00
   endloop
 endfacet
 facet normal  0.000000e+00  0.000000e+00 -1.000000e+00
   outer loop
     vertex -6.917739e+00  1.670090e+01  0.000000e+00
     vertex -9.133526e-01  2.327184e+00  0.000000e+00
     vertex -1.028218e+00  2.278765e+00  0.000000e+00
   endloop
 endfacet
 facet normal  0.000000e+00  0.000000e+00 -1.000000e+00
   outer loop
     vertex -6.917739e+00  1.670090e+01  0.000000e+00
     vertex -1.028218e+00  2.278765e+00  0.000000e+00
     vertex -1.140527e+00  2.224680e+00  0.000000e+00
   endloop
 endfacet
 facet normal  0.000000e+00  0.000000e+00 -1.000000e+00
   outer loop
     vertex -6.917739e+00  1.670090e+01  0.000000e+00
     vertex -1.140527e+00  2.224680e+00  0.000000e+00
     vertex -1.250000e+00  2.165064e+00  0.000000e+00
   endloop
 endfacet
 facet normal  0.000000e+00  0.000000e+00 -1.000000e+00
   outer loop
     vertex -6.917739e+00  1.670090e+01  0.000000e+00
     vertex -1.080481e+01  1.683022e+01  0.000000e+00
     vertex -9.172991e+00  1.777234e+01  0.000000e+00
   endloop
 endfacet
 facet normal -0.000000e+00  0.000000e+00 -1.000000e+00
   outer loop
     vertex -6.917739e+00  1.670090e+01  0.000000e+00
     vertex -1.100453e+01  1.434139e+01  0.000000e+00
     vertex -1.080481e+01  1.683022e+01  0.000000e+00
   endloop
 endfacet
 facet normal  0.000000e+00 -0.000000e+00 -1.000000e+00
   outer loop
     vertex -6.917739e+00  1.670090e+01  0.000000e+00
     vertex -1.250000e+00  2.165064e+00  0.000000e+00
     vertex -1.100453e+01  1.434139e+01  0.000000e+00
   endloop
 endfacet
 facet normal -0.000000e+00  0.000000e+00 -1.000000e+00
   outer loop
     vertex  1.792227e+01 -2.359512e+00  0.000000e+00
     vertex  1.670090e+01 -6.917739e+00  0.000000e+00
     vertex  2.422693e+00 -6.168935e-01  0.000000e+00
   endloop
 endfacet
 facet normal  0.000000e+00 -0.000000e+00 -1.000000e+00
   outer loop
     vertex  1.792227e+01 -2.359512e+00  0.000000e+00
     vertex  1.905323e+01 -6.080661e+00  0.000000e+00
     vertex  1.670090e+01 -6.917739e+00  0.000000e+00
   endloop
 endfacet
 facet normal  0.000000e+00  0.000000e+00 -1.000000e+00
   outer loop
     vertex  1.792227e+01 -2.359512e+00  0.000000e+00
     vertex  1.954091e+01 -4.260608e+00  0.000000e+00
     vertex  1.905323e+01 -6.080661e+00  0.000000e+00
   endloop
 endfacet
 facet normal  0.000000e+00  0.000000e+00 -1.000000e+00
   outer loop
     vertex  1.792227e+01 -2.359512e+00  0.000000e+00
     vertex  2.422693e+00 -6.168935e-01  0.000000e+00
     vertex  2.450431e+00 -4.953654e-01  0.000000e+00
   endloop
 endfacet
 facet normal  0.000000e+00  0.000000e+00 -1.000000e+00
   outer loop
     vertex  1.792227e+01 -2.359512e+00  0.000000e+00
     vertex  2.450431e+00 -4.953654e-01  0.000000e+00
     vertex  2.472077e+00 -3.726057e-01  0.000000e+00
   endloop
 endfacet
 facet normal  0.000000e+00  0.000000e+00 -1.000000e+00
   outer loop
     vertex  1.792227e+01 -2.359512e+00  0.000000e+00
     vertex  2.472077e+00 -3.726057e-01  0.000000e+00
     vertex  2.487577e+00 -2.489196e-01  0.000000e+00
   endloop
 endfacet
 facet normal  0.000000e+00  0.000000e+00 -1.000000e+00
   outer loop
     vertex  1.792227e+01 -2.359512e+00  0.000000e+00
     vertex  2.487577e+00 -2.489196e-01  0.000000e+00
     vertex  2.496892e+00 -1.246147e-01  0.000000e+00
   endloop
 endfacet
 facet normal  0.000000e+00  0.000000e+00 -1.000000e+00
   outer loop
     vertex  1.792227e+01 -2.359512e+00  0.000000e+00
     vertex  2.496892e+00 -1.246147e-01  0.000000e+00
     vertex  2.500000e+00  0.000000e+00  0.000000e+00
   endloop
 endfacet
 facet normal  0.000000e+00  0.000000e+00 -1.000000e+00
   outer loop
     vertex -2.359512e+00  1.792227e+01  0.000000e+00
     vertex -6.232673e-02  2.499223e+00  0.000000e+00
     vertex -1.868252e-01  2.493009e+00  0.000000e+00
   endloop
 endfacet
 facet normal  0.000000e+00  0.000000e+00 -1.000000e+00
   outer loop
     vertex -2.359512e+00  1.792227e+01  0.000000e+00
     vertex -1.868252e-01  2.493009e+00  0.000000e+00
     vertex -3.108593e-01  2.480598e+00  0.000000e+00
   endloop
 endfacet
 facet normal  0.000000e+00  0.000000e+00 -1.000000e+00
   outer loop
     vertex -2.359512e+00  1.792227e+01  0.000000e+00
     vertex -3.108593e-01  2.480598e+00  0.000000e+00
     vertex -4.341204e-01  2.462019e+00  0.000000e+00
   endloop
 endfacet
 facet normal  0.000000e+00  0.000000e+00 -1.000000e+00
   outer loop
     vertex -2.359512e+00  1.792227e+01  0.000000e+00
     vertex -4.341204e-01  2.462019e+00  0.000000e+00
     vertex -5.563023e-01  2.437320e+00  0.000000e+00
   endloop
 endfacet
 facet normal  0.000000e+00  0.000000e+00 -1.000000e+00
   outer loop
     vertex -2.359512e+00  1.792227e+01  0.000000e+00
     vertex -5.563023e-01  2.437320e+00  0.000000e+00
     vertex -6.771012e-01  2.406561e+00  0.000000e+00
   endloop
 endfacet
 facet normal  0.000000e+00  0.000000e+00 -1.000000e+00
   outer loop
     vertex -2.359512e+00  1.792227e+01  0.000000e+00
     vertex -6.080661e+00  1.905323e+01  0.000000e+00
     vertex -4.260608e+00  1.954091e+01  0.000000e+00
   endloop
 endfacet
 facet normal -0.000000e+00  0.000000e+00 -1.000000e+00
   outer loop
     vertex -2.359512e+00  1.792227e+01  0.000000e+00
     vertex -6.917739e+00  1.670090e+01  0.000000e+00
     vertex -6.080661e+00  1.905323e+01  0.000000e+00
   endloop
 endfacet
 facet normal  0.000000e+00 -0.000000e+00 -1.000000e+00
   outer loop
     vertex -2.359512e+00  1.792227e+01  0.000000e+00
     vertex -6.771012e-01  2.406561e+00  0.000000e+00
     vertex -6.917739e+00  1.670090e+01  0.000000e+00
   endloop
 endfacet
 facet normal  0.000000e+00 -0.000000e+00 -1.000000e+00
   outer loop
     vertex  1.792227e+01  2.359512e+00  0.000000e+00
     vertex  1.792227e+01 -2.359512e+00  0.000000e+00
     vertex  2.500000e+00  0.000000e+00  0.000000e+00
   endloop
 endfacet
 facet normal  0.000000e+00  0.000000e+00 -1.000000e+00
   outer loop
     vertex  1.792227e+01  2.359512e+00  0.000000e+00
     vertex  2.500000e+00  0.000000e+00  0.000000e+00
     vertex  2.496892e+00  1.246147e-01  0.000000e+00
   endloop
 endfacet
 facet normal  0.000000e+00  0.000000e+00 -1.000000e+00
   outer loop
     vertex  1.792227e+01  2.359512e+00  0.000000e+00
     vertex  2.496892e+00  1.246147e-01  0.000000e+00
     vertex  2.487577e+00  2.489196e-01  0.000000e+00
   endloop
 endfacet
 facet normal  0.000000e+00  0.000000e+00 -1.000000e+00
   outer loop
     vertex  1.792227e+01  2.359512e+00  0.000000e+00
     vertex  2.487577e+00  2.489196e-01  0.000000e+00
     vertex  2.472077e+00  3.726057e-01  0.000000e+00
   endloop
 endfacet
 facet normal  0.000000e+00  0.000000e+00 -1.000000e+00
   outer loop
     vertex  1.792227e+01  2.359512e+00  0.000000e+00
     vertex  2.472077e+00  3.726057e-01  0.000000e+00
     vertex  2.450431e+00  4.953654e-01  0.000000e+00
   endloop
 endfacet
 facet normal  0.000000e+00  0.000000e+00 -1.000000e+00
   outer loop
     vertex  1.792227e+01  2.359512e+00  0.000000e+00
     vertex  2.450431e+00  4.953654e-01  0.000000e+00
     vertex  2.422693e+00  6.168935e-01  0.000000e+00
   endloop
 endfacet
 facet normal  0.000000e+00  0.000000e+00 -1.000000e+00
   outer loop
     vertex  2.359512e+00  1.792227e+01  0.000000e+00
     vertex  4.341204e-01  2.462019e+00  0.000000e+00
     vertex  3.108593e-01  2.480598e+00  0.000000e+00
   endloop
 endfacet
 facet normal  0.000000e+00  0.000000e+00 -1.000000e+00
   outer loop
     vertex  2.359512e+00  1.792227e+01  0.000000e+00
     vertex  3.108593e-01  2.480598e+00  0.000000e+00
     vertex  1.868252e-01  2.493009e+00  0.000000e+00
   endloop
 endfacet
 facet normal  0.000000e+00  0.000000e+00 -1.000000e+00
   outer loop
     vertex  2.359512e+00  1.792227e+01  0.000000e+00
     vertex  1.868252e-01  2.493009e+00  0.000000e+00
     vertex  6.232673e-02  2.499223e+00  0.000000e+00
   endloop
 endfacet
 facet normal  0.000000e+00  0.000000e+00 -1.000000e+00
   outer loop
     vertex  2.359512e+00  1.792227e+01  0.000000e+00
     vertex  6.232673e-02  2.499223e+00  0.000000e+00
     vertex -6.232673e-02  2.499223e+00  0.000000e+00
   endloop
 endfacet
 facet normal -0.000000e+00  0.000000e+00 -1.000000e+00
   outer loop
     vertex  2.359512e+00  1.792227e+01  0.000000e+00
     vertex -6.232673e-02  2.499223e+00  0.000000e+00
     vertex -2.359512e+00  1.792227e+01  0.000000e+00
   endloop
 endfacet
 facet normal  0.000000e+00  0.000000e+00 -1.000000e+00
   outer loop
     vertex  2.359512e+00  1.792227e+01  0.000000e+00
     vertex  6.771012e-01  2.406561e+00  0.000000e+00
     vertex  5.563023e-01  2.437320e+00  0.000000e+00
   endloop
 endfacet
 facet normal  0.000000e+00  0.000000e+00 -1.000000e+00
   outer loop
     vertex  2.359512e+00  1.792227e+01  0.000000e+00
     vertex  5.563023e-01  2.437320e+00  0.000000e+00
     vertex  4.341204e-01  2.462019e+00  0.000000e+00
   endloop
 endfacet
 facet normal  0.000000e+00 -0.000000e+00 -1.000000e+00
   outer loop
     vertex  1.997780e+01  9.421290e-01  0.000000e+00
     vertex  1.997780e+01 -9.421290e-01  0.000000e+00
     vertex  1.792227e+01 -2.359512e+00  0.000000e+00
   endloop
 endfacet
 facet normal -0.000000e+00  0.000000e+00 -1.000000e+00
   outer loop
     vertex  1.997780e+01  9.421290e-01  0.000000e+00
     vertex  1.792227e+01 -2.359512e+00  0.000000e+00
     vertex  1.792227e+01  2.359512e+00  0.000000e+00
   endloop
 endfacet
 facet normal  0.000000e+00 -0.000000e+00 -1.000000e+00
   outer loop
     vertex  9.421290e-01  1.997780e+01  0.000000e+00
     vertex  2.359512e+00  1.792227e+01  0.000000e+00
     vertex -2.359512e+00  1.792227e+01  0.000000e+00
   endloop
 endfacet
 facet normal -0.000000e+00  0.000000e+00 -1.000000e+00
   outer loop
     vertex  9.421290e-01  1.997780e+01  0.000000e+00
     vertex -2.359512e+00  1.792227e+01  0.000000e+00
     vertex -9.421290e-01  1.997780e+01  0.000000e+00
   endloop
 endfacet
 facet normal  0.000000e+00 -0.000000e+00 -1.000000e+00
   outer loop
     vertex  1.670090e+01  6.917739e+00  0.000000e+00
     vertex  1.792227e+01  2.359512e+00  0.000000e+00
     vertex  2.422693e+00  6.168935e-01  0.000000e+00
   endloop
 endfacet
 facet normal  0.000000e+00  0.000000e+00 -1.000000e+00
   outer loop
     vertex  1.670090e+01  6.917739e+00  0.000000e+00
     vertex  2.422693e+00  6.168935e-01  0.000000e+00
     vertex  2.388932e+00  7.368879e-01  0.000000e+00
   endloop
 endfacet
 facet normal  0.000000e+00  0.000000e+00 -1.000000e+00
   outer loop
     vertex  1.670090e+01  6.917739e+00  0.000000e+00
     vertex  2.388932e+00  7.368879e-01  0.000000e+00
     vertex  2.349232e+00  8.550504e-01  0.000000e+00
   endloop
 endfacet
 facet normal  0.000000e+00  0.000000e+00 -1.000000e+00
   outer loop
     vertex  1.670090e+01  6.917739e+00  0.000000e+00
     vertex  2.349232e+00  8.550504e-01  0.000000e+00
     vertex  2.303691e+00  9.710870e-01  0.000000e+00
   endloop
 endfacet
 facet normal  0.000000e+00  0.000000e+00 -1.000000e+00
   outer loop
     vertex  1.670090e+01  6.917739e+00  0.000000e+00
     vertex  2.303691e+00  9.710870e-01  0.000000e+00
     vertex  2.252422e+00  1.084709e+00  0.000000e+00
   endloop
 endfacet
 facet normal  0.000000e+00  0.000000e+00 -1.000000e+00
   outer loop
     vertex  1.670090e+01  6.917739e+00  0.000000e+00
     vertex  2.252422e+00  1.084709e+00  0.000000e+00
     vertex  2.195554e+00  1.195635e+00  0.000000e+00
   endloop
 endfacet
 facet normal  0.000000e+00  0.000000e+00 -1.000000e+00
   outer loop
     vertex  1.670090e+01  6.917739e+00  0.000000e+00
     vertex  2.195554e+00  1.195635e+00  0.000000e+00
     vertex  2.133227e+00  1.303588e+00  0.000000e+00
   endloop
 endfacet
 facet normal -0.000000e+00  0.000000e+00 -1.000000e+00
   outer loop
     vertex  6.917739e+00  1.670090e+01  0.000000e+00
     vertex  6.771012e-01  2.406561e+00  0.000000e+00
     vertex  2.359512e+00  1.792227e+01  0.000000e+00
   endloop
 endfacet
 facet normal  0.000000e+00  0.000000e+00 -1.000000e+00
   outer loop
     vertex  6.917739e+00  1.670090e+01  0.000000e+00
     vertex  1.250000e+00  2.165064e+00  0.000000e+00
     vertex  1.140527e+00  2.224680e+00  0.000000e+00
   endloop
 endfacet
 facet normal  0.000000e+00  0.000000e+00 -1.000000e+00
   outer loop
     vertex  6.917739e+00  1.670090e+01  0.000000e+00
     vertex  1.140527e+00  2.224680e+00  0.000000e+00
     vertex  1.028218e+00  2.278765e+00  0.000000e+00
   endloop
 endfacet
 facet normal  0.000000e+00  0.000000e+00 -1.000000e+00
   outer loop
     vertex  6.917739e+00  1.670090e+01  0.000000e+00
     vertex  1.028218e+00  2.278765e+00  0.000000e+00
     vertex  9.133526e-01  2.327184e+00  0.000000e+00
   endloop
 endfacet
 facet normal  0.000000e+00  0.000000e+00 -1.000000e+00
   outer loop
     vertex  6.917739e+00  1.670090e+01  0.000000e+00
     vertex  9.133526e-01  2.327184e+00  0.000000e+00
     vertex  7.962166e-01  2.369818e+00  0.000000e+00
   endloop
 endfacet
 facet normal  0.000000e+00  0.000000e+00 -1.000000e+00
   outer loop
     vertex  6.917739e+00  1.670090e+01  0.000000e+00
     vertex  7.962166e-01  2.369818e+00  0.000000e+00
     vertex  6.771012e-01  2.406561e+00  0.000000e+00
   endloop
 endfacet
 facet normal  0.000000e+00 -0.000000e+00 -1.000000e+00
   outer loop
     vertex  1.905323e+01  6.080661e+00  0.000000e+00
     vertex  1.954091e+01  4.260608e+00  0.000000e+00
     vertex  1.792227e+01  2.359512e+00  0.000000e+00
   endloop
 endfacet
 facet normal -0.000000e+00  0.000000e+00 -1.000000e+00
   outer loop
     vertex  1.905323e+01  6.080661e+00  0.000000e+00
     vertex  1.792227e+01  2.359512e+00  0.000000e+00
     vertex  1.670090e+01  6.917739e+00  0.000000e+00
   endloop
 endfacet
 facet normal  0.000000e+00 -0.000000e+00 -1.000000e+00
   outer loop
     vertex  6.080661e+00  1.905323e+01  0.000000e+00
     vertex  6.917739e+00  1.670090e+01  0.000000e+00
     vertex  2.359512e+00  1.792227e+01  0.000000e+00
   endloop
 endfacet
 facet normal -0.000000e+00  0.000000e+00 -1.000000e+00
   outer loop
     vertex  6.080661e+00  1.905323e+01  0.000000e+00
     vertex  2.359512e+00  1.792227e+01  0.000000e+00
     vertex  4.260608e+00  1.954091e+01  0.000000e+00
   endloop
 endfacet
 facet normal -0.000000e+00  0.000000e+00 -1.000000e+00
   outer loop
     vertex  1.100453e+01  1.434139e+01  0.000000e+00
     vertex  1.250000e+00  2.165064e+00  0.000000e+00
     vertex  6.917739e+00  1.670090e+01  0.000000e+00
   endloop
 endfacet
 facet normal  0.000000e+00  0.000000e+00 -1.000000e+00
   outer loop
     vertex  1.100453e+01  1.434139e+01  0.000000e+00
     vertex  1.745592e+00  1.789667e+00  0.000000e+00
     vertex  1.654215e+00  1.874453e+00  0.000000e+00
   endloop
 endfacet
 facet normal  0.000000e+00  0.000000e+00 -1.000000e+00
   outer loop
     vertex  1.100453e+01  1.434139e+01  0.000000e+00
     vertex  1.654215e+00  1.874453e+00  0.000000e+00
     vertex  1.558725e+00  1.954579e+00  0.000000e+00
   endloop
 endfacet
 facet normal  0.000000e+00  0.000000e+00 -1.000000e+00
   outer loop
     vertex  1.100453e+01  1.434139e+01  0.000000e+00
     vertex  1.558725e+00  1.954579e+00  0.000000e+00
     vertex  1.459359e+00  2.029845e+00  0.000000e+00
   endloop
 endfacet
 facet normal  0.000000e+00  0.000000e+00 -1.000000e+00
   outer loop
     vertex  1.100453e+01  1.434139e+01  0.000000e+00
     vertex  1.459359e+00  2.029845e+00  0.000000e+00
     vertex  1.356366e+00  2.100065e+00  0.000000e+00
   endloop
 endfacet
 facet normal  0.000000e+00  0.000000e+00 -1.000000e+00
   outer loop
     vertex  1.100453e+01  1.434139e+01  0.000000e+00
     vertex  1.356366e+00  2.100065e+00  0.000000e+00
     vertex  1.250000e+00  2.165064e+00  0.000000e+00
   endloop
 endfacet
 facet normal -0.000000e+00  0.000000e+00 -1.000000e+00
   outer loop
     vertex  1.434139e+01  1.100453e+01  0.000000e+00
     vertex  1.745592e+00  1.789667e+00  0.000000e+00
     vertex  1.100453e+01  1.434139e+01  0.000000e+00
   endloop
 endfacet
 facet normal  0.000000e+00 -0.000000e+00 -1.000000e+00
   outer loop
     vertex  1.434139e+01  1.100453e+01  0.000000e+00
     vertex  1.670090e+01  6.917739e+00  0.000000e+00
     vertex  2.133227e+00  1.303588e+00  0.000000e+00
   endloop
 endfacet
 facet normal  0.000000e+00  0.000000e+00 -1.000000e+00
   outer loop
     vertex  1.434139e+01  1.100453e+01  0.000000e+00
     vertex  2.133227e+00  1.303588e+00  0.000000e+00
     vertex  2.065597e+00  1.408300e+00  0.000000e+00
   endloop
 endfacet
 facet normal  0.000000e+00  0.000000e+00 -1.000000e+00
   outer loop
     vertex  1.434139e+01  1.100453e+01  0.000000e+00
     vertex  2.065597e+00  1.408300e+00  0.000000e+00
     vertex  1.992831e+00  1.509511e+00  0.000000e+00
   endloop
 endfacet
 facet normal  0.000000e+00  0.000000e+00 -1.000000e+00
   outer loop
     vertex  1.434139e+01  1.100453e+01  0.000000e+00
     vertex  1.992831e+00  1.509511e+00  0.000000e+00
     vertex  1.915111e+00  1.606969e+00  0.000000e+00
   endloop
 endfacet
 facet normal  0.000000e+00  0.000000e+00 -1.000000e+00
   outer loop
     vertex  1.434139e+01  1.100453e+01  0.000000e+00
     vertex  1.915111e+00  1.606969e+00  0.000000e+00
     vertex  1.832630e+00  1.700432e+00  0.000000e+00
   endloop
 endfacet
 facet normal  0.000000e+00  0.000000e+00 -1.000000e+00
   outer loop
     vertex  1.434139e+01  1.100453e+01  0.000000e+00
     vertex  1.832630e+00  1.700432e+00  0.000000e+00
     vertex  1.745592e+00  1.789667e+00  0.000000e+00
   endloop
 endfacet
 facet normal  0.000000e+00 -0.000000e+00 -1.000000e+00
   outer loop
     vertex  9.172991e+00  1.777234e+01  0.000000e+00
     vertex  1.100453e+01  1.434139e+01  0.000000e+00
     vertex  6.917739e+00  1.670090e+01  0.000000e+00
   endloop
 endfacet
 facet normal -0.000000e+00 -0.000000e+00 -1.000000e+00
   outer loop
     vertex  1.080481e+01  1.683022e+01  0.000000e+00
     vertex  1.100453e+01  1.434139e+01  0.000000e+00
     vertex  9.172991e+00  1.777234e+01  0.000000e+00
   endloop
 endfacet
 facet normal  0.000000e+00 -0.000000e+00 -1.000000e+00
   outer loop
     vertex  1.683022e+01  1.080481e+01  0.000000e+00
     vertex  1.777234e+01  9.172991e+00  0.000000e+00
     vertex  1.670090e+01  6.917739e+00  0.000000e+00
   endloop
 endfacet
 facet normal -0.000000e+00  0.000000e+00 -1.000000e+00
   outer loop
     vertex  1.683022e+01  1.080481e+01  0.000000e+00
     vertex  1.670090e+01  6.917739e+00  0.000000e+00
     vertex  1.434139e+01  1.100453e+01  0.000000e+00
   endloop
 endfacet
 facet normal  0.000000e+00  0.000000e+00 -1.000000e+00
   outer loop
     vertex  1.479262e+01  1.346025e+01  0.000000e+00
     vertex  1.100453e+01  1.434139e+01  0.000000e+00
     vertex  1.346025e+01  1.479262e+01  0.000000e+00
   endloop
 endfacet
 facet normal -0.000000e+00  0.000000e+00 -1.000000e+00
   outer loop
     vertex  1.479262e+01  1.346025e+01  0.000000e+00
     vertex  1.434139e+01  1.100453e+01  0.000000e+00
     vertex  1.100453e+01  1.434139e+01  0.000000e+00
   endloop
 endfacet
 facet normal  0.000000e+00  0.000000e+00  1.000000e+00
   outer loop
     vertex -1.100453e+01 -1.434139e+01  8.000000e+00
     vertex -1.080481e+01 -1.683022e+01  8.000000e+00
     vertex -9.172991e+00 -1.777234e+01  8.000000e+00
   endloop
 endfacet
 facet normal  0.000000e+00  0.000000e+00  1.000000e+00
   outer loop
     vertex -1.434139e+01 -1.100453e+01  8.000000e+00
     vertex -1.479262e+01 -1.346025e+01  8.000000e+00
     vertex -1.346025e+01 -1.479262e+01  8.000000e+00
   endloop
 endfacet
 facet normal  0.000000e+00  0.000000e+00  1.000000e+00
   outer loop
     vertex -1.434139e+01 -1.100453e+01  8.000000e+00
     vertex -1.346025e+01 -1.479262e+01  8.000000e+00
     vertex -1.100453e+01 -1.434139e+01  8.000000e+00
   endloop
 endfacet
 facet normal  0.000000e+00  0.000000e+00  1.000000e+00
   outer loop
     vertex -6.917739e+00 -1.670090e+01  8.000000e+00
     vertex -1.100453e+01 -1.434139e+01  8.000000e+00
     vertex -9.172991e+00 -1.777234e+01  8.000000e+00
   endloop
 endfacet
 facet normal  0.000000e+00  0.000000e+00  1.000000e+00
   outer loop
     vertex -1.670090e+01 -6.917739e+00  8.000000e+00
     vertex -1.777234e+01 -9.172991e+00  8.000000e+00
     vertex -1.683022e+01 -1.080481e+01  8.000000e+00
   endloop
 endfacet
 facet normal  0.000000e+00  0.000000e+00  1.000000e+00
   outer loop
     vertex -1.670090e+01 -6.917739e+00  8.000000e+00
     vertex -1.683022e+01 -1.080481e+01  8.000000e+00
     vertex -1.434139e+01 -1.100453e+01  8.000000e+00
   endloop
 endfacet
 facet normal  0.000000e+00  0.000000e+00  1.000000e+00
   outer loop
     vertex -2.359512e+00 -1.792227e+01  8.000000e+00
     vertex -6.917739e+00 -1.670090e+01  8.000000e+00
     vertex -6.080661e+00 -1.905323e+01  8.000000e+00
   endloop
 endfacet
 facet normal  0.000000e+00  0.000000e+00  1.000000e+00
   outer loop
     vertex -2.359512e+00 -1.792227e+01  8.000000e+00
     vertex -6.080661e+00 -1.905323e+01  8.000000e+00
     vertex -4.260608e+00 -1.954091e+01  8.000000e+00
   endloop
 endfacet
 facet normal  0.000000e+00  0.000000e+00  1.000000e+00
   outer loop
     vertex -1.792227e+01 -2.359512e+00  8.000000e+00
     vertex -1.954091e+01 -4.260608e+00  8.000000e+00
     vertex -1.905323e+01 -6.080661e+00  8.000000e+00
   endloop
 endfacet
 facet normal  0.000000e+00  0.000000e+00  1.000000e+00
   outer loop
     vertex -1.792227e+01 -2.359512e+00  8.000000e+00
     vertex -1.905323e+01 -6.080661e+00  8.000000e+00
     vertex -1.670090e+01 -6.917739e+00  8.000000e+00
   endloop
 endfacet
 facet normal  0.000000e+00  0.000000e+00  1.000000e+00
   outer loop
     vertex  9.421290e-01 -1.997780e+01  8.000000e+00
     vertex -2.359512e+00 -1.792227e+01  8.000000e+00
     vertex -9.421290e-01 -1.997780e+01  8.000000e+00
   endloop
 endfacet
 facet normal  0.000000e+00  0.000000e+00  1.000000e+00
   outer loop
     vertex -1.997780e+01  9.421290e-01  8.000000e+00
     vertex -1.997780e+01 -9.421290e-01  8.000000e+00
     vertex -1.792227e+01 -2.359512e+00  8.000000e+00
   endloop
 endfacet
 facet normal  0.000000e+00  0.000000e+00  1.000000e+00
   outer loop
     vertex  2.359512e+00 -1.792227e+01  8.000000e+00
     vertex -2.359512e+00 -1.792227e+01  8.000000e+00
     vertex  9.421290e-01 -1.997780e+01  8.000000e+00
   endloop
 endfacet
 facet normal  0.000000e+00  0.000000e+00  1.000000e+00
   outer loop
     vertex -1.792227e+01  2.359512e+00  8.000000e+00
     vertex -1.997780e+01  9.421290e-01  8.000000e+00
     vertex -1.792227e+01 -2.359512e+00  8.000000e+00
   endloop
 endfacet
 facet normal  0.000000e+00  0.000000e+00  1.000000e+00
   outer loop
     vertex -1.905323e+01  6.080661e+00  8.000000e+00
     vertex -1.954091e+01  4.260608e+00  8.000000e+00
     vertex -1.792227e+01  2.359512e+00  8.000000e+00
   endloop
 endfacet
 facet normal  0.000000e+00  0.000000e+00  1.000000e+00
   outer loop
     vertex -4.887658e+00 -5.011068e+00  8.000000e+00
     vertex -1.434139e+01 -1.100453e+01  8.000000e+00
     vertex -1.100453e+01 -1.434139e+01  8.000000e+00
   endloop
 endfacet
 facet normal  0.000000e+00  0.000000e+00  1.000000e+00
   outer loop
     vertex -5.131363e+00 -4.761209e+00  8.000000e+00
     vertex -1.434139e+01 -1.100453e+01  8.000000e+00
     vertex -4.887658e+00 -5.011068e+00  8.000000e+00
   endloop
 endfacet
 facet normal  0.000000e+00  0.000000e+00  1.000000e+00
   outer loop
     vertex -4.631801e+00 -5.248468e+00  8.000000e+00
     vertex -4.887658e+00 -5.011068e+00  8.000000e+00
     vertex -1.100453e+01 -1.434139e+01  8.000000e+00
   endloop
 endfacet
 facet normal  0.000000e+00  0.000000e+00  1.000000e+00
   outer loop
     vertex -5.362311e+00 -4.499513e+00  8.000000e+00
     vertex -1.434139e+01 -1.100453e+01  8.000000e+00
     vertex -5.131363e+00 -4.761209e+00  8.000000e+00
   endloop
 endfacet
 facet normal  0.000000e+00  0.000000e+00  1.000000e+00
   outer loop
     vertex -4.364429e+00 -5.472820e+00  8.000000e+00
     vertex -4.631801e+00 -5.248468e+00  8.000000e+00
     vertex -1.100453e+01 -1.434139e+01  8.000000e+00
   endloop
 endfacet
 facet normal  0.000000e+00  0.000000e+00  1.000000e+00
   outer loop
     vertex -5.579928e+00 -4.226631e+00  8.000000e+00
     vertex -1.434139e+01 -1.100453e+01  8.000000e+00
     vertex -5.362311e+00 -4.499513e+00  8.000000e+00
   endloop
 endfacet
 facet normal  0.000000e+00  0.000000e+00  1.000000e+00
   outer loop
     vertex  6.917739e+00 -1.670090e+01  8.000000e+00
     vertex  2.359512e+00 -1.792227e+01  8.000000e+00
     vertex  4.260608e+00 -1.954091e+01  8.000000e+00
   endloop
 endfacet
 facet normal  0.000000e+00  0.000000e+00  1.000000e+00
   outer loop
     vertex  6.917739e+00 -1.670090e+01  8.000000e+00
     vertex  4.260608e+00 -1.954091e+01  8.000000e+00
     vertex  6.080661e+00 -1.905323e+01  8.000000e+00
   endloop
 endfacet
 facet normal  0.000000e+00  0.000000e+00  1.000000e+00
   outer loop
     vertex -1.670090e+01  6.917739e+00  8.000000e+00
     vertex -1.905323e+01  6.080661e+00  8.000000e+00
     vertex -1.792227e+01  2.359512e+00  8.000000e+00
   endloop
 endfacet
 facet normal  0.000000e+00  0.000000e+00  1.000000e+00
   outer loop
     vertex -4.086206e+00 -5.683566e+00  8.000000e+00
     vertex -4.364429e+00 -5.472820e+00  8.000000e+00
     vertex -1.100453e+01 -1.434139e+01  8.000000e+00
   endloop
 endfacet
 facet normal  0.000000e+00  0.000000e+00  1.000000e+00
   outer loop
     vertex -5.783671e+00 -3.943240e+00  8.000000e+00
     vertex -1.434139e+01 -1.100453e+01  8.000000e+00
     vertex -5.579928e+00 -4.226631e+00  8.000000e+00
   endloop
 endfacet
 facet normal  0.000000e+00  0.000000e+00  1.000000e+00
   outer loop
     vertex -3.797824e+00 -5.880181e+00  8.000000e+00
     vertex -4.086206e+00 -5.683566e+00  8.000000e+00
     vertex -1.100453e+01 -1.434139e+01  8.000000e+00
   endloop
 endfacet
 facet normal  0.000000e+00  0.000000e+00  1.000000e+00
   outer loop
     vertex -5.973036e+00 -3.650046e+00  8.000000e+00
     vertex -1.434139e+01 -1.100453e+01  8.000000e+00
     vertex -5.783671e+00 -3.943240e+00  8.000000e+00
   endloop
 endfacet
 facet normal  0.000000e+00  0.000000e+00  1.000000e+00
   outer loop
     vertex -3.500000e+00 -6.062178e+00  8.000000e+00
     vertex -1.100453e+01 -1.434139e+01  8.000000e+00
     vertex -6.917739e+00 -1.670090e+01  8.000000e+00
   endloop
 endfacet
 facet normal  0.000000e+00  0.000000e+00  1.000000e+00
   outer loop
     vertex -3.500000e+00 -6.062178e+00  8.000000e+00
     vertex -3.797824e+00 -5.880181e+00  8.000000e+00
     vertex -1.100453e+01 -1.434139e+01  8.000000e+00
   endloop
 endfacet
 facet normal  0.000000e+00  0.000000e+00  1.000000e+00
   outer loop
     vertex -6.147551e+00 -3.347778e+00  8.000000e+00
     vertex -1.670090e+01 -6.917739e+00  8.000000e+00
     vertex -1.434139e+01 -1.100453e+01  8.000000e+00
   endloop
 endfacet
 facet normal  0.000000e+00  0.000000e+00  1.000000e+00
   outer loop
     vertex -6.147551e+00 -3.347778e+00  8.000000e+00
     vertex -1.434139e+01 -1.100453e+01  8.000000e+00
     vertex -5.973036e+00 -3.650046e+00  8.000000e+00
   endloop
 endfacet
 facet normal  0.000000e+00  0.000000e+00  1.000000e+00
   outer loop
     vertex -3.193475e+00 -6.229103e+00  8.000000e+00
     vertex -3.500000e+00 -6.062178e+00  8.000000e+00
     vertex -6.917739e+00 -1.670090e+01  8.000000e+00
   endloop
 endfacet
 facet normal  0.000000e+00  0.000000e+00  1.000000e+00
   outer loop
     vertex -6.306782e+00 -3.037186e+00  8.000000e+00
     vertex -1.670090e+01 -6.917739e+00  8.000000e+00
     vertex -6.147551e+00 -3.347778e+00  8.000000e+00
   endloop
 endfacet
 facet normal  0.000000e+00  0.000000e+00  1.000000e+00
   outer loop
     vertex -2.879010e+00 -6.380541e+00  8.000000e+00
     vertex -3.193475e+00 -6.229103e+00  8.000000e+00
     vertex -6.917739e+00 -1.670090e+01  8.000000e+00
   endloop
 endfacet
 facet normal  0.000000e+00  0.000000e+00  1.000000e+00
   outer loop
     vertex -6.450333e+00 -2.719044e+00  8.000000e+00
     vertex -1.670090e+01 -6.917739e+00  8.000000e+00
     vertex -6.306782e+00 -3.037186e+00  8.000000e+00
   endloop
 endfacet
 facet normal  0.000000e+00  0.000000e+00  1.000000e+00
   outer loop
     vertex -2.557387e+00 -6.516116e+00  8.000000e+00
     vertex -2.879010e+00 -6.380541e+00  8.000000e+00
     vertex -6.917739e+00 -1.670090e+01  8.000000e+00
   endloop
 endfacet
 facet normal  0.000000e+00  0.000000e+00  1.000000e+00
   outer loop
     vertex -6.577848e+00 -2.394141e+00  8.000000e+00
     vertex -1.670090e+01 -6.917739e+00  8.000000e+00
     vertex -6.450333e+00 -2.719044e+00  8.000000e+00
   endloop
 endfacet
 facet normal  0.000000e+00  0.000000e+00  1.000000e+00
   outer loop
     vertex -2.229407e+00 -6.635491e+00  8.000000e+00
     vertex -2.557387e+00 -6.516116e+00  8.000000e+00
     vertex -6.917739e+00 -1.670090e+01  8.000000e+00
   endloop
 endfacet
 facet normal  0.000000e+00  0.000000e+00  1.000000e+00
   outer loop
     vertex -6.689010e+00 -2.063286e+00  8.000000e+00
     vertex -1.670090e+01 -6.917739e+00  8.000000e+00
     vertex -6.577848e+00 -2.394141e+00  8.000000e+00
   endloop
 endfacet
 facet normal  0.000000e+00  0.000000e+00  1.000000e+00
   outer loop
     vertex -1.895883e+00 -6.738370e+00  8.000000e+00
     vertex -6.917739e+00 -1.670090e+01  8.000000e+00
     vertex -2.359512e+00 -1.792227e+01  8.000000e+00
   endloop
 endfacet
 facet normal  0.000000e+00  0.000000e+00  1.000000e+00
   outer loop
     vertex -1.895883e+00 -6.738370e+00  8.000000e+00
     vertex -2.229407e+00 -6.635491e+00  8.000000e+00
     vertex -6.917739e+00 -1.670090e+01  8.000000e+00
   endloop
 endfacet
 facet normal  0.000000e+00  0.000000e+00  1.000000e+00
   outer loop
     vertex -6.783541e+00 -1.727302e+00  8.000000e+00
     vertex -1.792227e+01 -2.359512e+00  8.000000e+00
     vertex -1.670090e+01 -6.917739e+00  8.000000e+00
   endloop
 endfacet
 facet normal  0.000000e+00  0.000000e+00  1.000000e+00
   outer loop
     vertex -6.783541e+00 -1.727302e+00  8.000000e+00
     vertex -1.670090e+01 -6.917739e+00  8.000000e+00
     vertex -6.689010e+00 -2.063286e+00  8.000000e+00
   endloop
 endfacet
 facet normal  0.000000e+00  0.000000e+00  1.000000e+00
   outer loop
     vertex -1.557647e+00 -6.824495e+00  8.000000e+00
     vertex -1.895883e+00 -6.738370e+00  8.000000e+00
     vertex -2.359512e+00 -1.792227e+01  8.000000e+00
   endloop
 endfacet
 facet normal  0.000000e+00  0.000000e+00  1.000000e+00
   outer loop
     vertex -6.861207e+00 -1.387023e+00  8.000000e+00
     vertex -1.792227e+01 -2.359512e+00  8.000000e+00
     vertex -6.783541e+00 -1.727302e+00  8.000000e+00
   endloop
 endfacet
 facet normal  0.000000e+00  0.000000e+00  1.000000e+00
   outer loop
     vertex -1.215537e+00 -6.893654e+00  8.000000e+00
     vertex -1.557647e+00 -6.824495e+00  8.000000e+00
     vertex -2.359512e+00 -1.792227e+01  8.000000e+00
   endloop
 endfacet
 facet normal  0.000000e+00  0.000000e+00  1.000000e+00
   outer loop
     vertex -6.921816e+00 -1.043296e+00  8.000000e+00
     vertex -1.792227e+01 -2.359512e+00  8.000000e+00
     vertex -6.861207e+00 -1.387023e+00  8.000000e+00
   endloop
 endfacet
 facet normal  0.000000e+00  0.000000e+00  1.000000e+00
   outer loop
     vertex -8.704059e-01 -6.945674e+00  8.000000e+00
     vertex -1.215537e+00 -6.893654e+00  8.000000e+00
     vertex -2.359512e+00 -1.792227e+01  8.000000e+00
   endloop
 endfacet
 facet normal  0.000000e+00  0.000000e+00  1.000000e+00
   outer loop
     vertex -6.965215e+00 -6.969749e-01  8.000000e+00
     vertex -1.792227e+01 -2.359512e+00  8.000000e+00
     vertex -6.921816e+00 -1.043296e+00  8.000000e+00
   endloop
 endfacet
 facet normal  0.000000e+00  0.000000e+00  1.000000e+00
   outer loop
     vertex -5.231107e-01 -6.980427e+00  8.000000e+00
     vertex -8.704059e-01 -6.945674e+00  8.000000e+00
     vertex -2.359512e+00 -1.792227e+01  8.000000e+00
   endloop
 endfacet
 facet normal  0.000000e+00  0.000000e+00  1.000000e+00
   outer loop
     vertex -6.991298e+00 -3.489212e-01  8.000000e+00
     vertex -1.792227e+01 -2.359512e+00  8.000000e+00
     vertex -6.965215e+00 -6.969749e-01  8.000000e+00
   endloop
 endfacet
 facet normal  0.000000e+00  0.000000e+00  1.000000e+00
   outer loop
     vertex -1.745148e-01 -6.997824e+00  8.000000e+00
     vertex -5.231107e-01 -6.980427e+00  8.000000e+00
     vertex -2.359512e+00 -1.792227e+01  8.000000e+00
   endloop
 endfacet
 facet normal  0.000000e+00  0.000000e+00  1.000000e+00
   outer loop
     vertex -7.000000e+00  2.401174e-14  8.000000e+00
     vertex -1.792227e+01  2.359512e+00  8.000000e+00
     vertex -1.792227e+01 -2.359512e+00  8.000000e+00
   endloop
 endfacet
 facet normal  0.000000e+00  0.000000e+00  1.000000e+00
   outer loop
     vertex -7.000000e+00  2.401174e-14  8.000000e+00
     vertex -1.792227e+01 -2.359512e+00  8.000000e+00
     vertex -6.991298e+00 -3.489212e-01  8.000000e+00
   endloop
 endfacet
 facet normal  0.000000e+00  0.000000e+00  1.000000e+00
   outer loop
     vertex  1.745148e-01 -6.997824e+00  8.000000e+00
     vertex -1.745148e-01 -6.997824e+00  8.000000e+00
     vertex -2.359512e+00 -1.792227e+01  8.000000e+00
   endloop
 endfacet
 facet normal  0.000000e+00  0.000000e+00  1.000000e+00
   outer loop
     vertex  1.745148e-01 -6.997824e+00  8.000000e+00
     vertex -2.359512e+00 -1.792227e+01  8.000000e+00
     vertex  2.359512e+00 -1.792227e+01  8.000000e+00
   endloop
 endfacet
 facet normal  0.000000e+00  0.000000e+00  1.000000e+00
   outer loop
     vertex -6.991298e+00  3.489212e-01  8.000000e+00
     vertex -1.792227e+01  2.359512e+00  8.000000e+00
     vertex -7.000000e+00  2.401174e-14  8.000000e+00
   endloop
 endfacet
 facet normal  0.000000e+00  0.000000e+00  1.000000e+00
   outer loop
     vertex  5.231107e-01 -6.980427e+00  8.000000e+00
     vertex  1.745148e-01 -6.997824e+00  8.000000e+00
     vertex  2.359512e+00 -1.792227e+01  8.000000e+00
   endloop
 endfacet
 facet normal  0.000000e+00  0.000000e+00  1.000000e+00
   outer loop
     vertex -6.965215e+00  6.969749e-01  8.000000e+00
     vertex -1.792227e+01  2.359512e+00  8.000000e+00
     vertex -6.991298e+00  3.489212e-01  8.000000e+00
   endloop
 endfacet
 facet normal  0.000000e+00  0.000000e+00  1.000000e+00
   outer loop
     vertex  8.704059e-01 -6.945674e+00  8.000000e+00
     vertex  5.231107e-01 -6.980427e+00  8.000000e+00
     vertex  2.359512e+00 -1.792227e+01  8.000000e+00
   endloop
 endfacet
 facet normal  0.000000e+00  0.000000e+00  1.000000e+00
   outer loop
     vertex  1.080481e+01 -1.683022e+01  8.000000e+00
     vertex  6.917739e+00 -1.670090e+01  8.000000e+00
     vertex  9.172991e+00 -1.777234e+01  8.000000e+00
   endloop
 endfacet
 facet normal  0.000000e+00  0.000000e+00  1.000000e+00
   outer loop
     vertex -1.683022e+01  1.080481e+01  8.000000e+00
     vertex -1.777234e+01  9.172991e+00  8.000000e+00
     vertex -1.670090e+01  6.917739e+00  8.000000e+00
   endloop
 endfacet
 facet normal  0.000000e+00  0.000000e+00  1.000000e+00
   outer loop
     vertex -6.921816e+00  1.043296e+00  8.000000e+00
     vertex -1.792227e+01  2.359512e+00  8.000000e+00
     vertex -6.965215e+00  6.969749e-01  8.000000e+00
   endloop
 endfacet
 facet normal  0.000000e+00  0.000000e+00  1.000000e+00
   outer loop
     vertex  1.215537e+00 -6.893654e+00  8.000000e+00
     vertex  8.704059e-01 -6.945674e+00  8.000000e+00
     vertex  2.359512e+00 -1.792227e+01  8.000000e+00
   endloop
 endfacet
 facet normal  0.000000e+00  0.000000e+00  1.000000e+00
   outer loop
     vertex -6.861207e+00  1.387023e+00  8.000000e+00
     vertex -1.792227e+01  2.359512e+00  8.000000e+00
     vertex -6.921816e+00  1.043296e+00  8.000000e+00
   endloop
 endfacet
 facet normal  0.000000e+00  0.000000e+00  1.000000e+00
   outer loop
     vertex  1.557647e+00 -6.824495e+00  8.000000e+00
     vertex  1.215537e+00 -6.893654e+00  8.000000e+00
     vertex  2.359512e+00 -1.792227e+01  8.000000e+00
   endloop
 endfacet
 facet normal  0.000000e+00  0.000000e+00  1.000000e+00
   outer loop
     vertex -6.783541e+00  1.727302e+00  8.000000e+00
     vertex -1.792227e+01  2.359512e+00  8.000000e+00
     vertex -6.861207e+00  1.387023e+00  8.000000e+00
   endloop
 endfacet
 facet normal  0.000000e+00  0.000000e+00  1.000000e+00
   outer loop
     vertex -6.783541e+00  1.727302e+00  8.000000e+00
     vertex -1.670090e+01  6.917739e+00  8.000000e+00
     vertex -1.792227e+01  2.359512e+00  8.000000e+00
   endloop
 endfacet
 facet normal  0.000000e+00  0.000000e+00  1.000000e+00
   outer loop
     vertex  1.895883e+00 -6.738370e+00  8.000000e+00
     vertex  1.557647e+00 -6.824495e+00  8.000000e+00
     vertex  2.359512e+00 -1.792227e+01  8.000000e+00
   endloop
 endfacet
 facet normal  0.000000e+00  0.000000e+00  1.000000e+00
   outer loop
     vertex  1.895883e+00 -6.738370e+00  8.000000e+00
     vertex  2.359512e+00 -1.792227e+01  8.000000e+00
     vertex  6.917739e+00 -1.670090e+01  8.000000e+00
   endloop
 endfacet
 facet normal  0.000000e+00  0.000000e+00  1.000000e+00
   outer loop
     vertex -6.689010e+00  2.063286e+00  8.000000e+00
     vertex -1.670090e+01  6.917739e+00  8.000000e+00
     vertex -6.783541e+00  1.727302e+00  8.000000e+00
   endloop
 endfacet
 facet normal  0.000000e+00  0.000000e+00  1.000000e+00
   outer loop
     vertex  2.229407e+00 -6.635491e+00  8.000000e+00
     vertex  1.895883e+00 -6.738370e+00  8.000000e+00
     vertex  6.917739e+00 -1.670090e+01  8.000000e+00
   endloop
 endfacet
 facet normal  0.000000e+00  0.000000e+00  1.000000e+00
   outer loop
     vertex -6.577848e+00  2.394141e+00  8.000000e+00
     vertex -1.670090e+01  6.917739e+00  8.000000e+00
     vertex -6.689010e+00  2.063286e+00  8.000000e+00
   endloop
 endfacet
 facet normal  0.000000e+00  0.000000e+00  1.000000e+00
   outer loop
     vertex  2.557387e+00 -6.516116e+00  8.000000e+00
     vertex  2.229407e+00 -6.635491e+00  8.000000e+00
     vertex  6.917739e+00 -1.670090e+01  8.000000e+00
   endloop
 endfacet
 facet normal  0.000000e+00  0.000000e+00  1.000000e+00
   outer loop
     vertex -6.450333e+00  2.719044e+00  8.000000e+00
     vertex -1.670090e+01  6.917739e+00  8.000000e+00
     vertex -6.577848e+00  2.394141e+00  8.000000e+00
   endloop
 endfacet
 facet normal  0.000000e+00  0.000000e+00  1.000000e+00
   outer loop
     vertex  2.879010e+00 -6.380541e+00  8.000000e+00
     vertex  2.557387e+00 -6.516116e+00  8.000000e+00
     vertex  6.917739e+00 -1.670090e+01  8.000000e+00
   endloop
 endfacet
 facet normal  0.000000e+00  0.000000e+00  1.000000e+00
   outer loop
     vertex  1.100453e+01 -1.434139e+01  8.000000e+00
     vertex  6.917739e+00 -1.670090e+01  8.000000e+00
     vertex  1.080481e+01 -1.683022e+01  8.000000e+00
   endloop
 endfacet
 facet normal  0.000000e+00  0.000000e+00  1.000000e+00
   outer loop
     vertex -1.434139e+01  1.100453e+01  8.000000e+00
     vertex -1.683022e+01  1.080481e+01  8.000000e+00
     vertex -1.670090e+01  6.917739e+00  8.000000e+00
   endloop
 endfacet
 facet normal  0.000000e+00  0.000000e+00  1.000000e+00
   outer loop
     vertex -6.306782e+00  3.037186e+00  8.000000e+00
     vertex -1.670090e+01  6.917739e+00  8.000000e+00
     vertex -6.450333e+00  2.719044e+00  8.000000e+00
   endloop
 endfacet
 facet normal  0.000000e+00  0.000000e+00  1.000000e+00
   outer loop
     vertex  3.193475e+00 -6.229103e+00  8.000000e+00
     vertex  2.879010e+00 -6.380541e+00  8.000000e+00
     vertex  6.917739e+00 -1.670090e+01  8.000000e+00
   endloop
 endfacet
 facet normal  0.000000e+00  0.000000e+00  1.000000e+00
   outer loop
     vertex -6.147551e+00  3.347778e+00  8.000000e+00
     vertex -1.670090e+01  6.917739e+00  8.000000e+00
     vertex -6.306782e+00  3.037186e+00  8.000000e+00
   endloop
 endfacet
 facet normal  0.000000e+00  0.000000e+00  1.000000e+00
   outer loop
     vertex  3.500000e+00 -6.062178e+00  8.000000e+00
     vertex  6.917739e+00 -1.670090e+01  8.000000e+00
     vertex  1.100453e+01 -1.434139e+01  8.000000e+00
   endloop
 endfacet
 facet normal  0.000000e+00  0.000000e+00  1.000000e+00
   outer loop
     vertex  3.500000e+00 -6.062178e+00  8.000000e+00
     vertex  3.193475e+00 -6.229103e+00  8.000000e+00
     vertex  6.917739e+00 -1.670090e+01  8.000000e+00
   endloop
 endfacet
 facet normal  0.000000e+00  0.000000e+00  1.000000e+00
   outer loop
     vertex -5.973036e+00  3.650046e+00  8.000000e+00
     vertex -1.434139e+01  1.100453e+01  8.000000e+00
     vertex -1.670090e+01  6.917739e+00  8.000000e+00
   endloop
 endfacet
 facet normal  0.000000e+00  0.000000e+00  1.000000e+00
   outer loop
     vertex -5.973036e+00  3.650046e+00  8.000000e+00
     vertex -1.670090e+01  6.917739e+00  8.000000e+00
     vertex -6.147551e+00  3.347778e+00  8.000000e+00
   endloop
 endfacet
 facet normal  0.000000e+00  0.000000e+00  1.000000e+00
   outer loop
     vertex  3.797824e+00 -5.880181e+00  8.000000e+00
     vertex  3.500000e+00 -6.062178e+00  8.000000e+00
     vertex  1.100453e+01 -1.434139e+01  8.000000e+00
   endloop
 endfacet
 facet normal  0.000000e+00  0.000000e+00  1.000000e+00
   outer loop
     vertex -5.783671e+00  3.943240e+00  8.000000e+00
     vertex -1.434139e+01  1.100453e+01  8.000000e+00
     vertex -5.973036e+00  3.650046e+00  8.000000e+00
   endloop
 endfacet
 facet normal  0.000000e+00  0.000000e+00  1.000000e+00
   outer loop
     vertex  4.086206e+00 -5.683566e+00  8.000000e+00
     vertex  3.797824e+00 -5.880181e+00  8.000000e+00
     vertex  1.100453e+01 -1.434139e+01  8.000000e+00
   endloop
 endfacet
 facet normal  0.000000e+00  0.000000e+00  1.000000e+00
   outer loop
     vertex -5.579928e+00  4.226631e+00  8.000000e+00
     vertex -1.434139e+01  1.100453e+01  8.000000e+00
     vertex -5.783671e+00  3.943240e+00  8.000000e+00
   endloop
 endfacet
 facet normal  0.000000e+00  0.000000e+00  1.000000e+00
   outer loop
     vertex  4.364429e+00 -5.472820e+00  8.000000e+00
     vertex  4.086206e+00 -5.683566e+00  8.000000e+00
     vertex  1.100453e+01 -1.434139e+01  8.000000e+00
   endloop
 endfacet
 facet normal  0.000000e+00  0.000000e+00  1.000000e+00
   outer loop
     vertex -5.362311e+00  4.499513e+00  8.000000e+00
     vertex -1.434139e+01  1.100453e+01  8.000000e+00
     vertex -5.579928e+00  4.226631e+00  8.000000e+00
   endloop
 endfacet
 facet normal  0.000000e+00  0.000000e+00  1.000000e+00
   outer loop
     vertex  4.631801e+00 -5.248468e+00  8.000000e+00
     vertex  4.364429e+00 -5.472820e+00  8.000000e+00
     vertex  1.100453e+01 -1.434139e+01  8.000000e+00
   endloop
 endfacet
 facet normal  0.000000e+00  0.000000e+00  1.000000e+00
   outer loop
     vertex -5.131363e+00  4.761209e+00  8.000000e+00
     vertex -1.434139e+01  1.100453e+01  8.000000e+00
     vertex -5.362311e+00  4.499513e+00  8.000000e+00
   endloop
 endfacet
 facet normal  0.000000e+00  0.000000e+00  1.000000e+00
   outer loop
     vertex  4.887658e+00 -5.011068e+00  8.000000e+00
     vertex  4.631801e+00 -5.248468e+00  8.000000e+00
     vertex  1.100453e+01 -1.434139e+01  8.000000e+00
   endloop
 endfacet
 facet normal  0.000000e+00  0.000000e+00  1.000000e+00
   outer loop
     vertex -4.887658e+00  5.011068e+00  8.000000e+00
     vertex -1.434139e+01  1.100453e+01  8.000000e+00
     vertex -5.131363e+00  4.761209e+00  8.000000e+00
   endloop
 endfacet
 facet normal  0.000000e+00  0.000000e+00  1.000000e+00
   outer loop
     vertex  1.434139e+01 -1.100453e+01  8.000000e+00
     vertex  1.100453e+01 -1.434139e+01  8.000000e+00
     vertex  1.346025e+01 -1.479262e+01  8.000000e+00
   endloop
 endfacet
 facet normal  0.000000e+00  0.000000e+00  1.000000e+00
   outer loop
     vertex  1.434139e+01 -1.100453e+01  8.000000e+00
     vertex  1.346025e+01 -1.479262e+01  8.000000e+00
     vertex  1.479262e+01 -1.346025e+01  8.000000e+00
   endloop
 endfacet
 facet normal  0.000000e+00  0.000000e+00  1.000000e+00
   outer loop
     vertex  1.434139e+01 -1.100453e+01  8.000000e+00
     vertex  5.973036e+00 -3.650046e+00  8.000000e+00
     vertex  5.783671e+00 -3.943240e+00  8.000000e+00
   endloop
 endfacet
 facet normal  0.000000e+00  0.000000e+00  1.000000e+00
   outer loop
     vertex  1.434139e+01 -1.100453e+01  8.000000e+00
     vertex  5.783671e+00 -3.943240e+00  8.000000e+00
     vertex  5.579928e+00 -4.226631e+00  8.000000e+00
   endloop
 endfacet
 facet normal  0.000000e+00  0.000000e+00  1.000000e+00
   outer loop
     vertex  1.434139e+01 -1.100453e+01  8.000000e+00
     vertex  5.579928e+00 -4.226631e+00  8.000000e+00
     vertex  5.362311e+00 -4.499513e+00  8.000000e+00
   endloop
 endfacet
 facet normal  0.000000e+00  0.000000e+00  1.000000e+00
   outer loop
     vertex  1.434139e+01 -1.100453e+01  8.000000e+00
     vertex  5.362311e+00 -4.499513e+00  8.000000e+00
     vertex  5.131363e+00 -4.761209e+00  8.000000e+00
   endloop
 endfacet
 facet normal  0.000000e+00  0.000000e+00  1.000000e+00
   outer loop
     vertex  1.434139e+01 -1.100453e+01  8.000000e+00
     vertex  5.131363e+00 -4.761209e+00  8.000000e+00
     vertex  4.887658e+00 -5.011068e+00  8.000000e+00
   endloop
 endfacet
 facet normal  0.000000e+00  0.000000e+00  1.000000e+00
   outer loop
     vertex  1.434139e+01 -1.100453e+01  8.000000e+00
     vertex  4.887658e+00 -5.011068e+00  8.000000e+00
     vertex  1.100453e+01 -1.434139e+01  8.000000e+00
   endloop
 endfacet
 facet normal  0.000000e+00  0.000000e+00  1.000000e+00
   outer loop
     vertex -1.100453e+01  1.434139e+01  8.000000e+00
     vertex -1.346025e+01  1.479262e+01  8.000000e+00
     vertex -1.479262e+01  1.346025e+01  8.000000e+00
   endloop
 endfacet
 facet normal  0.000000e+00  0.000000e+00  1.000000e+00
   outer loop
     vertex -1.100453e+01  1.434139e+01  8.000000e+00
     vertex -1.479262e+01  1.346025e+01  8.000000e+00
     vertex -1.434139e+01  1.100453e+01  8.000000e+00
   endloop
 endfacet
 facet normal  0.000000e+00  0.000000e+00  1.000000e+00
   outer loop
     vertex -1.100453e+01  1.434139e+01  8.000000e+00
     vertex -4.887658e+00  5.011068e+00  8.000000e+00
     vertex -4.631801e+00  5.248468e+00  8.000000e+00
   endloop
 endfacet
 facet normal  0.000000e+00  0.000000e+00  1.000000e+00
   outer loop
     vertex -1.100453e+01  1.434139e+01  8.000000e+00
     vertex -4.631801e+00  5.248468e+00  8.000000e+00
     vertex -4.364429e+00  5.472820e+00  8.000000e+00
   endloop
 endfacet
 facet normal  0.000000e+00  0.000000e+00  1.000000e+00
   outer loop
     vertex -1.100453e+01  1.434139e+01  8.000000e+00
     vertex -4.364429e+00  5.472820e+00  8.000000e+00
     vertex -4.086206e+00  5.683566e+00  8.000000e+00
   endloop
 endfacet
 facet normal  0.000000e+00  0.000000e+00  1.000000e+00
   outer loop
     vertex -1.100453e+01  1.434139e+01  8.000000e+00
     vertex -4.086206e+00  5.683566e+00  8.000000e+00
     vertex -3.797824e+00  5.880181e+00  8.000000e+00
   endloop
 endfacet
 facet normal  0.000000e+00  0.000000e+00  1.000000e+00
   outer loop
     vertex -1.100453e+01  1.434139e+01  8.000000e+00
     vertex -3.797824e+00  5.880181e+00  8.000000e+00
     vertex -3.500000e+00  6.062178e+00  8.000000e+00
   endloop
 endfacet
 facet normal  0.000000e+00  0.000000e+00  1.000000e+00
   outer loop
     vertex -1.100453e+01  1.434139e+01  8.000000e+00
     vertex -1.434139e+01  1.100453e+01  8.000000e+00
     vertex -4.887658e+00  5.011068e+00  8.000000e+00
   endloop
 endfacet
 facet normal  0.000000e+00  0.000000e+00  1.000000e+00
   outer loop
     vertex  1.777234e+01 -9.172991e+00  8.000000e+00
     vertex  1.434139e+01 -1.100453e+01  8.000000e+00
     vertex  1.683022e+01 -1.080481e+01  8.000000e+00
   endloop
 endfacet
 facet normal  0.000000e+00  0.000000e+00  1.000000e+00
   outer loop
     vertex  1.670090e+01 -6.917739e+00  8.000000e+00
     vertex  6.783541e+00 -1.727302e+00  8.000000e+00
     vertex  6.689010e+00 -2.063286e+00  8.000000e+00
   endloop
 endfacet
 facet normal  0.000000e+00  0.000000e+00  1.000000e+00
   outer loop
     vertex  1.670090e+01 -6.917739e+00  8.000000e+00
     vertex  6.689010e+00 -2.063286e+00  8.000000e+00
     vertex  6.577848e+00 -2.394141e+00  8.000000e+00
   endloop
 endfacet
 facet normal  0.000000e+00  0.000000e+00  1.000000e+00
   outer loop
     vertex  1.670090e+01 -6.917739e+00  8.000000e+00
     vertex  6.577848e+00 -2.394141e+00  8.000000e+00
     vertex  6.450333e+00 -2.719044e+00  8.000000e+00
   endloop
 endfacet
 facet normal  0.000000e+00  0.000000e+00  1.000000e+00
   outer loop
     vertex  1.670090e+01 -6.917739e+00  8.000000e+00
     vertex  6.450333e+00 -2.719044e+00  8.000000e+00
     vertex  6.306782e+00 -3.037186e+00  8.000000e+00
   endloop
 endfacet
 facet normal  0.000000e+00  0.000000e+00  1.000000e+00
   outer loop
     vertex  1.670090e+01 -6.917739e+00  8.000000e+00
     vertex  6.306782e+00 -3.037186e+00  8.000000e+00
     vertex  6.147551e+00 -3.347778e+00  8.000000e+00
   endloop
 endfacet
 facet normal  0.000000e+00  0.000000e+00  1.000000e+00
   outer loop
     vertex  1.670090e+01 -6.917739e+00  8.000000e+00
     vertex  6.147551e+00 -3.347778e+00  8.000000e+00
     vertex  5.973036e+00 -3.650046e+00  8.000000e+00
   endloop
 endfacet
 facet normal  0.000000e+00  0.000000e+00  1.000000e+00
   outer loop
     vertex  1.670090e+01 -6.917739e+00  8.000000e+00
     vertex  5.973036e+00 -3.650046e+00  8.000000e+00
     vertex  1.434139e+01 -1.100453e+01  8.000000e+00
   endloop
 endfacet
 facet normal  0.000000e+00  0.000000e+00  1.000000e+00
   outer loop
     vertex  1.670090e+01 -6.917739e+00  8.000000e+00
     vertex  1.434139e+01 -1.100453e+01  8.000000e+00
     vertex  1.777234e+01 -9.172991e+00  8.000000e+00
   endloop
 endfacet
 facet normal  0.000000e+00  0.000000e+00  1.000000e+00
   outer loop
     vertex -6.917739e+00  1.670090e+01  8.000000e+00
     vertex -9.172991e+00  1.777234e+01  8.000000e+00
     vertex -1.080481e+01  1.683022e+01  8.000000e+00
   endloop
 endfacet
 facet normal  0.000000e+00  0.000000e+00  1.000000e+00
   outer loop
     vertex -6.917739e+00  1.670090e+01  8.000000e+00
     vertex -1.080481e+01  1.683022e+01  8.000000e+00
     vertex -1.100453e+01  1.434139e+01  8.000000e+00
   endloop
 endfacet
 facet normal  0.000000e+00  0.000000e+00  1.000000e+00
   outer loop
     vertex -6.917739e+00  1.670090e+01  8.000000e+00
     vertex -1.100453e+01  1.434139e+01  8.000000e+00
     vertex -3.500000e+00  6.062178e+00  8.000000e+00
   endloop
 endfacet
 facet normal  0.000000e+00  0.000000e+00  1.000000e+00
   outer loop
     vertex -6.917739e+00  1.670090e+01  8.000000e+00
     vertex -3.500000e+00  6.062178e+00  8.000000e+00
     vertex -3.193475e+00  6.229103e+00  8.000000e+00
   endloop
 endfacet
 facet normal  0.000000e+00  0.000000e+00  1.000000e+00
   outer loop
     vertex -6.917739e+00  1.670090e+01  8.000000e+00
     vertex -3.193475e+00  6.229103e+00  8.000000e+00
     vertex -2.879010e+00  6.380541e+00  8.000000e+00
   endloop
 endfacet
 facet normal  0.000000e+00  0.000000e+00  1.000000e+00
   outer loop
     vertex -6.917739e+00  1.670090e+01  8.000000e+00
     vertex -2.879010e+00  6.380541e+00  8.000000e+00
     vertex -2.557387e+00  6.516116e+00  8.000000e+00
   endloop
 endfacet
 facet normal  0.000000e+00  0.000000e+00  1.000000e+00
   outer loop
     vertex -6.917739e+00  1.670090e+01  8.000000e+00
     vertex -2.557387e+00  6.516116e+00  8.000000e+00
     vertex -2.229407e+00  6.635491e+00  8.000000e+00
   endloop
 endfacet
 facet normal  0.000000e+00  0.000000e+00  1.000000e+00
   outer loop
     vertex -6.917739e+00  1.670090e+01  8.000000e+00
     vertex -2.229407e+00  6.635491e+00  8.000000e+00
     vertex -1.895883e+00  6.738370e+00  8.000000e+00
   endloop
 endfacet
 facet normal  0.000000e+00  0.000000e+00  1.000000e+00
   outer loop
     vertex  1.792227e+01 -2.359512e+00  8.000000e+00
     vertex  6.783541e+00 -1.727302e+00  8.000000e+00
     vertex  1.670090e+01 -6.917739e+00  8.000000e+00
   endloop
 endfacet
 facet normal  0.000000e+00  0.000000e+00  1.000000e+00
   outer loop
     vertex  1.792227e+01 -2.359512e+00  8.000000e+00
     vertex  1.670090e+01 -6.917739e+00  8.000000e+00
     vertex  1.905323e+01 -6.080661e+00  8.000000e+00
   endloop
 endfacet
 facet normal  0.000000e+00  0.000000e+00  1.000000e+00
   outer loop
     vertex  1.792227e+01 -2.359512e+00  8.000000e+00
     vertex  1.905323e+01 -6.080661e+00  8.000000e+00
     vertex  1.954091e+01 -4.260608e+00  8.000000e+00
   endloop
 endfacet
 facet normal  0.000000e+00  0.000000e+00  1.000000e+00
   outer loop
     vertex  1.792227e+01 -2.359512e+00  8.000000e+00
     vertex  7.000000e+00  0.000000e+00  8.000000e+00
     vertex  6.991298e+00 -3.489212e-01  8.000000e+00
   endloop
 endfacet
 facet normal  0.000000e+00  0.000000e+00  1.000000e+00
   outer loop
     vertex  1.792227e+01 -2.359512e+00  8.000000e+00
     vertex  6.991298e+00 -3.489212e-01  8.000000e+00
     vertex  6.965215e+00 -6.969749e-01  8.000000e+00
   endloop
 endfacet
 facet normal  0.000000e+00  0.000000e+00  1.000000e+00
   outer loop
     vertex  1.792227e+01 -2.359512e+00  8.000000e+00
     vertex  6.965215e+00 -6.969749e-01  8.000000e+00
     vertex  6.921816e+00 -1.043296e+00  8.000000e+00
   endloop
 endfacet
 facet normal  0.000000e+00  0.000000e+00  1.000000e+00
   outer loop
     vertex  1.792227e+01 -2.359512e+00  8.000000e+00
     vertex  6.921816e+00 -1.043296e+00  8.000000e+00
     vertex  6.861207e+00 -1.387023e+00  8.000000e+00
   endloop
 endfacet
 facet normal  0.000000e+00  0.000000e+00  1.000000e+00
   outer loop
     vertex  1.792227e+01 -2.359512e+00  8.000000e+00
     vertex  6.861207e+00 -1.387023e+00  8.000000e+00
     vertex  6.783541e+00 -1.727302e+00  8.000000e+00
   endloop
 endfacet
 facet normal  0.000000e+00  0.000000e+00  1.000000e+00
   outer loop
     vertex -2.359512e+00  1.792227e+01  8.000000e+00
     vertex -4.260608e+00  1.954091e+01  8.000000e+00
     vertex -6.080661e+00  1.905323e+01  8.000000e+00
   endloop
 endfacet
 facet normal  0.000000e+00  0.000000e+00  1.000000e+00
   outer loop
     vertex -2.359512e+00  1.792227e+01  8.000000e+00
     vertex -6.080661e+00  1.905323e+01  8.000000e+00
     vertex -6.917739e+00  1.670090e+01  8.000000e+00
   endloop
 endfacet
 facet normal  0.000000e+00  0.000000e+00  1.000000e+00
   outer loop
     vertex -2.359512e+00  1.792227e+01  8.000000e+00
     vertex -6.917739e+00  1.670090e+01  8.000000e+00
     vertex -1.895883e+00  6.738370e+00  8.000000e+00
   endloop
 endfacet
 facet normal  0.000000e+00  0.000000e+00  1.000000e+00
   outer loop
     vertex -2.359512e+00  1.792227e+01  8.000000e+00
     vertex -1.895883e+00  6.738370e+00  8.000000e+00
     vertex -1.557647e+00  6.824495e+00  8.000000e+00
   endloop
 endfacet
 facet normal  0.000000e+00  0.000000e+00  1.000000e+00
   outer loop
     vertex -2.359512e+00  1.792227e+01  8.000000e+00
     vertex -1.557647e+00  6.824495e+00  8.000000e+00
     vertex -1.215537e+00  6.893654e+00  8.000000e+00
   endloop
 endfacet
 facet normal  0.000000e+00  0.000000e+00  1.000000e+00
   outer loop
     vertex -2.359512e+00  1.792227e+01  8.000000e+00
     vertex -1.215537e+00  6.893654e+00  8.000000e+00
     vertex -8.704059e-01  6.945674e+00  8.000000e+00
   endloop
 endfacet
 facet normal  0.000000e+00  0.000000e+00  1.000000e+00
   outer loop
     vertex -2.359512e+00  1.792227e+01  8.000000e+00
     vertex -8.704059e-01  6.945674e+00  8.000000e+00
     vertex -5.231107e-01  6.980427e+00  8.000000e+00
   endloop
 endfacet
 facet normal  0.000000e+00  0.000000e+00  1.000000e+00
   outer loop
     vertex -2.359512e+00  1.792227e+01  8.000000e+00
     vertex -5.231107e-01  6.980427e+00  8.000000e+00
     vertex -1.745148e-01  6.997824e+00  8.000000e+00
   endloop
 endfacet
 facet normal  0.000000e+00  0.000000e+00  1.000000e+00
   outer loop
     vertex  1.792227e+01  2.359512e+00  8.000000e+00
     vertex  6.783541e+00  1.727302e+00  8.000000e+00
     vertex  6.861207e+00  1.387023e+00  8.000000e+00
   endloop
 endfacet
 facet normal  0.000000e+00  0.000000e+00  1.000000e+00
   outer loop
     vertex  1.792227e+01  2.359512e+00  8.000000e+00
     vertex  6.861207e+00  1.387023e+00  8.000000e+00
     vertex  6.921816e+00  1.043296e+00  8.000000e+00
   endloop
 endfacet
 facet normal  0.000000e+00  0.000000e+00  1.000000e+00
   outer loop
     vertex  1.792227e+01  2.359512e+00  8.000000e+00
     vertex  6.921816e+00  1.043296e+00  8.000000e+00
     vertex  6.965215e+00  6.969749e-01  8.000000e+00
   endloop
 endfacet
 facet normal  0.000000e+00  0.000000e+00  1.000000e+00
   outer loop
     vertex  1.792227e+01  2.359512e+00  8.000000e+00
     vertex  6.965215e+00  6.969749e-01  8.000000e+00
     vertex  6.991298e+00  3.489212e-01  8.000000e+00
   endloop
 endfacet
 facet normal  0.000000e+00  0.000000e+00  1.000000e+00
   outer loop
     vertex  1.792227e+01  2.359512e+00  8.000000e+00
     vertex  6.991298e+00  3.489212e-01  8.000000e+00
     vertex  7.000000e+00  0.000000e+00  8.000000e+00
   endloop
 endfacet
 facet normal  0.000000e+00  0.000000e+00  1.000000e+00
   outer loop
     vertex  1.792227e+01  2.359512e+00  8.000000e+00
     vertex  7.000000e+00  0.000000e+00  8.000000e+00
     vertex  1.792227e+01 -2.359512e+00  8.000000e+00
   endloop
 endfacet
 facet normal  0.000000e+00  0.000000e+00  1.000000e+00
   outer loop
     vertex  2.359512e+00  1.792227e+01  8.000000e+00
     vertex -2.359512e+00  1.792227e+01  8.000000e+00
     vertex -1.745148e-01  6.997824e+00  8.000000e+00
   endloop
 endfacet
 facet normal  0.000000e+00  0.000000e+00  1.000000e+00
   outer loop
     vertex  2.359512e+00  1.792227e+01  8.000000e+00
     vertex -1.745148e-01  6.997824e+00  8.000000e+00
     vertex  1.745148e-01  6.997824e+00  8.000000e+00
   endloop
 endfacet
 facet normal  0.000000e+00  0.000000e+00  1.000000e+00
   outer loop
     vertex  2.359512e+00  1.792227e+01  8.000000e+00
     vertex  1.745148e-01  6.997824e+00  8.000000e+00
     vertex  5.231107e-01  6.980427e+00  8.000000e+00
   endloop
 endfacet
 facet normal  0.000000e+00  0.000000e+00  1.000000e+00
   outer loop
     vertex  2.359512e+00  1.792227e+01  8.000000e+00
     vertex  5.231107e-01  6.980427e+00  8.000000e+00
     vertex  8.704059e-01  6.945674e+00  8.000000e+00
   endloop
 endfacet
 facet normal  0.000000e+00  0.000000e+00  1.000000e+00
   outer loop
     vertex  2.359512e+00  1.792227e+01  8.000000e+00
     vertex  8.704059e-01  6.945674e+00  8.000000e+00
     vertex  1.215537e+00  6.893654e+00  8.000000e+00
   endloop
 endfacet
 facet normal  0.000000e+00  0.000000e+00  1.000000e+00
   outer loop
     vertex  2.359512e+00  1.792227e+01  8.000000e+00
     vertex  1.215537e+00  6.893654e+00  8.000000e+00
     vertex  1.557647e+00  6.824495e+00  8.000000e+00
   endloop
 endfacet
 facet normal  0.000000e+00  0.000000e+00  1.000000e+00
   outer loop
     vertex  2.359512e+00  1.792227e+01  8.000000e+00
     vertex  1.557647e+00  6.824495e+00  8.000000e+00
     vertex  1.895883e+00  6.738370e+00  8.000000e+00
   endloop
 endfacet
 facet normal  0.000000e+00  0.000000e+00  1.000000e+00
   outer loop
     vertex  1.997780e+01  9.421290e-01  8.000000e+00
     vertex  1.792227e+01 -2.359512e+00  8.000000e+00
     vertex  1.997780e+01 -9.421290e-01  8.000000e+00
   endloop
 endfacet
 facet normal  0.000000e+00  0.000000e+00  1.000000e+00
   outer loop
     vertex  1.997780e+01  9.421290e-01  8.000000e+00
     vertex  1.792227e+01  2.359512e+00  8.000000e+00
     vertex  1.792227e+01 -2.359512e+00  8.000000e+00
   endloop
 endfacet
 facet normal  0.000000e+00  0.000000e+00  1.000000e+00
   outer loop
     vertex  9.421290e-01  1.997780e+01  8.000000e+00
     vertex -2.359512e+00  1.792227e+01  8.000000e+00
     vertex  2.359512e+00  1.792227e+01  8.000000e+00
   endloop
 endfacet
 facet normal  0.000000e+00  0.000000e+00  1.000000e+00
   outer loop
     vertex  9.421290e-01  1.997780e+01  8.000000e+00
     vertex -9.421290e-01  1.997780e+01  8.000000e+00
     vertex -2.359512e+00  1.792227e+01  8.000000e+00
   endloop
 endfacet
 facet normal  0.000000e+00  0.000000e+00  1.000000e+00
   outer loop
     vertex  1.670090e+01  6.917739e+00  8.000000e+00
     vertex  6.783541e+00  1.727302e+00  8.000000e+00
     vertex  1.792227e+01  2.359512e+00  8.000000e+00
   endloop
 endfacet
 facet normal  0.000000e+00  0.000000e+00  1.000000e+00
   outer loop
     vertex  1.670090e+01  6.917739e+00  8.000000e+00
     vertex  5.973036e+00  3.650046e+00  8.000000e+00
     vertex  6.147551e+00  3.347778e+00  8.000000e+00
   endloop
 endfacet
 facet normal  0.000000e+00  0.000000e+00  1.000000e+00
   outer loop
     vertex  1.670090e+01  6.917739e+00  8.000000e+00
     vertex  6.147551e+00  3.347778e+00  8.000000e+00
     vertex  6.306782e+00  3.037186e+00  8.000000e+00
   endloop
 endfacet
 facet normal  0.000000e+00  0.000000e+00  1.000000e+00
   outer loop
     vertex  1.670090e+01  6.917739e+00  8.000000e+00
     vertex  6.306782e+00  3.037186e+00  8.000000e+00
     vertex  6.450333e+00  2.719044e+00  8.000000e+00
   endloop
 endfacet
 facet normal  0.000000e+00  0.000000e+00  1.000000e+00
   outer loop
     vertex  1.670090e+01  6.917739e+00  8.000000e+00
     vertex  6.450333e+00  2.719044e+00  8.000000e+00
     vertex  6.577848e+00  2.394141e+00  8.000000e+00
   endloop
 endfacet
 facet normal  0.000000e+00  0.000000e+00  1.000000e+00
   outer loop
     vertex  1.670090e+01  6.917739e+00  8.000000e+00
     vertex  6.577848e+00  2.394141e+00  8.000000e+00
     vertex  6.689010e+00  2.063286e+00  8.000000e+00
   endloop
 endfacet
 facet normal  0.000000e+00  0.000000e+00  1.000000e+00
   outer loop
     vertex  1.670090e+01  6.917739e+00  8.000000e+00
     vertex  6.689010e+00  2.063286e+00  8.000000e+00
     vertex  6.783541e+00  1.727302e+00  8.000000e+00
   endloop
 endfacet
 facet normal  0.000000e+00  0.000000e+00  1.000000e+00
   outer loop
     vertex  6.917739e+00  1.670090e+01  8.000000e+00
     vertex  1.895883e+00  6.738370e+00  8.000000e+00
     vertex  2.229407e+00  6.635491e+00  8.000000e+00
   endloop
 endfacet
 facet normal  0.000000e+00  0.000000e+00  1.000000e+00
   outer loop
     vertex  6.917739e+00  1.670090e+01  8.000000e+00
     vertex  2.359512e+00  1.792227e+01  8.000000e+00
     vertex  1.895883e+00  6.738370e+00  8.000000e+00
   endloop
 endfacet
 facet normal  0.000000e+00  0.000000e+00  1.000000e+00
   outer loop
     vertex  6.917739e+00  1.670090e+01  8.000000e+00
     vertex  2.229407e+00  6.635491e+00  8.000000e+00
     vertex  2.557387e+00  6.516116e+00  8.000000e+00
   endloop
 endfacet
 facet normal  0.000000e+00  0.000000e+00  1.000000e+00
   outer loop
     vertex  6.917739e+00  1.670090e+01  8.000000e+00
     vertex  2.557387e+00  6.516116e+00  8.000000e+00
     vertex  2.879010e+00  6.380541e+00  8.000000e+00
   endloop
 endfacet
 facet normal  0.000000e+00  0.000000e+00  1.000000e+00
   outer loop
     vertex  6.917739e+00  1.670090e+01  8.000000e+00
     vertex  2.879010e+00  6.380541e+00  8.000000e+00
     vertex  3.193475e+00  6.229103e+00  8.000000e+00
   endloop
 endfacet
 facet normal  0.000000e+00  0.000000e+00  1.000000e+00
   outer loop
     vertex  6.917739e+00  1.670090e+01  8.000000e+00
     vertex  3.193475e+00  6.229103e+00  8.000000e+00
     vertex  3.500000e+00  6.062178e+00  8.000000e+00
   endloop
 endfacet
 facet normal  0.000000e+00  0.000000e+00  1.000000e+00
   outer loop
     vertex  1.905323e+01  6.080661e+00  8.000000e+00
     vertex  1.792227e+01  2.359512e+00  8.000000e+00
     vertex  1.954091e+01  4.260608e+00  8.000000e+00
   endloop
 endfacet
 facet normal  0.000000e+00  0.000000e+00  1.000000e+00
   outer loop
     vertex  1.905323e+01  6.080661e+00  8.000000e+00
     vertex  1.670090e+01  6.917739e+00  8.000000e+00
     vertex  1.792227e+01  2.359512e+00  8.000000e+00
   endloop
 endfacet
 facet normal  0.000000e+00  0.000000e+00  1.000000e+00
   outer loop
     vertex  6.080661e+00  1.905323e+01  8.000000e+00
     vertex  2.359512e+00  1.792227e+01  8.000000e+00
     vertex  6.917739e+00  1.670090e+01  8.000000e+00
   endloop
 endfacet
 facet normal  0.000000e+00  0.000000e+00  1.000000e+00
   outer loop
     vertex  6.080661e+00  1.905323e+01  8.000000e+00
     vertex  4.260608e+00  1.954091e+01  8.000000e+00
     vertex  2.359512e+00  1.792227e+01  8.000000e+00
   endloop
 endfacet
 facet normal  0.000000e+00  0.000000e+00  1.000000e+00
   outer loop
     vertex  1.100453e+01  1.434139e+01  8.000000e+00
     vertex  3.500000e+00  6.062178e+00  8.000000e+00
     vertex  3.797824e+00  5.880181e+00  8.000000e+00
   endloop
 endfacet
 facet normal  0.000000e+00  0.000000e+00  1.000000e+00
   outer loop
     vertex  1.100453e+01  1.434139e+01  8.000000e+00
     vertex  3.797824e+00  5.880181e+00  8.000000e+00
     vertex  4.086206e+00  5.683566e+00  8.000000e+00
   endloop
 endfacet
 facet normal  0.000000e+00  0.000000e+00  1.000000e+00
   outer loop
     vertex  1.100453e+01  1.434139e+01  8.000000e+00
     vertex  4.086206e+00  5.683566e+00  8.000000e+00
     vertex  4.364429e+00  5.472820e+00  8.000000e+00
   endloop
 endfacet
 facet normal  0.000000e+00  0.000000e+00  1.000000e+00
   outer loop
     vertex  1.100453e+01  1.434139e+01  8.000000e+00
     vertex  4.364429e+00  5.472820e+00  8.000000e+00
     vertex  4.631801e+00  5.248468e+00  8.000000e+00
   endloop
 endfacet
 facet normal  0.000000e+00  0.000000e+00  1.000000e+00
   outer loop
     vertex  1.100453e+01  1.434139e+01  8.000000e+00
     vertex  4.631801e+00  5.248468e+00  8.000000e+00
     vertex  4.887658e+00  5.011068e+00  8.000000e+00
   endloop
 endfacet
 facet normal  0.000000e+00  0.000000e+00  1.000000e+00
   outer loop
     vertex  1.100453e+01  1.434139e+01  8.000000e+00
     vertex  6.917739e+00  1.670090e+01  8.000000e+00
     vertex  3.500000e+00  6.062178e+00  8.000000e+00
   endloop
 endfacet
 facet normal  0.000000e+00  0.000000e+00  1.000000e+00
   outer loop
     vertex  1.434139e+01  1.100453e+01  8.000000e+00
     vertex  1.100453e+01  1.434139e+01  8.000000e+00
     vertex  4.887658e+00  5.011068e+00  8.000000e+00
   endloop
 endfacet
 facet normal  0.000000e+00  0.000000e+00  1.000000e+00
   outer loop
     vertex  1.434139e+01  1.100453e+01  8.000000e+00
     vertex  4.887658e+00  5.011068e+00  8.000000e+00
     vertex  5.131363e+00  4.761209e+00  8.000000e+00
   endloop
 endfacet
 facet normal  0.000000e+00  0.000000e+00  1.000000e+00
   outer loop
     vertex  1.434139e+01  1.100453e+01  8.000000e+00
     vertex  5.131363e+00  4.761209e+00  8.000000e+00
     vertex  5.362311e+00  4.499513e+00  8.000000e+00
   endloop
 endfacet
 facet normal  0.000000e+00  0.000000e+00  1.000000e+00
   outer loop
     vertex  1.434139e+01  1.100453e+01  8.000000e+00
     vertex  5.362311e+00  4.499513e+00  8.000000e+00
     vertex  5.579928e+00  4.226631e+00  8.000000e+00
   endloop
 endfacet
 facet normal  0.000000e+00  0.000000e+00  1.000000e+00
   outer loop
     vertex  1.434139e+01  1.100453e+01  8.000000e+00
     vertex  5.579928e+00  4.226631e+00  8.000000e+00
     vertex  5.783671e+00  3.943240e+00  8.000000e+00
   endloop
 endfacet
 facet normal  0.000000e+00  0.000000e+00  1.000000e+00
   outer loop
     vertex  1.434139e+01  1.100453e+01  8.000000e+00
     vertex  5.783671e+00  3.943240e+00  8.000000e+00
     vertex  5.973036e+00  3.650046e+00  8.000000e+00
   endloop
 endfacet
 facet normal  0.000000e+00  0.000000e+00  1.000000e+00
   outer loop
     vertex  1.434139e+01  1.100453e+01  8.000000e+00
     vertex  5.973036e+00  3.650046e+00  8.000000e+00
     vertex  1.670090e+01  6.917739e+00  8.000000e+00
   endloop
 endfacet
 facet normal  0.000000e+00  0.000000e+00  1.000000e+00
   outer loop
     vertex  9.172991e+00  1.777234e+01  8.000000e+00
     vertex  6.917739e+00  1.670090e+01  8.000000e+00
     vertex  1.100453e+01  1.434139e+01  8.000000e+00
   endloop
 endfacet
 facet normal  0.000000e+00  0.000000e+00  1.000000e+00
   outer loop
     vertex  1.080481e+01  1.683022e+01  8.000000e+00
     vertex  9.172991e+00  1.777234e+01  8.000000e+00
     vertex  1.100453e+01  1.434139e+01  8.000000e+00
   endloop
 endfacet
 facet normal  0.000000e+00  0.000000e+00  1.000000e+00
   outer loop
     vertex  1.683022e+01  1.080481e+01  8.000000e+00
     vertex  1.670090e+01  6.917739e+00  8.000000e+00
     vertex  1.777234e+01  9.172991e+00  8.000000e+00
   endloop
 endfacet
 facet normal  0.000000e+00  0.000000e+00  1.000000e+00
   outer loop
     vertex  1.683022e+01  1.080481e+01  8.000000e+00
     vertex  1.434139e+01  1.100453e+01  8.000000e+00
     vertex  1.670090e+01  6.917739e+00  8.000000e+00
   endloop
 endfacet
 facet normal  0.000000e+00  0.000000e+00  1.000000e+00
   outer loop
     vertex  1.479262e+01  1.346025e+01  8.000000e+00
     vertex  1.346025e+01  1.479262e+01  8.000000e+00
     vertex  1.100453e+01  1.434139e+01  8.000000e+00
   endloop
 endfacet
 facet normal  0.000000e+00  0.000000e+00  1.000000e+00
   outer loop
     vertex  1.479262e+01  1.346025e+01  8.000000e+00
     vertex  1.100453e+01  1.434139e+01  8.000000e+00
     vertex  1.434139e+01  1.100453e+01  8.000000e+00
   endloop
 endfacet
 facet normal  9.659258e-01 -2.588190e-01  2.503284e-18
   outer loop
     vertex  1.954091e+01 -4.260608e+00  0.000000e+00
     vertex  1.905323e+01 -6.080661e+00  8.000000e+00
     vertex  1.905323e+01 -6.080661e+00  0.000000e+00
   endloop
 endfacet
 facet normal  9.659258e-01 -2.588190e-01  0.000000e+00
   outer loop
     vertex  1.954091e+01 -4.260608e+00  0.000000e+00
     vertex  1.954091e+01 -4.260608e+00  8.000000e+00
     vertex  1.905323e+01 -6.080661e+00  8.000000e+00
   endloop
 endfacet
 facet normal  5.676731e-01  8.232541e-01 -6.633991e-18
   outer loop
     vertex  1.792227e+01  2.359512e+00  0.000000e+00
     vertex  1.997780e+01  9.421290e-01  8.000000e+00
     vertex  1.997780e+01  9.421290e-01  0.000000e+00
   endloop
 endfacet
 facet normal  5.676731e-01  8.232541e-01 -0.000000e+00
   outer loop
     vertex  1.792227e+01  2.359512e+00  0.000000e+00
     vertex  1.792227e+01  2.359512e+00  8.000000e+00
     vertex  1.997780e+01  9.421290e-01  8.000000e+00
   endloop
 endfacet
 facet normal  3.352563e-01 -9.421270e-01  4.977603e-18
   outer loop
     vertex  1.905323e+01 -6.080661e+00  0.000000e+00
     vertex  1.670090e+01 -6.917739e+00  8.000000e+00
     vertex  1.670090e+01 -6.917739e+00  0.000000e+00
   endloop
 endfacet
 facet normal  3.352563e-01 -9.421270e-01  0.000000e+00
   outer loop
     vertex  1.905323e+01 -6.080661e+00  0.000000e+00
     vertex  1.905323e+01 -6.080661e+00  8.000000e+00
     vertex  1.670090e+01 -6.917739e+00  8.000000e+00
   endloop
 endfacet
 facet normal  7.614039e-01 -6.482778e-01 -1.669522e-18
   outer loop
     vertex  1.954091e+01  4.260608e+00  0.000000e+00
     vertex  1.792227e+01  2.359512e+00  8.000000e+00
     vertex  1.792227e+01  2.359512e+00  0.000000e+00
   endloop
 endfacet
 facet normal  7.614039e-01 -6.482778e-01  0.000000e+00
   outer loop
     vertex  1.954091e+01  4.260608e+00  0.000000e+00
     vertex  1.954091e+01  4.260608e+00  8.000000e+00
     vertex  1.792227e+01  2.359512e+00  8.000000e+00
   endloop
 endfacet
 facet normal  9.032464e-01  4.291224e-01 -1.022735e-17
   outer loop
     vertex  1.670090e+01 -6.917739e+00  0.000000e+00
     vertex  1.777234e+01 -9.172991e+00  8.000000e+00
     vertex  1.777234e+01 -9.172991e+00  0.000000e+00
   endloop
 endfacet
 facet normal  9.032464e-01  4.291224e-01 -0.000000e+00
   outer loop
     vertex  1.670090e+01 -6.917739e+00  0.000000e+00
     vertex  1.670090e+01 -6.917739e+00  8.000000e+00
     vertex  1.777234e+01 -9.172991e+00  8.000000e+00
   endloop
 endfacet
 facet normal  9.659258e-01  2.588190e-01 -1.158847e-18
   outer loop
     vertex  1.905323e+01  6.080661e+00  0.000000e+00
     vertex  1.954091e+01  4.260608e+00  8.000000e+00
     vertex  1.954091e+01  4.260608e+00  0.000000e+00
   endloop
 endfacet
 facet normal  9.659258e-01  2.588190e-01 -0.000000e+00
   outer loop
     vertex  1.905323e+01  6.080661e+00  0.000000e+00
     vertex  1.905323e+01  6.080661e+00  8.000000e+00
     vertex  1.954091e+01  4.260608e+00  8.000000e+00
   endloop
 endfacet
 facet normal  8.660254e-01 -5.000000e-01 -5.796776e-18
   outer loop
     vertex  1.777234e+01 -9.172991e+00  0.000000e+00
     vertex  1.683022e+01 -1.080481e+01  8.000000e+00
     vertex  1.683022e+01 -1.080481e+01  0.000000e+00
   endloop
 endfacet
 facet normal  8.660254e-01 -5.000000e-01  0.000000e+00
   outer loop
     vertex  1.777234e+01 -9.172991e+00  0.000000e+00
     vertex  1.777234e+01 -9.172991e+00  8.000000e+00
     vertex  1.683022e+01 -1.080481e+01  8.000000e+00
   endloop
 endfacet
 facet normal  3.352563e-01  9.421270e-01 -4.977603e-18
   outer loop
     vertex  1.670090e+01  6.917739e+00  0.000000e+00
     vertex  1.905323e+01  6.080661e+00  8.000000e+00
     vertex  1.905323e+01  6.080661e+00  0.000000e+00
   endloop
 endfacet
 facet normal  3.352563e-01  9.421270e-01 -0.000000e+00
   outer loop
     vertex  1.670090e+01  6.917739e+00  0.000000e+00
     vertex  1.670090e+01  6.917739e+00  8.000000e+00
     vertex  1.905323e+01  6.080661e+00  8.000000e+00
   endloop
 endfacet
 facet normal  7.999229e-02 -9.967955e-01  1.183513e-18
   outer loop
     vertex  1.683022e+01 -1.080481e+01  0.000000e+00
     vertex  1.434139e+01 -1.100453e+01  8.000000e+00
     vertex  1.434139e+01 -1.100453e+01  0.000000e+00
   endloop
 endfacet
 facet normal  7.999229e-02 -9.967955e-01  0.000000e+00
   outer loop
     vertex  1.683022e+01 -1.080481e+01  0.000000e+00
     vertex  1.683022e+01 -1.080481e+01  8.000000e+00
     vertex  1.434139e+01 -1.100453e+01  8.000000e+00
   endloop
 endfacet
 facet normal  9.032464e-01 -4.291224e-01  0.000000e+00
   outer loop
     vertex  1.670090e+01  6.917739e+00  0.000000e+00
     vertex  1.777234e+01  9.172991e+00  8.000000e+00
     vertex  1.670090e+01  6.917739e+00  8.000000e+00
   endloop
 endfacet
 facet normal  9.032464e-01 -4.291224e-01  0.000000e+00
   outer loop
     vertex  1.777234e+01  9.172991e+00  0.000000e+00
     vertex  1.777234e+01  9.172991e+00  8.000000e+00
     vertex  1.670090e+01  6.917739e+00  0.000000e+00
   endloop
 endfacet
 facet normal  9.835340e-01  1.807230e-01  3.297332e-18
   outer loop
     vertex  1.434139e+01 -1.100453e+01  0.000000e+00
     vertex  1.479262e+01 -1.346025e+01  8.000000e+00
     vertex  1.479262e+01 -1.346025e+01  0.000000e+00
   endloop
 endfacet
 facet normal  9.835340e-01  1.807230e-01 -0.000000e+00
   outer loop
     vertex  1.434139e+01 -1.100453e+01  0.000000e+00
     vertex  1.434139e+01 -1.100453e+01  8.000000e+00
     vertex  1.479262e+01 -1.346025e+01  8.000000e+00
   endloop
 endfacet
 facet normal  8.660254e-01  5.000000e-01  7.221915e-18
   outer loop
     vertex  1.683022e+01  1.080481e+01  0.000000e+00
     vertex  1.777234e+01  9.172991e+00  8.000000e+00
     vertex  1.777234e+01  9.172991e+00  0.000000e+00
   endloop
 endfacet
 facet normal  8.660254e-01  5.000000e-01 -0.000000e+00
   outer loop
     vertex  1.683022e+01  1.080481e+01  0.000000e+00
     vertex  1.683022e+01  1.080481e+01  8.000000e+00
     vertex  1.777234e+01  9.172991e+00  8.000000e+00
   endloop
 endfacet
 facet normal  7.071068e-01 -7.071068e-01 -6.628063e-18
   outer loop
     vertex  1.479262e+01 -1.346025e+01  0.000000e+00
     vertex  1.346025e+01 -1.479262e+01  8.000000e+00
     vertex  1.346025e+01 -1.479262e+01  0.000000e+00
   endloop
 endfacet
 facet normal  7.071068e-01 -7.071068e-01  0.000000e+00
   outer loop
     vertex  1.479262e+01 -1.346025e+01  0.000000e+00
     vertex  1.479262e+01 -1.346025e+01  8.000000e+00
     vertex  1.346025e+01 -1.479262e+01  8.000000e+00
   endloop
 endfacet
 facet normal  7.999229e-02  9.967955e-01 -0.000000e+00
   outer loop
     vertex  1.683022e+01  1.080481e+01  0.000000e+00
     vertex  1.434139e+01  1.100453e+01  8.000000e+00
     vertex  1.683022e+01  1.080481e+01  8.000000e+00
   endloop
 endfacet
 facet normal  7.999229e-02  9.967955e-01 -0.000000e+00
   outer loop
     vertex  1.434139e+01  1.100453e+01  0.000000e+00
     vertex  1.434139e+01  1.100453e+01  8.000000e+00
     vertex  1.683022e+01  1.080481e+01  0.000000e+00
   endloop
 endfacet
 facet normal -1.807230e-01 -9.835340e-01  2.448882e-18
   outer loop
     vertex  1.346025e+01 -1.479262e+01  0.000000e+00
     vertex  1.100453e+01 -1.434139e+01  8.000000e+00
     vertex  1.100453e+01 -1.434139e+01  0.000000e+00
   endloop
 endfacet
 facet normal -1.807230e-01 -9.835340e-01  0.000000e+00
   outer loop
     vertex  1.346025e+01 -1.479262e+01  0.000000e+00
     vertex  1.346025e+01 -1.479262e+01  8.000000e+00
     vertex  1.100453e+01 -1.434139e+01  8.000000e+00
   endloop
 endfacet
 facet normal  9.835340e-01 -1.807230e-01  0.000000e+00
   outer loop
     vertex  1.434139e+01  1.100453e+01  0.000000e+00
     vertex  1.479262e+01  1.346025e+01  8.000000e+00
     vertex  1.434139e+01  1.100453e+01  8.000000e+00
   endloop
 endfacet
 facet normal  9.835340e-01 -1.807230e-01  0.000000e+00
   outer loop
     vertex  1.479262e+01  1.346025e+01  0.000000e+00
     vertex  1.479262e+01  1.346025e+01  8.000000e+00
     vertex  1.434139e+01  1.100453e+01  0.000000e+00
   endloop
 endfacet
 facet normal  9.967955e-01 -7.999229e-02 -1.192644e-18
   outer loop
     vertex  1.100453e+01 -1.434139e+01  0.000000e+00
     vertex  1.080481e+01 -1.683022e+01  8.000000e+00
     vertex  1.080481e+01 -1.683022e+01  0.000000e+00
   endloop
 endfacet
 facet normal  9.967955e-01 -7.999229e-02  0.000000e+00
   outer loop
     vertex  1.100453e+01 -1.434139e+01  0.000000e+00
     vertex  1.100453e+01 -1.434139e+01  8.000000e+00
     vertex  1.080481e+01 -1.683022e+01  8.000000e+00
   endloop
 endfacet
 facet normal  7.071068e-01  7.071068e-01 -7.082217e-18
   outer loop
     vertex  1.346025e+01  1.479262e+01  0.000000e+00
     vertex  1.479262e+01  1.346025e+01  8.000000e+00
     vertex  1.479262e+01  1.346025e+01  0.000000e+00
   endloop
 endfacet
 facet normal  7.071068e-01  7.071068e-01 -0.000000e+00
   outer loop
     vertex  1.346025e+01  1.479262e+01  0.000000e+00
     vertex  1.346025e+01  1.479262e+01  8.000000e+00
     vertex  1.479262e+01  1.346025e+01  8.000000e+00
   endloop
 endfacet
 facet normal  5.000000e-01 -8.660254e-01 -4.190515e-18
   outer loop
     vertex  1.080481e+01 -1.683022e+01  0.000000e+00
     vertex  9.172991e+00 -1.777234e+01  8.000000e+00
     vertex  9.172991e+00 -1.777234e+01  0.000000e+00
   endloop
 endfacet
 facet normal  5.000000e-01 -8.660254e-01  0.000000e+00
   outer loop
     vertex  1.080481e+01 -1.683022e+01  0.000000e+00
     vertex  1.080481e+01 -1.683022e+01  8.000000e+00
     vertex  9.172991e+00 -1.777234e+01  8.000000e+00
   endloop
 endfacet
 facet normal -1.807230e-01  9.835340e-01  0.000000e+00
   outer loop
     vertex  1.346025e+01  1.479262e+01  0.000000e+00
     vertex  1.100453e+01  1.434139e+01  8.000000e+00
     vertex  1.346025e+01  1.479262e+01  8.000000e+00
   endloop
 endfacet
 facet normal -1.807230e-01  9.835340e-01  0.000000e+00
   outer loop
     vertex  1.100453e+01  1.434139e+01  0.000000e+00
     vertex  1.100453e+01  1.434139e+01  8.000000e+00
     vertex  1.346025e+01  1.479262e+01  0.000000e+00
   endloop
 endfacet
 facet normal -4.291224e-01 -9.032464e-01 -8.918808e-18
   outer loop
     vertex  9.172991e+00 -1.777234e+01  0.000000e+00
     vertex  6.917739e+00 -1.670090e+01  8.000000e+00
     vertex  6.917739e+00 -1.670090e+01  0.000000e+00
   endloop
 endfacet
 facet normal -4.291224e-01 -9.032464e-01  0.000000e+00
   outer loop
     vertex  9.172991e+00 -1.777234e+01  0.000000e+00
     vertex  9.172991e+00 -1.777234e+01  8.000000e+00
     vertex  6.917739e+00 -1.670090e+01  8.000000e+00
   endloop
 endfacet
 facet normal  9.967955e-01  7.999229e-02 -0.000000e+00
   outer loop
     vertex  1.100453e+01  1.434139e+01  0.000000e+00
     vertex  1.080481e+01  1.683022e+01  8.000000e+00
     vertex  1.100453e+01  1.434139e+01  8.000000e+00
   endloop
 endfacet
 facet normal  9.967955e-01  7.999229e-02 -0.000000e+00
   outer loop
     vertex  1.080481e+01  1.683022e+01  0.000000e+00
     vertex  1.080481e+01  1.683022e+01  8.000000e+00
     vertex  1.100453e+01  1.434139e+01  0.000000e+00
   endloop
 endfacet
 facet normal  9.421270e-01 -3.352563e-01  9.455568e-19
   outer loop
     vertex  6.917739e+00 -1.670090e+01  0.000000e+00
     vertex  6.080661e+00 -1.905323e+01  8.000000e+00
     vertex  6.080661e+00 -1.905323e+01  0.000000e+00
   endloop
 endfacet
 facet normal  9.421270e-01 -3.352563e-01  0.000000e+00
   outer loop
     vertex  6.917739e+00 -1.670090e+01  0.000000e+00
     vertex  6.917739e+00 -1.670090e+01  8.000000e+00
     vertex  6.080661e+00 -1.905323e+01  8.000000e+00
   endloop
 endfacet
 facet normal  5.000000e-01  8.660254e-01 -0.000000e+00
   outer loop
     vertex  1.080481e+01  1.683022e+01  0.000000e+00
     vertex  9.172991e+00  1.777234e+01  8.000000e+00
     vertex  1.080481e+01  1.683022e+01  8.000000e+00
   endloop
 endfacet
 facet normal  5.000000e-01  8.660254e-01 -0.000000e+00
   outer loop
     vertex  9.172991e+00  1.777234e+01  0.000000e+00
     vertex  9.172991e+00  1.777234e+01  8.000000e+00
     vertex  1.080481e+01  1.683022e+01  0.000000e+00
   endloop
 endfacet
 facet normal  2.588190e-01 -9.659258e-01  7.230474e-19
   outer loop
     vertex  6.080661e+00 -1.905323e+01  0.000000e+00
     vertex  4.260608e+00 -1.954091e+01  8.000000e+00
     vertex  4.260608e+00 -1.954091e+01  0.000000e+00
   endloop
 endfacet
 facet normal  2.588190e-01 -9.659258e-01  0.000000e+00
   outer loop
     vertex  6.080661e+00 -1.905323e+01  0.000000e+00
     vertex  6.080661e+00 -1.905323e+01  8.000000e+00
     vertex  4.260608e+00 -1.954091e+01  8.000000e+00
   endloop
 endfacet
 facet normal -4.291224e-01  9.032464e-01  7.984659e-18
   outer loop
     vertex  6.917739e+00  1.670090e+01  0.000000e+00
     vertex  9.172991e+00  1.777234e+01  8.000000e+00
     vertex  9.172991e+00  1.777234e+01  0.000000e+00
   endloop
 endfacet
 facet normal -4.291224e-01  9.032464e-01  0.000000e+00
   outer loop
     vertex  6.917739e+00  1.670090e+01  0.000000e+00
     vertex  6.917739e+00  1.670090e+01  8.000000e+00
     vertex  9.172991e+00  1.777234e+01  8.000000e+00
   endloop
 endfacet
 facet normal -6.482778e-01 -7.614039e-01  0.000000e+00
   outer loop
     vertex  2.359512e+00 -1.792227e+01  0.000000e+00
     vertex  4.260608e+00 -1.954091e+01  8.000000e+00
     vertex  2.359512e+00 -1.792227e+01  8.000000e+00
   endloop
 endfacet
 facet normal -6.482778e-01 -7.614039e-01  0.000000e+00
   outer loop
     vertex  4.260608e+00 -1.954091e+01  0.000000e+00
     vertex  4.260608e+00 -1.954091e+01  8.000000e+00
     vertex  2.359512e+00 -1.792227e+01  0.000000e+00
   endloop
 endfacet
 facet normal  9.421270e-01  3.352563e-01 -2.622197e-18
   outer loop
     vertex  6.080661e+00  1.905323e+01  0.000000e+00
     vertex  6.917739e+00  1.670090e+01  8.000000e+00
     vertex  6.917739e+00  1.670090e+01  0.000000e+00
   endloop
 endfacet
 facet normal  9.421270e-01  3.352563e-01 -0.000000e+00
   outer loop
     vertex  6.080661e+00  1.905323e+01  0.000000e+00
     vertex  6.080661e+00  1.905323e+01  8.000000e+00
     vertex  6.917739e+00  1.670090e+01  8.000000e+00
   endloop
 endfacet
 facet normal  8.232541e-01 -5.676731e-01  0.000000e+00
   outer loop
     vertex  9.421290e-01 -1.997780e+01  0.000000e+00
     vertex  2.359512e+00 -1.792227e+01  8.000000e+00
     vertex  9.421290e-01 -1.997780e+01  8.000000e+00
   endloop
 endfacet
 facet normal  8.232541e-01 -5.676731e-01  0.000000e+00
   outer loop
     vertex  2.359512e+00 -1.792227e+01  0.000000e+00
     vertex  2.359512e+00 -1.792227e+01  8.000000e+00
     vertex  9.421290e-01 -1.997780e+01  0.000000e+00
   endloop
 endfacet
 facet normal  2.588190e-01  9.659258e-01 -0.000000e+00
   outer loop
     vertex  6.080661e+00  1.905323e+01  0.000000e+00
     vertex  4.260608e+00  1.954091e+01  8.000000e+00
     vertex  6.080661e+00  1.905323e+01  8.000000e+00
   endloop
 endfacet
 facet normal  2.588190e-01  9.659258e-01 -0.000000e+00
   outer loop
     vertex  4.260608e+00  1.954091e+01  0.000000e+00
     vertex  4.260608e+00  1.954091e+01  8.000000e+00
     vertex  6.080661e+00  1.905323e+01  0.000000e+00
   endloop
 endfacet
 facet normal  0.000000e+00 -1.000000e+00  0.000000e+00
   outer loop
     vertex  9.421290e-01 -1.997780e+01  0.000000e+00
     vertex -9.421290e-01 -1.997780e+01  8.000000e+00
     vertex -9.421290e-01 -1.997780e+01  0.000000e+00
   endloop
 endfacet
 facet normal  0.000000e+00 -1.000000e+00  0.000000e+00
   outer loop
     vertex  9.421290e-01 -1.997780e+01  0.000000e+00
     vertex  9.421290e-01 -1.997780e+01  8.000000e+00
     vertex -9.421290e-01 -1.997780e+01  8.000000e+00
   endloop
 endfacet
 facet normal -6.482778e-01  7.614039e-01  9.515008e-18
   outer loop
     vertex  2.359512e+00  1.792227e+01  0.000000e+00
     vertex  4.260608e+00  1.954091e+01  8.000000e+00
     vertex  4.260608e+00  1.954091e+01  0.000000e+00
   endloop
 endfacet
 facet normal -6.482778e-01  7.614039e-01  0.000000e+00
   outer loop
     vertex  2.359512e+00  1.792227e+01  0.000000e+00
     vertex  2.359512e+00  1.792227e+01  8.000000e+00
     vertex  4.260608e+00  1.954091e+01  8.000000e+00
   endloop
 endfacet
 facet normal -8.232541e-01 -5.676731e-01  2.529730e-18
   outer loop
     vertex -9.421290e-01 -1.997780e+01  0.000000e+00
     vertex -2.359512e+00 -1.792227e+01  8.000000e+00
     vertex -2.359512e+00 -1.792227e+01  0.000000e+00
   endloop
 endfacet
 facet normal -8.232541e-01 -5.676731e-01  0.000000e+00
   outer loop
     vertex -9.421290e-01 -1.997780e+01  0.000000e+00
     vertex -9.421290e-01 -1.997780e+01  8.000000e+00
     vertex -2.359512e+00 -1.792227e+01  8.000000e+00
   endloop
 endfacet
 facet normal  8.232541e-01  5.676731e-01  9.426324e-18
   outer loop
     vertex  9.421290e-01  1.997780e+01  0.000000e+00
     vertex  2.359512e+00  1.792227e+01  8.000000e+00
     vertex  2.359512e+00  1.792227e+01  0.000000e+00
   endloop
 endfacet
 facet normal  8.232541e-01  5.676731e-01 -0.000000e+00
   outer loop
     vertex  9.421290e-01  1.997780e+01  0.000000e+00
     vertex  9.421290e-01  1.997780e+01  8.000000e+00
     vertex  2.359512e+00  1.792227e+01  8.000000e+00
   endloop
 endfacet
 facet normal  6.482778e-01 -7.614039e-01  1.095309e-17
   outer loop
     vertex -2.359512e+00 -1.792227e+01  0.000000e+00
     vertex -4.260608e+00 -1.954091e+01  8.000000e+00
     vertex -4.260608e+00 -1.954091e+01  0.000000e+00
   endloop
 endfacet
 facet normal  6.482778e-01 -7.614039e-01  0.000000e+00
   outer loop
     vertex -2.359512e+00 -1.792227e+01  0.000000e+00
     vertex -2.359512e+00 -1.792227e+01  8.000000e+00
     vertex -4.260608e+00 -1.954091e+01  8.000000e+00
   endloop
 endfacet
 facet normal  0.000000e+00  1.000000e+00  0.000000e+00
   outer loop
     vertex -9.421290e-01  1.997780e+01  0.000000e+00
     vertex  9.421290e-01  1.997780e+01  8.000000e+00
     vertex  9.421290e-01  1.997780e+01  0.000000e+00
   endloop
 endfacet
 facet normal  0.000000e+00  1.000000e+00  0.000000e+00
   outer loop
     vertex -9.421290e-01  1.997780e+01  0.000000e+00
     vertex -9.421290e-01  1.997780e+01  8.000000e+00
     vertex  9.421290e-01  1.997780e+01  8.000000e+00
   endloop
 endfacet
 facet normal -2.588190e-01 -9.659258e-01 -1.777487e-18
   outer loop
     vertex -4.260608e+00 -1.954091e+01  0.000000e+00
     vertex -6.080661e+00 -1.905323e+01  8.000000e+00
     vertex -6.080661e+00 -1.905323e+01  0.000000e+00
   endloop
 endfacet
 facet normal -2.588190e-01 -9.659258e-01  0.000000e+00
   outer loop
     vertex -4.260608e+00 -1.954091e+01  0.000000e+00
     vertex -4.260608e+00 -1.954091e+01  8.000000e+00
     vertex -6.080661e+00 -1.905323e+01  8.000000e+00
   endloop
 endfacet
 facet normal -8.232541e-01  5.676731e-01 -8.809090e-18
   outer loop
     vertex -2.359512e+00  1.792227e+01  0.000000e+00
     vertex -9.421290e-01  1.997780e+01  8.000000e+00
     vertex -9.421290e-01  1.997780e+01  0.000000e+00
   endloop
 endfacet
 facet normal -8.232541e-01  5.676731e-01  0.000000e+00
   outer loop
     vertex -2.359512e+00  1.792227e+01  0.000000e+00
     vertex -2.359512e+00  1.792227e+01  8.000000e+00
     vertex -9.421290e-01  1.997780e+01  8.000000e+00
   endloop
 endfacet
 facet normal -9.421270e-01 -3.352563e-01 -4.977603e-18
   outer loop
     vertex -6.080661e+00 -1.905323e+01  0.000000e+00
     vertex -6.917739e+00 -1.670090e+01  8.000000e+00
     vertex -6.917739e+00 -1.670090e+01  0.000000e+00
   endloop
 endfacet
 facet normal -9.421270e-01 -3.352563e-01  0.000000e+00
   outer loop
     vertex -6.080661e+00 -1.905323e+01  0.000000e+00
     vertex -6.080661e+00 -1.905323e+01  8.000000e+00
     vertex -6.917739e+00 -1.670090e+01  8.000000e+00
   endloop
 endfacet
 facet normal  6.482778e-01  7.614039e-01 -0.000000e+00
   outer loop
     vertex -2.359512e+00  1.792227e+01  0.000000e+00
     vertex -4.260608e+00  1.954091e+01  8.000000e+00
     vertex -2.359512e+00  1.792227e+01  8.000000e+00
   endloop
 endfacet
 facet normal  6.482778e-01  7.614039e-01 -0.000000e+00
   outer loop
     vertex -4.260608e+00  1.954091e+01  0.000000e+00
     vertex -4.260608e+00  1.954091e+01  8.000000e+00
     vertex -2.359512e+00  1.792227e+01  0.000000e+00
   endloop
 endfacet
 facet normal  4.291224e-01 -9.032464e-01  7.050510e-18
   outer loop
     vertex -6.917739e+00 -1.670090e+01  0.000000e+00
     vertex -9.172991e+00 -1.777234e+01  8.000000e+00
     vertex -9.172991e+00 -1.777234e+01  0.000000e+00
   endloop
 endfacet
 facet normal  4.291224e-01 -9.032464e-01  0.000000e+00
   outer loop
     vertex -6.917739e+00 -1.670090e+01  0.000000e+00
     vertex -6.917739e+00 -1.670090e+01  8.000000e+00
     vertex -9.172991e+00 -1.777234e+01  8.000000e+00
   endloop
 endfacet
 facet normal -2.588190e-01  9.659258e-01  0.000000e+00
   outer loop
     vertex -4.260608e+00  1.954091e+01  0.000000e+00
     vertex -6.080661e+00  1.905323e+01  8.000000e+00
     vertex -4.260608e+00  1.954091e+01  8.000000e+00
   endloop
 endfacet
 facet normal -2.588190e-01  9.659258e-01  0.000000e+00
   outer loop
     vertex -6.080661e+00  1.905323e+01  0.000000e+00
     vertex -6.080661e+00  1.905323e+01  8.000000e+00
     vertex -4.260608e+00  1.954091e+01  0.000000e+00
   endloop
 endfacet
 facet normal -5.000000e-01 -8.660254e-01 -1.022852e-18
   outer loop
     vertex -9.172991e+00 -1.777234e+01  0.000000e+00
     vertex -1.080481e+01 -1.683022e+01  8.000000e+00
     vertex -1.080481e+01 -1.683022e+01  0.000000e+00
   endloop
 endfacet
 facet normal -5.000000e-01 -8.660254e-01  0.000000e+00
   outer loop
     vertex -9.172991e+00 -1.777234e+01  0.000000e+00
     vertex -9.172991e+00 -1.777234e+01  8.000000e+00
     vertex -1.080481e+01 -1.683022e+01  8.000000e+00
   endloop
 endfacet
 facet normal -9.421270e-01  3.352563e-01 -3.604596e-18
   outer loop
     vertex -6.917739e+00  1.670090e+01  0.000000e+00
     vertex -6.080661e+00  1.905323e+01  8.000000e+00
     vertex -6.080661e+00  1.905323e+01  0.000000e+00
   endloop
 endfacet
 facet normal -9.421270e-01  3.352563e-01  0.000000e+00
   outer loop
     vertex -6.917739e+00  1.670090e+01  0.000000e+00
     vertex -6.917739e+00  1.670090e+01  8.000000e+00
     vertex -6.080661e+00  1.905323e+01  8.000000e+00
   endloop
 endfacet
 facet normal -9.967955e-01 -7.999229e-02  8.034931e-19
   outer loop
     vertex -1.080481e+01 -1.683022e+01  0.000000e+00
     vertex -1.100453e+01 -1.434139e+01  8.000000e+00
     vertex -1.100453e+01 -1.434139e+01  0.000000e+00
   endloop
 endfacet
 facet normal -9.967955e-01 -7.999229e-02  0.000000e+00
   outer loop
     vertex -1.080481e+01 -1.683022e+01  0.000000e+00
     vertex -1.080481e+01 -1.683022e+01  8.000000e+00
     vertex -1.100453e+01 -1.434139e+01  8.000000e+00
   endloop
 endfacet
 facet normal  4.291224e-01  9.032464e-01 -2.559881e-18
   outer loop
     vertex -9.172991e+00  1.777234e+01  0.000000e+00
     vertex -6.917739e+00  1.670090e+01  8.000000e+00
     vertex -6.917739e+00  1.670090e+01  0.000000e+00
   endloop
 endfacet
 facet normal  4.291224e-01  9.032464e-01 -0.000000e+00
   outer loop
     vertex -9.172991e+00  1.777234e+01  0.000000e+00
     vertex -9.172991e+00  1.777234e+01  8.000000e+00
     vertex -6.917739e+00  1.670090e+01  8.000000e+00
   endloop
 endfacet
 facet normal  1.807230e-01 -9.835340e-01  4.279459e-18
   outer loop
     vertex -1.100453e+01 -1.434139e+01  0.000000e+00
     vertex -1.346025e+01 -1.479262e+01  8.000000e+00
     vertex -1.346025e+01 -1.479262e+01  0.000000e+00
   endloop
 endfacet
 facet normal  1.807230e-01 -9.835340e-01  0.000000e+00
   outer loop
     vertex -1.100453e+01 -1.434139e+01  0.000000e+00
     vertex -1.100453e+01 -1.434139e+01  8.000000e+00
     vertex -1.346025e+01 -1.479262e+01  8.000000e+00
   endloop
 endfacet
 facet normal -5.000000e-01  8.660254e-01 -3.433687e-18
   outer loop
     vertex -1.080481e+01  1.683022e+01  0.000000e+00
     vertex -9.172991e+00  1.777234e+01  8.000000e+00
     vertex -9.172991e+00  1.777234e+01  0.000000e+00
   endloop
 endfacet
 facet normal -5.000000e-01  8.660254e-01  0.000000e+00
   outer loop
     vertex -1.080481e+01  1.683022e+01  0.000000e+00
     vertex -1.080481e+01  1.683022e+01  8.000000e+00
     vertex -9.172991e+00  1.777234e+01  8.000000e+00
   endloop
 endfacet
 facet normal -7.071068e-01 -7.071068e-01 -1.378833e-18
   outer loop
     vertex -1.346025e+01 -1.479262e+01  0.000000e+00
     vertex -1.479262e+01 -1.346025e+01  8.000000e+00
     vertex -1.479262e+01 -1.346025e+01  0.000000e+00
   endloop
 endfacet
 facet normal -7.071068e-01 -7.071068e-01  0.000000e+00
   outer loop
     vertex -1.346025e+01 -1.479262e+01  0.000000e+00
     vertex -1.346025e+01 -1.479262e+01  8.000000e+00
     vertex -1.479262e+01 -1.346025e+01  8.000000e+00
   endloop
 endfacet
 facet normal -9.967955e-01  7.999229e-02 -1.272802e-18
   outer loop
     vertex -1.100453e+01  1.434139e+01  0.000000e+00
     vertex -1.080481e+01  1.683022e+01  8.000000e+00
     vertex -1.080481e+01  1.683022e+01  0.000000e+00
   endloop
 endfacet
 facet normal -9.967955e-01  7.999229e-02  0.000000e+00
   outer loop
     vertex -1.100453e+01  1.434139e+01  0.000000e+00
     vertex -1.100453e+01  1.434139e+01  8.000000e+00
     vertex -1.080481e+01  1.683022e+01  8.000000e+00
   endloop
 endfacet
 facet normal -9.835340e-01  1.807230e-01 -1.304330e-18
   outer loop
     vertex -1.479262e+01 -1.346025e+01  0.000000e+00
     vertex -1.434139e+01 -1.100453e+01  8.000000e+00
     vertex -1.434139e+01 -1.100453e+01  0.000000e+00
   endloop
 endfacet
 facet normal -9.835340e-01  1.807230e-01  0.000000e+00
   outer loop
     vertex -1.479262e+01 -1.346025e+01  0.000000e+00
     vertex -1.479262e+01 -1.346025e+01  8.000000e+00
     vertex -1.434139e+01 -1.100453e+01  8.000000e+00
   endloop
 endfacet
 facet normal  1.807230e-01  9.835340e-01 -4.279459e-18
   outer loop
     vertex -1.346025e+01  1.479262e+01  0.000000e+00
     vertex -1.100453e+01  1.434139e+01  8.000000e+00
     vertex -1.100453e+01  1.434139e+01  0.000000e+00
   endloop
 endfacet
 facet normal  1.807230e-01  9.835340e-01 -0.000000e+00
   outer loop
     vertex -1.346025e+01  1.479262e+01  0.000000e+00
     vertex -1.346025e+01  1.479262e+01  8.000000e+00
     vertex -1.100453e+01  1.434139e+01  8.000000e+00
   endloop
 endfacet
 facet normal -7.999229e-02 -9.967955e-01 -5.127772e-19
   outer loop
     vertex -1.434139e+01 -1.100453e+01  0.000000e+00
     vertex -1.683022e+01 -1.080481e+01  8.000000e+00
     vertex -1.683022e+01 -1.080481e+01  0.000000e+00
   endloop
 endfacet
 facet normal -7.999229e-02 -9.967955e-01  0.000000e+00
   outer loop
     vertex -1.434139e+01 -1.100453e+01  0.000000e+00
     vertex -1.434139e+01 -1.100453e+01  8.000000e+00
     vertex -1.683022e+01 -1.080481e+01  8.000000e+00
   endloop
 endfacet
 facet normal -7.071068e-01  7.071068e-01 -3.644577e-18
   outer loop
     vertex -1.479262e+01  1.346025e+01  0.000000e+00
     vertex -1.346025e+01  1.479262e+01  8.000000e+00
     vertex -1.346025e+01  1.479262e+01  0.000000e+00
   endloop
 endfacet
 facet normal -7.071068e-01  7.071068e-01  0.000000e+00
   outer loop
     vertex -1.479262e+01  1.346025e+01  0.000000e+00
     vertex -1.479262e+01  1.346025e+01  8.000000e+00
     vertex -1.346025e+01  1.479262e+01  8.000000e+00
   endloop
 endfacet
 facet normal -8.660254e-01 -5.000000e-01 -4.992203e-18
   outer loop
     vertex -1.683022e+01 -1.080481e+01  0.000000e+00
     vertex -1.777234e+01 -9.172991e+00  8.000000e+00
     vertex -1.777234e+01 -9.172991e+00  0.000000e+00
   endloop
 endfacet
 facet normal -8.660254e-01 -5.000000e-01  0.000000e+00
   outer loop
     vertex -1.683022e+01 -1.080481e+01  0.000000e+00
     vertex -1.683022e+01 -1.080481e+01  8.000000e+00
     vertex -1.777234e+01 -9.172991e+00  8.000000e+00
   endloop
 endfacet
 facet normal -9.835340e-01 -1.807230e-01 -2.633808e-18
   outer loop
     vertex -1.434139e+01  1.100453e+01  0.000000e+00
     vertex -1.479262e+01  1.346025e+01  8.000000e+00
     vertex -1.479262e+01  1.346025e+01  0.000000e+00
   endloop
 endfacet
 facet normal -9.835340e-01 -1.807230e-01  0.000000e+00
   outer loop
     vertex -1.434139e+01  1.100453e+01  0.000000e+00
     vertex -1.434139e+01  1.100453e+01  8.000000e+00
     vertex -1.479262e+01  1.346025e+01  8.000000e+00
   endloop
 endfacet
 facet normal -9.032464e-01  4.291224e-01 -1.013701e-17
   outer loop
     vertex -1.777234e+01 -9.172991e+00  0.000000e+00
     vertex -1.670090e+01 -6.917739e+00  8.000000e+00
     vertex -1.670090e+01 -6.917739e+00  0.000000e+00
   endloop
 endfacet
 facet normal -9.032464e-01  4.291224e-01  0.000000e+00
   outer loop
     vertex -1.777234e+01 -9.172991e+00  0.000000e+00
     vertex -1.777234e+01 -9.172991e+00  8.000000e+00
     vertex -1.670090e+01 -6.917739e+00  8.000000e+00
   endloop
 endfacet
 facet normal -7.999229e-02  9.967955e-01 -1.178940e-18
   outer loop
     vertex -1.683022e+01  1.080481e+01  0.000000e+00
     vertex -1.434139e+01  1.100453e+01  8.000000e+00
     vertex -1.434139e+01  1.100453e+01  0.000000e+00
   endloop
 endfacet
 facet normal -7.999229e-02  9.967955e-01  0.000000e+00
   outer loop
     vertex -1.683022e+01  1.080481e+01  0.000000e+00
     vertex -1.683022e+01  1.080481e+01  8.000000e+00
     vertex -1.434139e+01  1.100453e+01  8.000000e+00
   endloop
 endfacet
 facet normal -3.352563e-01 -9.421270e-01  0.000000e+00
   outer loop
     vertex -1.905323e+01 -6.080661e+00  0.000000e+00
     vertex -1.670090e+01 -6.917739e+00  8.000000e+00
     vertex -1.905323e+01 -6.080661e+00  8.000000e+00
   endloop
 endfacet
 facet normal -3.352563e-01 -9.421270e-01  0.000000e+00
   outer loop
     vertex -1.670090e+01 -6.917739e+00  0.000000e+00
     vertex -1.670090e+01 -6.917739e+00  8.000000e+00
     vertex -1.905323e+01 -6.080661e+00  0.000000e+00
   endloop
 endfacet
 facet normal -8.660254e-01  5.000000e-01  3.385942e-18
   outer loop
     vertex -1.777234e+01  9.172991e+00  0.000000e+00
     vertex -1.683022e+01  1.080481e+01  8.000000e+00
     vertex -1.683022e+01  1.080481e+01  0.000000e+00
   endloop
 endfacet
 facet normal -8.660254e-01  5.000000e-01  0.000000e+00
   outer loop
     vertex -1.777234e+01  9.172991e+00  0.000000e+00
     vertex -1.777234e+01  9.172991e+00  8.000000e+00
     vertex -1.683022e+01  1.080481e+01  8.000000e+00
   endloop
 endfacet
 facet normal -9.659258e-01 -2.588190e-01 -2.717595e-18
   outer loop
     vertex -1.905323e+01 -6.080661e+00  0.000000e+00
     vertex -1.954091e+01 -4.260608e+00  8.000000e+00
     vertex -1.954091e+01 -4.260608e+00  0.000000e+00
   endloop
 endfacet
 facet normal -9.659258e-01 -2.588190e-01  0.000000e+00
   outer loop
     vertex -1.905323e+01 -6.080661e+00  0.000000e+00
     vertex -1.905323e+01 -6.080661e+00  8.000000e+00
     vertex -1.954091e+01 -4.260608e+00  8.000000e+00
   endloop
 endfacet
 facet normal -9.032464e-01 -4.291224e-01 -2.559881e-18
   outer loop
     vertex -1.670090e+01  6.917739e+00  0.000000e+00
     vertex -1.777234e+01  9.172991e+00  8.000000e+00
     vertex -1.777234e+01  9.172991e+00  0.000000e+00
   endloop
 endfacet
 facet normal -9.032464e-01 -4.291224e-01  0.000000e+00
   outer loop
     vertex -1.670090e+01  6.917739e+00  0.000000e+00
     vertex -1.670090e+01  6.917739e+00  8.000000e+00
     vertex -1.777234e+01  9.172991e+00  8.000000e+00
   endloop
 endfacet
 facet normal -7.614039e-01  6.482778e-01  5.932306e-19
   outer loop
     vertex -1.954091e+01 -4.260608e+00  0.000000e+00
     vertex -1.792227e+01 -2.359512e+00  8.000000e+00
     vertex -1.792227e+01 -2.359512e+00  0.000000e+00
   endloop
 endfacet
 facet normal -7.614039e-01  6.482778e-01  0.000000e+00
   outer loop
     vertex -1.954091e+01 -4.260608e+00  0.000000e+00
     vertex -1.954091e+01 -4.260608e+00  8.000000e+00
     vertex -1.792227e+01 -2.359512e+00  8.000000e+00
   endloop
 endfacet
 facet normal -3.352563e-01  9.421270e-01 -1.588573e-18
   outer loop
     vertex -1.905323e+01  6.080661e+00  0.000000e+00
     vertex -1.670090e+01  6.917739e+00  8.000000e+00
     vertex -1.670090e+01  6.917739e+00  0.000000e+00
   endloop
 endfacet
 facet normal -3.352563e-01  9.421270e-01  0.000000e+00
   outer loop
     vertex -1.905323e+01  6.080661e+00  0.000000e+00
     vertex -1.905323e+01  6.080661e+00  8.000000e+00
     vertex -1.670090e+01  6.917739e+00  8.000000e+00
   endloop
 endfacet
 facet normal -5.676731e-01 -8.232541e-01  0.000000e+00
   outer loop
     vertex -1.997780e+01 -9.421290e-01  0.000000e+00
     vertex -1.792227e+01 -2.359512e+00  8.000000e+00
     vertex -1.997780e+01 -9.421290e-01  8.000000e+00
   endloop
 endfacet
 facet normal -5.676731e-01 -8.232541e-01  0.000000e+00
   outer loop
     vertex -1.792227e+01 -2.359512e+00  0.000000e+00
     vertex -1.792227e+01 -2.359512e+00  8.000000e+00
     vertex -1.997780e+01 -9.421290e-01  0.000000e+00
   endloop
 endfacet
 facet normal -9.659258e-01  2.588190e-01 -2.141492e-18
   outer loop
     vertex -1.954091e+01  4.260608e+00  0.000000e+00
     vertex -1.905323e+01  6.080661e+00  8.000000e+00
     vertex -1.905323e+01  6.080661e+00  0.000000e+00
   endloop
 endfacet
 facet normal -9.659258e-01  2.588190e-01  0.000000e+00
   outer loop
     vertex -1.954091e+01  4.260608e+00  0.000000e+00
     vertex -1.954091e+01  4.260608e+00  8.000000e+00
     vertex -1.905323e+01  6.080661e+00  8.000000e+00
   endloop
 endfacet
 facet normal -1.000000e+00  1.885471e-15  0.000000e+00
   outer loop
     vertex -1.997780e+01 -9.421290e-01  0.000000e+00
     vertex -1.997780e+01  9.421290e-01  8.000000e+00
     vertex -1.997780e+01  9.421290e-01  0.000000e+00
   endloop
 endfacet
 facet normal -1.000000e+00  1.885471e-15  0.000000e+00
   outer loop
     vertex -1.997780e+01 -9.421290e-01  0.000000e+00
     vertex -1.997780e+01 -9.421290e-01  8.000000e+00
     vertex -1.997780e+01  9.421290e-01  8.000000e+00
   endloop
 endfacet
 facet normal -7.614039e-01 -6.482778e-01  0.000000e+00
   outer loop
     vertex -1.954091e+01  4.260608e+00  0.000000e+00
     vertex -1.792227e+01  2.359512e+00  8.000000e+00
     vertex -1.954091e+01  4.260608e+00  8.000000e+00
   endloop
 endfacet
 facet normal -7.614039e-01 -6.482778e-01  0.000000e+00
   outer loop
     vertex -1.792227e+01  2.359512e+00  0.000000e+00
     vertex -1.792227e+01  2.359512e+00  8.000000e+00
     vertex -1.954091e+01  4.260608e+00  0.000000e+00
   endloop
 endfacet
 facet normal -5.676731e-01  8.232541e-01  0.000000e+00
   outer loop
     vertex -1.792227e+01  2.359512e+00  0.000000e+00
     vertex -1.997780e+01  9.421290e-01  8.000000e+00
     vertex -1.792227e+01  2.359512e+00  8.000000e+00
   endloop
 endfacet
 facet normal -5.676731e-01  8.232541e-01  0.000000e+00
   outer loop
     vertex -1.997780e+01  9.421290e-01  0.000000e+00
     vertex -1.997780e+01  9.421290e-01  8.000000e+00
     vertex -1.792227e+01  2.359512e+00  0.000000e+00
   endloop
 endfacet
 facet normal  9.996892e-01  2.493069e-02  2.814857e-19
   outer loop
     vertex  6.991298e+00  3.489212e-01  8.000000e+00
     vertex  7.000000e+00  0.000000e+00  1.000000e+01
     vertex  7.000000e+00  0.000000e+00  8.000000e+00
   endloop
 endfacet
 facet normal  9.996892e-01  2.493069e-02  1.308146e-15
   outer loop
     vertex  6.991298e+00  3.489212e-01  8.000000e+00
     vertex  6.991298e+00  3.489212e-01  1.000000e+01
     vertex  7.000000e+00  0.000000e+00  1.000000e+01
   endloop
 endfacet
 facet normal  9.972038e-01  7.473009e-02  1.315157e-15
   outer loop
     vertex  6.965215e+00  6.969749e-01  8.000000e+00
     vertex  6.965215e+00  6.969749e-01  1.000000e+01
     vertex  6.991298e+00  3.489212e-01  1.000000e+01
   endloop
 endfacet
 facet normal  9.972038e-01  7.473009e-02 -1.405807e-15
   outer loop
     vertex  6.965215e+00  6.969749e-01  8.000000e+00
     vertex  6.991298e+00  3.489212e-01  1.000000e+01
     vertex  6.991298e+00  3.489212e-01  8.000000e+00
   endloop
 endfacet
 facet normal  9.922392e-01  1.243437e-01  1.415645e-15
   outer loop
     vertex  6.921816e+00  1.043296e+00  8.000000e+00
     vertex  6.921816e+00  1.043296e+00  1.000000e+01
     vertex  6.965215e+00  6.969749e-01  1.000000e+01
   endloop
 endfacet
 facet normal  9.922392e-01  1.243437e-01 -1.367338e-15
   outer loop
     vertex  6.921816e+00  1.043296e+00  8.000000e+00
     vertex  6.965215e+00  6.969749e-01  1.000000e+01
     vertex  6.965215e+00  6.969749e-01  8.000000e+00
   endloop
 endfacet
 facet normal  9.848078e-01  1.736482e-01  1.152062e-15
   outer loop
     vertex  6.861207e+00  1.387023e+00  8.000000e+00
     vertex  6.861207e+00  1.387023e+00  1.000000e+01
     vertex  6.921816e+00  1.043296e+00  1.000000e+01
   endloop
 endfacet
 facet normal  9.848078e-01  1.736482e-01 -1.226062e-15
   outer loop
     vertex  6.861207e+00  1.387023e+00  8.000000e+00
     vertex  6.921816e+00  1.043296e+00  1.000000e+01
     vertex  6.921816e+00  1.043296e+00  8.000000e+00
   endloop
 endfacet
 facet normal  9.749279e-01  2.225209e-01  1.413835e-15
   outer loop
     vertex  6.783541e+00  1.727302e+00  8.000000e+00
     vertex  6.783541e+00  1.727302e+00  1.000000e+01
     vertex  6.861207e+00  1.387023e+00  1.000000e+01
   endloop
 endfacet
 facet normal  9.749279e-01  2.225209e-01 -1.454634e-15
   outer loop
     vertex  6.783541e+00  1.727302e+00  8.000000e+00
     vertex  6.861207e+00  1.387023e+00  1.000000e+01
     vertex  6.861207e+00  1.387023e+00  8.000000e+00
   endloop
 endfacet
 facet normal  9.626242e-01  2.708405e-01  1.304189e-15
   outer loop
     vertex  6.689010e+00  2.063286e+00  8.000000e+00
     vertex  6.689010e+00  2.063286e+00  1.000000e+01
     vertex  6.783541e+00  1.727302e+00  1.000000e+01
   endloop
 endfacet
 facet normal  9.626242e-01  2.708405e-01 -1.166780e-15
   outer loop
     vertex  6.689010e+00  2.063286e+00  8.000000e+00
     vertex  6.783541e+00  1.727302e+00  1.000000e+01
     vertex  6.783541e+00  1.727302e+00  8.000000e+00
   endloop
 endfacet
 facet normal  9.479273e-01  3.184867e-01  1.354622e-15
   outer loop
     vertex  6.577848e+00  2.394141e+00  8.000000e+00
     vertex  6.577848e+00  2.394141e+00  1.000000e+01
     vertex  6.689010e+00  2.063286e+00  1.000000e+01
   endloop
 endfacet
 facet normal  9.479273e-01  3.184867e-01 -1.247347e-15
   outer loop
     vertex  6.577848e+00  2.394141e+00  8.000000e+00
     vertex  6.689010e+00  2.063286e+00  1.000000e+01
     vertex  6.689010e+00  2.063286e+00  8.000000e+00
   endloop
 endfacet
 facet normal  9.308737e-01  3.653410e-01  1.478071e-15
   outer loop
     vertex  6.450333e+00  2.719044e+00  8.000000e+00
     vertex  6.450333e+00  2.719044e+00  1.000000e+01
     vertex  6.577848e+00  2.394141e+00  1.000000e+01
   endloop
 endfacet
 facet normal  9.308737e-01  3.653410e-01 -1.153266e-15
   outer loop
     vertex  6.450333e+00  2.719044e+00  8.000000e+00
     vertex  6.577848e+00  2.394141e+00  1.000000e+01
     vertex  6.577848e+00  2.394141e+00  8.000000e+00
   endloop
 endfacet
 facet normal  9.115059e-01  4.112871e-01  8.516336e-16
   outer loop
     vertex  6.306782e+00  3.037186e+00  8.000000e+00
     vertex  6.306782e+00  3.037186e+00  1.000000e+01
     vertex  6.450333e+00  2.719044e+00  1.000000e+01
   endloop
 endfacet
 facet normal  9.115059e-01  4.112871e-01 -1.002024e-15
   outer loop
     vertex  6.306782e+00  3.037186e+00  8.000000e+00
     vertex  6.450333e+00  2.719044e+00  1.000000e+01
     vertex  6.450333e+00  2.719044e+00  8.000000e+00
   endloop
 endfacet
 facet normal  8.898718e-01  4.562107e-01  1.201357e-15
   outer loop
     vertex  6.147551e+00  3.347778e+00  8.000000e+00
     vertex  6.147551e+00  3.347778e+00  1.000000e+01
     vertex  6.306782e+00  3.037186e+00  1.000000e+01
   endloop
 endfacet
 facet normal  8.898718e-01  4.562107e-01 -1.581497e-15
   outer loop
     vertex  6.147551e+00  3.347778e+00  8.000000e+00
     vertex  6.306782e+00  3.037186e+00  1.000000e+01
     vertex  6.306782e+00  3.037186e+00  8.000000e+00
   endloop
 endfacet
 facet normal  8.660254e-01  5.000000e-01 -1.203782e-15
   outer loop
     vertex  5.973036e+00  3.650046e+00  8.000000e+00
     vertex  6.147551e+00  3.347778e+00  1.000000e+01
     vertex  6.147551e+00  3.347778e+00  8.000000e+00
   endloop
 endfacet
 facet normal  8.660254e-01  5.000000e-01  1.331123e-15
   outer loop
     vertex  5.973036e+00  3.650046e+00  8.000000e+00
     vertex  5.973036e+00  3.650046e+00  1.000000e+01
     vertex  6.147551e+00  3.347778e+00  1.000000e+01
   endloop
 endfacet
 facet normal  8.400259e-01  5.425463e-01 -1.038779e-15
   outer loop
     vertex  5.783671e+00  3.943240e+00  8.000000e+00
     vertex  5.973036e+00  3.650046e+00  1.000000e+01
     vertex  5.973036e+00  3.650046e+00  8.000000e+00
   endloop
 endfacet
 facet normal  8.400259e-01  5.425463e-01  1.168522e-15
   outer loop
     vertex  5.783671e+00  3.943240e+00  8.000000e+00
     vertex  5.783671e+00  3.943240e+00  1.000000e+01
     vertex  5.973036e+00  3.650046e+00  1.000000e+01
   endloop
 endfacet
 facet normal  8.119380e-01  5.837437e-01 -1.151724e-15
   outer loop
     vertex  5.579928e+00  4.226631e+00  8.000000e+00
     vertex  5.783671e+00  3.943240e+00  1.000000e+01
     vertex  5.783671e+00  3.943240e+00  8.000000e+00
   endloop
 endfacet
 facet normal  8.119380e-01  5.837437e-01  8.390762e-16
   outer loop
     vertex  5.579928e+00  4.226631e+00  8.000000e+00
     vertex  5.579928e+00  4.226631e+00  1.000000e+01
     vertex  5.783671e+00  3.943240e+00  1.000000e+01
   endloop
 endfacet
 facet normal  7.818315e-01  6.234898e-01 -1.453713e-15
   outer loop
     vertex  5.362311e+00  4.499513e+00  8.000000e+00
     vertex  5.579928e+00  4.226631e+00  1.000000e+01
     vertex  5.579928e+00  4.226631e+00  8.000000e+00
   endloop
 endfacet
 facet normal  7.818315e-01  6.234898e-01  1.248038e-15
   outer loop
     vertex  5.362311e+00  4.499513e+00  8.000000e+00
     vertex  5.362311e+00  4.499513e+00  1.000000e+01
     vertex  5.579928e+00  4.226631e+00  1.000000e+01
   endloop
 endfacet
 facet normal  7.497812e-01  6.616858e-01 -9.782708e-16
   outer loop
     vertex  5.131363e+00  4.761209e+00  8.000000e+00
     vertex  5.362311e+00  4.499513e+00  1.000000e+01
     vertex  5.362311e+00  4.499513e+00  8.000000e+00
   endloop
 endfacet
 facet normal  7.497812e-01  6.616858e-01  1.191072e-15
   outer loop
     vertex  5.131363e+00  4.761209e+00  8.000000e+00
     vertex  5.131363e+00  4.761209e+00  1.000000e+01
     vertex  5.362311e+00  4.499513e+00  1.000000e+01
   endloop
 endfacet
 facet normal  7.158668e-01  6.982368e-01 -1.013762e-15
   outer loop
     vertex  4.887658e+00  5.011068e+00  8.000000e+00
     vertex  5.131363e+00  4.761209e+00  1.000000e+01
     vertex  5.131363e+00  4.761209e+00  8.000000e+00
   endloop
 endfacet
 facet normal  7.158668e-01  6.982368e-01  1.168210e-15
   outer loop
     vertex  4.887658e+00  5.011068e+00  8.000000e+00
     vertex  4.887658e+00  5.011068e+00  1.000000e+01
     vertex  5.131363e+00  4.761209e+00  1.000000e+01
   endloop
 endfacet
 facet normal  6.801727e-01  7.330519e-01 -9.931615e-16
   outer loop
     vertex  4.631801e+00  5.248468e+00  8.000000e+00
     vertex  4.887658e+00  5.011068e+00  1.000000e+01
     vertex  4.887658e+00  5.011068e+00  8.000000e+00
   endloop
 endfacet
 facet normal  6.801727e-01  7.330519e-01  1.239084e-15
   outer loop
     vertex  4.631801e+00  5.248468e+00  8.000000e+00
     vertex  4.631801e+00  5.248468e+00  1.000000e+01
     vertex  4.887658e+00  5.011068e+00  1.000000e+01
   endloop
 endfacet
 facet normal  6.427876e-01  7.660444e-01 -8.763126e-16
   outer loop
     vertex  4.364429e+00  5.472820e+00  8.000000e+00
     vertex  4.631801e+00  5.248468e+00  1.000000e+01
     vertex  4.631801e+00  5.248468e+00  8.000000e+00
   endloop
 endfacet
 facet normal  6.427876e-01  7.660444e-01  1.052341e-15
   outer loop
     vertex  4.364429e+00  5.472820e+00  8.000000e+00
     vertex  4.364429e+00  5.472820e+00  1.000000e+01
     vertex  4.631801e+00  5.248468e+00  1.000000e+01
   endloop
 endfacet
 facet normal  6.038044e-01  7.971325e-01 -1.042266e-15
   outer loop
     vertex  4.086206e+00  5.683566e+00  8.000000e+00
     vertex  4.364429e+00  5.472820e+00  1.000000e+01
     vertex  4.364429e+00  5.472820e+00  8.000000e+00
   endloop
 endfacet
 facet normal  6.038044e-01  7.971325e-01  9.948377e-16
   outer loop
     vertex  4.086206e+00  5.683566e+00  8.000000e+00
     vertex  4.086206e+00  5.683566e+00  1.000000e+01
     vertex  4.364429e+00  5.472820e+00  1.000000e+01
   endloop
 endfacet
 facet normal  5.633201e-01  8.262388e-01 -1.052774e-15
   outer loop
     vertex  3.797824e+00  5.880181e+00  8.000000e+00
     vertex  4.086206e+00  5.683566e+00  1.000000e+01
     vertex  4.086206e+00  5.683566e+00  8.000000e+00
   endloop
 endfacet
 facet normal  5.633201e-01  8.262388e-01  1.033229e-15
   outer loop
     vertex  3.797824e+00  5.880181e+00  8.000000e+00
     vertex  3.797824e+00  5.880181e+00  1.000000e+01
     vertex  4.086206e+00  5.683566e+00  1.000000e+01
   endloop
 endfacet
 facet normal  5.214352e-01  8.532909e-01 -9.702816e-16
   outer loop
     vertex  3.500000e+00  6.062178e+00  8.000000e+00
     vertex  3.797824e+00  5.880181e+00  1.000000e+01
     vertex  3.797824e+00  5.880181e+00  8.000000e+00
   endloop
 endfacet
 facet normal  5.214352e-01  8.532909e-01  7.782313e-16
   outer loop
     vertex  3.500000e+00  6.062178e+00  8.000000e+00
     vertex  3.500000e+00  6.062178e+00  1.000000e+01
     vertex  3.797824e+00  5.880181e+00  1.000000e+01
   endloop
 endfacet
 facet normal  4.782540e-01  8.782216e-01 -1.194703e-15
   outer loop
     vertex  3.193475e+00  6.229103e+00  8.000000e+00
     vertex  3.500000e+00  6.062178e+00  1.000000e+01
     vertex  3.500000e+00  6.062178e+00  8.000000e+00
   endloop
 endfacet
 facet normal  4.782540e-01  8.782216e-01  8.596770e-16
   outer loop
     vertex  3.193475e+00  6.229103e+00  8.000000e+00
     vertex  3.193475e+00  6.229103e+00  1.000000e+01
     vertex  3.500000e+00  6.062178e+00  1.000000e+01
   endloop
 endfacet
 facet normal  4.338837e-01  9.009689e-01  5.289593e-16
   outer loop
     vertex  2.879010e+00  6.380541e+00  8.000000e+00
     vertex  2.879010e+00  6.380541e+00  1.000000e+01
     vertex  3.193475e+00  6.229103e+00  1.000000e+01
   endloop
 endfacet
 facet normal  4.338837e-01  9.009689e-01 -1.068387e-15
   outer loop
     vertex  2.879010e+00  6.380541e+00  8.000000e+00
     vertex  3.193475e+00  6.229103e+00  1.000000e+01
     vertex  3.193475e+00  6.229103e+00  8.000000e+00
   endloop
 endfacet
 facet normal  3.884348e-01  9.214762e-01  1.264697e-15
   outer loop
     vertex  2.557387e+00  6.516116e+00  8.000000e+00
     vertex  2.557387e+00  6.516116e+00  1.000000e+01
     vertex  2.879010e+00  6.380541e+00  1.000000e+01
   endloop
 endfacet
 facet normal  3.884348e-01  9.214762e-01 -1.358698e-15
   outer loop
     vertex  2.557387e+00  6.516116e+00  8.000000e+00
     vertex  2.879010e+00  6.380541e+00  1.000000e+01
     vertex  2.879010e+00  6.380541e+00  8.000000e+00
   endloop
 endfacet
 facet normal  3.420201e-01  9.396926e-01  5.799230e-16
   outer loop
     vertex  2.229407e+00  6.635491e+00  8.000000e+00
     vertex  2.229407e+00  6.635491e+00  1.000000e+01
     vertex  2.557387e+00  6.516116e+00  1.000000e+01
   endloop
 endfacet
 facet normal  3.420201e-01  9.396926e-01 -5.995207e-16
   outer loop
     vertex  2.229407e+00  6.635491e+00  8.000000e+00
     vertex  2.557387e+00  6.516116e+00  1.000000e+01
     vertex  2.557387e+00  6.516116e+00  8.000000e+00
   endloop
 endfacet
 facet normal  2.947552e-01  9.555728e-01  1.200288e-15
   outer loop
     vertex  1.895883e+00  6.738370e+00  8.000000e+00
     vertex  1.895883e+00  6.738370e+00  1.000000e+01
     vertex  2.229407e+00  6.635491e+00  1.000000e+01
   endloop
 endfacet
 facet normal  2.947552e-01  9.555728e-01 -1.246197e-15
   outer loop
     vertex  1.895883e+00  6.738370e+00  8.000000e+00
     vertex  2.229407e+00  6.635491e+00  1.000000e+01
     vertex  2.229407e+00  6.635491e+00  8.000000e+00
   endloop
 endfacet
 facet normal  2.467574e-01  9.690773e-01  1.066981e-15
   outer loop
     vertex  1.557647e+00  6.824495e+00  8.000000e+00
     vertex  1.557647e+00  6.824495e+00  1.000000e+01
     vertex  1.895883e+00  6.738370e+00  1.000000e+01
   endloop
 endfacet
 facet normal  2.467574e-01  9.690773e-01 -5.697842e-16
   outer loop
     vertex  1.557647e+00  6.824495e+00  8.000000e+00
     vertex  1.895883e+00  6.738370e+00  1.000000e+01
     vertex  1.895883e+00  6.738370e+00  8.000000e+00
   endloop
 endfacet
 facet normal  1.981461e-01  9.801725e-01  5.716119e-16
   outer loop
     vertex  1.215537e+00  6.893654e+00  8.000000e+00
     vertex  1.215537e+00  6.893654e+00  1.000000e+01
     vertex  1.557647e+00  6.824495e+00  1.000000e+01
   endloop
 endfacet
 facet normal  1.981461e-01  9.801725e-01 -6.681330e-16
   outer loop
     vertex  1.215537e+00  6.893654e+00  8.000000e+00
     vertex  1.557647e+00  6.824495e+00  1.000000e+01
     vertex  1.557647e+00  6.824495e+00  8.000000e+00
   endloop
 endfacet
 facet normal  1.490423e-01  9.888308e-01  5.397196e-16
   outer loop
     vertex  8.704059e-01  6.945674e+00  8.000000e+00
     vertex  8.704059e-01  6.945674e+00  1.000000e+01
     vertex  1.215537e+00  6.893654e+00  1.000000e+01
   endloop
 endfacet
 facet normal  1.490423e-01  9.888308e-01 -1.132834e-15
   outer loop
     vertex  8.704059e-01  6.945674e+00  8.000000e+00
     vertex  1.215537e+00  6.893654e+00  1.000000e+01
     vertex  1.215537e+00  6.893654e+00  8.000000e+00
   endloop
 endfacet
 facet normal  9.956785e-02  9.950308e-01  1.023956e-15
   outer loop
     vertex  5.231107e-01  6.980427e+00  8.000000e+00
     vertex  5.231107e-01  6.980427e+00  1.000000e+01
     vertex  8.704059e-01  6.945674e+00  1.000000e+01
   endloop
 endfacet
 facet normal  9.956785e-02  9.950308e-01 -1.124619e-15
   outer loop
     vertex  5.231107e-01  6.980427e+00  8.000000e+00
     vertex  8.704059e-01  6.945674e+00  1.000000e+01
     vertex  8.704059e-01  6.945674e+00  8.000000e+00
   endloop
 endfacet
 facet normal  4.984589e-02  9.987569e-01  6.963428e-16
   outer loop
     vertex  1.745148e-01  6.997824e+00  8.000000e+00
     vertex  1.745148e-01  6.997824e+00  1.000000e+01
     vertex  5.231107e-01  6.980427e+00  1.000000e+01
   endloop
 endfacet
 facet normal  4.984589e-02  9.987569e-01 -5.983786e-16
   outer loop
     vertex  1.745148e-01  6.997824e+00  8.000000e+00
     vertex  5.231107e-01  6.980427e+00  1.000000e+01
     vertex  5.231107e-01  6.980427e+00  8.000000e+00
   endloop
 endfacet
 facet normal  0.000000e+00  1.000000e+00  8.881784e-16
   outer loop
     vertex -1.745148e-01  6.997824e+00  8.000000e+00
     vertex -1.745148e-01  6.997824e+00  1.000000e+01
     vertex  1.745148e-01  6.997824e+00  1.000000e+01
   endloop
 endfacet
 facet normal  1.017883e-14  1.000000e+00 -8.881784e-16
   outer loop
     vertex -1.745148e-01  6.997824e+00  8.000000e+00
     vertex  1.745148e-01  6.997824e+00  1.000000e+01
     vertex  1.745148e-01  6.997824e+00  8.000000e+00
   endloop
 endfacet
 facet normal -4.984589e-02  9.987569e-01  7.124365e-16
   outer loop
     vertex -5.231107e-01  6.980427e+00  8.000000e+00
     vertex -5.231107e-01  6.980427e+00  1.000000e+01
     vertex -1.745148e-01  6.997824e+00  1.000000e+01
   endloop
 endfacet
 facet normal -4.984589e-02  9.987569e-01 -6.567716e-16
   outer loop
     vertex -5.231107e-01  6.980427e+00  8.000000e+00
     vertex -1.745148e-01  6.997824e+00  1.000000e+01
     vertex -1.745148e-01  6.997824e+00  8.000000e+00
   endloop
 endfacet
 facet normal -9.956785e-02  9.950308e-01  6.222642e-16
   outer loop
     vertex -8.704059e-01  6.945674e+00  8.000000e+00
     vertex -8.704059e-01  6.945674e+00  1.000000e+01
     vertex -5.231107e-01  6.980427e+00  1.000000e+01
   endloop
 endfacet
 facet normal -9.956785e-02  9.950308e-01 -7.976332e-16
   outer loop
     vertex -8.704059e-01  6.945674e+00  8.000000e+00
     vertex -5.231107e-01  6.980427e+00  1.000000e+01
     vertex -5.231107e-01  6.980427e+00  8.000000e+00
   endloop
 endfacet
 facet normal -1.490423e-01  9.888308e-01  6.274782e-16
   outer loop
     vertex -1.215537e+00  6.893654e+00  8.000000e+00
     vertex -1.215537e+00  6.893654e+00  1.000000e+01
     vertex -8.704059e-01  6.945674e+00  1.000000e+01
   endloop
 endfacet
 facet normal -1.490423e-01  9.888308e-01 -8.468780e-16
   outer loop
     vertex -1.215537e+00  6.893654e+00  8.000000e+00
     vertex -8.704059e-01  6.945674e+00  1.000000e+01
     vertex -8.704059e-01  6.945674e+00  8.000000e+00
   endloop
 endfacet
 facet normal -1.981461e-01  9.801725e-01  7.043093e-16
   outer loop
     vertex -1.557647e+00  6.824495e+00  8.000000e+00
     vertex -1.557647e+00  6.824495e+00  1.000000e+01
     vertex -1.215537e+00  6.893654e+00  1.000000e+01
   endloop
 endfacet
 facet normal -1.981461e-01  9.801725e-01 -7.997559e-16
   outer loop
     vertex -1.557647e+00  6.824495e+00  8.000000e+00
     vertex -1.215537e+00  6.893654e+00  1.000000e+01
     vertex -1.215537e+00  6.893654e+00  8.000000e+00
   endloop
 endfacet
 facet normal -2.467574e-01  9.690773e-01 -6.868730e-16
   outer loop
     vertex -1.895883e+00  6.738370e+00  8.000000e+00
     vertex -1.557647e+00  6.824495e+00  1.000000e+01
     vertex -1.557647e+00  6.824495e+00  8.000000e+00
   endloop
 endfacet
 facet normal -2.467574e-01  9.690773e-01  8.781050e-16
   outer loop
     vertex -1.895883e+00  6.738370e+00  8.000000e+00
     vertex -1.895883e+00  6.738370e+00  1.000000e+01
     vertex -1.557647e+00  6.824495e+00  1.000000e+01
   endloop
 endfacet
 facet normal -2.947552e-01  9.555728e-01 -4.775116e-16
   outer loop
     vertex -2.229407e+00  6.635491e+00  8.000000e+00
     vertex -1.895883e+00  6.738370e+00  1.000000e+01
     vertex -1.895883e+00  6.738370e+00  8.000000e+00
   endloop
 endfacet
 facet normal -2.947552e-01  9.555728e-01  7.325667e-16
   outer loop
     vertex -2.229407e+00  6.635491e+00  8.000000e+00
     vertex -2.229407e+00  6.635491e+00  1.000000e+01
     vertex -1.895883e+00  6.738370e+00  1.000000e+01
   endloop
 endfacet
 facet normal -3.420201e-01  9.396926e-01 -5.786842e-16
   outer loop
     vertex -2.557387e+00  6.516116e+00  8.000000e+00
     vertex -2.229407e+00  6.635491e+00  1.000000e+01
     vertex -2.229407e+00  6.635491e+00  8.000000e+00
   endloop
 endfacet
 facet normal -3.420201e-01  9.396926e-01  5.615318e-16
   outer loop
     vertex -2.557387e+00  6.516116e+00  8.000000e+00
     vertex -2.557387e+00  6.516116e+00  1.000000e+01
     vertex -2.229407e+00  6.635491e+00  1.000000e+01
   endloop
 endfacet
 facet normal -3.884348e-01  9.214762e-01 -7.167628e-16
   outer loop
     vertex -2.879010e+00  6.380541e+00  8.000000e+00
     vertex -2.557387e+00  6.516116e+00  1.000000e+01
     vertex -2.557387e+00  6.516116e+00  8.000000e+00
   endloop
 endfacet
 facet normal -3.884348e-01  9.214762e-01  1.023739e-15
   outer loop
     vertex -2.879010e+00  6.380541e+00  8.000000e+00
     vertex -2.879010e+00  6.380541e+00  1.000000e+01
     vertex -2.557387e+00  6.516116e+00  1.000000e+01
   endloop
 endfacet
 facet normal -4.338837e-01  9.009689e-01 -2.237070e-16
   outer loop
     vertex -3.193475e+00  6.229103e+00  8.000000e+00
     vertex -2.879010e+00  6.380541e+00  1.000000e+01
     vertex -2.879010e+00  6.380541e+00  8.000000e+00
   endloop
 endfacet
 facet normal -4.338837e-01  9.009689e-01  3.538651e-16
   outer loop
     vertex -3.193475e+00  6.229103e+00  8.000000e+00
     vertex -3.193475e+00  6.229103e+00  1.000000e+01
     vertex -2.879010e+00  6.380541e+00  1.000000e+01
   endloop
 endfacet
 facet normal -4.782540e-01  8.782216e-01 -8.300027e-16
   outer loop
     vertex -3.500000e+00  6.062178e+00  8.000000e+00
     vertex -3.193475e+00  6.229103e+00  1.000000e+01
     vertex -3.193475e+00  6.229103e+00  8.000000e+00
   endloop
 endfacet
 facet normal -4.782540e-01  8.782216e-01  1.580176e-16
   outer loop
     vertex -3.500000e+00  6.062178e+00  8.000000e+00
     vertex -3.500000e+00  6.062178e+00  1.000000e+01
     vertex -3.193475e+00  6.229103e+00  1.000000e+01
   endloop
 endfacet
 facet normal -5.214352e-01  8.532909e-01 -1.032182e-15
   outer loop
     vertex -3.797824e+00  5.880181e+00  8.000000e+00
     vertex -3.500000e+00  6.062178e+00  1.000000e+01
     vertex -3.500000e+00  6.062178e+00  8.000000e+00
   endloop
 endfacet
 facet normal -5.214352e-01  8.532909e-01  5.688123e-16
   outer loop
     vertex -3.797824e+00  5.880181e+00  8.000000e+00
     vertex -3.797824e+00  5.880181e+00  1.000000e+01
     vertex -3.500000e+00  6.062178e+00  1.000000e+01
   endloop
 endfacet
 facet normal -5.633201e-01  8.262388e-01 -6.210704e-16
   outer loop
     vertex -4.086206e+00  5.683566e+00  8.000000e+00
     vertex -3.797824e+00  5.880181e+00  1.000000e+01
     vertex -3.797824e+00  5.880181e+00  8.000000e+00
   endloop
 endfacet
 facet normal -5.633201e-01  8.262388e-01  7.343274e-16
   outer loop
     vertex -4.086206e+00  5.683566e+00  8.000000e+00
     vertex -4.086206e+00  5.683566e+00  1.000000e+01
     vertex -3.797824e+00  5.880181e+00  1.000000e+01
   endloop
 endfacet
 facet normal -6.038044e-01  7.971325e-01 -4.698724e-16
   outer loop
     vertex -4.364429e+00  5.472820e+00  8.000000e+00
     vertex -4.086206e+00  5.683566e+00  1.000000e+01
     vertex -4.086206e+00  5.683566e+00  8.000000e+00
   endloop
 endfacet
 facet normal -6.038044e-01  7.971325e-01  5.057801e-16
   outer loop
     vertex -4.364429e+00  5.472820e+00  8.000000e+00
     vertex -4.364429e+00  5.472820e+00  1.000000e+01
     vertex -4.086206e+00  5.683566e+00  1.000000e+01
   endloop
 endfacet
 facet normal -6.427876e-01  7.660444e-01 -7.121199e-16
   outer loop
     vertex -4.631801e+00  5.248468e+00  8.000000e+00
     vertex -4.364429e+00  5.472820e+00  1.000000e+01
     vertex -4.364429e+00  5.472820e+00  8.000000e+00
   endloop
 endfacet
 facet normal -6.427876e-01  7.660444e-01  4.885208e-16
   outer loop
     vertex -4.631801e+00  5.248468e+00  8.000000e+00
     vertex -4.631801e+00  5.248468e+00  1.000000e+01
     vertex -4.364429e+00  5.472820e+00  1.000000e+01
   endloop
 endfacet
 facet normal -6.801727e-01  7.330519e-01 -6.861858e-16
   outer loop
     vertex -4.887658e+00  5.011068e+00  8.000000e+00
     vertex -4.631801e+00  5.248468e+00  1.000000e+01
     vertex -4.631801e+00  5.248468e+00  8.000000e+00
   endloop
 endfacet
 facet normal -6.801727e-01  7.330519e-01  5.902986e-16
   outer loop
     vertex -4.887658e+00  5.011068e+00  8.000000e+00
     vertex -4.887658e+00  5.011068e+00  1.000000e+01
     vertex -4.631801e+00  5.248468e+00  1.000000e+01
   endloop
 endfacet
 facet normal -7.158668e-01  6.982368e-01 -6.123262e-16
   outer loop
     vertex -5.131363e+00  4.761209e+00  8.000000e+00
     vertex -4.887658e+00  5.011068e+00  1.000000e+01
     vertex -4.887658e+00  5.011068e+00  8.000000e+00
   endloop
 endfacet
 facet normal -7.158668e-01  6.982368e-01  3.304745e-16
   outer loop
     vertex -5.131363e+00  4.761209e+00  8.000000e+00
     vertex -5.131363e+00  4.761209e+00  1.000000e+01
     vertex -4.887658e+00  5.011068e+00  1.000000e+01
   endloop
 endfacet
 facet normal -7.497812e-01  6.616858e-01 -8.597453e-16
   outer loop
     vertex -5.362311e+00  4.499513e+00  8.000000e+00
     vertex -5.131363e+00  4.761209e+00  1.000000e+01
     vertex -5.131363e+00  4.761209e+00  8.000000e+00
   endloop
 endfacet
 facet normal -7.497812e-01  6.616858e-01  7.267779e-16
   outer loop
     vertex -5.362311e+00  4.499513e+00  8.000000e+00
     vertex -5.362311e+00  4.499513e+00  1.000000e+01
     vertex -5.131363e+00  4.761209e+00  1.000000e+01
   endloop
 endfacet
 facet normal -7.818315e-01  6.234898e-01 -4.495904e-16
   outer loop
     vertex -5.579928e+00  4.226631e+00  8.000000e+00
     vertex -5.362311e+00  4.499513e+00  1.000000e+01
     vertex -5.362311e+00  4.499513e+00  8.000000e+00
   endloop
 endfacet
 facet normal -7.818315e-01  6.234898e-01  1.011596e-16
   outer loop
     vertex -5.579928e+00  4.226631e+00  8.000000e+00
     vertex -5.579928e+00  4.226631e+00  1.000000e+01
     vertex -5.362311e+00  4.499513e+00  1.000000e+01
   endloop
 endfacet
 facet normal -8.119380e-01  5.837437e-01 -1.110178e-15
   outer loop
     vertex -5.783671e+00  3.943240e+00  8.000000e+00
     vertex -5.579928e+00  4.226631e+00  1.000000e+01
     vertex -5.579928e+00  4.226631e+00  8.000000e+00
   endloop
 endfacet
 facet normal -8.119380e-01  5.837437e-01  7.187376e-16
   outer loop
     vertex -5.783671e+00  3.943240e+00  8.000000e+00
     vertex -5.783671e+00  3.943240e+00  1.000000e+01
     vertex -5.579928e+00  4.226631e+00  1.000000e+01
   endloop
 endfacet
 facet normal -8.400259e-01  5.425463e-01 -4.736475e-16
   outer loop
     vertex -5.973036e+00  3.650046e+00  8.000000e+00
     vertex -5.783671e+00  3.943240e+00  1.000000e+01
     vertex -5.783671e+00  3.943240e+00  8.000000e+00
   endloop
 endfacet
 facet normal -8.400259e-01  5.425463e-01  7.583602e-16
   outer loop
     vertex -5.973036e+00  3.650046e+00  8.000000e+00
     vertex -5.973036e+00  3.650046e+00  1.000000e+01
     vertex -5.783671e+00  3.943240e+00  1.000000e+01
   endloop
 endfacet
 facet normal -8.660254e-01  5.000000e-01 -4.441247e-16
   outer loop
     vertex -6.147551e+00  3.347778e+00  8.000000e+00
     vertex -5.973036e+00  3.650046e+00  1.000000e+01
     vertex -5.973036e+00  3.650046e+00  8.000000e+00
   endloop
 endfacet
 facet normal -8.660254e-01  5.000000e-01  9.323053e-16
   outer loop
     vertex -6.147551e+00  3.347778e+00  8.000000e+00
     vertex -6.147551e+00  3.347778e+00  1.000000e+01
     vertex -5.973036e+00  3.650046e+00  1.000000e+01
   endloop
 endfacet
 facet normal -8.898718e-01  4.562107e-01 -2.572945e-16
   outer loop
     vertex -6.306782e+00  3.037186e+00  8.000000e+00
     vertex -6.147551e+00  3.347778e+00  1.000000e+01
     vertex -6.147551e+00  3.347778e+00  8.000000e+00
   endloop
 endfacet
 facet normal -8.898718e-01  4.562107e-01  3.416349e-16
   outer loop
     vertex -6.306782e+00  3.037186e+00  8.000000e+00
     vertex -6.306782e+00  3.037186e+00  1.000000e+01
     vertex -6.147551e+00  3.347778e+00  1.000000e+01
   endloop
 endfacet
 facet normal -9.115059e-01  4.112871e-01 -8.530566e-16
   outer loop
     vertex -6.450333e+00  2.719044e+00  8.000000e+00
     vertex -6.306782e+00  3.037186e+00  1.000000e+01
     vertex -6.306782e+00  3.037186e+00  8.000000e+00
   endloop
 endfacet
 facet normal -9.115059e-01  4.112871e-01  5.404960e-16
   outer loop
     vertex -6.450333e+00  2.719044e+00  8.000000e+00
     vertex -6.450333e+00  2.719044e+00  1.000000e+01
     vertex -6.306782e+00  3.037186e+00  1.000000e+01
   endloop
 endfacet
 facet normal -9.308737e-01  3.653410e-01 -6.486804e-16
   outer loop
     vertex -6.577848e+00  2.394141e+00  8.000000e+00
     vertex -6.450333e+00  2.719044e+00  1.000000e+01
     vertex -6.450333e+00  2.719044e+00  8.000000e+00
   endloop
 endfacet
 facet normal -9.308737e-01  3.653410e-01  4.200156e-16
   outer loop
     vertex -6.577848e+00  2.394141e+00  8.000000e+00
     vertex -6.577848e+00  2.394141e+00  1.000000e+01
     vertex -6.450333e+00  2.719044e+00  1.000000e+01
   endloop
 endfacet
 facet normal -9.479273e-01  3.184867e-01 -7.857857e-16
   outer loop
     vertex -6.689010e+00  2.063286e+00  8.000000e+00
     vertex -6.577848e+00  2.394141e+00  1.000000e+01
     vertex -6.577848e+00  2.394141e+00  8.000000e+00
   endloop
 endfacet
 facet normal -9.479273e-01  3.184867e-01  5.485501e-16
   outer loop
     vertex -6.689010e+00  2.063286e+00  8.000000e+00
     vertex -6.689010e+00  2.063286e+00  1.000000e+01
     vertex -6.577848e+00  2.394141e+00  1.000000e+01
   endloop
 endfacet
 facet normal -9.626242e-01  2.708405e-01  7.571763e-16
   outer loop
     vertex -6.783541e+00  1.727302e+00  8.000000e+00
     vertex -6.783541e+00  1.727302e+00  1.000000e+01
     vertex -6.689010e+00  2.063286e+00  1.000000e+01
   endloop
 endfacet
 facet normal -9.626242e-01  2.708405e-01 -6.431422e-16
   outer loop
     vertex -6.783541e+00  1.727302e+00  8.000000e+00
     vertex -6.689010e+00  2.063286e+00  1.000000e+01
     vertex -6.689010e+00  2.063286e+00  8.000000e+00
   endloop
 endfacet
 facet normal -9.749279e-01  2.225209e-01  4.749101e-16
   outer loop
     vertex -6.861207e+00  1.387023e+00  8.000000e+00
     vertex -6.861207e+00  1.387023e+00  1.000000e+01
     vertex -6.783541e+00  1.727302e+00  1.000000e+01
   endloop
 endfacet
 facet normal -9.749279e-01  2.225209e-01 -4.384957e-16
   outer loop
     vertex -6.861207e+00  1.387023e+00  8.000000e+00
     vertex -6.783541e+00  1.727302e+00  1.000000e+01
     vertex -6.783541e+00  1.727302e+00  8.000000e+00
   endloop
 endfacet
 facet normal -9.848078e-01  1.736482e-01  1.064270e-15
   outer loop
     vertex -6.921816e+00  1.043296e+00  8.000000e+00
     vertex -6.921816e+00  1.043296e+00  1.000000e+01
     vertex -6.861207e+00  1.387023e+00  1.000000e+01
   endloop
 endfacet
 facet normal -9.848078e-01  1.736482e-01 -7.246271e-16
   outer loop
     vertex -6.921816e+00  1.043296e+00  8.000000e+00
     vertex -6.861207e+00  1.387023e+00  1.000000e+01
     vertex -6.861207e+00  1.387023e+00  8.000000e+00
   endloop
 endfacet
 facet normal -9.922392e-01  1.243437e-01  7.648451e-16
   outer loop
     vertex -6.965215e+00  6.969749e-01  8.000000e+00
     vertex -6.965215e+00  6.969749e-01  1.000000e+01
     vertex -6.921816e+00  1.043296e+00  1.000000e+01
   endloop
 endfacet
 facet normal -9.922392e-01  1.243437e-01 -1.302796e-16
   outer loop
     vertex -6.965215e+00  6.969749e-01  8.000000e+00
     vertex -6.921816e+00  1.043296e+00  1.000000e+01
     vertex -6.921816e+00  1.043296e+00  8.000000e+00
   endloop
 endfacet
 facet normal -9.972038e-01  7.473009e-02 -4.293567e-16
   outer loop
     vertex -6.991298e+00  3.489212e-01  8.000000e+00
     vertex -6.965215e+00  6.969749e-01  1.000000e+01
     vertex -6.965215e+00  6.969749e-01  8.000000e+00
   endloop
 endfacet
 facet normal -9.972038e-01  7.473009e-02  9.063938e-16
   outer loop
     vertex -6.991298e+00  3.489212e-01  8.000000e+00
     vertex -6.991298e+00  3.489212e-01  1.000000e+01
     vertex -6.965215e+00  6.969749e-01  1.000000e+01
   endloop
 endfacet
 facet normal -9.996892e-01  2.493069e-02 -2.898468e-16
   outer loop
     vertex -7.000000e+00  2.401174e-14  8.000000e+00
     vertex -6.991298e+00  3.489212e-01  1.000000e+01
     vertex -6.991298e+00  3.489212e-01  8.000000e+00
   endloop
 endfacet
 facet normal -9.996892e-01  2.493069e-02  5.986294e-16
   outer loop
     vertex -7.000000e+00  2.401174e-14  8.000000e+00
     vertex -7.000000e+00 -2.401174e-14  1.000000e+01
     vertex -6.991298e+00  3.489212e-01  1.000000e+01
   endloop
 endfacet
 facet normal -9.996892e-01 -2.493069e-02 -5.993269e-16
   outer loop
     vertex -6.991298e+00 -3.489212e-01  8.000000e+00
     vertex -7.000000e+00 -2.401174e-14  1.000000e+01
     vertex -7.000000e+00  2.401174e-14  8.000000e+00
   endloop
 endfacet
 facet normal -9.996892e-01 -2.493069e-02  2.900440e-16
   outer loop
     vertex -6.991298e+00 -3.489212e-01  8.000000e+00
     vertex -6.991298e+00 -3.489212e-01  1.000000e+01
     vertex -7.000000e+00 -2.401174e-14  1.000000e+01
   endloop
 endfacet
 facet normal -9.972038e-01 -7.473009e-02 -9.059651e-16
   outer loop
     vertex -6.965215e+00 -6.969749e-01  8.000000e+00
     vertex -6.991298e+00 -3.489212e-01  1.000000e+01
     vertex -6.991298e+00 -3.489212e-01  8.000000e+00
   endloop
 endfacet
 facet normal -9.972038e-01 -7.473009e-02  4.304452e-16
   outer loop
     vertex -6.965215e+00 -6.969749e-01  8.000000e+00
     vertex -6.965215e+00 -6.969749e-01  1.000000e+01
     vertex -6.991298e+00 -3.489212e-01  1.000000e+01
   endloop
 endfacet
 facet normal -9.922392e-01 -1.243437e-01 -7.657237e-16
   outer loop
     vertex -6.921816e+00 -1.043296e+00  8.000000e+00
     vertex -6.965215e+00 -6.969749e-01  1.000000e+01
     vertex -6.965215e+00 -6.969749e-01  8.000000e+00
   endloop
 endfacet
 facet normal -9.922392e-01 -1.243437e-01  1.302453e-16
   outer loop
     vertex -6.921816e+00 -1.043296e+00  8.000000e+00
     vertex -6.921816e+00 -1.043296e+00  1.000000e+01
     vertex -6.965215e+00 -6.969749e-01  1.000000e+01
   endloop
 endfacet
 facet normal -9.848078e-01 -1.736482e-01 -1.063417e-15
   outer loop
     vertex -6.861207e+00 -1.387023e+00  8.000000e+00
     vertex -6.921816e+00 -1.043296e+00  1.000000e+01
     vertex -6.921816e+00 -1.043296e+00  8.000000e+00
   endloop
 endfacet
 facet normal -9.848078e-01 -1.736482e-01  7.236575e-16
   outer loop
     vertex -6.861207e+00 -1.387023e+00  8.000000e+00
     vertex -6.861207e+00 -1.387023e+00  1.000000e+01
     vertex -6.921816e+00 -1.043296e+00  1.000000e+01
   endloop
 endfacet
 facet normal -9.749279e-01 -2.225209e-01 -4.757168e-16
   outer loop
     vertex -6.783541e+00 -1.727302e+00  8.000000e+00
     vertex -6.861207e+00 -1.387023e+00  1.000000e+01
     vertex -6.861207e+00 -1.387023e+00  8.000000e+00
   endloop
 endfacet
 facet normal -9.749279e-01 -2.225209e-01  4.404094e-16
   outer loop
     vertex -6.783541e+00 -1.727302e+00  8.000000e+00
     vertex -6.783541e+00 -1.727302e+00  1.000000e+01
     vertex -6.861207e+00 -1.387023e+00  1.000000e+01
   endloop
 endfacet
 facet normal -9.626242e-01 -2.708405e-01 -7.571763e-16
   outer loop
     vertex -6.783541e+00 -1.727302e+00  8.000000e+00
     vertex -6.689010e+00 -2.063286e+00  1.000000e+01
     vertex -6.783541e+00 -1.727302e+00  1.000000e+01
   endloop
 endfacet
 facet normal -9.626242e-01 -2.708405e-01  6.455742e-16
   outer loop
     vertex -6.689010e+00 -2.063286e+00  8.000000e+00
     vertex -6.689010e+00 -2.063286e+00  1.000000e+01
     vertex -6.783541e+00 -1.727302e+00  8.000000e+00
   endloop
 endfacet
 facet normal -9.479273e-01 -3.184867e-01 -5.473460e-16
   outer loop
     vertex -6.577848e+00 -2.394141e+00  8.000000e+00
     vertex -6.689010e+00 -2.063286e+00  1.000000e+01
     vertex -6.689010e+00 -2.063286e+00  8.000000e+00
   endloop
 endfacet
 facet normal -9.479273e-01 -3.184867e-01  7.850611e-16
   outer loop
     vertex -6.577848e+00 -2.394141e+00  8.000000e+00
     vertex -6.577848e+00 -2.394141e+00  1.000000e+01
     vertex -6.689010e+00 -2.063286e+00  1.000000e+01
   endloop
 endfacet
 facet normal -9.308737e-01 -3.653410e-01 -4.197275e-16
   outer loop
     vertex -6.450333e+00 -2.719044e+00  8.000000e+00
     vertex -6.577848e+00 -2.394141e+00  1.000000e+01
     vertex -6.577848e+00 -2.394141e+00  8.000000e+00
   endloop
 endfacet
 facet normal -9.308737e-01 -3.653410e-01  6.501324e-16
   outer loop
     vertex -6.450333e+00 -2.719044e+00  8.000000e+00
     vertex -6.450333e+00 -2.719044e+00  1.000000e+01
     vertex -6.577848e+00 -2.394141e+00  1.000000e+01
   endloop
 endfacet
 facet normal -9.115059e-01 -4.112871e-01 -5.404960e-16
   outer loop
     vertex -6.450333e+00 -2.719044e+00  8.000000e+00
     vertex -6.306782e+00 -3.037186e+00  1.000000e+01
     vertex -6.450333e+00 -2.719044e+00  1.000000e+01
   endloop
 endfacet
 facet normal -9.115059e-01 -4.112871e-01  8.565219e-16
   outer loop
     vertex -6.306782e+00 -3.037186e+00  8.000000e+00
     vertex -6.306782e+00 -3.037186e+00  1.000000e+01
     vertex -6.450333e+00 -2.719044e+00  8.000000e+00
   endloop
 endfacet
 facet normal -8.898718e-01 -4.562107e-01 -3.416349e-16
   outer loop
     vertex -6.306782e+00 -3.037186e+00  8.000000e+00
     vertex -6.147551e+00 -3.347778e+00  1.000000e+01
     vertex -6.306782e+00 -3.037186e+00  1.000000e+01
   endloop
 endfacet
 facet normal -8.898718e-01 -4.562107e-01  2.561458e-16
   outer loop
     vertex -6.147551e+00 -3.347778e+00  8.000000e+00
     vertex -6.147551e+00 -3.347778e+00  1.000000e+01
     vertex -6.306782e+00 -3.037186e+00  8.000000e+00
   endloop
 endfacet
 facet normal -8.660254e-01 -5.000000e-01 -9.309904e-16
   outer loop
     vertex -5.973036e+00 -3.650046e+00  8.000000e+00
     vertex -6.147551e+00 -3.347778e+00  1.000000e+01
     vertex -6.147551e+00 -3.347778e+00  8.000000e+00
   endloop
 endfacet
 facet normal -8.660254e-01 -5.000000e-01  4.435169e-16
   outer loop
     vertex -5.973036e+00 -3.650046e+00  8.000000e+00
     vertex -5.973036e+00 -3.650046e+00  1.000000e+01
     vertex -6.147551e+00 -3.347778e+00  1.000000e+01
   endloop
 endfacet
 facet normal -8.400259e-01 -5.425463e-01  4.696106e-16
   outer loop
     vertex -5.783671e+00 -3.943240e+00  8.000000e+00
     vertex -5.783671e+00 -3.943240e+00  1.000000e+01
     vertex -5.973036e+00 -3.650046e+00  1.000000e+01
   endloop
 endfacet
 facet normal -8.400259e-01 -5.425463e-01 -7.537501e-16
   outer loop
     vertex -5.783671e+00 -3.943240e+00  8.000000e+00
     vertex -5.973036e+00 -3.650046e+00  1.000000e+01
     vertex -5.973036e+00 -3.650046e+00  8.000000e+00
   endloop
 endfacet
 facet normal -8.119380e-01 -5.837437e-01  1.112405e-15
   outer loop
     vertex -5.579928e+00 -4.226631e+00  8.000000e+00
     vertex -5.579928e+00 -4.226631e+00  1.000000e+01
     vertex -5.783671e+00 -3.943240e+00  1.000000e+01
   endloop
 endfacet
 facet normal -8.119380e-01 -5.837437e-01 -7.200117e-16
   outer loop
     vertex -5.579928e+00 -4.226631e+00  8.000000e+00
     vertex -5.783671e+00 -3.943240e+00  1.000000e+01
     vertex -5.783671e+00 -3.943240e+00  8.000000e+00
   endloop
 endfacet
 facet normal -7.818315e-01 -6.234898e-01  4.526106e-16
   outer loop
     vertex -5.362311e+00 -4.499513e+00  8.000000e+00
     vertex -5.362311e+00 -4.499513e+00  1.000000e+01
     vertex -5.579928e+00 -4.226631e+00  1.000000e+01
   endloop
 endfacet
 facet normal -7.818315e-01 -6.234898e-01 -1.041797e-16
   outer loop
     vertex -5.362311e+00 -4.499513e+00  8.000000e+00
     vertex -5.579928e+00 -4.226631e+00  1.000000e+01
     vertex -5.579928e+00 -4.226631e+00  8.000000e+00
   endloop
 endfacet
 facet normal -7.497812e-01 -6.616858e-01  8.598264e-16
   outer loop
     vertex -5.131363e+00 -4.761209e+00  8.000000e+00
     vertex -5.131363e+00 -4.761209e+00  1.000000e+01
     vertex -5.362311e+00 -4.499513e+00  1.000000e+01
   endloop
 endfacet
 facet normal -7.497812e-01 -6.616858e-01 -7.219761e-16
   outer loop
     vertex -5.131363e+00 -4.761209e+00  8.000000e+00
     vertex -5.362311e+00 -4.499513e+00  1.000000e+01
     vertex -5.362311e+00 -4.499513e+00  8.000000e+00
   endloop
 endfacet
 facet normal -7.158668e-01 -6.982368e-01  6.154224e-16
   outer loop
     vertex -4.887658e+00 -5.011068e+00  8.000000e+00
     vertex -4.887658e+00 -5.011068e+00  1.000000e+01
     vertex -5.131363e+00 -4.761209e+00  1.000000e+01
   endloop
 endfacet
 facet normal -7.158668e-01 -6.982368e-01 -3.339301e-16
   outer loop
     vertex -4.887658e+00 -5.011068e+00  8.000000e+00
     vertex -5.131363e+00 -4.761209e+00  1.000000e+01
     vertex -5.131363e+00 -4.761209e+00  8.000000e+00
   endloop
 endfacet
 facet normal -6.801727e-01 -7.330519e-01  6.883800e-16
   outer loop
     vertex -4.631801e+00 -5.248468e+00  8.000000e+00
     vertex -4.631801e+00 -5.248468e+00  1.000000e+01
     vertex -4.887658e+00 -5.011068e+00  1.000000e+01
   endloop
 endfacet
 facet normal -6.801727e-01 -7.330519e-01 -5.886434e-16
   outer loop
     vertex -4.631801e+00 -5.248468e+00  8.000000e+00
     vertex -4.887658e+00 -5.011068e+00  1.000000e+01
     vertex -4.887658e+00 -5.011068e+00  8.000000e+00
   endloop
 endfacet
 facet normal -6.427876e-01 -7.660444e-01  7.080364e-16
   outer loop
     vertex -4.364429e+00 -5.472820e+00  8.000000e+00
     vertex -4.364429e+00 -5.472820e+00  1.000000e+01
     vertex -4.631801e+00 -5.248468e+00  1.000000e+01
   endloop
 endfacet
 facet normal -6.427876e-01 -7.660444e-01 -4.928751e-16
   outer loop
     vertex -4.364429e+00 -5.472820e+00  8.000000e+00
     vertex -4.631801e+00 -5.248468e+00  1.000000e+01
     vertex -4.631801e+00 -5.248468e+00  8.000000e+00
   endloop
 endfacet
 facet normal -6.038044e-01 -7.971325e-01  4.703588e-16
   outer loop
     vertex -4.086206e+00 -5.683566e+00  8.000000e+00
     vertex -4.086206e+00 -5.683566e+00  1.000000e+01
     vertex -4.364429e+00 -5.472820e+00  1.000000e+01
   endloop
 endfacet
 facet normal -6.038044e-01 -7.971325e-01 -5.065106e-16
   outer loop
     vertex -4.086206e+00 -5.683566e+00  8.000000e+00
     vertex -4.364429e+00 -5.472820e+00  1.000000e+01
     vertex -4.364429e+00 -5.472820e+00  8.000000e+00
   endloop
 endfacet
 facet normal -5.633201e-01 -8.262388e-01  6.166082e-16
   outer loop
     vertex -3.797824e+00 -5.880181e+00  8.000000e+00
     vertex -3.797824e+00 -5.880181e+00  1.000000e+01
     vertex -4.086206e+00 -5.683566e+00  1.000000e+01
   endloop
 endfacet
 facet normal -5.633201e-01 -8.262388e-01 -7.381477e-16
   outer loop
     vertex -3.797824e+00 -5.880181e+00  8.000000e+00
     vertex -4.086206e+00 -5.683566e+00  1.000000e+01
     vertex -4.086206e+00 -5.683566e+00  8.000000e+00
   endloop
 endfacet
 facet normal -5.214352e-01 -8.532909e-01  1.031127e-15
   outer loop
     vertex -3.500000e+00 -6.062178e+00  8.000000e+00
     vertex -3.500000e+00 -6.062178e+00  1.000000e+01
     vertex -3.797824e+00 -5.880181e+00  1.000000e+01
   endloop
 endfacet
 facet normal -5.214352e-01 -8.532909e-01 -5.718222e-16
   outer loop
     vertex -3.500000e+00 -6.062178e+00  8.000000e+00
     vertex -3.797824e+00 -5.880181e+00  1.000000e+01
     vertex -3.797824e+00 -5.880181e+00  8.000000e+00
   endloop
 endfacet
 facet normal -4.782540e-01 -8.782216e-01  8.343873e-16
   outer loop
     vertex -3.193475e+00 -6.229103e+00  8.000000e+00
     vertex -3.193475e+00 -6.229103e+00  1.000000e+01
     vertex -3.500000e+00 -6.062178e+00  1.000000e+01
   endloop
 endfacet
 facet normal -4.782540e-01 -8.782216e-01 -1.587602e-16
   outer loop
     vertex -3.193475e+00 -6.229103e+00  8.000000e+00
     vertex -3.500000e+00 -6.062178e+00  1.000000e+01
     vertex -3.500000e+00 -6.062178e+00  8.000000e+00
   endloop
 endfacet
 facet normal -4.338837e-01 -9.009689e-01  2.241842e-16
   outer loop
     vertex -2.879010e+00 -6.380541e+00  8.000000e+00
     vertex -2.879010e+00 -6.380541e+00  1.000000e+01
     vertex -3.193475e+00 -6.229103e+00  1.000000e+01
   endloop
 endfacet
 facet normal -4.338837e-01 -9.009689e-01 -3.528283e-16
   outer loop
     vertex -2.879010e+00 -6.380541e+00  8.000000e+00
     vertex -3.193475e+00 -6.229103e+00  1.000000e+01
     vertex -3.193475e+00 -6.229103e+00  8.000000e+00
   endloop
 endfacet
 facet normal -3.884348e-01 -9.214762e-01  7.214134e-16
   outer loop
     vertex -2.557387e+00 -6.516116e+00  8.000000e+00
     vertex -2.557387e+00 -6.516116e+00  1.000000e+01
     vertex -2.879010e+00 -6.380541e+00  1.000000e+01
   endloop
 endfacet
 facet normal -3.884348e-01 -9.214762e-01 -1.027784e-15
   outer loop
     vertex -2.557387e+00 -6.516116e+00  8.000000e+00
     vertex -2.879010e+00 -6.380541e+00  1.000000e+01
     vertex -2.879010e+00 -6.380541e+00  8.000000e+00
   endloop
 endfacet
 facet normal -3.420201e-01 -9.396926e-01 -5.640787e-16
   outer loop
     vertex -2.229407e+00 -6.635491e+00  8.000000e+00
     vertex -2.557387e+00 -6.516116e+00  1.000000e+01
     vertex -2.557387e+00 -6.516116e+00  8.000000e+00
   endloop
 endfacet
 facet normal -3.420201e-01 -9.396926e-01  5.768578e-16
   outer loop
     vertex -2.229407e+00 -6.635491e+00  8.000000e+00
     vertex -2.229407e+00 -6.635491e+00  1.000000e+01
     vertex -2.557387e+00 -6.516116e+00  1.000000e+01
   endloop
 endfacet
 facet normal -2.947552e-01 -9.555728e-01 -7.290571e-16
   outer loop
     vertex -1.895883e+00 -6.738370e+00  8.000000e+00
     vertex -2.229407e+00 -6.635491e+00  1.000000e+01
     vertex -2.229407e+00 -6.635491e+00  8.000000e+00
   endloop
 endfacet
 facet normal -2.947552e-01 -9.555728e-01  4.761208e-16
   outer loop
     vertex -1.895883e+00 -6.738370e+00  8.000000e+00
     vertex -1.895883e+00 -6.738370e+00  1.000000e+01
     vertex -2.229407e+00 -6.635491e+00  1.000000e+01
   endloop
 endfacet
 facet normal -2.467574e-01 -9.690773e-01 -8.775546e-16
   outer loop
     vertex -1.557647e+00 -6.824495e+00  8.000000e+00
     vertex -1.895883e+00 -6.738370e+00  1.000000e+01
     vertex -1.895883e+00 -6.738370e+00  8.000000e+00
   endloop
 endfacet
 facet normal -2.467574e-01 -9.690773e-01  6.869210e-16
   outer loop
     vertex -1.557647e+00 -6.824495e+00  8.000000e+00
     vertex -1.557647e+00 -6.824495e+00  1.000000e+01
     vertex -1.895883e+00 -6.738370e+00  1.000000e+01
   endloop
 endfacet
 facet normal -1.981461e-01 -9.801725e-01 -7.049014e-16
   outer loop
     vertex -1.215537e+00 -6.893654e+00  8.000000e+00
     vertex -1.557647e+00 -6.824495e+00  1.000000e+01
     vertex -1.557647e+00 -6.824495e+00  8.000000e+00
   endloop
 endfacet
 facet normal -1.981461e-01 -9.801725e-01  7.995305e-16
   outer loop
     vertex -1.215537e+00 -6.893654e+00  8.000000e+00
     vertex -1.215537e+00 -6.893654e+00  1.000000e+01
     vertex -1.557647e+00 -6.824495e+00  1.000000e+01
   endloop
 endfacet
 facet normal -1.490423e-01 -9.888308e-01 -6.274782e-16
   outer loop
     vertex -1.215537e+00 -6.893654e+00  8.000000e+00
     vertex -8.704059e-01 -6.945674e+00  1.000000e+01
     vertex -1.215537e+00 -6.893654e+00  1.000000e+01
   endloop
 endfacet
 facet normal -1.490423e-01 -9.888308e-01  8.471058e-16
   outer loop
     vertex -8.704059e-01 -6.945674e+00  8.000000e+00
     vertex -8.704059e-01 -6.945674e+00  1.000000e+01
     vertex -1.215537e+00 -6.893654e+00  8.000000e+00
   endloop
 endfacet
 facet normal -9.956785e-02 -9.950308e-01  7.973443e-16
   outer loop
     vertex -5.231107e-01 -6.980427e+00  8.000000e+00
     vertex -5.231107e-01 -6.980427e+00  1.000000e+01
     vertex -8.704059e-01 -6.945674e+00  1.000000e+01
   endloop
 endfacet
 facet normal -9.956785e-02 -9.950308e-01 -6.224466e-16
   outer loop
     vertex -5.231107e-01 -6.980427e+00  8.000000e+00
     vertex -8.704059e-01 -6.945674e+00  1.000000e+01
     vertex -8.704059e-01 -6.945674e+00  8.000000e+00
   endloop
 endfacet
 facet normal -4.984589e-02 -9.987569e-01  6.582966e-16
   outer loop
     vertex -1.745148e-01 -6.997824e+00  8.000000e+00
     vertex -1.745148e-01 -6.997824e+00  1.000000e+01
     vertex -5.231107e-01 -6.980427e+00  1.000000e+01
   endloop
 endfacet
 facet normal -4.984589e-02 -9.987569e-01 -7.123584e-16
   outer loop
     vertex -1.745148e-01 -6.997824e+00  8.000000e+00
     vertex -5.231107e-01 -6.980427e+00  1.000000e+01
     vertex -5.231107e-01 -6.980427e+00  8.000000e+00
   endloop
 endfacet
 facet normal  1.017883e-14 -1.000000e+00  8.881784e-16
   outer loop
     vertex  1.745148e-01 -6.997824e+00  8.000000e+00
     vertex  1.745148e-01 -6.997824e+00  1.000000e+01
     vertex -1.745148e-01 -6.997824e+00  1.000000e+01
   endloop
 endfacet
 facet normal -0.000000e+00 -1.000000e+00 -8.881784e-16
   outer loop
     vertex  1.745148e-01 -6.997824e+00  8.000000e+00
     vertex -1.745148e-01 -6.997824e+00  1.000000e+01
     vertex -1.745148e-01 -6.997824e+00  8.000000e+00
   endloop
 endfacet
 facet normal  4.984589e-02 -9.987569e-01  5.989894e-16
   outer loop
     vertex  5.231107e-01 -6.980427e+00  8.000000e+00
     vertex  5.231107e-01 -6.980427e+00  1.000000e+01
     vertex  1.745148e-01 -6.997824e+00  1.000000e+01
   endloop
 endfacet
 facet normal  4.984589e-02 -9.987569e-01 -6.961994e-16
   outer loop
     vertex  5.231107e-01 -6.980427e+00  8.000000e+00
     vertex  1.745148e-01 -6.997824e+00  1.000000e+01
     vertex  1.745148e-01 -6.997824e+00  8.000000e+00
   endloop
 endfacet
 facet normal  9.956785e-02 -9.950308e-01  1.124657e-15
   outer loop
     vertex  8.704059e-01 -6.945674e+00  8.000000e+00
     vertex  8.704059e-01 -6.945674e+00  1.000000e+01
     vertex  5.231107e-01 -6.980427e+00  1.000000e+01
   endloop
 endfacet
 facet normal  9.956785e-02 -9.950308e-01 -1.025152e-15
   outer loop
     vertex  8.704059e-01 -6.945674e+00  8.000000e+00
     vertex  5.231107e-01 -6.980427e+00  1.000000e+01
     vertex  5.231107e-01 -6.980427e+00  8.000000e+00
   endloop
 endfacet
 facet normal  1.490423e-01 -9.888308e-01  1.134062e-15
   outer loop
     vertex  1.215537e+00 -6.893654e+00  8.000000e+00
     vertex  1.215537e+00 -6.893654e+00  1.000000e+01
     vertex  8.704059e-01 -6.945674e+00  1.000000e+01
   endloop
 endfacet
 facet normal  1.490423e-01 -9.888308e-01 -5.391901e-16
   outer loop
     vertex  1.215537e+00 -6.893654e+00  8.000000e+00
     vertex  8.704059e-01 -6.945674e+00  1.000000e+01
     vertex  8.704059e-01 -6.945674e+00  8.000000e+00
   endloop
 endfacet
 facet normal  1.981461e-01 -9.801725e-01  6.682443e-16
   outer loop
     vertex  1.557647e+00 -6.824495e+00  8.000000e+00
     vertex  1.557647e+00 -6.824495e+00  1.000000e+01
     vertex  1.215537e+00 -6.893654e+00  1.000000e+01
   endloop
 endfacet
 facet normal  1.981461e-01 -9.801725e-01 -5.731073e-16
   outer loop
     vertex  1.557647e+00 -6.824495e+00  8.000000e+00
     vertex  1.215537e+00 -6.893654e+00  1.000000e+01
     vertex  1.215537e+00 -6.893654e+00  8.000000e+00
   endloop
 endfacet
 facet normal  2.467574e-01 -9.690773e-01  5.722596e-16
   outer loop
     vertex  1.895883e+00 -6.738370e+00  8.000000e+00
     vertex  1.895883e+00 -6.738370e+00  1.000000e+01
     vertex  1.557647e+00 -6.824495e+00  1.000000e+01
   endloop
 endfacet
 facet normal  2.947552e-01 -9.555728e-01 -1.200288e-15
   outer loop
     vertex  1.895883e+00 -6.738370e+00  8.000000e+00
     vertex  2.229407e+00 -6.635491e+00  1.000000e+01
     vertex  1.895883e+00 -6.738370e+00  1.000000e+01
   endloop
 endfacet
 facet normal  2.467574e-01 -9.690773e-01 -1.067151e-15
   outer loop
     vertex  1.895883e+00 -6.738370e+00  8.000000e+00
     vertex  1.557647e+00 -6.824495e+00  1.000000e+01
     vertex  1.557647e+00 -6.824495e+00  8.000000e+00
   endloop
 endfacet
 facet normal  2.947552e-01 -9.555728e-01  1.247696e-15
   outer loop
     vertex  2.229407e+00 -6.635491e+00  8.000000e+00
     vertex  2.229407e+00 -6.635491e+00  1.000000e+01
     vertex  1.895883e+00 -6.738370e+00  8.000000e+00
   endloop
 endfacet
 facet normal  3.420201e-01 -9.396926e-01  5.960554e-16
   outer loop
     vertex  2.557387e+00 -6.516116e+00  8.000000e+00
     vertex  2.557387e+00 -6.516116e+00  1.000000e+01
     vertex  2.229407e+00 -6.635491e+00  1.000000e+01
   endloop
 endfacet
 facet normal  3.420201e-01 -9.396926e-01 -5.828195e-16
   outer loop
     vertex  2.557387e+00 -6.516116e+00  8.000000e+00
     vertex  2.229407e+00 -6.635491e+00  1.000000e+01
     vertex  2.229407e+00 -6.635491e+00  8.000000e+00
   endloop
 endfacet
 facet normal  3.884348e-01 -9.214762e-01  1.363108e-15
   outer loop
     vertex  2.879010e+00 -6.380541e+00  8.000000e+00
     vertex  2.879010e+00 -6.380541e+00  1.000000e+01
     vertex  2.557387e+00 -6.516116e+00  1.000000e+01
   endloop
 endfacet
 facet normal  3.884348e-01 -9.214762e-01 -1.265592e-15
   outer loop
     vertex  2.879010e+00 -6.380541e+00  8.000000e+00
     vertex  2.557387e+00 -6.516116e+00  1.000000e+01
     vertex  2.557387e+00 -6.516116e+00  8.000000e+00
   endloop
 endfacet
 facet normal  4.338837e-01 -9.009689e-01  1.071483e-15
   outer loop
     vertex  3.193475e+00 -6.229103e+00  8.000000e+00
     vertex  3.193475e+00 -6.229103e+00  1.000000e+01
     vertex  2.879010e+00 -6.380541e+00  1.000000e+01
   endloop
 endfacet
 facet normal  4.338837e-01 -9.009689e-01 -5.320547e-16
   outer loop
     vertex  3.193475e+00 -6.229103e+00  8.000000e+00
     vertex  2.879010e+00 -6.380541e+00  1.000000e+01
     vertex  2.879010e+00 -6.380541e+00  8.000000e+00
   endloop
 endfacet
 facet normal  4.782540e-01 -8.782216e-01  1.196560e-15
   outer loop
     vertex  3.500000e+00 -6.062178e+00  8.000000e+00
     vertex  3.500000e+00 -6.062178e+00  1.000000e+01
     vertex  3.193475e+00 -6.229103e+00  1.000000e+01
   endloop
 endfacet
 facet normal  4.782540e-01 -8.782216e-01 -8.547428e-16
   outer loop
     vertex  3.500000e+00 -6.062178e+00  8.000000e+00
     vertex  3.193475e+00 -6.229103e+00  1.000000e+01
     vertex  3.193475e+00 -6.229103e+00  8.000000e+00
   endloop
 endfacet
 facet normal  5.214352e-01 -8.532909e-01  9.690816e-16
   outer loop
     vertex  3.797824e+00 -5.880181e+00  8.000000e+00
     vertex  3.797824e+00 -5.880181e+00  1.000000e+01
     vertex  3.500000e+00 -6.062178e+00  1.000000e+01
   endloop
 endfacet
 facet normal  5.214352e-01 -8.532909e-01 -7.740935e-16
   outer loop
     vertex  3.797824e+00 -5.880181e+00  8.000000e+00
     vertex  3.500000e+00 -6.062178e+00  1.000000e+01
     vertex  3.500000e+00 -6.062178e+00  8.000000e+00
   endloop
 endfacet
 facet normal  5.633201e-01 -8.262388e-01  1.051554e-15
   outer loop
     vertex  4.086206e+00 -5.683566e+00  8.000000e+00
     vertex  4.086206e+00 -5.683566e+00  1.000000e+01
     vertex  3.797824e+00 -5.880181e+00  1.000000e+01
   endloop
 endfacet
 facet normal  5.633201e-01 -8.262388e-01 -1.030351e-15
   outer loop
     vertex  4.086206e+00 -5.683566e+00  8.000000e+00
     vertex  3.797824e+00 -5.880181e+00  1.000000e+01
     vertex  3.797824e+00 -5.880181e+00  8.000000e+00
   endloop
 endfacet
 facet normal  6.038044e-01 -7.971325e-01  1.043295e-15
   outer loop
     vertex  4.364429e+00 -5.472820e+00  8.000000e+00
     vertex  4.364429e+00 -5.472820e+00  1.000000e+01
     vertex  4.086206e+00 -5.683566e+00  1.000000e+01
   endloop
 endfacet
 facet normal  6.038044e-01 -7.971325e-01 -9.961106e-16
   outer loop
     vertex  4.364429e+00 -5.472820e+00  8.000000e+00
     vertex  4.086206e+00 -5.683566e+00  1.000000e+01
     vertex  4.086206e+00 -5.683566e+00  8.000000e+00
   endloop
 endfacet
 facet normal  6.427876e-01 -7.660444e-01  8.793375e-16
   outer loop
     vertex  4.631801e+00 -5.248468e+00  8.000000e+00
     vertex  4.631801e+00 -5.248468e+00  1.000000e+01
     vertex  4.364429e+00 -5.472820e+00  1.000000e+01
   endloop
 endfacet
 facet normal  6.427876e-01 -7.660444e-01 -1.051051e-15
   outer loop
     vertex  4.631801e+00 -5.248468e+00  8.000000e+00
     vertex  4.364429e+00 -5.472820e+00  1.000000e+01
     vertex  4.364429e+00 -5.472820e+00  8.000000e+00
   endloop
 endfacet
 facet normal  6.801727e-01 -7.330519e-01  9.927328e-16
   outer loop
     vertex  4.887658e+00 -5.011068e+00  8.000000e+00
     vertex  4.887658e+00 -5.011068e+00  1.000000e+01
     vertex  4.631801e+00 -5.248468e+00  1.000000e+01
   endloop
 endfacet
 facet normal  6.801727e-01 -7.330519e-01 -1.240897e-15
   outer loop
     vertex  4.887658e+00 -5.011068e+00  8.000000e+00
     vertex  4.631801e+00 -5.248468e+00  1.000000e+01
     vertex  4.631801e+00 -5.248468e+00  8.000000e+00
   endloop
 endfacet
 facet normal  7.158668e-01 -6.982368e-01  1.018004e-15
   outer loop
     vertex  5.131363e+00 -4.761209e+00  8.000000e+00
     vertex  5.131363e+00 -4.761209e+00  1.000000e+01
     vertex  4.887658e+00 -5.011068e+00  1.000000e+01
   endloop
 endfacet
 facet normal  7.158668e-01 -6.982368e-01 -1.172812e-15
   outer loop
     vertex  5.131363e+00 -4.761209e+00  8.000000e+00
     vertex  4.887658e+00 -5.011068e+00  1.000000e+01
     vertex  4.887658e+00 -5.011068e+00  8.000000e+00
   endloop
 endfacet
 facet normal  7.497812e-01 -6.616858e-01 -1.191146e-15
   outer loop
     vertex  5.362311e+00 -4.499513e+00  8.000000e+00
     vertex  5.131363e+00 -4.761209e+00  1.000000e+01
     vertex  5.131363e+00 -4.761209e+00  8.000000e+00
   endloop
 endfacet
 facet normal  7.497812e-01 -6.616858e-01  9.832274e-16
   outer loop
     vertex  5.362311e+00 -4.499513e+00  8.000000e+00
     vertex  5.362311e+00 -4.499513e+00  1.000000e+01
     vertex  5.131363e+00 -4.761209e+00  1.000000e+01
   endloop
 endfacet
 facet normal  7.818315e-01 -6.234898e-01 -1.251325e-15
   outer loop
     vertex  5.579928e+00 -4.226631e+00  8.000000e+00
     vertex  5.362311e+00 -4.499513e+00  1.000000e+01
     vertex  5.362311e+00 -4.499513e+00  8.000000e+00
   endloop
 endfacet
 facet normal  7.818315e-01 -6.234898e-01  1.454881e-15
   outer loop
     vertex  5.579928e+00 -4.226631e+00  8.000000e+00
     vertex  5.579928e+00 -4.226631e+00  1.000000e+01
     vertex  5.362311e+00 -4.499513e+00  1.000000e+01
   endloop
 endfacet
 facet normal  8.119380e-01 -5.837437e-01 -8.390845e-16
   outer loop
     vertex  5.783671e+00 -3.943240e+00  8.000000e+00
     vertex  5.579928e+00 -4.226631e+00  1.000000e+01
     vertex  5.579928e+00 -4.226631e+00  8.000000e+00
   endloop
 endfacet
 facet normal  8.119380e-01 -5.837437e-01  1.149962e-15
   outer loop
     vertex  5.783671e+00 -3.943240e+00  8.000000e+00
     vertex  5.783671e+00 -3.943240e+00  1.000000e+01
     vertex  5.579928e+00 -4.226631e+00  1.000000e+01
   endloop
 endfacet
 facet normal  8.400259e-01 -5.425463e-01 -1.168696e-15
   outer loop
     vertex  5.973036e+00 -3.650046e+00  8.000000e+00
     vertex  5.783671e+00 -3.943240e+00  1.000000e+01
     vertex  5.783671e+00 -3.943240e+00  8.000000e+00
   endloop
 endfacet
 facet normal  8.400259e-01 -5.425463e-01  1.034843e-15
   outer loop
     vertex  5.973036e+00 -3.650046e+00  8.000000e+00
     vertex  5.973036e+00 -3.650046e+00  1.000000e+01
     vertex  5.783671e+00 -3.943240e+00  1.000000e+01
   endloop
 endfacet
 facet normal  8.660254e-01 -5.000000e-01 -1.326220e-15
   outer loop
     vertex  6.147551e+00 -3.347778e+00  8.000000e+00
     vertex  5.973036e+00 -3.650046e+00  1.000000e+01
     vertex  5.973036e+00 -3.650046e+00  8.000000e+00
   endloop
 endfacet
 facet normal  8.660254e-01 -5.000000e-01  1.206448e-15
   outer loop
     vertex  6.147551e+00 -3.347778e+00  8.000000e+00
     vertex  6.147551e+00 -3.347778e+00  1.000000e+01
     vertex  5.973036e+00 -3.650046e+00  1.000000e+01
   endloop
 endfacet
 facet normal  8.898718e-01 -4.562107e-01 -1.197068e-15
   outer loop
     vertex  6.306782e+00 -3.037186e+00  8.000000e+00
     vertex  6.147551e+00 -3.347778e+00  1.000000e+01
     vertex  6.147551e+00 -3.347778e+00  8.000000e+00
   endloop
 endfacet
 facet normal  8.898718e-01 -4.562107e-01  1.584948e-15
   outer loop
     vertex  6.306782e+00 -3.037186e+00  8.000000e+00
     vertex  6.306782e+00 -3.037186e+00  1.000000e+01
     vertex  6.147551e+00 -3.347778e+00  1.000000e+01
   endloop
 endfacet
 facet normal  9.115059e-01 -4.112871e-01 -8.516336e-16
   outer loop
     vertex  6.306782e+00 -3.037186e+00  8.000000e+00
     vertex  6.450333e+00 -2.719044e+00  1.000000e+01
     vertex  6.306782e+00 -3.037186e+00  1.000000e+01
   endloop
 endfacet
 facet normal  9.115059e-01 -4.112871e-01  1.002005e-15
   outer loop
     vertex  6.450333e+00 -2.719044e+00  8.000000e+00
     vertex  6.450333e+00 -2.719044e+00  1.000000e+01
     vertex  6.306782e+00 -3.037186e+00  8.000000e+00
   endloop
 endfacet
 facet normal  9.308737e-01 -3.653410e-01 -1.482163e-15
   outer loop
     vertex  6.577848e+00 -2.394141e+00  8.000000e+00
     vertex  6.450333e+00 -2.719044e+00  1.000000e+01
     vertex  6.450333e+00 -2.719044e+00  8.000000e+00
   endloop
 endfacet
 facet normal  9.308737e-01 -3.653410e-01  1.156738e-15
   outer loop
     vertex  6.577848e+00 -2.394141e+00  8.000000e+00
     vertex  6.577848e+00 -2.394141e+00  1.000000e+01
     vertex  6.450333e+00 -2.719044e+00  1.000000e+01
   endloop
 endfacet
 facet normal  9.479273e-01 -3.184867e-01 -1.355016e-15
   outer loop
     vertex  6.689010e+00 -2.063286e+00  8.000000e+00
     vertex  6.577848e+00 -2.394141e+00  1.000000e+01
     vertex  6.577848e+00 -2.394141e+00  8.000000e+00
   endloop
 endfacet
 facet normal  9.479273e-01 -3.184867e-01  1.245227e-15
   outer loop
     vertex  6.689010e+00 -2.063286e+00  8.000000e+00
     vertex  6.689010e+00 -2.063286e+00  1.000000e+01
     vertex  6.577848e+00 -2.394141e+00  1.000000e+01
   endloop
 endfacet
 facet normal  9.626242e-01 -2.708405e-01 -1.304189e-15
   outer loop
     vertex  6.689010e+00 -2.063286e+00  8.000000e+00
     vertex  6.783541e+00 -1.727302e+00  1.000000e+01
     vertex  6.689010e+00 -2.063286e+00  1.000000e+01
   endloop
 endfacet
 facet normal  9.626242e-01 -2.708405e-01  1.164029e-15
   outer loop
     vertex  6.783541e+00 -1.727302e+00  8.000000e+00
     vertex  6.783541e+00 -1.727302e+00  1.000000e+01
     vertex  6.689010e+00 -2.063286e+00  8.000000e+00
   endloop
 endfacet
 facet normal  9.749279e-01 -2.225209e-01 -1.411527e-15
   outer loop
     vertex  6.861207e+00 -1.387023e+00  8.000000e+00
     vertex  6.783541e+00 -1.727302e+00  1.000000e+01
     vertex  6.783541e+00 -1.727302e+00  8.000000e+00
   endloop
 endfacet
 facet normal  9.749279e-01 -2.225209e-01  1.455647e-15
   outer loop
     vertex  6.861207e+00 -1.387023e+00  8.000000e+00
     vertex  6.861207e+00 -1.387023e+00  1.000000e+01
     vertex  6.783541e+00 -1.727302e+00  1.000000e+01
   endloop
 endfacet
 facet normal  9.848078e-01 -1.736482e-01 -1.153584e-15
   outer loop
     vertex  6.921816e+00 -1.043296e+00  8.000000e+00
     vertex  6.861207e+00 -1.387023e+00  1.000000e+01
     vertex  6.861207e+00 -1.387023e+00  8.000000e+00
   endloop
 endfacet
 facet normal  9.848078e-01 -1.736482e-01  1.227438e-15
   outer loop
     vertex  6.921816e+00 -1.043296e+00  8.000000e+00
     vertex  6.921816e+00 -1.043296e+00  1.000000e+01
     vertex  6.861207e+00 -1.387023e+00  1.000000e+01
   endloop
 endfacet
 facet normal  9.922392e-01 -1.243437e-01 -1.414821e-15
   outer loop
     vertex  6.965215e+00 -6.969749e-01  8.000000e+00
     vertex  6.921816e+00 -1.043296e+00  1.000000e+01
     vertex  6.921816e+00 -1.043296e+00  8.000000e+00
   endloop
 endfacet
 facet normal  9.922392e-01 -1.243437e-01  1.366261e-15
   outer loop
     vertex  6.965215e+00 -6.969749e-01  8.000000e+00
     vertex  6.965215e+00 -6.969749e-01  1.000000e+01
     vertex  6.921816e+00 -1.043296e+00  1.000000e+01
   endloop
 endfacet
 facet normal  9.972038e-01 -7.473009e-02  1.406228e-15
   outer loop
     vertex  6.991298e+00 -3.489212e-01  8.000000e+00
     vertex  6.991298e+00 -3.489212e-01  1.000000e+01
     vertex  6.965215e+00 -6.969749e-01  1.000000e+01
   endloop
 endfacet
 facet normal  9.972038e-01 -7.473009e-02 -1.315028e-15
   outer loop
     vertex  6.991298e+00 -3.489212e-01  8.000000e+00
     vertex  6.965215e+00 -6.969749e-01  1.000000e+01
     vertex  6.965215e+00 -6.969749e-01  8.000000e+00
   endloop
 endfacet
 facet normal  9.996892e-01 -2.493069e-02  0.000000e+00
   outer loop
     vertex  7.000000e+00  0.000000e+00  8.000000e+00
     vertex  7.000000e+00  0.000000e+00  1.000000e+01
     vertex  6.991298e+00 -3.489212e-01  1.000000e+01
   endloop
 endfacet
 facet normal  9.996892e-01 -2.493069e-02 -1.308090e-15
   outer loop
     vertex  7.000000e+00  0.000000e+00  8.000000e+00
     vertex  6.991298e+00 -3.489212e-01  1.000000e+01
     vertex  6.991298e+00 -3.489212e-01  8.000000e+00
   endloop
 endfacet
 facet normal -9.996892e-01 -2.493069e-02  0.000000e+00
   outer loop
     vertex  2.500000e+00  0.000000e+00  0.000000e+00
     vertex  2.500000e+00  0.000000e+00  1.000000e+01
     vertex  2.496892e+00  1.246147e-01  1.000000e+01
   endloop
 endfacet
 facet normal -9.972038e-01 -7.473009e-02 -6.875361e-17
   outer loop
     vertex  2.496892e+00  1.246147e-01  0.000000e+00
     vertex  2.496892e+00  1.246147e-01  1.000000e+01
     vertex  2.487577e+00  2.489196e-01  1.000000e+01
   endloop
 endfacet
 facet normal -9.996892e-01 -2.493069e-02  1.251696e-16
   outer loop
     vertex  2.496892e+00  1.246147e-01  0.000000e+00
     vertex  2.500000e+00  0.000000e+00  0.000000e+00
     vertex  2.496892e+00  1.246147e-01  1.000000e+01
   endloop
 endfacet
 facet normal -9.922392e-01 -1.243437e-01 -7.831095e-17
   outer loop
     vertex  2.487577e+00  2.489196e-01  0.000000e+00
     vertex  2.487577e+00  2.489196e-01  1.000000e+01
     vertex  2.472077e+00  3.726057e-01  1.000000e+01
   endloop
 endfacet
 facet normal -9.972038e-01 -7.473009e-02  1.131560e-16
   outer loop
     vertex  2.487577e+00  2.489196e-01  0.000000e+00
     vertex  2.496892e+00  1.246147e-01  0.000000e+00
     vertex  2.487577e+00  2.489196e-01  1.000000e+01
   endloop
 endfacet
 facet normal -9.848078e-01 -1.736482e-01 -8.211495e-17
   outer loop
     vertex  2.472077e+00  3.726057e-01  0.000000e+00
     vertex  2.472077e+00  3.726057e-01  1.000000e+01
     vertex  2.450431e+00  4.953654e-01  1.000000e+01
   endloop
 endfacet
 facet normal -9.922392e-01 -1.243437e-01  1.069193e-16
   outer loop
     vertex  2.472077e+00  3.726057e-01  0.000000e+00
     vertex  2.487577e+00  2.489196e-01  0.000000e+00
     vertex  2.472077e+00  3.726057e-01  1.000000e+01
   endloop
 endfacet
 facet normal -9.749279e-01 -2.225209e-01 -7.923451e-17
   outer loop
     vertex  2.450431e+00  4.953654e-01  0.000000e+00
     vertex  2.450431e+00  4.953654e-01  1.000000e+01
     vertex  2.422693e+00  6.168935e-01  1.000000e+01
   endloop
 endfacet
 facet normal -9.848078e-01 -1.736482e-01  1.072812e-16
   outer loop
     vertex  2.450431e+00  4.953654e-01  0.000000e+00
     vertex  2.472077e+00  3.726057e-01  0.000000e+00
     vertex  2.450431e+00  4.953654e-01  1.000000e+01
   endloop
 endfacet
 facet normal -9.626242e-01 -2.708405e-01 -1.162574e-16
   outer loop
     vertex  2.422693e+00  6.168935e-01  0.000000e+00
     vertex  2.422693e+00  6.168935e-01  1.000000e+01
     vertex  2.388932e+00  7.368879e-01  1.000000e+01
   endloop
 endfacet
 facet normal -9.749279e-01 -2.225209e-01  6.794533e-17
   outer loop
     vertex  2.422693e+00  6.168935e-01  0.000000e+00
     vertex  2.450431e+00  4.953654e-01  0.000000e+00
     vertex  2.422693e+00  6.168935e-01  1.000000e+01
   endloop
 endfacet
 facet normal -9.479273e-01 -3.184867e-01 -5.786564e-17
   outer loop
     vertex  2.388932e+00  7.368879e-01  0.000000e+00
     vertex  2.388932e+00  7.368879e-01  1.000000e+01
     vertex  2.349232e+00  8.550504e-01  1.000000e+01
   endloop
 endfacet
 facet normal -9.626242e-01 -2.708405e-01  1.245506e-16
   outer loop
     vertex  2.388932e+00  7.368879e-01  0.000000e+00
     vertex  2.422693e+00  6.168935e-01  0.000000e+00
     vertex  2.388932e+00  7.368879e-01  1.000000e+01
   endloop
 endfacet
 facet normal -9.308737e-01 -3.653410e-01 -8.367189e-17
   outer loop
     vertex  2.349232e+00  8.550504e-01  0.000000e+00
     vertex  2.349232e+00  8.550504e-01  1.000000e+01
     vertex  2.303691e+00  9.710870e-01  1.000000e+01
   endloop
 endfacet
 facet normal -9.479273e-01 -3.184867e-01  9.671095e-17
   outer loop
     vertex  2.349232e+00  8.550504e-01  0.000000e+00
     vertex  2.388932e+00  7.368879e-01  0.000000e+00
     vertex  2.349232e+00  8.550504e-01  1.000000e+01
   endloop
 endfacet
 facet normal -9.115059e-01 -4.112871e-01 -9.218148e-17
   outer loop
     vertex  2.303691e+00  9.710870e-01  0.000000e+00
     vertex  2.303691e+00  9.710870e-01  1.000000e+01
     vertex  2.252422e+00  1.084709e+00  1.000000e+01
   endloop
 endfacet
 facet normal -9.308737e-01 -3.653410e-01  8.496251e-17
   outer loop
     vertex  2.303691e+00  9.710870e-01  0.000000e+00
     vertex  2.349232e+00  8.550504e-01  0.000000e+00
     vertex  2.303691e+00  9.710870e-01  1.000000e+01
   endloop
 endfacet
 facet normal -8.898718e-01 -4.562107e-01 -1.343453e-16
   outer loop
     vertex  2.252422e+00  1.084709e+00  0.000000e+00
     vertex  2.252422e+00  1.084709e+00  1.000000e+01
     vertex  2.195554e+00  1.195635e+00  1.000000e+01
   endloop
 endfacet
 facet normal -9.115059e-01 -4.112871e-01  3.900475e-17
   outer loop
     vertex  2.252422e+00  1.084709e+00  0.000000e+00
     vertex  2.303691e+00  9.710870e-01  0.000000e+00
     vertex  2.252422e+00  1.084709e+00  1.000000e+01
   endloop
 endfacet
 facet normal -8.660254e-01 -5.000000e-01 -8.691093e-17
   outer loop
     vertex  2.195554e+00  1.195635e+00  0.000000e+00
     vertex  2.195554e+00  1.195635e+00  1.000000e+01
     vertex  2.133227e+00  1.303588e+00  1.000000e+01
   endloop
 endfacet
 facet normal -8.898718e-01 -4.562107e-01  8.450717e-17
   outer loop
     vertex  2.195554e+00  1.195635e+00  0.000000e+00
     vertex  2.252422e+00  1.084709e+00  0.000000e+00
     vertex  2.195554e+00  1.195635e+00  1.000000e+01
   endloop
 endfacet
 facet normal -8.660254e-01 -5.000000e-01  5.662096e-17
   outer loop
     vertex  2.133227e+00  1.303588e+00  0.000000e+00
     vertex  2.195554e+00  1.195635e+00  0.000000e+00
     vertex  2.133227e+00  1.303588e+00  1.000000e+01
   endloop
 endfacet
 facet normal -8.400259e-01 -5.425463e-01 -1.112220e-16
   outer loop
     vertex  2.133227e+00  1.303588e+00  0.000000e+00
     vertex  2.133227e+00  1.303588e+00  1.000000e+01
     vertex  2.065597e+00  1.408300e+00  1.000000e+01
   endloop
 endfacet
 facet normal -8.400259e-01 -5.425463e-01  1.102783e-16
   outer loop
     vertex  2.065597e+00  1.408300e+00  0.000000e+00
     vertex  2.133227e+00  1.303588e+00  0.000000e+00
     vertex  2.065597e+00  1.408300e+00  1.000000e+01
   endloop
 endfacet
 facet normal -8.119380e-01 -5.837437e-01 -5.678895e-17
   outer loop
     vertex  2.065597e+00  1.408300e+00  0.000000e+00
     vertex  2.065597e+00  1.408300e+00  1.000000e+01
     vertex  1.992831e+00  1.509511e+00  1.000000e+01
   endloop
 endfacet
 facet normal -8.119380e-01 -5.837437e-01  7.506727e-17
   outer loop
     vertex  1.992831e+00  1.509511e+00  0.000000e+00
     vertex  2.065597e+00  1.408300e+00  0.000000e+00
     vertex  1.992831e+00  1.509511e+00  1.000000e+01
   endloop
 endfacet
 facet normal -7.818315e-01 -6.234898e-01 -8.856903e-17
   outer loop
     vertex  1.992831e+00  1.509511e+00  0.000000e+00
     vertex  1.992831e+00  1.509511e+00  1.000000e+01
     vertex  1.915111e+00  1.606969e+00  1.000000e+01
   endloop
 endfacet
 facet normal -7.818315e-01 -6.234898e-01  9.514148e-17
   outer loop
     vertex  1.915111e+00  1.606969e+00  0.000000e+00
     vertex  1.992831e+00  1.509511e+00  0.000000e+00
     vertex  1.915111e+00  1.606969e+00  1.000000e+01
   endloop
 endfacet
 facet normal -7.497812e-01 -6.616858e-01 -6.589606e-17
   outer loop
     vertex  1.915111e+00  1.606969e+00  0.000000e+00
     vertex  1.915111e+00  1.606969e+00  1.000000e+01
     vertex  1.832630e+00  1.700432e+00  1.000000e+01
   endloop
 endfacet
 facet normal -7.497812e-01 -6.616858e-01  7.024755e-17
   outer loop
     vertex  1.832630e+00  1.700432e+00  0.000000e+00
     vertex  1.915111e+00  1.606969e+00  0.000000e+00
     vertex  1.832630e+00  1.700432e+00  1.000000e+01
   endloop
 endfacet
 facet normal -7.158668e-01 -6.982368e-01 -8.645110e-17
   outer loop
     vertex  1.832630e+00  1.700432e+00  0.000000e+00
     vertex  1.832630e+00  1.700432e+00  1.000000e+01
     vertex  1.745592e+00  1.789667e+00  1.000000e+01
   endloop
 endfacet
 facet normal -7.158668e-01 -6.982368e-01  8.565845e-17
   outer loop
     vertex  1.745592e+00  1.789667e+00  0.000000e+00
     vertex  1.832630e+00  1.700432e+00  0.000000e+00
     vertex  1.745592e+00  1.789667e+00  1.000000e+01
   endloop
 endfacet
 facet normal -6.801727e-01 -7.330519e-01 -6.858420e-17
   outer loop
     vertex  1.745592e+00  1.789667e+00  0.000000e+00
     vertex  1.745592e+00  1.789667e+00  1.000000e+01
     vertex  1.654215e+00  1.874453e+00  1.000000e+01
   endloop
 endfacet
 facet normal -6.801727e-01 -7.330519e-01  7.556069e-17
   outer loop
     vertex  1.654215e+00  1.874453e+00  0.000000e+00
     vertex  1.745592e+00  1.789667e+00  0.000000e+00
     vertex  1.654215e+00  1.874453e+00  1.000000e+01
   endloop
 endfacet
 facet normal -6.427876e-01 -7.660444e-01 -7.504361e-17
   outer loop
     vertex  1.654215e+00  1.874453e+00  0.000000e+00
     vertex  1.654215e+00  1.874453e+00  1.000000e+01
     vertex  1.558725e+00  1.954579e+00  1.000000e+01
   endloop
 endfacet
 facet normal -6.427876e-01 -7.660444e-01  1.011146e-16
   outer loop
     vertex  1.558725e+00  1.954579e+00  0.000000e+00
     vertex  1.654215e+00  1.874453e+00  0.000000e+00
     vertex  1.558725e+00  1.954579e+00  1.000000e+01
   endloop
 endfacet
 facet normal -6.038044e-01 -7.971325e-01 -4.793345e-17
   outer loop
     vertex  1.558725e+00  1.954579e+00  0.000000e+00
     vertex  1.558725e+00  1.954579e+00  1.000000e+01
     vertex  1.459359e+00  2.029845e+00  1.000000e+01
   endloop
 endfacet
 facet normal -5.633201e-01 -8.262388e-01 -5.593083e-17
   outer loop
     vertex  1.459359e+00  2.029845e+00  0.000000e+00
     vertex  1.459359e+00  2.029845e+00  1.000000e+01
     vertex  1.356366e+00  2.100065e+00  1.000000e+01
   endloop
 endfacet
 facet normal -6.038044e-01 -7.971325e-01  8.937298e-17
   outer loop
     vertex  1.459359e+00  2.029845e+00  0.000000e+00
     vertex  1.558725e+00  1.954579e+00  0.000000e+00
     vertex  1.459359e+00  2.029845e+00  1.000000e+01
   endloop
 endfacet
 facet normal -5.633201e-01 -8.262388e-01  7.916272e-17
   outer loop
     vertex  1.356366e+00  2.100065e+00  0.000000e+00
     vertex  1.459359e+00  2.029845e+00  0.000000e+00
     vertex  1.356366e+00  2.100065e+00  1.000000e+01
   endloop
 endfacet
 facet normal -5.214352e-01 -8.532909e-01 -6.425803e-17
   outer loop
     vertex  1.356366e+00  2.100065e+00  0.000000e+00
     vertex  1.356366e+00  2.100065e+00  1.000000e+01
     vertex  1.250000e+00  2.165064e+00  1.000000e+01
   endloop
 endfacet
 facet normal -4.782540e-01 -8.782216e-01 -7.989705e-17
   outer loop
     vertex  1.250000e+00  2.165064e+00  0.000000e+00
     vertex  1.250000e+00  2.165064e+00  1.000000e+01
     vertex  1.140527e+00  2.224680e+00  1.000000e+01
   endloop
 endfacet
 facet normal -5.214352e-01 -8.532909e-01  6.100134e-17
   outer loop
     vertex  1.250000e+00  2.165064e+00  0.000000e+00
     vertex  1.356366e+00  2.100065e+00  0.000000e+00
     vertex  1.250000e+00  2.165064e+00  1.000000e+01
   endloop
 endfacet
 facet normal -4.338837e-01 -9.009689e-01 -9.092947e-17
   outer loop
     vertex  1.140527e+00  2.224680e+00  0.000000e+00
     vertex  1.140527e+00  2.224680e+00  1.000000e+01
     vertex  1.028218e+00  2.278765e+00  1.000000e+01
   endloop
 endfacet
 facet normal -4.782540e-01 -8.782216e-01  4.772494e-17
   outer loop
     vertex  1.140527e+00  2.224680e+00  0.000000e+00
     vertex  1.250000e+00  2.165064e+00  0.000000e+00
     vertex  1.140527e+00  2.224680e+00  1.000000e+01
   endloop
 endfacet
 facet normal -3.884348e-01 -9.214762e-01 -5.704578e-17
   outer loop
     vertex  1.028218e+00  2.278765e+00  0.000000e+00
     vertex  1.028218e+00  2.278765e+00  1.000000e+01
     vertex  9.133526e-01  2.327184e+00  1.000000e+01
   endloop
 endfacet
 facet normal -4.338837e-01 -9.009689e-01  7.874890e-17
   outer loop
     vertex  1.028218e+00  2.278765e+00  0.000000e+00
     vertex  1.140527e+00  2.224680e+00  0.000000e+00
     vertex  1.028218e+00  2.278765e+00  1.000000e+01
   endloop
 endfacet
 facet normal -3.420201e-01 -9.396926e-01 -7.130361e-17
   outer loop
     vertex  9.133526e-01  2.327184e+00  0.000000e+00
     vertex  9.133526e-01  2.327184e+00  1.000000e+01
     vertex  7.962166e-01  2.369818e+00  1.000000e+01
   endloop
 endfacet
 facet normal -3.884348e-01 -9.214762e-01  6.140702e-17
   outer loop
     vertex  9.133526e-01  2.327184e+00  0.000000e+00
     vertex  1.028218e+00  2.278765e+00  0.000000e+00
     vertex  9.133526e-01  2.327184e+00  1.000000e+01
   endloop
 endfacet
 facet normal -2.947552e-01 -9.555728e-01 -3.409315e-17
   outer loop
     vertex  7.962166e-01  2.369818e+00  0.000000e+00
     vertex  7.962166e-01  2.369818e+00  1.000000e+01
     vertex  6.771012e-01  2.406561e+00  1.000000e+01
   endloop
 endfacet
 facet normal -3.420201e-01 -9.396926e-01  9.561933e-17
   outer loop
     vertex  7.962166e-01  2.369818e+00  0.000000e+00
     vertex  9.133526e-01  2.327184e+00  0.000000e+00
     vertex  7.962166e-01  2.369818e+00  1.000000e+01
   endloop
 endfacet
 facet normal -2.467574e-01 -9.690773e-01 -8.038907e-17
   outer loop
     vertex  6.771012e-01  2.406561e+00  0.000000e+00
     vertex  6.771012e-01  2.406561e+00  1.000000e+01
     vertex  5.563023e-01  2.437320e+00  1.000000e+01
   endloop
 endfacet
 facet normal -2.947552e-01 -9.555728e-01  4.750632e-17
   outer loop
     vertex  6.771012e-01  2.406561e+00  0.000000e+00
     vertex  7.962166e-01  2.369818e+00  0.000000e+00
     vertex  6.771012e-01  2.406561e+00  1.000000e+01
   endloop
 endfacet
 facet normal -1.981461e-01 -9.801725e-01 -8.409899e-17
   outer loop
     vertex  5.563023e-01  2.437320e+00  0.000000e+00
     vertex  5.563023e-01  2.437320e+00  1.000000e+01
     vertex  4.341204e-01  2.462019e+00  1.000000e+01
   endloop
 endfacet
 facet normal -2.467574e-01 -9.690773e-01  4.049928e-17
   outer loop
     vertex  5.563023e-01  2.437320e+00  0.000000e+00
     vertex  6.771012e-01  2.406561e+00  0.000000e+00
     vertex  5.563023e-01  2.437320e+00  1.000000e+01
   endloop
 endfacet
 facet normal -1.490423e-01 -9.888308e-01 -8.088621e-17
   outer loop
     vertex  4.341204e-01  2.462019e+00  0.000000e+00
     vertex  4.341204e-01  2.462019e+00  1.000000e+01
     vertex  3.108593e-01  2.480598e+00  1.000000e+01
   endloop
 endfacet
 facet normal -1.981461e-01 -9.801725e-01  4.098655e-17
   outer loop
     vertex  4.341204e-01  2.462019e+00  0.000000e+00
     vertex  5.563023e-01  2.437320e+00  0.000000e+00
     vertex  4.341204e-01  2.462019e+00  1.000000e+01
   endloop
 endfacet
 facet normal -9.956785e-02 -9.950308e-01 -3.022661e-17
   outer loop
     vertex  3.108593e-01  2.480598e+00  0.000000e+00
     vertex  3.108593e-01  2.480598e+00  1.000000e+01
     vertex  1.868252e-01  2.493009e+00  1.000000e+01
   endloop
 endfacet
 facet normal -1.490423e-01 -9.888308e-01  8.814662e-17
   outer loop
     vertex  3.108593e-01  2.480598e+00  0.000000e+00
     vertex  4.341204e-01  2.462019e+00  0.000000e+00
     vertex  3.108593e-01  2.480598e+00  1.000000e+01
   endloop
 endfacet
 facet normal -4.984589e-02 -9.987569e-01 -6.161581e-17
   outer loop
     vertex  1.868252e-01  2.493009e+00  0.000000e+00
     vertex  1.868252e-01  2.493009e+00  1.000000e+01
     vertex  6.232673e-02  2.499223e+00  1.000000e+01
   endloop
 endfacet
 facet normal -9.956785e-02 -9.950308e-01  5.455724e-17
   outer loop
     vertex  1.868252e-01  2.493009e+00  0.000000e+00
     vertex  3.108593e-01  2.480598e+00  0.000000e+00
     vertex  1.868252e-01  2.493009e+00  1.000000e+01
   endloop
 endfacet
 facet normal -7.125181e-15 -1.000000e+00 -4.440892e-17
   outer loop
     vertex  6.232673e-02  2.499223e+00  0.000000e+00
     vertex  6.232673e-02  2.499223e+00  1.000000e+01
     vertex -6.232673e-02  2.499223e+00  1.000000e+01
   endloop
 endfacet
 facet normal -4.984589e-02 -9.987569e-01  6.874751e-17
   outer loop
     vertex  6.232673e-02  2.499223e+00  0.000000e+00
     vertex  1.868252e-01  2.493009e+00  0.000000e+00
     vertex  6.232673e-02  2.499223e+00  1.000000e+01
   endloop
 endfacet
 facet normal  4.984589e-02 -9.987569e-01 -6.601509e-17
   outer loop
     vertex -6.232673e-02  2.499223e+00  0.000000e+00
     vertex -6.232673e-02  2.499223e+00  1.000000e+01
     vertex -1.868252e-01  2.493009e+00  1.000000e+01
   endloop
 endfacet
 facet normal  0.000000e+00 -1.000000e+00  4.440892e-17
   outer loop
     vertex -6.232673e-02  2.499223e+00  0.000000e+00
     vertex  6.232673e-02  2.499223e+00  0.000000e+00
     vertex -6.232673e-02  2.499223e+00  1.000000e+01
   endloop
 endfacet
 facet normal  4.984589e-02 -9.987569e-01  2.570145e-17
   outer loop
     vertex -1.868252e-01  2.493009e+00  0.000000e+00
     vertex -6.232673e-02  2.499223e+00  0.000000e+00
     vertex -1.868252e-01  2.493009e+00  1.000000e+01
   endloop
 endfacet
 facet normal  1.490423e-01 -9.888308e-01 -4.760643e-17
   outer loop
     vertex -3.108593e-01  2.480598e+00  0.000000e+00
     vertex -3.108593e-01  2.480598e+00  1.000000e+01
     vertex -4.341204e-01  2.462019e+00  1.000000e+01
   endloop
 endfacet
 facet normal  9.956785e-02 -9.950308e-01  5.730953e-17
   outer loop
     vertex -3.108593e-01  2.480598e+00  0.000000e+00
     vertex -1.868252e-01  2.493009e+00  1.000000e+01
     vertex -3.108593e-01  2.480598e+00  1.000000e+01
   endloop
 endfacet
 facet normal  9.956785e-02 -9.950308e-01 -8.195439e-17
   outer loop
     vertex -3.108593e-01  2.480598e+00  0.000000e+00
     vertex -1.868252e-01  2.493009e+00  0.000000e+00
     vertex -1.868252e-01  2.493009e+00  1.000000e+01
   endloop
 endfacet
 facet normal  1.981461e-01 -9.801725e-01 -4.994818e-17
   outer loop
     vertex -4.341204e-01  2.462019e+00  0.000000e+00
     vertex -4.341204e-01  2.462019e+00  1.000000e+01
     vertex -5.563023e-01  2.437320e+00  1.000000e+01
   endloop
 endfacet
 facet normal  1.490423e-01 -9.888308e-01  5.180230e-17
   outer loop
     vertex -4.341204e-01  2.462019e+00  0.000000e+00
     vertex -3.108593e-01  2.480598e+00  0.000000e+00
     vertex -4.341204e-01  2.462019e+00  1.000000e+01
   endloop
 endfacet
 facet normal  1.981461e-01 -9.801725e-01  5.030781e-17
   outer loop
     vertex -5.563023e-01  2.437320e+00  0.000000e+00
     vertex -4.341204e-01  2.462019e+00  0.000000e+00
     vertex -5.563023e-01  2.437320e+00  1.000000e+01
   endloop
 endfacet
 facet normal  2.467574e-01 -9.690773e-01 -4.906579e-17
   outer loop
     vertex -5.563023e-01  2.437320e+00  0.000000e+00
     vertex -5.563023e-01  2.437320e+00  1.000000e+01
     vertex -6.771012e-01  2.406561e+00  1.000000e+01
   endloop
 endfacet
 facet normal  2.467574e-01 -9.690773e-01  5.892203e-17
   outer loop
     vertex -6.771012e-01  2.406561e+00  0.000000e+00
     vertex -5.563023e-01  2.437320e+00  0.000000e+00
     vertex -6.771012e-01  2.406561e+00  1.000000e+01
   endloop
 endfacet
 facet normal  2.947552e-01 -9.555728e-01 -3.726596e-17
   outer loop
     vertex -6.771012e-01  2.406561e+00  0.000000e+00
     vertex -6.771012e-01  2.406561e+00  1.000000e+01
     vertex -7.962166e-01  2.369818e+00  1.000000e+01
   endloop
 endfacet
 facet normal  2.947552e-01 -9.555728e-01  2.807707e-17
   outer loop
     vertex -7.962166e-01  2.369818e+00  0.000000e+00
     vertex -6.771012e-01  2.406561e+00  0.000000e+00
     vertex -7.962166e-01  2.369818e+00  1.000000e+01
   endloop
 endfacet
 facet normal  3.420201e-01 -9.396926e-01 -6.505026e-17
   outer loop
     vertex -7.962166e-01  2.369818e+00  0.000000e+00
     vertex -7.962166e-01  2.369818e+00  1.000000e+01
     vertex -9.133526e-01  2.327184e+00  1.000000e+01
   endloop
 endfacet
 facet normal  3.884348e-01 -9.214762e-01 -4.598489e-17
   outer loop
     vertex -9.133526e-01  2.327184e+00  0.000000e+00
     vertex -9.133526e-01  2.327184e+00  1.000000e+01
     vertex -1.028218e+00  2.278765e+00  1.000000e+01
   endloop
 endfacet
 facet normal  3.420201e-01 -9.396926e-01  4.499151e-17
   outer loop
     vertex -9.133526e-01  2.327184e+00  0.000000e+00
     vertex -7.962166e-01  2.369818e+00  0.000000e+00
     vertex -9.133526e-01  2.327184e+00  1.000000e+01
   endloop
 endfacet
 facet normal  4.338837e-01 -9.009689e-01 -2.310533e-17
   outer loop
     vertex -1.028218e+00  2.278765e+00  0.000000e+00
     vertex -1.028218e+00  2.278765e+00  1.000000e+01
     vertex -1.140527e+00  2.224680e+00  1.000000e+01
   endloop
 endfacet
 facet normal  3.884348e-01 -9.214762e-01  6.604608e-17
   outer loop
     vertex -1.028218e+00  2.278765e+00  0.000000e+00
     vertex -9.133526e-01  2.327184e+00  0.000000e+00
     vertex -1.028218e+00  2.278765e+00  1.000000e+01
   endloop
 endfacet
 facet normal  4.782540e-01 -8.782216e-01 -3.072093e-17
   outer loop
     vertex -1.140527e+00  2.224680e+00  0.000000e+00
     vertex -1.140527e+00  2.224680e+00  1.000000e+01
     vertex -1.250000e+00  2.165064e+00  1.000000e+01
   endloop
 endfacet
 facet normal  4.338837e-01 -9.009689e-01  5.544235e-17
   outer loop
     vertex -1.140527e+00  2.224680e+00  0.000000e+00
     vertex -1.028218e+00  2.278765e+00  0.000000e+00
     vertex -1.140527e+00  2.224680e+00  1.000000e+01
   endloop
 endfacet
 facet normal  5.214352e-01 -8.532909e-01 -6.733592e-17
   outer loop
     vertex -1.250000e+00  2.165064e+00  0.000000e+00
     vertex -1.250000e+00  2.165064e+00  1.000000e+01
     vertex -1.356366e+00  2.100065e+00  1.000000e+01
   endloop
 endfacet
 facet normal  4.782540e-01 -8.782216e-01  1.889931e-17
   outer loop
     vertex -1.250000e+00  2.165064e+00  0.000000e+00
     vertex -1.140527e+00  2.224680e+00  0.000000e+00
     vertex -1.250000e+00  2.165064e+00  1.000000e+01
   endloop
 endfacet
 facet normal  5.633201e-01 -8.262388e-01 -9.169494e-17
   outer loop
     vertex -1.356366e+00  2.100065e+00  0.000000e+00
     vertex -1.356366e+00  2.100065e+00  1.000000e+01
     vertex -1.459359e+00  2.029845e+00  1.000000e+01
   endloop
 endfacet
 facet normal  5.214352e-01 -8.532909e-01 -6.285820e-18
   outer loop
     vertex -1.356366e+00  2.100065e+00  0.000000e+00
     vertex -1.250000e+00  2.165064e+00  0.000000e+00
     vertex -1.356366e+00  2.100065e+00  1.000000e+01
   endloop
 endfacet
 facet normal  5.633201e-01 -8.262388e-01  5.590683e-17
   outer loop
     vertex -1.459359e+00  2.029845e+00  0.000000e+00
     vertex -1.356366e+00  2.100065e+00  0.000000e+00
     vertex -1.459359e+00  2.029845e+00  1.000000e+01
   endloop
 endfacet
 facet normal  6.427876e-01 -7.660444e-01 -7.118651e-17
   outer loop
     vertex -1.558725e+00  1.954579e+00  0.000000e+00
     vertex -1.558725e+00  1.954579e+00  1.000000e+01
     vertex -1.654215e+00  1.874453e+00  1.000000e+01
   endloop
 endfacet
 facet normal  6.038044e-01 -7.971325e-01  1.405895e-17
   outer loop
     vertex -1.558725e+00  1.954579e+00  0.000000e+00
     vertex -1.459359e+00  2.029845e+00  1.000000e+01
     vertex -1.558725e+00  1.954579e+00  1.000000e+01
   endloop
 endfacet
 facet normal  6.038044e-01 -7.971325e-01 -3.029894e-17
   outer loop
     vertex -1.558725e+00  1.954579e+00  0.000000e+00
     vertex -1.459359e+00  2.029845e+00  0.000000e+00
     vertex -1.459359e+00  2.029845e+00  1.000000e+01
   endloop
 endfacet
 facet normal  6.801727e-01 -7.330519e-01 -4.583830e-17
   outer loop
     vertex -1.654215e+00  1.874453e+00  0.000000e+00
     vertex -1.654215e+00  1.874453e+00  1.000000e+01
     vertex -1.745592e+00  1.789667e+00  1.000000e+01
   endloop
 endfacet
 facet normal  6.427876e-01 -7.660444e-01  3.967016e-17
   outer loop
     vertex -1.654215e+00  1.874453e+00  0.000000e+00
     vertex -1.558725e+00  1.954579e+00  0.000000e+00
     vertex -1.654215e+00  1.874453e+00  1.000000e+01
   endloop
 endfacet
 facet normal  7.158668e-01 -6.982368e-01 -6.882544e-17
   outer loop
     vertex -1.745592e+00  1.789667e+00  0.000000e+00
     vertex -1.745592e+00  1.789667e+00  1.000000e+01
     vertex -1.832630e+00  1.700432e+00  1.000000e+01
   endloop
 endfacet
 facet normal  6.801727e-01 -7.330519e-01  1.809564e-17
   outer loop
     vertex -1.745592e+00  1.789667e+00  0.000000e+00
     vertex -1.654215e+00  1.874453e+00  0.000000e+00
     vertex -1.745592e+00  1.789667e+00  1.000000e+01
   endloop
 endfacet
 facet normal  7.158668e-01 -6.982368e-01  5.716366e-17
   outer loop
     vertex -1.832630e+00  1.700432e+00  0.000000e+00
     vertex -1.745592e+00  1.789667e+00  0.000000e+00
     vertex -1.832630e+00  1.700432e+00  1.000000e+01
   endloop
 endfacet
 facet normal  7.818315e-01 -6.234898e-01 -1.647599e-17
   outer loop
     vertex -1.915111e+00  1.606969e+00  0.000000e+00
     vertex -1.915111e+00  1.606969e+00  1.000000e+01
     vertex -1.992831e+00  1.509511e+00  1.000000e+01
   endloop
 endfacet
 facet normal  7.497812e-01 -6.616858e-01  6.772286e-17
   outer loop
     vertex -1.915111e+00  1.606969e+00  0.000000e+00
     vertex -1.832630e+00  1.700432e+00  1.000000e+01
     vertex -1.915111e+00  1.606969e+00  1.000000e+01
   endloop
 endfacet
 facet normal  7.497812e-01 -6.616858e-01 -2.840625e-17
   outer loop
     vertex -1.915111e+00  1.606969e+00  0.000000e+00
     vertex -1.832630e+00  1.700432e+00  0.000000e+00
     vertex -1.832630e+00  1.700432e+00  1.000000e+01
   endloop
 endfacet
 facet normal  7.818315e-01 -6.234898e-01  1.121251e-17
   outer loop
     vertex -1.992831e+00  1.509511e+00  0.000000e+00
     vertex -1.915111e+00  1.606969e+00  0.000000e+00
     vertex -1.992831e+00  1.509511e+00  1.000000e+01
   endloop
 endfacet
 facet normal  8.400259e-01 -5.425463e-01 -4.969757e-17
   outer loop
     vertex -2.065597e+00  1.408300e+00  0.000000e+00
     vertex -2.065597e+00  1.408300e+00  1.000000e+01
     vertex -2.133227e+00  1.303588e+00  1.000000e+01
   endloop
 endfacet
 facet normal  8.119380e-01 -5.837437e-01  3.628926e-17
   outer loop
     vertex -2.065597e+00  1.408300e+00  0.000000e+00
     vertex -1.992831e+00  1.509511e+00  1.000000e+01
     vertex -2.065597e+00  1.408300e+00  1.000000e+01
   endloop
 endfacet
 facet normal  8.119380e-01 -5.837437e-01 -7.470006e-17
   outer loop
     vertex -2.065597e+00  1.408300e+00  0.000000e+00
     vertex -1.992831e+00  1.509511e+00  0.000000e+00
     vertex -1.992831e+00  1.509511e+00  1.000000e+01
   endloop
 endfacet
 facet normal  8.400259e-01 -5.425463e-01  4.900561e-17
   outer loop
     vertex -2.133227e+00  1.303588e+00  0.000000e+00
     vertex -2.065597e+00  1.408300e+00  0.000000e+00
     vertex -2.133227e+00  1.303588e+00  1.000000e+01
   endloop
 endfacet
 facet normal  8.660254e-01 -5.000000e-01 -3.616924e-17
   outer loop
     vertex -2.195554e+00  1.195635e+00  0.000000e+00
     vertex -2.133227e+00  1.303588e+00  0.000000e+00
     vertex -2.133227e+00  1.303588e+00  1.000000e+01
   endloop
 endfacet
 facet normal  8.898718e-01 -4.562107e-01 -2.249446e-17
   outer loop
     vertex -2.195554e+00  1.195635e+00  0.000000e+00
     vertex -2.195554e+00  1.195635e+00  1.000000e+01
     vertex -2.252422e+00  1.084709e+00  1.000000e+01
   endloop
 endfacet
 facet normal  8.660254e-01 -5.000000e-01  6.268509e-17
   outer loop
     vertex -2.195554e+00  1.195635e+00  0.000000e+00
     vertex -2.133227e+00  1.303588e+00  1.000000e+01
     vertex -2.195554e+00  1.195635e+00  1.000000e+01
   endloop
 endfacet
 facet normal  8.898718e-01 -4.562107e-01  6.667195e-17
   outer loop
     vertex -2.252422e+00  1.084709e+00  0.000000e+00
     vertex -2.195554e+00  1.195635e+00  0.000000e+00
     vertex -2.252422e+00  1.084709e+00  1.000000e+01
   endloop
 endfacet
 facet normal  9.115059e-01 -4.112871e-01 -1.736126e-17
   outer loop
     vertex -2.303691e+00  9.710870e-01  0.000000e+00
     vertex -2.252422e+00  1.084709e+00  0.000000e+00
     vertex -2.252422e+00  1.084709e+00  1.000000e+01
   endloop
 endfacet
 facet normal  9.308737e-01 -3.653410e-01 -4.817636e-17
   outer loop
     vertex -2.303691e+00  9.710870e-01  0.000000e+00
     vertex -2.303691e+00  9.710870e-01  1.000000e+01
     vertex -2.349232e+00  8.550504e-01  1.000000e+01
   endloop
 endfacet
 facet normal  9.115059e-01 -4.112871e-01  3.664991e-17
   outer loop
     vertex -2.303691e+00  9.710870e-01  0.000000e+00
     vertex -2.252422e+00  1.084709e+00  1.000000e+01
     vertex -2.303691e+00  9.710870e-01  1.000000e+01
   endloop
 endfacet
 facet normal  9.308737e-01 -3.653410e-01  5.883844e-17
   outer loop
     vertex -2.349232e+00  8.550504e-01  0.000000e+00
     vertex -2.303691e+00  9.710870e-01  0.000000e+00
     vertex -2.349232e+00  8.550504e-01  1.000000e+01
   endloop
 endfacet
 facet normal  9.479273e-01 -3.184867e-01 -2.747452e-17
   outer loop
     vertex -2.349232e+00  8.550504e-01  0.000000e+00
     vertex -2.349232e+00  8.550504e-01  1.000000e+01
     vertex -2.388932e+00  7.368879e-01  1.000000e+01
   endloop
 endfacet
 facet normal  9.479273e-01 -3.184867e-01  6.025426e-17
   outer loop
     vertex -2.388932e+00  7.368879e-01  0.000000e+00
     vertex -2.349232e+00  8.550504e-01  0.000000e+00
     vertex -2.388932e+00  7.368879e-01  1.000000e+01
   endloop
 endfacet
 facet normal  9.626242e-01 -2.708405e-01 -2.521403e-17
   outer loop
     vertex -2.388932e+00  7.368879e-01  0.000000e+00
     vertex -2.388932e+00  7.368879e-01  1.000000e+01
     vertex -2.422693e+00  6.168935e-01  1.000000e+01
   endloop
 endfacet
 facet normal  9.626242e-01 -2.708405e-01  2.354894e-17
   outer loop
     vertex -2.422693e+00  6.168935e-01  0.000000e+00
     vertex -2.388932e+00  7.368879e-01  0.000000e+00
     vertex -2.422693e+00  6.168935e-01  1.000000e+01
   endloop
 endfacet
 facet normal  9.749279e-01 -2.225209e-01 -6.238317e-17
   outer loop
     vertex -2.422693e+00  6.168935e-01  0.000000e+00
     vertex -2.422693e+00  6.168935e-01  1.000000e+01
     vertex -2.450431e+00  4.953654e-01  1.000000e+01
   endloop
 endfacet
 facet normal  9.749279e-01 -2.225209e-01  2.791354e-17
   outer loop
     vertex -2.450431e+00  4.953654e-01  0.000000e+00
     vertex -2.422693e+00  6.168935e-01  0.000000e+00
     vertex -2.450431e+00  4.953654e-01  1.000000e+01
   endloop
 endfacet
 facet normal  9.848078e-01 -1.736482e-01  3.159651e-17
   outer loop
     vertex -2.472077e+00  3.726057e-01  0.000000e+00
     vertex -2.450431e+00  4.953654e-01  1.000000e+01
     vertex -2.472077e+00  3.726057e-01  1.000000e+01
   endloop
 endfacet
 facet normal  9.848078e-01 -1.736482e-01 -5.766314e-17
   outer loop
     vertex -2.472077e+00  3.726057e-01  0.000000e+00
     vertex -2.450431e+00  4.953654e-01  0.000000e+00
     vertex -2.450431e+00  4.953654e-01  1.000000e+01
   endloop
 endfacet
 facet normal  9.972038e-01 -7.473009e-02 -4.957711e-17
   outer loop
     vertex -2.487577e+00  2.489196e-01  0.000000e+00
     vertex -2.487577e+00  2.489196e-01  1.000000e+01
     vertex -2.496892e+00  1.246147e-01  1.000000e+01
   endloop
 endfacet
 facet normal  9.922392e-01 -1.243437e-01  3.599362e-17
   outer loop
     vertex -2.487577e+00  2.489196e-01  0.000000e+00
     vertex -2.472077e+00  3.726057e-01  1.000000e+01
     vertex -2.487577e+00  2.489196e-01  1.000000e+01
   endloop
 endfacet
 facet normal  9.922392e-01 -1.243437e-01 -5.392765e-17
   outer loop
     vertex -2.487577e+00  2.489196e-01  0.000000e+00
     vertex -2.472077e+00  3.726057e-01  0.000000e+00
     vertex -2.472077e+00  3.726057e-01  1.000000e+01
   endloop
 endfacet
 facet normal  9.996892e-01 -2.493069e-02 -4.606135e-17
   outer loop
     vertex -2.496892e+00  1.246147e-01  0.000000e+00
     vertex -2.496892e+00  1.246147e-01  1.000000e+01
     vertex -2.500000e+00  8.575622e-15  1.000000e+01
   endloop
 endfacet
 facet normal  9.972038e-01 -7.473009e-02  3.951093e-17
   outer loop
     vertex -2.496892e+00  1.246147e-01  0.000000e+00
     vertex -2.487577e+00  2.489196e-01  0.000000e+00
     vertex -2.496892e+00  1.246147e-01  1.000000e+01
   endloop
 endfacet
 facet normal  9.996892e-01 -2.493069e-02  4.275924e-17
   outer loop
     vertex -2.500000e+00 -8.575622e-15  0.000000e+00
     vertex -2.496892e+00  1.246147e-01  0.000000e+00
     vertex -2.500000e+00  8.575622e-15  1.000000e+01
   endloop
 endfacet
 facet normal  9.996892e-01  2.493069e-02 -4.275924e-17
   outer loop
     vertex -2.500000e+00 -8.575622e-15  0.000000e+00
     vertex -2.500000e+00  8.575622e-15  1.000000e+01
     vertex -2.496892e+00 -1.246147e-01  1.000000e+01
   endloop
 endfacet
 facet normal  9.996892e-01  2.493069e-02  4.606135e-17
   outer loop
     vertex -2.496892e+00 -1.246147e-01  0.000000e+00
     vertex -2.500000e+00 -8.575622e-15  0.000000e+00
     vertex -2.496892e+00 -1.246147e-01  1.000000e+01
   endloop
 endfacet
 facet normal  9.972038e-01  7.473009e-02 -3.951093e-17
   outer loop
     vertex -2.496892e+00 -1.246147e-01  0.000000e+00
     vertex -2.496892e+00 -1.246147e-01  1.000000e+01
     vertex -2.487577e+00 -2.489196e-01  1.000000e+01
   endloop
 endfacet
 facet normal  9.972038e-01  7.473009e-02  4.957711e-17
   outer loop
     vertex -2.487577e+00 -2.489196e-01  0.000000e+00
     vertex -2.496892e+00 -1.246147e-01  0.000000e+00
     vertex -2.487577e+00 -2.489196e-01  1.000000e+01
   endloop
 endfacet
 facet normal  9.922392e-01  1.243437e-01 -3.594044e-17
   outer loop
     vertex -2.472077e+00 -3.726057e-01  0.000000e+00
     vertex -2.487577e+00 -2.489196e-01  0.000000e+00
     vertex -2.487577e+00 -2.489196e-01  1.000000e+01
   endloop
 endfacet
 facet normal  9.848078e-01  1.736482e-01 -3.159651e-17
   outer loop
     vertex -2.472077e+00 -3.726057e-01  0.000000e+00
     vertex -2.472077e+00 -3.726057e-01  1.000000e+01
     vertex -2.450431e+00 -4.953654e-01  1.000000e+01
   endloop
 endfacet
 facet normal  9.922392e-01  1.243437e-01  5.386054e-17
   outer loop
     vertex -2.472077e+00 -3.726057e-01  0.000000e+00
     vertex -2.487577e+00 -2.489196e-01  1.000000e+01
     vertex -2.472077e+00 -3.726057e-01  1.000000e+01
   endloop
 endfacet
 facet normal  9.848078e-01  1.736482e-01  5.779987e-17
   outer loop
     vertex -2.450431e+00 -4.953654e-01  0.000000e+00
     vertex -2.472077e+00 -3.726057e-01  0.000000e+00
     vertex -2.450431e+00 -4.953654e-01  1.000000e+01
   endloop
 endfacet
 facet normal  9.749279e-01  2.225209e-01 -2.798816e-17
   outer loop
     vertex -2.422693e+00 -6.168935e-01  0.000000e+00
     vertex -2.450431e+00 -4.953654e-01  0.000000e+00
     vertex -2.450431e+00 -4.953654e-01  1.000000e+01
   endloop
 endfacet
 facet normal  9.626242e-01  2.708405e-01 -2.354894e-17
   outer loop
     vertex -2.422693e+00 -6.168935e-01  0.000000e+00
     vertex -2.422693e+00 -6.168935e-01  1.000000e+01
     vertex -2.388932e+00 -7.368879e-01  1.000000e+01
   endloop
 endfacet
 facet normal  9.749279e-01  2.225209e-01  6.238317e-17
   outer loop
     vertex -2.422693e+00 -6.168935e-01  0.000000e+00
     vertex -2.450431e+00 -4.953654e-01  1.000000e+01
     vertex -2.422693e+00 -6.168935e-01  1.000000e+01
   endloop
 endfacet
 facet normal  9.626242e-01  2.708405e-01  2.521403e-17
   outer loop
     vertex -2.388932e+00 -7.368879e-01  0.000000e+00
     vertex -2.422693e+00 -6.168935e-01  0.000000e+00
     vertex -2.388932e+00 -7.368879e-01  1.000000e+01
   endloop
 endfacet
 facet normal  9.479273e-01  3.184867e-01 -6.025426e-17
   outer loop
     vertex -2.388932e+00 -7.368879e-01  0.000000e+00
     vertex -2.388932e+00 -7.368879e-01  1.000000e+01
     vertex -2.349232e+00 -8.550504e-01  1.000000e+01
   endloop
 endfacet
 facet normal  9.479273e-01  3.184867e-01  2.747452e-17
   outer loop
     vertex -2.349232e+00 -8.550504e-01  0.000000e+00
     vertex -2.388932e+00 -7.368879e-01  0.000000e+00
     vertex -2.349232e+00 -8.550504e-01  1.000000e+01
   endloop
 endfacet
 facet normal  9.308737e-01  3.653410e-01 -5.883844e-17
   outer loop
     vertex -2.349232e+00 -8.550504e-01  0.000000e+00
     vertex -2.349232e+00 -8.550504e-01  1.000000e+01
     vertex -2.303691e+00 -9.710870e-01  1.000000e+01
   endloop
 endfacet
 facet normal  9.308737e-01  3.653410e-01  4.817636e-17
   outer loop
     vertex -2.303691e+00 -9.710870e-01  0.000000e+00
     vertex -2.349232e+00 -8.550504e-01  0.000000e+00
     vertex -2.303691e+00 -9.710870e-01  1.000000e+01
   endloop
 endfacet
 facet normal  9.115059e-01  4.112871e-01 -3.664991e-17
   outer loop
     vertex -2.303691e+00 -9.710870e-01  0.000000e+00
     vertex -2.303691e+00 -9.710870e-01  1.000000e+01
     vertex -2.252422e+00 -1.084709e+00  1.000000e+01
   endloop
 endfacet
 facet normal  9.115059e-01  4.112871e-01  1.752769e-17
   outer loop
     vertex -2.252422e+00 -1.084709e+00  0.000000e+00
     vertex -2.303691e+00 -9.710870e-01  0.000000e+00
     vertex -2.252422e+00 -1.084709e+00  1.000000e+01
   endloop
 endfacet
 facet normal  8.898718e-01  4.562107e-01 -6.667195e-17
   outer loop
     vertex -2.252422e+00 -1.084709e+00  0.000000e+00
     vertex -2.252422e+00 -1.084709e+00  1.000000e+01
     vertex -2.195554e+00 -1.195635e+00  1.000000e+01
   endloop
 endfacet
 facet normal  8.898718e-01  4.562107e-01  2.249446e-17
   outer loop
     vertex -2.195554e+00 -1.195635e+00  0.000000e+00
     vertex -2.252422e+00 -1.084709e+00  0.000000e+00
     vertex -2.195554e+00 -1.195635e+00  1.000000e+01
   endloop
 endfacet
 facet normal  8.660254e-01  5.000000e-01 -6.301546e-17
   outer loop
     vertex -2.133227e+00 -1.303588e+00  0.000000e+00
     vertex -2.195554e+00 -1.195635e+00  0.000000e+00
     vertex -2.195554e+00 -1.195635e+00  1.000000e+01
   endloop
 endfacet
 facet normal  8.400259e-01  5.425463e-01 -4.900561e-17
   outer loop
     vertex -2.133227e+00 -1.303588e+00  0.000000e+00
     vertex -2.133227e+00 -1.303588e+00  1.000000e+01
     vertex -2.065597e+00 -1.408300e+00  1.000000e+01
   endloop
 endfacet
 facet normal  8.660254e-01  5.000000e-01  3.643788e-17
   outer loop
     vertex -2.133227e+00 -1.303588e+00  0.000000e+00
     vertex -2.195554e+00 -1.195635e+00  1.000000e+01
     vertex -2.133227e+00 -1.303588e+00  1.000000e+01
   endloop
 endfacet
 facet normal  8.400259e-01  5.425463e-01  4.969757e-17
   outer loop
     vertex -2.065597e+00 -1.408300e+00  0.000000e+00
     vertex -2.133227e+00 -1.303588e+00  0.000000e+00
     vertex -2.065597e+00 -1.408300e+00  1.000000e+01
   endloop
 endfacet
 facet normal  8.119380e-01  5.837437e-01 -3.628926e-17
   outer loop
     vertex -2.065597e+00 -1.408300e+00  0.000000e+00
     vertex -2.065597e+00 -1.408300e+00  1.000000e+01
     vertex -1.992831e+00 -1.509511e+00  1.000000e+01
   endloop
 endfacet
 facet normal  8.119380e-01  5.837437e-01  7.471047e-17
   outer loop
     vertex -1.992831e+00 -1.509511e+00  0.000000e+00
     vertex -2.065597e+00 -1.408300e+00  0.000000e+00
     vertex -1.992831e+00 -1.509511e+00  1.000000e+01
   endloop
 endfacet
 facet normal  7.818315e-01  6.234898e-01 -1.116706e-17
   outer loop
     vertex -1.915111e+00 -1.606969e+00  0.000000e+00
     vertex -1.992831e+00 -1.509511e+00  0.000000e+00
     vertex -1.992831e+00 -1.509511e+00  1.000000e+01
   endloop
 endfacet
 facet normal  7.497812e-01  6.616858e-01 -6.772286e-17
   outer loop
     vertex -1.915111e+00 -1.606969e+00  0.000000e+00
     vertex -1.915111e+00 -1.606969e+00  1.000000e+01
     vertex -1.832630e+00 -1.700432e+00  1.000000e+01
   endloop
 endfacet
 facet normal  7.818315e-01  6.234898e-01  1.647599e-17
   outer loop
     vertex -1.915111e+00 -1.606969e+00  0.000000e+00
     vertex -1.992831e+00 -1.509511e+00  1.000000e+01
     vertex -1.915111e+00 -1.606969e+00  1.000000e+01
   endloop
 endfacet
 facet normal  7.497812e-01  6.616858e-01  2.825584e-17
   outer loop
     vertex -1.832630e+00 -1.700432e+00  0.000000e+00
     vertex -1.915111e+00 -1.606969e+00  0.000000e+00
     vertex -1.832630e+00 -1.700432e+00  1.000000e+01
   endloop
 endfacet
 facet normal  7.158668e-01  6.982368e-01 -5.697535e-17
   outer loop
     vertex -1.745592e+00 -1.789667e+00  0.000000e+00
     vertex -1.832630e+00 -1.700432e+00  0.000000e+00
     vertex -1.832630e+00 -1.700432e+00  1.000000e+01
   endloop
 endfacet
 facet normal  6.801727e-01  7.330519e-01 -1.809564e-17
   outer loop
     vertex -1.745592e+00 -1.789667e+00  0.000000e+00
     vertex -1.745592e+00 -1.789667e+00  1.000000e+01
     vertex -1.654215e+00 -1.874453e+00  1.000000e+01
   endloop
 endfacet
 facet normal  7.158668e-01  6.982368e-01  6.882544e-17
   outer loop
     vertex -1.745592e+00 -1.789667e+00  0.000000e+00
     vertex -1.832630e+00 -1.700432e+00  1.000000e+01
     vertex -1.745592e+00 -1.789667e+00  1.000000e+01
   endloop
 endfacet
 facet normal  6.427876e-01  7.660444e-01 -3.967016e-17
   outer loop
     vertex -1.654215e+00 -1.874453e+00  0.000000e+00
     vertex -1.654215e+00 -1.874453e+00  1.000000e+01
     vertex -1.558725e+00 -1.954579e+00  1.000000e+01
   endloop
 endfacet
 facet normal  6.801727e-01  7.330519e-01  4.583830e-17
   outer loop
     vertex -1.654215e+00 -1.874453e+00  0.000000e+00
     vertex -1.745592e+00 -1.789667e+00  0.000000e+00
     vertex -1.654215e+00 -1.874453e+00  1.000000e+01
   endloop
 endfacet
 facet normal  6.038044e-01  7.971325e-01 -1.405895e-17
   outer loop
     vertex -1.558725e+00 -1.954579e+00  0.000000e+00
     vertex -1.558725e+00 -1.954579e+00  1.000000e+01
     vertex -1.459359e+00 -2.029845e+00  1.000000e+01
   endloop
 endfacet
 facet normal  6.427876e-01  7.660444e-01  7.118651e-17
   outer loop
     vertex -1.558725e+00 -1.954579e+00  0.000000e+00
     vertex -1.654215e+00 -1.874453e+00  0.000000e+00
     vertex -1.558725e+00 -1.954579e+00  1.000000e+01
   endloop
 endfacet
 facet normal  5.633201e-01  8.262388e-01 -5.590683e-17
   outer loop
     vertex -1.459359e+00 -2.029845e+00  0.000000e+00
     vertex -1.459359e+00 -2.029845e+00  1.000000e+01
     vertex -1.356366e+00 -2.100065e+00  1.000000e+01
   endloop
 endfacet
 facet normal  6.038044e-01  7.971325e-01  3.045525e-17
   outer loop
     vertex -1.459359e+00 -2.029845e+00  0.000000e+00
     vertex -1.558725e+00 -1.954579e+00  0.000000e+00
     vertex -1.459359e+00 -2.029845e+00  1.000000e+01
   endloop
 endfacet
 facet normal  5.633201e-01  8.262388e-01  9.169494e-17
   outer loop
     vertex -1.356366e+00 -2.100065e+00  0.000000e+00
     vertex -1.459359e+00 -2.029845e+00  0.000000e+00
     vertex -1.356366e+00 -2.100065e+00  1.000000e+01
   endloop
 endfacet
 facet normal  4.782540e-01  8.782216e-01 -1.889931e-17
   outer loop
     vertex -1.250000e+00 -2.165064e+00  0.000000e+00
     vertex -1.250000e+00 -2.165064e+00  1.000000e+01
     vertex -1.140527e+00 -2.224680e+00  1.000000e+01
   endloop
 endfacet
 facet normal  5.214352e-01  8.532909e-01  6.733592e-17
   outer loop
     vertex -1.250000e+00 -2.165064e+00  0.000000e+00
     vertex -1.356366e+00 -2.100065e+00  1.000000e+01
     vertex -1.250000e+00 -2.165064e+00  1.000000e+01
   endloop
 endfacet
 facet normal  5.214352e-01  8.532909e-01  6.573175e-18
   outer loop
     vertex -1.250000e+00 -2.165064e+00  0.000000e+00
     vertex -1.356366e+00 -2.100065e+00  0.000000e+00
     vertex -1.356366e+00 -2.100065e+00  1.000000e+01
   endloop
 endfacet
 facet normal  4.782540e-01  8.782216e-01  3.072093e-17
   outer loop
     vertex -1.140527e+00 -2.224680e+00  0.000000e+00
     vertex -1.250000e+00 -2.165064e+00  0.000000e+00
     vertex -1.140527e+00 -2.224680e+00  1.000000e+01
   endloop
 endfacet
 facet normal  4.338837e-01  9.009689e-01  2.310533e-17
   outer loop
     vertex -1.028218e+00 -2.278765e+00  0.000000e+00
     vertex -1.140527e+00 -2.224680e+00  1.000000e+01
     vertex -1.028218e+00 -2.278765e+00  1.000000e+01
   endloop
 endfacet
 facet normal  4.338837e-01  9.009689e-01 -5.573399e-17
   outer loop
     vertex -1.028218e+00 -2.278765e+00  0.000000e+00
     vertex -1.140527e+00 -2.224680e+00  0.000000e+00
     vertex -1.140527e+00 -2.224680e+00  1.000000e+01
   endloop
 endfacet
 facet normal  3.884348e-01  9.214762e-01 -6.588115e-17
   outer loop
     vertex -9.133526e-01 -2.327184e+00  0.000000e+00
     vertex -1.028218e+00 -2.278765e+00  0.000000e+00
     vertex -1.028218e+00 -2.278765e+00  1.000000e+01
   endloop
 endfacet
 facet normal  3.420201e-01  9.396926e-01 -4.499151e-17
   outer loop
     vertex -9.133526e-01 -2.327184e+00  0.000000e+00
     vertex -9.133526e-01 -2.327184e+00  1.000000e+01
     vertex -7.962166e-01 -2.369818e+00  1.000000e+01
   endloop
 endfacet
 facet normal  3.884348e-01  9.214762e-01  4.598489e-17
   outer loop
     vertex -9.133526e-01 -2.327184e+00  0.000000e+00
     vertex -1.028218e+00 -2.278765e+00  1.000000e+01
     vertex -9.133526e-01 -2.327184e+00  1.000000e+01
   endloop
 endfacet
 facet normal  3.420201e-01  9.396926e-01  6.505026e-17
   outer loop
     vertex -7.962166e-01 -2.369818e+00  0.000000e+00
     vertex -9.133526e-01 -2.327184e+00  0.000000e+00
     vertex -7.962166e-01 -2.369818e+00  1.000000e+01
   endloop
 endfacet
 facet normal  2.947552e-01  9.555728e-01 -2.842269e-17
   outer loop
     vertex -6.771012e-01 -2.406561e+00  0.000000e+00
     vertex -7.962166e-01 -2.369818e+00  0.000000e+00
     vertex -7.962166e-01 -2.369818e+00  1.000000e+01
   endloop
 endfacet
 facet normal  2.947552e-01  9.555728e-01  3.726596e-17
   outer loop
     vertex -6.771012e-01 -2.406561e+00  0.000000e+00
     vertex -7.962166e-01 -2.369818e+00  1.000000e+01
     vertex -6.771012e-01 -2.406561e+00  1.000000e+01
   endloop
 endfacet
 facet normal  2.467574e-01  9.690773e-01 -5.888226e-17
   outer loop
     vertex -5.563023e-01 -2.437320e+00  0.000000e+00
     vertex -6.771012e-01 -2.406561e+00  0.000000e+00
     vertex -6.771012e-01 -2.406561e+00  1.000000e+01
   endloop
 endfacet
 facet normal  2.467574e-01  9.690773e-01  4.906579e-17
   outer loop
     vertex -5.563023e-01 -2.437320e+00  0.000000e+00
     vertex -6.771012e-01 -2.406561e+00  1.000000e+01
     vertex -5.563023e-01 -2.437320e+00  1.000000e+01
   endloop
 endfacet
 facet normal  1.981461e-01  9.801725e-01 -5.042301e-17
   outer loop
     vertex -4.341204e-01 -2.462019e+00  0.000000e+00
     vertex -5.563023e-01 -2.437320e+00  0.000000e+00
     vertex -5.563023e-01 -2.437320e+00  1.000000e+01
   endloop
 endfacet
 facet normal  1.981461e-01  9.801725e-01  4.994818e-17
   outer loop
     vertex -4.341204e-01 -2.462019e+00  0.000000e+00
     vertex -5.563023e-01 -2.437320e+00  1.000000e+01
     vertex -4.341204e-01 -2.462019e+00  1.000000e+01
   endloop
 endfacet
 facet normal  1.490423e-01  9.888308e-01 -5.184476e-17
   outer loop
     vertex -3.108593e-01 -2.480598e+00  0.000000e+00
     vertex -4.341204e-01 -2.462019e+00  0.000000e+00
     vertex -4.341204e-01 -2.462019e+00  1.000000e+01
   endloop
 endfacet
 facet normal  1.490423e-01  9.888308e-01  4.760643e-17
   outer loop
     vertex -3.108593e-01 -2.480598e+00  0.000000e+00
     vertex -4.341204e-01 -2.462019e+00  1.000000e+01
     vertex -3.108593e-01 -2.480598e+00  1.000000e+01
   endloop
 endfacet
 facet normal  9.956785e-02  9.950308e-01 -5.723158e-17
   outer loop
     vertex -1.868252e-01 -2.493009e+00  0.000000e+00
     vertex -3.108593e-01 -2.480598e+00  0.000000e+00
     vertex -3.108593e-01 -2.480598e+00  1.000000e+01
   endloop
 endfacet
 facet normal  9.956785e-02  9.950308e-01  8.188775e-17
   outer loop
     vertex -1.868252e-01 -2.493009e+00  0.000000e+00
     vertex -3.108593e-01 -2.480598e+00  1.000000e+01
     vertex -1.868252e-01 -2.493009e+00  1.000000e+01
   endloop
 endfacet
 facet normal  4.984589e-02  9.987569e-01 -2.570086e-17
   outer loop
     vertex -6.232673e-02 -2.499223e+00  0.000000e+00
     vertex -1.868252e-01 -2.493009e+00  0.000000e+00
     vertex -1.868252e-01 -2.493009e+00  1.000000e+01
   endloop
 endfacet
 facet normal  0.000000e+00  1.000000e+00 -4.440892e-17
   outer loop
     vertex -6.232673e-02 -2.499223e+00  0.000000e+00
     vertex -6.232673e-02 -2.499223e+00  1.000000e+01
     vertex  6.232673e-02 -2.499223e+00  1.000000e+01
   endloop
 endfacet
 facet normal  4.984589e-02  9.987569e-01  6.601509e-17
   outer loop
     vertex -6.232673e-02 -2.499223e+00  0.000000e+00
     vertex -1.868252e-01 -2.493009e+00  1.000000e+01
     vertex -6.232673e-02 -2.499223e+00  1.000000e+01
   endloop
 endfacet
 facet normal -7.125181e-15  1.000000e+00  4.440892e-17
   outer loop
     vertex  6.232673e-02 -2.499223e+00  0.000000e+00
     vertex -6.232673e-02 -2.499223e+00  0.000000e+00
     vertex  6.232673e-02 -2.499223e+00  1.000000e+01
   endloop
 endfacet
 facet normal -4.984589e-02  9.987569e-01 -6.874751e-17
   outer loop
     vertex  6.232673e-02 -2.499223e+00  0.000000e+00
     vertex  6.232673e-02 -2.499223e+00  1.000000e+01
     vertex  1.868252e-01 -2.493009e+00  1.000000e+01
   endloop
 endfacet
 facet normal -4.984589e-02  9.987569e-01  6.161581e-17
   outer loop
     vertex  1.868252e-01 -2.493009e+00  0.000000e+00
     vertex  6.232673e-02 -2.499223e+00  0.000000e+00
     vertex  1.868252e-01 -2.493009e+00  1.000000e+01
   endloop
 endfacet
 facet normal -9.956785e-02  9.950308e-01 -5.451865e-17
   outer loop
     vertex  3.108593e-01 -2.480598e+00  0.000000e+00
     vertex  1.868252e-01 -2.493009e+00  0.000000e+00
     vertex  1.868252e-01 -2.493009e+00  1.000000e+01
   endloop
 endfacet
 facet normal -9.956785e-02  9.950308e-01  3.022661e-17
   outer loop
     vertex  3.108593e-01 -2.480598e+00  0.000000e+00
     vertex  1.868252e-01 -2.493009e+00  1.000000e+01
     vertex  3.108593e-01 -2.480598e+00  1.000000e+01
   endloop
 endfacet
 facet normal -1.490423e-01  9.888308e-01 -8.815064e-17
   outer loop
     vertex  4.341204e-01 -2.462019e+00  0.000000e+00
     vertex  3.108593e-01 -2.480598e+00  0.000000e+00
     vertex  3.108593e-01 -2.480598e+00  1.000000e+01
   endloop
 endfacet
 facet normal -1.490423e-01  9.888308e-01  8.088621e-17
   outer loop
     vertex  4.341204e-01 -2.462019e+00  0.000000e+00
     vertex  3.108593e-01 -2.480598e+00  1.000000e+01
     vertex  4.341204e-01 -2.462019e+00  1.000000e+01
   endloop
 endfacet
 facet normal -1.981461e-01  9.801725e-01 -4.109250e-17
   outer loop
     vertex  5.563023e-01 -2.437320e+00  0.000000e+00
     vertex  4.341204e-01 -2.462019e+00  0.000000e+00
     vertex  4.341204e-01 -2.462019e+00  1.000000e+01
   endloop
 endfacet
 facet normal -2.467574e-01  9.690773e-01 -4.049928e-17
   outer loop
     vertex  5.563023e-01 -2.437320e+00  0.000000e+00
     vertex  5.563023e-01 -2.437320e+00  1.000000e+01
     vertex  6.771012e-01 -2.406561e+00  1.000000e+01
   endloop
 endfacet
 facet normal -1.981461e-01  9.801725e-01  8.409899e-17
   outer loop
     vertex  5.563023e-01 -2.437320e+00  0.000000e+00
     vertex  4.341204e-01 -2.462019e+00  1.000000e+01
     vertex  5.563023e-01 -2.437320e+00  1.000000e+01
   endloop
 endfacet
 facet normal -2.467574e-01  9.690773e-01  8.038907e-17
   outer loop
     vertex  6.771012e-01 -2.406561e+00  0.000000e+00
     vertex  5.563023e-01 -2.437320e+00  0.000000e+00
     vertex  6.771012e-01 -2.406561e+00  1.000000e+01
   endloop
 endfacet
 facet normal -2.947552e-01  9.555728e-01  3.409315e-17
   outer loop
     vertex  7.962166e-01 -2.369818e+00  0.000000e+00
     vertex  6.771012e-01 -2.406561e+00  1.000000e+01
     vertex  7.962166e-01 -2.369818e+00  1.000000e+01
   endloop
 endfacet
 facet normal -2.947552e-01  9.555728e-01 -4.764497e-17
   outer loop
     vertex  7.962166e-01 -2.369818e+00  0.000000e+00
     vertex  6.771012e-01 -2.406561e+00  0.000000e+00
     vertex  6.771012e-01 -2.406561e+00  1.000000e+01
   endloop
 endfacet
 facet normal -3.420201e-01  9.396926e-01  7.130361e-17
   outer loop
     vertex  9.133526e-01 -2.327184e+00  0.000000e+00
     vertex  7.962166e-01 -2.369818e+00  1.000000e+01
     vertex  9.133526e-01 -2.327184e+00  1.000000e+01
   endloop
 endfacet
 facet normal -3.420201e-01  9.396926e-01 -9.550377e-17
   outer loop
     vertex  9.133526e-01 -2.327184e+00  0.000000e+00
     vertex  7.962166e-01 -2.369818e+00  0.000000e+00
     vertex  7.962166e-01 -2.369818e+00  1.000000e+01
   endloop
 endfacet
 facet normal -3.884348e-01  9.214762e-01  5.704578e-17
   outer loop
     vertex  1.028218e+00 -2.278765e+00  0.000000e+00
     vertex  9.133526e-01 -2.327184e+00  1.000000e+01
     vertex  1.028218e+00 -2.278765e+00  1.000000e+01
   endloop
 endfacet
 facet normal -3.884348e-01  9.214762e-01 -6.108624e-17
   outer loop
     vertex  1.028218e+00 -2.278765e+00  0.000000e+00
     vertex  9.133526e-01 -2.327184e+00  0.000000e+00
     vertex  9.133526e-01 -2.327184e+00  1.000000e+01
   endloop
 endfacet
 facet normal -4.782540e-01  8.782216e-01 -4.772494e-17
   outer loop
     vertex  1.140527e+00 -2.224680e+00  0.000000e+00
     vertex  1.140527e+00 -2.224680e+00  1.000000e+01
     vertex  1.250000e+00 -2.165064e+00  1.000000e+01
   endloop
 endfacet
 facet normal -4.338837e-01  9.009689e-01  9.092947e-17
   outer loop
     vertex  1.140527e+00 -2.224680e+00  0.000000e+00
     vertex  1.028218e+00 -2.278765e+00  1.000000e+01
     vertex  1.140527e+00 -2.224680e+00  1.000000e+01
   endloop
 endfacet
 facet normal -4.338837e-01  9.009689e-01 -7.870032e-17
   outer loop
     vertex  1.140527e+00 -2.224680e+00  0.000000e+00
     vertex  1.028218e+00 -2.278765e+00  0.000000e+00
     vertex  1.028218e+00 -2.278765e+00  1.000000e+01
   endloop
 endfacet
 facet normal -5.214352e-01  8.532909e-01 -6.100134e-17
   outer loop
     vertex  1.250000e+00 -2.165064e+00  0.000000e+00
     vertex  1.250000e+00 -2.165064e+00  1.000000e+01
     vertex  1.356366e+00 -2.100065e+00  1.000000e+01
   endloop
 endfacet
 facet normal -4.782540e-01  8.782216e-01  7.989705e-17
   outer loop
     vertex  1.250000e+00 -2.165064e+00  0.000000e+00
     vertex  1.140527e+00 -2.224680e+00  0.000000e+00
     vertex  1.250000e+00 -2.165064e+00  1.000000e+01
   endloop
 endfacet
 facet normal -5.633201e-01  8.262388e-01 -7.916272e-17
   outer loop
     vertex  1.356366e+00 -2.100065e+00  0.000000e+00
     vertex  1.356366e+00 -2.100065e+00  1.000000e+01
     vertex  1.459359e+00 -2.029845e+00  1.000000e+01
   endloop
 endfacet
 facet normal -5.214352e-01  8.532909e-01  6.425803e-17
   outer loop
     vertex  1.356366e+00 -2.100065e+00  0.000000e+00
     vertex  1.250000e+00 -2.165064e+00  0.000000e+00
     vertex  1.356366e+00 -2.100065e+00  1.000000e+01
   endloop
 endfacet
 facet normal -6.038044e-01  7.971325e-01 -8.937298e-17
   outer loop
     vertex  1.459359e+00 -2.029845e+00  0.000000e+00
     vertex  1.459359e+00 -2.029845e+00  1.000000e+01
     vertex  1.558725e+00 -1.954579e+00  1.000000e+01
   endloop
 endfacet
 facet normal -5.633201e-01  8.262388e-01  5.593083e-17
   outer loop
     vertex  1.459359e+00 -2.029845e+00  0.000000e+00
     vertex  1.356366e+00 -2.100065e+00  0.000000e+00
     vertex  1.459359e+00 -2.029845e+00  1.000000e+01
   endloop
 endfacet
 facet normal -6.038044e-01  7.971325e-01  4.793345e-17
   outer loop
     vertex  1.558725e+00 -1.954579e+00  0.000000e+00
     vertex  1.459359e+00 -2.029845e+00  0.000000e+00
     vertex  1.558725e+00 -1.954579e+00  1.000000e+01
   endloop
 endfacet
 facet normal -6.801727e-01  7.330519e-01 -7.556069e-17
   outer loop
     vertex  1.654215e+00 -1.874453e+00  0.000000e+00
     vertex  1.654215e+00 -1.874453e+00  1.000000e+01
     vertex  1.745592e+00 -1.789667e+00  1.000000e+01
   endloop
 endfacet
 facet normal -6.427876e-01  7.660444e-01  7.504361e-17
   outer loop
     vertex  1.654215e+00 -1.874453e+00  0.000000e+00
     vertex  1.558725e+00 -1.954579e+00  1.000000e+01
     vertex  1.654215e+00 -1.874453e+00  1.000000e+01
   endloop
 endfacet
 facet normal -6.427876e-01  7.660444e-01 -1.013816e-16
   outer loop
     vertex  1.654215e+00 -1.874453e+00  0.000000e+00
     vertex  1.558725e+00 -1.954579e+00  0.000000e+00
     vertex  1.558725e+00 -1.954579e+00  1.000000e+01
   endloop
 endfacet
 facet normal -7.158668e-01  6.982368e-01 -8.565845e-17
   outer loop
     vertex  1.745592e+00 -1.789667e+00  0.000000e+00
     vertex  1.745592e+00 -1.789667e+00  1.000000e+01
     vertex  1.832630e+00 -1.700432e+00  1.000000e+01
   endloop
 endfacet
 facet normal -6.801727e-01  7.330519e-01  6.858420e-17
   outer loop
     vertex  1.745592e+00 -1.789667e+00  0.000000e+00
     vertex  1.654215e+00 -1.874453e+00  0.000000e+00
     vertex  1.745592e+00 -1.789667e+00  1.000000e+01
   endloop
 endfacet
 facet normal -7.158668e-01  6.982368e-01  8.645110e-17
   outer loop
     vertex  1.832630e+00 -1.700432e+00  0.000000e+00
     vertex  1.745592e+00 -1.789667e+00  0.000000e+00
     vertex  1.832630e+00 -1.700432e+00  1.000000e+01
   endloop
 endfacet
 facet normal -7.818315e-01  6.234898e-01 -9.514148e-17
   outer loop
     vertex  1.915111e+00 -1.606969e+00  0.000000e+00
     vertex  1.915111e+00 -1.606969e+00  1.000000e+01
     vertex  1.992831e+00 -1.509511e+00  1.000000e+01
   endloop
 endfacet
 facet normal -7.497812e-01  6.616858e-01  6.589606e-17
   outer loop
     vertex  1.915111e+00 -1.606969e+00  0.000000e+00
     vertex  1.832630e+00 -1.700432e+00  1.000000e+01
     vertex  1.915111e+00 -1.606969e+00  1.000000e+01
   endloop
 endfacet
 facet normal -7.497812e-01  6.616858e-01 -6.995576e-17
   outer loop
     vertex  1.915111e+00 -1.606969e+00  0.000000e+00
     vertex  1.832630e+00 -1.700432e+00  0.000000e+00
     vertex  1.832630e+00 -1.700432e+00  1.000000e+01
   endloop
 endfacet
 facet normal -7.818315e-01  6.234898e-01  8.856903e-17
   outer loop
     vertex  1.992831e+00 -1.509511e+00  0.000000e+00
     vertex  1.915111e+00 -1.606969e+00  0.000000e+00
     vertex  1.992831e+00 -1.509511e+00  1.000000e+01
   endloop
 endfacet
 facet normal -8.119380e-01  5.837437e-01 -7.506727e-17
   outer loop
     vertex  1.992831e+00 -1.509511e+00  0.000000e+00
     vertex  1.992831e+00 -1.509511e+00  1.000000e+01
     vertex  2.065597e+00 -1.408300e+00  1.000000e+01
   endloop
 endfacet
 facet normal -8.119380e-01  5.837437e-01  5.678895e-17
   outer loop
     vertex  2.065597e+00 -1.408300e+00  0.000000e+00
     vertex  1.992831e+00 -1.509511e+00  0.000000e+00
     vertex  2.065597e+00 -1.408300e+00  1.000000e+01
   endloop
 endfacet
 facet normal -8.400259e-01  5.425463e-01 -1.102783e-16
   outer loop
     vertex  2.065597e+00 -1.408300e+00  0.000000e+00
     vertex  2.065597e+00 -1.408300e+00  1.000000e+01
     vertex  2.133227e+00 -1.303588e+00  1.000000e+01
   endloop
 endfacet
 facet normal -8.400259e-01  5.425463e-01  1.112220e-16
   outer loop
     vertex  2.133227e+00 -1.303588e+00  0.000000e+00
     vertex  2.065597e+00 -1.408300e+00  0.000000e+00
     vertex  2.133227e+00 -1.303588e+00  1.000000e+01
   endloop
 endfacet
 facet normal -8.660254e-01  5.000000e-01 -5.662096e-17
   outer loop
     vertex  2.133227e+00 -1.303588e+00  0.000000e+00
     vertex  2.133227e+00 -1.303588e+00  1.000000e+01
     vertex  2.195554e+00 -1.195635e+00  1.000000e+01
   endloop
 endfacet
 facet normal -8.660254e-01  5.000000e-01  8.691093e-17
   outer loop
     vertex  2.195554e+00 -1.195635e+00  0.000000e+00
     vertex  2.133227e+00 -1.303588e+00  0.000000e+00
     vertex  2.195554e+00 -1.195635e+00  1.000000e+01
   endloop
 endfacet
 facet normal -8.898718e-01  4.562107e-01 -8.460714e-17
   outer loop
     vertex  2.252422e+00 -1.084709e+00  0.000000e+00
     vertex  2.195554e+00 -1.195635e+00  0.000000e+00
     vertex  2.195554e+00 -1.195635e+00  1.000000e+01
   endloop
 endfacet
 facet normal -9.115059e-01  4.112871e-01 -3.900475e-17
   outer loop
     vertex  2.252422e+00 -1.084709e+00  0.000000e+00
     vertex  2.252422e+00 -1.084709e+00  1.000000e+01
     vertex  2.303691e+00 -9.710870e-01  1.000000e+01
   endloop
 endfacet
 facet normal -8.898718e-01  4.562107e-01  1.343453e-16
   outer loop
     vertex  2.252422e+00 -1.084709e+00  0.000000e+00
     vertex  2.195554e+00 -1.195635e+00  1.000000e+01
     vertex  2.252422e+00 -1.084709e+00  1.000000e+01
   endloop
 endfacet
 facet normal -9.115059e-01  4.112871e-01  9.218148e-17
   outer loop
     vertex  2.303691e+00 -9.710870e-01  0.000000e+00
     vertex  2.252422e+00 -1.084709e+00  0.000000e+00
     vertex  2.303691e+00 -9.710870e-01  1.000000e+01
   endloop
 endfacet
 facet normal -9.308737e-01  3.653410e-01 -8.467218e-17
   outer loop
     vertex  2.349232e+00 -8.550504e-01  0.000000e+00
     vertex  2.303691e+00 -9.710870e-01  0.000000e+00
     vertex  2.303691e+00 -9.710870e-01  1.000000e+01
   endloop
 endfacet
 facet normal -9.479273e-01  3.184867e-01 -9.671095e-17
   outer loop
     vertex  2.349232e+00 -8.550504e-01  0.000000e+00
     vertex  2.349232e+00 -8.550504e-01  1.000000e+01
     vertex  2.388932e+00 -7.368879e-01  1.000000e+01
   endloop
 endfacet
 facet normal -9.308737e-01  3.653410e-01  8.367189e-17
   outer loop
     vertex  2.349232e+00 -8.550504e-01  0.000000e+00
     vertex  2.303691e+00 -9.710870e-01  1.000000e+01
     vertex  2.349232e+00 -8.550504e-01  1.000000e+01
   endloop
 endfacet
 facet normal -9.479273e-01  3.184867e-01  5.786564e-17
   outer loop
     vertex  2.388932e+00 -7.368879e-01  0.000000e+00
     vertex  2.349232e+00 -8.550504e-01  0.000000e+00
     vertex  2.388932e+00 -7.368879e-01  1.000000e+01
   endloop
 endfacet
 facet normal -9.626242e-01  2.708405e-01 -1.245506e-16
   outer loop
     vertex  2.388932e+00 -7.368879e-01  0.000000e+00
     vertex  2.388932e+00 -7.368879e-01  1.000000e+01
     vertex  2.422693e+00 -6.168935e-01  1.000000e+01
   endloop
 endfacet
 facet normal -9.749279e-01  2.225209e-01 -6.794533e-17
   outer loop
     vertex  2.422693e+00 -6.168935e-01  0.000000e+00
     vertex  2.422693e+00 -6.168935e-01  1.000000e+01
     vertex  2.450431e+00 -4.953654e-01  1.000000e+01
   endloop
 endfacet
 facet normal -9.626242e-01  2.708405e-01  1.162574e-16
   outer loop
     vertex  2.422693e+00 -6.168935e-01  0.000000e+00
     vertex  2.388932e+00 -7.368879e-01  0.000000e+00
     vertex  2.422693e+00 -6.168935e-01  1.000000e+01
   endloop
 endfacet
 facet normal -9.848078e-01  1.736482e-01 -1.072812e-16
   outer loop
     vertex  2.450431e+00 -4.953654e-01  0.000000e+00
     vertex  2.450431e+00 -4.953654e-01  1.000000e+01
     vertex  2.472077e+00 -3.726057e-01  1.000000e+01
   endloop
 endfacet
 facet normal -9.749279e-01  2.225209e-01  7.923451e-17
   outer loop
     vertex  2.450431e+00 -4.953654e-01  0.000000e+00
     vertex  2.422693e+00 -6.168935e-01  0.000000e+00
     vertex  2.450431e+00 -4.953654e-01  1.000000e+01
   endloop
 endfacet
 facet normal -9.922392e-01  1.243437e-01 -1.069193e-16
   outer loop
     vertex  2.472077e+00 -3.726057e-01  0.000000e+00
     vertex  2.472077e+00 -3.726057e-01  1.000000e+01
     vertex  2.487577e+00 -2.489196e-01  1.000000e+01
   endloop
 endfacet
 facet normal -9.848078e-01  1.736482e-01  8.211495e-17
   outer loop
     vertex  2.472077e+00 -3.726057e-01  0.000000e+00
     vertex  2.450431e+00 -4.953654e-01  0.000000e+00
     vertex  2.472077e+00 -3.726057e-01  1.000000e+01
   endloop
 endfacet
 facet normal -9.922392e-01  1.243437e-01  7.831095e-17
   outer loop
     vertex  2.487577e+00 -2.489196e-01  0.000000e+00
     vertex  2.472077e+00 -3.726057e-01  0.000000e+00
     vertex  2.487577e+00 -2.489196e-01  1.000000e+01
   endloop
 endfacet
 facet normal -9.972038e-01  7.473009e-02  6.875361e-17
   outer loop
     vertex  2.496892e+00 -1.246147e-01  0.000000e+00
     vertex  2.487577e+00 -2.489196e-01  1.000000e+01
     vertex  2.496892e+00 -1.246147e-01  1.000000e+01
   endloop
 endfacet
 facet normal -9.972038e-01  7.473009e-02 -1.131068e-16
   outer loop
     vertex  2.496892e+00 -1.246147e-01  0.000000e+00
     vertex  2.487577e+00 -2.489196e-01  0.000000e+00
     vertex  2.487577e+00 -2.489196e-01  1.000000e+01
   endloop
 endfacet
 facet normal -9.996892e-01  2.493069e-02  0.000000e+00
   outer loop
     vertex  2.500000e+00  0.000000e+00  0.000000e+00
     vertex  2.496892e+00 -1.246147e-01  1.000000e+01
     vertex  2.500000e+00  0.000000e+00  1.000000e+01
   endloop
 endfacet
 facet normal -9.996892e-01  2.493069e-02 -1.251796e-16
   outer loop
     vertex  2.500000e+00  0.000000e+00  0.000000e+00
     vertex  2.496892e+00 -1.246147e-01  0.000000e+00
     vertex  2.496892e+00 -1.246147e-01  1.000000e+01
   endloop
 endfacet
 facet normal  0.000000e+00  0.000000e+00  1.000000e+00
   outer loop
     vertex -1.745592e+00 -1.789667e+00  1.000000e+01
     vertex -5.131363e+00 -4.761209e+00  1.000000e+01
     vertex -4.887658e+00 -5.011068e+00  1.000000e+01
   endloop
 endfacet
 facet normal  0.000000e+00  0.000000e+00  1.000000e+00
   outer loop
     vertex -1.832630e+00 -1.700432e+00  1.000000e+01
     vertex -5.131363e+00 -4.761209e+00  1.000000e+01
     vertex -1.745592e+00 -1.789667e+00  1.000000e+01
   endloop
 endfacet
 facet normal  0.000000e+00  0.000000e+00  1.000000e+00
   outer loop
     vertex -1.832630e+00 -1.700432e+00  1.000000e+01
     vertex -5.362311e+00 -4.499513e+00  1.000000e+01
     vertex -5.131363e+00 -4.761209e+00  1.000000e+01
   endloop
 endfacet
 facet normal  0.000000e+00  0.000000e+00  1.000000e+00
   outer loop
     vertex -1.654215e+00 -1.874453e+00  1.000000e+01
     vertex -4.887658e+00 -5.011068e+00  1.000000e+01
     vertex -4.631801e+00 -5.248468e+00  1.000000e+01
   endloop
 endfacet
 facet normal  0.000000e+00  0.000000e+00  1.000000e+00
   outer loop
     vertex -1.654215e+00 -1.874453e+00  1.000000e+01
     vertex -1.745592e+00 -1.789667e+00  1.000000e+01
     vertex -4.887658e+00 -5.011068e+00  1.000000e+01
   endloop
 endfacet
 facet normal  0.000000e+00  0.000000e+00  1.000000e+00
   outer loop
     vertex -1.915111e+00 -1.606969e+00  1.000000e+01
     vertex -5.362311e+00 -4.499513e+00  1.000000e+01
     vertex -1.832630e+00 -1.700432e+00  1.000000e+01
   endloop
 endfacet
 facet normal  0.000000e+00  0.000000e+00  1.000000e+00
   outer loop
     vertex -1.915111e+00 -1.606969e+00  1.000000e+01
     vertex -5.579928e+00 -4.226631e+00  1.000000e+01
     vertex -5.362311e+00 -4.499513e+00  1.000000e+01
   endloop
 endfacet
 facet normal  0.000000e+00  0.000000e+00  1.000000e+00
   outer loop
     vertex -1.558725e+00 -1.954579e+00  1.000000e+01
     vertex -1.654215e+00 -1.874453e+00  1.000000e+01
     vertex -4.631801e+00 -5.248468e+00  1.000000e+01
   endloop
 endfacet
 facet normal  0.000000e+00  0.000000e+00  1.000000e+00
   outer loop
     vertex -1.558725e+00 -1.954579e+00  1.000000e+01
     vertex -4.631801e+00 -5.248468e+00  1.000000e+01
     vertex -4.364429e+00 -5.472820e+00  1.000000e+01
   endloop
 endfacet
 facet normal  0.000000e+00  0.000000e+00  1.000000e+00
   outer loop
     vertex -1.992831e+00 -1.509511e+00  1.000000e+01
     vertex -5.579928e+00 -4.226631e+00  1.000000e+01
     vertex -1.915111e+00 -1.606969e+00  1.000000e+01
   endloop
 endfacet
 facet normal  0.000000e+00  0.000000e+00  1.000000e+00
   outer loop
     vertex -1.459359e+00 -2.029845e+00  1.000000e+01
     vertex -4.364429e+00 -5.472820e+00  1.000000e+01
     vertex -4.086206e+00 -5.683566e+00  1.000000e+01
   endloop
 endfacet
 facet normal  0.000000e+00  0.000000e+00  1.000000e+00
   outer loop
     vertex -1.459359e+00 -2.029845e+00  1.000000e+01
     vertex -1.558725e+00 -1.954579e+00  1.000000e+01
     vertex -4.364429e+00 -5.472820e+00  1.000000e+01
   endloop
 endfacet
 facet normal  0.000000e+00  0.000000e+00  1.000000e+00
   outer loop
     vertex -2.065597e+00 -1.408300e+00  1.000000e+01
     vertex -5.579928e+00 -4.226631e+00  1.000000e+01
     vertex -1.992831e+00 -1.509511e+00  1.000000e+01
   endloop
 endfacet
 facet normal  0.000000e+00  0.000000e+00  1.000000e+00
   outer loop
     vertex -2.065597e+00 -1.408300e+00  1.000000e+01
     vertex -5.973036e+00 -3.650046e+00  1.000000e+01
     vertex -5.783671e+00 -3.943240e+00  1.000000e+01
   endloop
 endfacet
 facet normal  0.000000e+00  0.000000e+00  1.000000e+00
   outer loop
     vertex -2.065597e+00 -1.408300e+00  1.000000e+01
     vertex -5.783671e+00 -3.943240e+00  1.000000e+01
     vertex -5.579928e+00 -4.226631e+00  1.000000e+01
   endloop
 endfacet
 facet normal  0.000000e+00  0.000000e+00  1.000000e+00
   outer loop
     vertex -1.356366e+00 -2.100065e+00  1.000000e+01
     vertex -1.459359e+00 -2.029845e+00  1.000000e+01
     vertex -4.086206e+00 -5.683566e+00  1.000000e+01
   endloop
 endfacet
 facet normal  0.000000e+00  0.000000e+00  1.000000e+00
   outer loop
     vertex -1.356366e+00 -2.100065e+00  1.000000e+01
     vertex -4.086206e+00 -5.683566e+00  1.000000e+01
     vertex -3.797824e+00 -5.880181e+00  1.000000e+01
   endloop
 endfacet
 facet normal  0.000000e+00  0.000000e+00  1.000000e+00
   outer loop
     vertex -2.133227e+00 -1.303588e+00  1.000000e+01
     vertex -5.973036e+00 -3.650046e+00  1.000000e+01
     vertex -2.065597e+00 -1.408300e+00  1.000000e+01
   endloop
 endfacet
 facet normal  0.000000e+00  0.000000e+00  1.000000e+00
   outer loop
     vertex -2.133227e+00 -1.303588e+00  1.000000e+01
     vertex -6.147551e+00 -3.347778e+00  1.000000e+01
     vertex -5.973036e+00 -3.650046e+00  1.000000e+01
   endloop
 endfacet
 facet normal  0.000000e+00  0.000000e+00  1.000000e+00
   outer loop
     vertex -1.250000e+00 -2.165064e+00  1.000000e+01
     vertex -3.797824e+00 -5.880181e+00  1.000000e+01
     vertex -3.500000e+00 -6.062178e+00  1.000000e+01
   endloop
 endfacet
 facet normal  0.000000e+00  0.000000e+00  1.000000e+00
   outer loop
     vertex -1.250000e+00 -2.165064e+00  1.000000e+01
     vertex -1.356366e+00 -2.100065e+00  1.000000e+01
     vertex -3.797824e+00 -5.880181e+00  1.000000e+01
   endloop
 endfacet
 facet normal  0.000000e+00  0.000000e+00  1.000000e+00
   outer loop
     vertex -2.195554e+00 -1.195635e+00  1.000000e+01
     vertex -6.147551e+00 -3.347778e+00  1.000000e+01
     vertex -2.133227e+00 -1.303588e+00  1.000000e+01
   endloop
 endfacet
 facet normal  0.000000e+00  0.000000e+00  1.000000e+00
   outer loop
     vertex -2.195554e+00 -1.195635e+00  1.000000e+01
     vertex -6.306782e+00 -3.037186e+00  1.000000e+01
     vertex -6.147551e+00 -3.347778e+00  1.000000e+01
   endloop
 endfacet
 facet normal  0.000000e+00  0.000000e+00  1.000000e+00
   outer loop
     vertex -1.140527e+00 -2.224680e+00  1.000000e+01
     vertex -1.250000e+00 -2.165064e+00  1.000000e+01
     vertex -3.500000e+00 -6.062178e+00  1.000000e+01
   endloop
 endfacet
 facet normal  0.000000e+00  0.000000e+00  1.000000e+00
   outer loop
     vertex -1.140527e+00 -2.224680e+00  1.000000e+01
     vertex -3.500000e+00 -6.062178e+00  1.000000e+01
     vertex -3.193475e+00 -6.229103e+00  1.000000e+01
   endloop
 endfacet
 facet normal  0.000000e+00  0.000000e+00  1.000000e+00
   outer loop
     vertex -2.252422e+00 -1.084709e+00  1.000000e+01
     vertex -6.450333e+00 -2.719044e+00  1.000000e+01
     vertex -6.306782e+00 -3.037186e+00  1.000000e+01
   endloop
 endfacet
 facet normal  0.000000e+00  0.000000e+00  1.000000e+00
   outer loop
     vertex -2.252422e+00 -1.084709e+00  1.000000e+01
     vertex -6.306782e+00 -3.037186e+00  1.000000e+01
     vertex -2.195554e+00 -1.195635e+00  1.000000e+01
   endloop
 endfacet
 facet normal  0.000000e+00  0.000000e+00  1.000000e+00
   outer loop
     vertex -1.028218e+00 -2.278765e+00  1.000000e+01
     vertex -1.140527e+00 -2.224680e+00  1.000000e+01
     vertex -3.193475e+00 -6.229103e+00  1.000000e+01
   endloop
 endfacet
 facet normal  0.000000e+00  0.000000e+00  1.000000e+00
   outer loop
     vertex -1.028218e+00 -2.278765e+00  1.000000e+01
     vertex -3.193475e+00 -6.229103e+00  1.000000e+01
     vertex -2.879010e+00 -6.380541e+00  1.000000e+01
   endloop
 endfacet
 facet normal  0.000000e+00  0.000000e+00  1.000000e+00
   outer loop
     vertex -2.303691e+00 -9.710870e-01  1.000000e+01
     vertex -6.450333e+00 -2.719044e+00  1.000000e+01
     vertex -2.252422e+00 -1.084709e+00  1.000000e+01
   endloop
 endfacet
 facet normal  0.000000e+00  0.000000e+00  1.000000e+00
   outer loop
     vertex -9.133526e-01 -2.327184e+00  1.000000e+01
     vertex -1.028218e+00 -2.278765e+00  1.000000e+01
     vertex -2.879010e+00 -6.380541e+00  1.000000e+01
   endloop
 endfacet
 facet normal  0.000000e+00  0.000000e+00  1.000000e+00
   outer loop
     vertex -9.133526e-01 -2.327184e+00  1.000000e+01
     vertex -2.879010e+00 -6.380541e+00  1.000000e+01
     vertex -2.557387e+00 -6.516116e+00  1.000000e+01
   endloop
 endfacet
 facet normal  0.000000e+00  0.000000e+00  1.000000e+00
   outer loop
     vertex -2.349232e+00 -8.550504e-01  1.000000e+01
     vertex -6.450333e+00 -2.719044e+00  1.000000e+01
     vertex -2.303691e+00 -9.710870e-01  1.000000e+01
   endloop
 endfacet
 facet normal  0.000000e+00  0.000000e+00  1.000000e+00
   outer loop
     vertex -2.349232e+00 -8.550504e-01  1.000000e+01
     vertex -6.577848e+00 -2.394141e+00  1.000000e+01
     vertex -6.450333e+00 -2.719044e+00  1.000000e+01
   endloop
 endfacet
 facet normal  0.000000e+00  0.000000e+00  1.000000e+00
   outer loop
     vertex -7.962166e-01 -2.369818e+00  1.000000e+01
     vertex -9.133526e-01 -2.327184e+00  1.000000e+01
     vertex -2.557387e+00 -6.516116e+00  1.000000e+01
   endloop
 endfacet
 facet normal  0.000000e+00  0.000000e+00  1.000000e+00
   outer loop
     vertex -7.962166e-01 -2.369818e+00  1.000000e+01
     vertex -2.557387e+00 -6.516116e+00  1.000000e+01
     vertex -2.229407e+00 -6.635491e+00  1.000000e+01
   endloop
 endfacet
 facet normal  0.000000e+00  0.000000e+00  1.000000e+00
   outer loop
     vertex -2.388932e+00 -7.368879e-01  1.000000e+01
     vertex -6.689010e+00 -2.063286e+00  1.000000e+01
     vertex -6.577848e+00 -2.394141e+00  1.000000e+01
   endloop
 endfacet
 facet normal  0.000000e+00  0.000000e+00  1.000000e+00
   outer loop
     vertex -2.388932e+00 -7.368879e-01  1.000000e+01
     vertex -6.577848e+00 -2.394141e+00  1.000000e+01
     vertex -2.349232e+00 -8.550504e-01  1.000000e+01
   endloop
 endfacet
 facet normal  0.000000e+00  0.000000e+00  1.000000e+00
   outer loop
     vertex -6.771012e-01 -2.406561e+00  1.000000e+01
     vertex -7.962166e-01 -2.369818e+00  1.000000e+01
     vertex -2.229407e+00 -6.635491e+00  1.000000e+01
   endloop
 endfacet
 facet normal  0.000000e+00  0.000000e+00  1.000000e+00
   outer loop
     vertex -6.771012e-01 -2.406561e+00  1.000000e+01
     vertex -2.229407e+00 -6.635491e+00  1.000000e+01
     vertex -1.895883e+00 -6.738370e+00  1.000000e+01
   endloop
 endfacet
 facet normal  0.000000e+00  0.000000e+00  1.000000e+00
   outer loop
     vertex -2.422693e+00 -6.168935e-01  1.000000e+01
     vertex -6.861207e+00 -1.387023e+00  1.000000e+01
     vertex -6.783541e+00 -1.727302e+00  1.000000e+01
   endloop
 endfacet
 facet normal  0.000000e+00  0.000000e+00  1.000000e+00
   outer loop
     vertex -2.422693e+00 -6.168935e-01  1.000000e+01
     vertex -6.783541e+00 -1.727302e+00  1.000000e+01
     vertex -6.689010e+00 -2.063286e+00  1.000000e+01
   endloop
 endfacet
 facet normal  0.000000e+00  0.000000e+00  1.000000e+00
   outer loop
     vertex -2.422693e+00 -6.168935e-01  1.000000e+01
     vertex -6.689010e+00 -2.063286e+00  1.000000e+01
     vertex -2.388932e+00 -7.368879e-01  1.000000e+01
   endloop
 endfacet
 facet normal  0.000000e+00  0.000000e+00  1.000000e+00
   outer loop
     vertex -5.563023e-01 -2.437320e+00  1.000000e+01
     vertex -6.771012e-01 -2.406561e+00  1.000000e+01
     vertex -1.895883e+00 -6.738370e+00  1.000000e+01
   endloop
 endfacet
 facet normal  0.000000e+00  0.000000e+00  1.000000e+00
   outer loop
     vertex -5.563023e-01 -2.437320e+00  1.000000e+01
     vertex -1.895883e+00 -6.738370e+00  1.000000e+01
     vertex -1.557647e+00 -6.824495e+00  1.000000e+01
   endloop
 endfacet
 facet normal  0.000000e+00  0.000000e+00  1.000000e+00
   outer loop
     vertex -2.450431e+00 -4.953654e-01  1.000000e+01
     vertex -6.861207e+00 -1.387023e+00  1.000000e+01
     vertex -2.422693e+00 -6.168935e-01  1.000000e+01
   endloop
 endfacet
 facet normal  0.000000e+00  0.000000e+00  1.000000e+00
   outer loop
     vertex -2.450431e+00 -4.953654e-01  1.000000e+01
     vertex -6.921816e+00 -1.043296e+00  1.000000e+01
     vertex -6.861207e+00 -1.387023e+00  1.000000e+01
   endloop
 endfacet
 facet normal  0.000000e+00  0.000000e+00  1.000000e+00
   outer loop
     vertex -4.341204e-01 -2.462019e+00  1.000000e+01
     vertex -5.563023e-01 -2.437320e+00  1.000000e+01
     vertex -1.557647e+00 -6.824495e+00  1.000000e+01
   endloop
 endfacet
 facet normal  0.000000e+00  0.000000e+00  1.000000e+00
   outer loop
     vertex -4.341204e-01 -2.462019e+00  1.000000e+01
     vertex -1.557647e+00 -6.824495e+00  1.000000e+01
     vertex -1.215537e+00 -6.893654e+00  1.000000e+01
   endloop
 endfacet
 facet normal  0.000000e+00  0.000000e+00  1.000000e+00
   outer loop
     vertex -2.472077e+00 -3.726057e-01  1.000000e+01
     vertex -6.921816e+00 -1.043296e+00  1.000000e+01
     vertex -2.450431e+00 -4.953654e-01  1.000000e+01
   endloop
 endfacet
 facet normal  0.000000e+00  0.000000e+00  1.000000e+00
   outer loop
     vertex -3.108593e-01 -2.480598e+00  1.000000e+01
     vertex -4.341204e-01 -2.462019e+00  1.000000e+01
     vertex -1.215537e+00 -6.893654e+00  1.000000e+01
   endloop
 endfacet
 facet normal  0.000000e+00  0.000000e+00  1.000000e+00
   outer loop
     vertex -3.108593e-01 -2.480598e+00  1.000000e+01
     vertex -1.215537e+00 -6.893654e+00  1.000000e+01
     vertex -8.704059e-01 -6.945674e+00  1.000000e+01
   endloop
 endfacet
 facet normal  0.000000e+00  0.000000e+00  1.000000e+00
   outer loop
     vertex -2.487577e+00 -2.489196e-01  1.000000e+01
     vertex -6.991298e+00 -3.489212e-01  1.000000e+01
     vertex -6.965215e+00 -6.969749e-01  1.000000e+01
   endloop
 endfacet
 facet normal  0.000000e+00  0.000000e+00  1.000000e+00
   outer loop
     vertex -2.487577e+00 -2.489196e-01  1.000000e+01
     vertex -6.965215e+00 -6.969749e-01  1.000000e+01
     vertex -6.921816e+00 -1.043296e+00  1.000000e+01
   endloop
 endfacet
 facet normal  0.000000e+00  0.000000e+00  1.000000e+00
   outer loop
     vertex -2.487577e+00 -2.489196e-01  1.000000e+01
     vertex -6.921816e+00 -1.043296e+00  1.000000e+01
     vertex -2.472077e+00 -3.726057e-01  1.000000e+01
   endloop
 endfacet
 facet normal  0.000000e+00  0.000000e+00  1.000000e+00
   outer loop
     vertex -1.868252e-01 -2.493009e+00  1.000000e+01
     vertex -3.108593e-01 -2.480598e+00  1.000000e+01
     vertex -8.704059e-01 -6.945674e+00  1.000000e+01
   endloop
 endfacet
 facet normal  0.000000e+00  0.000000e+00  1.000000e+00
   outer loop
     vertex -1.868252e-01 -2.493009e+00  1.000000e+01
     vertex -8.704059e-01 -6.945674e+00  1.000000e+01
     vertex -5.231107e-01 -6.980427e+00  1.000000e+01
   endloop
 endfacet
 facet normal  0.000000e+00  0.000000e+00  1.000000e+00
   outer loop
     vertex -2.496892e+00 -1.246147e-01  1.000000e+01
     vertex -6.991298e+00 -3.489212e-01  1.000000e+01
     vertex -2.487577e+00 -2.489196e-01  1.000000e+01
   endloop
 endfacet
 facet normal  0.000000e+00  0.000000e+00  1.000000e+00
   outer loop
     vertex -2.496892e+00 -1.246147e-01  1.000000e+01
     vertex -7.000000e+00 -2.401174e-14  1.000000e+01
     vertex -6.991298e+00 -3.489212e-01  1.000000e+01
   endloop
 endfacet
 facet normal  0.000000e+00  0.000000e+00  1.000000e+00
   outer loop
     vertex -6.232673e-02 -2.499223e+00  1.000000e+01
     vertex -1.868252e-01 -2.493009e+00  1.000000e+01
     vertex -5.231107e-01 -6.980427e+00  1.000000e+01
   endloop
 endfacet
 facet normal  0.000000e+00  0.000000e+00  1.000000e+00
   outer loop
     vertex -6.232673e-02 -2.499223e+00  1.000000e+01
     vertex -5.231107e-01 -6.980427e+00  1.000000e+01
     vertex -1.745148e-01 -6.997824e+00  1.000000e+01
   endloop
 endfacet
 facet normal  0.000000e+00  0.000000e+00  1.000000e+00
   outer loop
     vertex -2.500000e+00  8.575622e-15  1.000000e+01
     vertex -7.000000e+00 -2.401174e-14  1.000000e+01
     vertex -2.496892e+00 -1.246147e-01  1.000000e+01
   endloop
 endfacet
 facet normal  0.000000e+00  0.000000e+00  1.000000e+00
   outer loop
     vertex -2.500000e+00  8.575622e-15  1.000000e+01
     vertex -6.991298e+00  3.489212e-01  1.000000e+01
     vertex -7.000000e+00 -2.401174e-14  1.000000e+01
   endloop
 endfacet
 facet normal  0.000000e+00  0.000000e+00  1.000000e+00
   outer loop
     vertex  6.232673e-02 -2.499223e+00  1.000000e+01
     vertex -6.232673e-02 -2.499223e+00  1.000000e+01
     vertex -1.745148e-01 -6.997824e+00  1.000000e+01
   endloop
 endfacet
 facet normal  0.000000e+00  0.000000e+00  1.000000e+00
   outer loop
     vertex  6.232673e-02 -2.499223e+00  1.000000e+01
     vertex -1.745148e-01 -6.997824e+00  1.000000e+01
     vertex  1.745148e-01 -6.997824e+00  1.000000e+01
   endloop
 endfacet
 facet normal  0.000000e+00  0.000000e+00  1.000000e+00
   outer loop
     vertex -2.496892e+00  1.246147e-01  1.000000e+01
     vertex -6.991298e+00  3.489212e-01  1.000000e+01
     vertex -2.500000e+00  8.575622e-15  1.000000e+01
   endloop
 endfacet
 facet normal  0.000000e+00  0.000000e+00  1.000000e+00
   outer loop
     vertex -2.496892e+00  1.246147e-01  1.000000e+01
     vertex -6.965215e+00  6.969749e-01  1.000000e+01
     vertex -6.991298e+00  3.489212e-01  1.000000e+01
   endloop
 endfacet
 facet normal  0.000000e+00  0.000000e+00  1.000000e+00
   outer loop
     vertex  1.868252e-01 -2.493009e+00  1.000000e+01
     vertex  6.232673e-02 -2.499223e+00  1.000000e+01
     vertex  1.745148e-01 -6.997824e+00  1.000000e+01
   endloop
 endfacet
 facet normal  0.000000e+00  0.000000e+00  1.000000e+00
   outer loop
     vertex  1.868252e-01 -2.493009e+00  1.000000e+01
     vertex  1.745148e-01 -6.997824e+00  1.000000e+01
     vertex  5.231107e-01 -6.980427e+00  1.000000e+01
   endloop
 endfacet
 facet normal  0.000000e+00  0.000000e+00  1.000000e+00
   outer loop
     vertex -2.487577e+00  2.489196e-01  1.000000e+01
     vertex -6.965215e+00  6.969749e-01  1.000000e+01
     vertex -2.496892e+00  1.246147e-01  1.000000e+01
   endloop
 endfacet
 facet normal  0.000000e+00  0.000000e+00  1.000000e+00
   outer loop
     vertex  3.108593e-01 -2.480598e+00  1.000000e+01
     vertex  1.868252e-01 -2.493009e+00  1.000000e+01
     vertex  5.231107e-01 -6.980427e+00  1.000000e+01
   endloop
 endfacet
 facet normal  0.000000e+00  0.000000e+00  1.000000e+00
   outer loop
     vertex  3.108593e-01 -2.480598e+00  1.000000e+01
     vertex  5.231107e-01 -6.980427e+00  1.000000e+01
     vertex  8.704059e-01 -6.945674e+00  1.000000e+01
   endloop
 endfacet
 facet normal  0.000000e+00  0.000000e+00  1.000000e+00
   outer loop
     vertex -2.472077e+00  3.726057e-01  1.000000e+01
     vertex -6.965215e+00  6.969749e-01  1.000000e+01
     vertex -2.487577e+00  2.489196e-01  1.000000e+01
   endloop
 endfacet
 facet normal  0.000000e+00  0.000000e+00  1.000000e+00
   outer loop
     vertex -2.472077e+00  3.726057e-01  1.000000e+01
     vertex -6.921816e+00  1.043296e+00  1.000000e+01
     vertex -6.965215e+00  6.969749e-01  1.000000e+01
   endloop
 endfacet
 facet normal  0.000000e+00  0.000000e+00  1.000000e+00
   outer loop
     vertex  4.341204e-01 -2.462019e+00  1.000000e+01
     vertex  3.108593e-01 -2.480598e+00  1.000000e+01
     vertex  8.704059e-01 -6.945674e+00  1.000000e+01
   endloop
 endfacet
 facet normal  0.000000e+00  0.000000e+00  1.000000e+00
   outer loop
     vertex  4.341204e-01 -2.462019e+00  1.000000e+01
     vertex  8.704059e-01 -6.945674e+00  1.000000e+01
     vertex  1.215537e+00 -6.893654e+00  1.000000e+01
   endloop
 endfacet
 facet normal  0.000000e+00  0.000000e+00  1.000000e+00
   outer loop
     vertex -2.450431e+00  4.953654e-01  1.000000e+01
     vertex -6.921816e+00  1.043296e+00  1.000000e+01
     vertex -2.472077e+00  3.726057e-01  1.000000e+01
   endloop
 endfacet
 facet normal  0.000000e+00  0.000000e+00  1.000000e+00
   outer loop
     vertex -2.450431e+00  4.953654e-01  1.000000e+01
     vertex -6.783541e+00  1.727302e+00  1.000000e+01
     vertex -6.861207e+00  1.387023e+00  1.000000e+01
   endloop
 endfacet
 facet normal  0.000000e+00  0.000000e+00  1.000000e+00
   outer loop
     vertex -2.450431e+00  4.953654e-01  1.000000e+01
     vertex -6.861207e+00  1.387023e+00  1.000000e+01
     vertex -6.921816e+00  1.043296e+00  1.000000e+01
   endloop
 endfacet
 facet normal  0.000000e+00  0.000000e+00  1.000000e+00
   outer loop
     vertex  5.563023e-01 -2.437320e+00  1.000000e+01
     vertex  4.341204e-01 -2.462019e+00  1.000000e+01
     vertex  1.215537e+00 -6.893654e+00  1.000000e+01
   endloop
 endfacet
 facet normal  0.000000e+00  0.000000e+00  1.000000e+00
   outer loop
     vertex  5.563023e-01 -2.437320e+00  1.000000e+01
     vertex  1.215537e+00 -6.893654e+00  1.000000e+01
     vertex  1.557647e+00 -6.824495e+00  1.000000e+01
   endloop
 endfacet
 facet normal  0.000000e+00  0.000000e+00  1.000000e+00
   outer loop
     vertex -2.422693e+00  6.168935e-01  1.000000e+01
     vertex -6.783541e+00  1.727302e+00  1.000000e+01
     vertex -2.450431e+00  4.953654e-01  1.000000e+01
   endloop
 endfacet
 facet normal  0.000000e+00  0.000000e+00  1.000000e+00
   outer loop
     vertex  6.771012e-01 -2.406561e+00  1.000000e+01
     vertex  5.563023e-01 -2.437320e+00  1.000000e+01
     vertex  1.557647e+00 -6.824495e+00  1.000000e+01
   endloop
 endfacet
 facet normal  0.000000e+00  0.000000e+00  1.000000e+00
   outer loop
     vertex  6.771012e-01 -2.406561e+00  1.000000e+01
     vertex  1.557647e+00 -6.824495e+00  1.000000e+01
     vertex  1.895883e+00 -6.738370e+00  1.000000e+01
   endloop
 endfacet
 facet normal  0.000000e+00  0.000000e+00  1.000000e+00
   outer loop
     vertex -2.388932e+00  7.368879e-01  1.000000e+01
     vertex -6.577848e+00  2.394141e+00  1.000000e+01
     vertex -6.689010e+00  2.063286e+00  1.000000e+01
   endloop
 endfacet
 facet normal  0.000000e+00  0.000000e+00  1.000000e+00
   outer loop
     vertex -2.388932e+00  7.368879e-01  1.000000e+01
     vertex -6.689010e+00  2.063286e+00  1.000000e+01
     vertex -6.783541e+00  1.727302e+00  1.000000e+01
   endloop
 endfacet
 facet normal  0.000000e+00  0.000000e+00  1.000000e+00
   outer loop
     vertex -2.388932e+00  7.368879e-01  1.000000e+01
     vertex -6.783541e+00  1.727302e+00  1.000000e+01
     vertex -2.422693e+00  6.168935e-01  1.000000e+01
   endloop
 endfacet
 facet normal  0.000000e+00  0.000000e+00  1.000000e+00
   outer loop
     vertex  7.962166e-01 -2.369818e+00  1.000000e+01
     vertex  1.895883e+00 -6.738370e+00  1.000000e+01
     vertex  2.229407e+00 -6.635491e+00  1.000000e+01
   endloop
 endfacet
 facet normal  0.000000e+00  0.000000e+00  1.000000e+00
   outer loop
     vertex  7.962166e-01 -2.369818e+00  1.000000e+01
     vertex  6.771012e-01 -2.406561e+00  1.000000e+01
     vertex  1.895883e+00 -6.738370e+00  1.000000e+01
   endloop
 endfacet
 facet normal  0.000000e+00  0.000000e+00  1.000000e+00
   outer loop
     vertex -2.349232e+00  8.550504e-01  1.000000e+01
     vertex -6.577848e+00  2.394141e+00  1.000000e+01
     vertex -2.388932e+00  7.368879e-01  1.000000e+01
   endloop
 endfacet
 facet normal  0.000000e+00  0.000000e+00  1.000000e+00
   outer loop
     vertex  9.133526e-01 -2.327184e+00  1.000000e+01
     vertex  2.229407e+00 -6.635491e+00  1.000000e+01
     vertex  2.557387e+00 -6.516116e+00  1.000000e+01
   endloop
 endfacet
 facet normal  0.000000e+00  0.000000e+00  1.000000e+00
   outer loop
     vertex  9.133526e-01 -2.327184e+00  1.000000e+01
     vertex  7.962166e-01 -2.369818e+00  1.000000e+01
     vertex  2.229407e+00 -6.635491e+00  1.000000e+01
   endloop
 endfacet
 facet normal  0.000000e+00  0.000000e+00  1.000000e+00
   outer loop
     vertex -2.303691e+00  9.710870e-01  1.000000e+01
     vertex -6.577848e+00  2.394141e+00  1.000000e+01
     vertex -2.349232e+00  8.550504e-01  1.000000e+01
   endloop
 endfacet
 facet normal  0.000000e+00  0.000000e+00  1.000000e+00
   outer loop
     vertex -2.303691e+00  9.710870e-01  1.000000e+01
     vertex -6.306782e+00  3.037186e+00  1.000000e+01
     vertex -6.450333e+00  2.719044e+00  1.000000e+01
   endloop
 endfacet
 facet normal  0.000000e+00  0.000000e+00  1.000000e+00
   outer loop
     vertex -2.303691e+00  9.710870e-01  1.000000e+01
     vertex -6.450333e+00  2.719044e+00  1.000000e+01
     vertex -6.577848e+00  2.394141e+00  1.000000e+01
   endloop
 endfacet
 facet normal  0.000000e+00  0.000000e+00  1.000000e+00
   outer loop
     vertex  1.028218e+00 -2.278765e+00  1.000000e+01
     vertex  2.557387e+00 -6.516116e+00  1.000000e+01
     vertex  2.879010e+00 -6.380541e+00  1.000000e+01
   endloop
 endfacet
 facet normal  0.000000e+00  0.000000e+00  1.000000e+00
   outer loop
     vertex  1.028218e+00 -2.278765e+00  1.000000e+01
     vertex  9.133526e-01 -2.327184e+00  1.000000e+01
     vertex  2.557387e+00 -6.516116e+00  1.000000e+01
   endloop
 endfacet
 facet normal  0.000000e+00  0.000000e+00  1.000000e+00
   outer loop
     vertex -2.252422e+00  1.084709e+00  1.000000e+01
     vertex -6.306782e+00  3.037186e+00  1.000000e+01
     vertex -2.303691e+00  9.710870e-01  1.000000e+01
   endloop
 endfacet
 facet normal  0.000000e+00  0.000000e+00  1.000000e+00
   outer loop
     vertex  1.140527e+00 -2.224680e+00  1.000000e+01
     vertex  2.879010e+00 -6.380541e+00  1.000000e+01
     vertex  3.193475e+00 -6.229103e+00  1.000000e+01
   endloop
 endfacet
 facet normal  0.000000e+00  0.000000e+00  1.000000e+00
   outer loop
     vertex  1.140527e+00 -2.224680e+00  1.000000e+01
     vertex  1.028218e+00 -2.278765e+00  1.000000e+01
     vertex  2.879010e+00 -6.380541e+00  1.000000e+01
   endloop
 endfacet
 facet normal  0.000000e+00  0.000000e+00  1.000000e+00
   outer loop
     vertex -2.195554e+00  1.195635e+00  1.000000e+01
     vertex -5.973036e+00  3.650046e+00  1.000000e+01
     vertex -6.147551e+00  3.347778e+00  1.000000e+01
   endloop
 endfacet
 facet normal  0.000000e+00  0.000000e+00  1.000000e+00
   outer loop
     vertex -2.195554e+00  1.195635e+00  1.000000e+01
     vertex -6.147551e+00  3.347778e+00  1.000000e+01
     vertex -6.306782e+00  3.037186e+00  1.000000e+01
   endloop
 endfacet
 facet normal  0.000000e+00  0.000000e+00  1.000000e+00
   outer loop
     vertex -2.195554e+00  1.195635e+00  1.000000e+01
     vertex -6.306782e+00  3.037186e+00  1.000000e+01
     vertex -2.252422e+00  1.084709e+00  1.000000e+01
   endloop
 endfacet
 facet normal  0.000000e+00  0.000000e+00  1.000000e+00
   outer loop
     vertex  1.250000e+00 -2.165064e+00  1.000000e+01
     vertex  3.193475e+00 -6.229103e+00  1.000000e+01
     vertex  3.500000e+00 -6.062178e+00  1.000000e+01
   endloop
 endfacet
 facet normal  0.000000e+00  0.000000e+00  1.000000e+00
   outer loop
     vertex  1.250000e+00 -2.165064e+00  1.000000e+01
     vertex  1.140527e+00 -2.224680e+00  1.000000e+01
     vertex  3.193475e+00 -6.229103e+00  1.000000e+01
   endloop
 endfacet
 facet normal  0.000000e+00  0.000000e+00  1.000000e+00
   outer loop
     vertex -2.133227e+00  1.303588e+00  1.000000e+01
     vertex -5.973036e+00  3.650046e+00  1.000000e+01
     vertex -2.195554e+00  1.195635e+00  1.000000e+01
   endloop
 endfacet
 facet normal  0.000000e+00  0.000000e+00  1.000000e+00
   outer loop
     vertex  1.356366e+00 -2.100065e+00  1.000000e+01
     vertex  3.500000e+00 -6.062178e+00  1.000000e+01
     vertex  3.797824e+00 -5.880181e+00  1.000000e+01
   endloop
 endfacet
 facet normal  0.000000e+00  0.000000e+00  1.000000e+00
   outer loop
     vertex  1.356366e+00 -2.100065e+00  1.000000e+01
     vertex  1.250000e+00 -2.165064e+00  1.000000e+01
     vertex  3.500000e+00 -6.062178e+00  1.000000e+01
   endloop
 endfacet
 facet normal  0.000000e+00  0.000000e+00  1.000000e+00
   outer loop
     vertex -2.065597e+00  1.408300e+00  1.000000e+01
     vertex -5.783671e+00  3.943240e+00  1.000000e+01
     vertex -5.973036e+00  3.650046e+00  1.000000e+01
   endloop
 endfacet
 facet normal  0.000000e+00  0.000000e+00  1.000000e+00
   outer loop
     vertex -2.065597e+00  1.408300e+00  1.000000e+01
     vertex -5.973036e+00  3.650046e+00  1.000000e+01
     vertex -2.133227e+00  1.303588e+00  1.000000e+01
   endloop
 endfacet
 facet normal  0.000000e+00  0.000000e+00  1.000000e+00
   outer loop
     vertex  1.459359e+00 -2.029845e+00  1.000000e+01
     vertex  3.797824e+00 -5.880181e+00  1.000000e+01
     vertex  4.086206e+00 -5.683566e+00  1.000000e+01
   endloop
 endfacet
 facet normal  0.000000e+00  0.000000e+00  1.000000e+00
   outer loop
     vertex  1.459359e+00 -2.029845e+00  1.000000e+01
     vertex  1.356366e+00 -2.100065e+00  1.000000e+01
     vertex  3.797824e+00 -5.880181e+00  1.000000e+01
   endloop
 endfacet
 facet normal  0.000000e+00  0.000000e+00  1.000000e+00
   outer loop
     vertex -1.992831e+00  1.509511e+00  1.000000e+01
     vertex -5.579928e+00  4.226631e+00  1.000000e+01
     vertex -5.783671e+00  3.943240e+00  1.000000e+01
   endloop
 endfacet
 facet normal  0.000000e+00  0.000000e+00  1.000000e+00
   outer loop
     vertex -1.992831e+00  1.509511e+00  1.000000e+01
     vertex -5.783671e+00  3.943240e+00  1.000000e+01
     vertex -2.065597e+00  1.408300e+00  1.000000e+01
   endloop
 endfacet
 facet normal  0.000000e+00  0.000000e+00  1.000000e+00
   outer loop
     vertex  1.558725e+00 -1.954579e+00  1.000000e+01
     vertex  4.086206e+00 -5.683566e+00  1.000000e+01
     vertex  4.364429e+00 -5.472820e+00  1.000000e+01
   endloop
 endfacet
 facet normal  0.000000e+00  0.000000e+00  1.000000e+00
   outer loop
     vertex  1.558725e+00 -1.954579e+00  1.000000e+01
     vertex  1.459359e+00 -2.029845e+00  1.000000e+01
     vertex  4.086206e+00 -5.683566e+00  1.000000e+01
   endloop
 endfacet
 facet normal  0.000000e+00  0.000000e+00  1.000000e+00
   outer loop
     vertex -1.915111e+00  1.606969e+00  1.000000e+01
     vertex -5.362311e+00  4.499513e+00  1.000000e+01
     vertex -5.579928e+00  4.226631e+00  1.000000e+01
   endloop
 endfacet
 facet normal  0.000000e+00  0.000000e+00  1.000000e+00
   outer loop
     vertex -1.915111e+00  1.606969e+00  1.000000e+01
     vertex -5.579928e+00  4.226631e+00  1.000000e+01
     vertex -1.992831e+00  1.509511e+00  1.000000e+01
   endloop
 endfacet
 facet normal  0.000000e+00  0.000000e+00  1.000000e+00
   outer loop
     vertex  1.654215e+00 -1.874453e+00  1.000000e+01
     vertex  4.364429e+00 -5.472820e+00  1.000000e+01
     vertex  4.631801e+00 -5.248468e+00  1.000000e+01
   endloop
 endfacet
 facet normal  0.000000e+00  0.000000e+00  1.000000e+00
   outer loop
     vertex  1.654215e+00 -1.874453e+00  1.000000e+01
     vertex  1.558725e+00 -1.954579e+00  1.000000e+01
     vertex  4.364429e+00 -5.472820e+00  1.000000e+01
   endloop
 endfacet
 facet normal  0.000000e+00  0.000000e+00  1.000000e+00
   outer loop
     vertex -1.832630e+00  1.700432e+00  1.000000e+01
     vertex -5.131363e+00  4.761209e+00  1.000000e+01
     vertex -5.362311e+00  4.499513e+00  1.000000e+01
   endloop
 endfacet
 facet normal  0.000000e+00  0.000000e+00  1.000000e+00
   outer loop
     vertex -1.832630e+00  1.700432e+00  1.000000e+01
     vertex -5.362311e+00  4.499513e+00  1.000000e+01
     vertex -1.915111e+00  1.606969e+00  1.000000e+01
   endloop
 endfacet
 facet normal  0.000000e+00  0.000000e+00  1.000000e+00
   outer loop
     vertex  1.745592e+00 -1.789667e+00  1.000000e+01
     vertex  4.631801e+00 -5.248468e+00  1.000000e+01
     vertex  4.887658e+00 -5.011068e+00  1.000000e+01
   endloop
 endfacet
 facet normal  0.000000e+00  0.000000e+00  1.000000e+00
   outer loop
     vertex  1.745592e+00 -1.789667e+00  1.000000e+01
     vertex  1.654215e+00 -1.874453e+00  1.000000e+01
     vertex  4.631801e+00 -5.248468e+00  1.000000e+01
   endloop
 endfacet
 facet normal  0.000000e+00  0.000000e+00  1.000000e+00
   outer loop
     vertex -4.887658e+00  5.011068e+00  1.000000e+01
     vertex -1.832630e+00  1.700432e+00  1.000000e+01
     vertex -1.745592e+00  1.789667e+00  1.000000e+01
   endloop
 endfacet
 facet normal  0.000000e+00  0.000000e+00  1.000000e+00
   outer loop
     vertex -4.887658e+00  5.011068e+00  1.000000e+01
     vertex -5.131363e+00  4.761209e+00  1.000000e+01
     vertex -1.832630e+00  1.700432e+00  1.000000e+01
   endloop
 endfacet
 facet normal  0.000000e+00  0.000000e+00  1.000000e+00
   outer loop
     vertex  1.832630e+00 -1.700432e+00  1.000000e+01
     vertex  1.745592e+00 -1.789667e+00  1.000000e+01
     vertex  4.887658e+00 -5.011068e+00  1.000000e+01
   endloop
 endfacet
 facet normal  0.000000e+00  0.000000e+00  1.000000e+00
   outer loop
     vertex  5.131363e+00 -4.761209e+00  1.000000e+01
     vertex  1.915111e+00 -1.606969e+00  1.000000e+01
     vertex  1.832630e+00 -1.700432e+00  1.000000e+01
   endloop
 endfacet
 facet normal  0.000000e+00  0.000000e+00  1.000000e+00
   outer loop
     vertex  5.131363e+00 -4.761209e+00  1.000000e+01
     vertex  1.832630e+00 -1.700432e+00  1.000000e+01
     vertex  4.887658e+00 -5.011068e+00  1.000000e+01
   endloop
 endfacet
 facet normal  0.000000e+00  0.000000e+00  1.000000e+00
   outer loop
     vertex -4.631801e+00  5.248468e+00  1.000000e+01
     vertex -1.745592e+00  1.789667e+00  1.000000e+01
     vertex -1.654215e+00  1.874453e+00  1.000000e+01
   endloop
 endfacet
 facet normal  0.000000e+00  0.000000e+00  1.000000e+00
   outer loop
     vertex -4.631801e+00  5.248468e+00  1.000000e+01
     vertex -4.887658e+00  5.011068e+00  1.000000e+01
     vertex -1.745592e+00  1.789667e+00  1.000000e+01
   endloop
 endfacet
 facet normal  0.000000e+00  0.000000e+00  1.000000e+00
   outer loop
     vertex  5.362311e+00 -4.499513e+00  1.000000e+01
     vertex  1.915111e+00 -1.606969e+00  1.000000e+01
     vertex  5.131363e+00 -4.761209e+00  1.000000e+01
   endloop
 endfacet
 facet normal  0.000000e+00  0.000000e+00  1.000000e+00
   outer loop
     vertex  5.362311e+00 -4.499513e+00  1.000000e+01
     vertex  1.992831e+00 -1.509511e+00  1.000000e+01
     vertex  1.915111e+00 -1.606969e+00  1.000000e+01
   endloop
 endfacet
 facet normal  0.000000e+00  0.000000e+00  1.000000e+00
   outer loop
     vertex -4.364429e+00  5.472820e+00  1.000000e+01
     vertex -1.654215e+00  1.874453e+00  1.000000e+01
     vertex -1.558725e+00  1.954579e+00  1.000000e+01
   endloop
 endfacet
 facet normal  0.000000e+00  0.000000e+00  1.000000e+00
   outer loop
     vertex -4.364429e+00  5.472820e+00  1.000000e+01
     vertex -1.558725e+00  1.954579e+00  1.000000e+01
     vertex -1.459359e+00  2.029845e+00  1.000000e+01
   endloop
 endfacet
 facet normal  0.000000e+00  0.000000e+00  1.000000e+00
   outer loop
     vertex -4.364429e+00  5.472820e+00  1.000000e+01
     vertex -4.631801e+00  5.248468e+00  1.000000e+01
     vertex -1.654215e+00  1.874453e+00  1.000000e+01
   endloop
 endfacet
 facet normal  0.000000e+00  0.000000e+00  1.000000e+00
   outer loop
     vertex  5.579928e+00 -4.226631e+00  1.000000e+01
     vertex  1.992831e+00 -1.509511e+00  1.000000e+01
     vertex  5.362311e+00 -4.499513e+00  1.000000e+01
   endloop
 endfacet
 facet normal  0.000000e+00  0.000000e+00  1.000000e+00
   outer loop
     vertex  5.579928e+00 -4.226631e+00  1.000000e+01
     vertex  2.065597e+00 -1.408300e+00  1.000000e+01
     vertex  1.992831e+00 -1.509511e+00  1.000000e+01
   endloop
 endfacet
 facet normal  0.000000e+00  0.000000e+00  1.000000e+00
   outer loop
     vertex -4.086206e+00  5.683566e+00  1.000000e+01
     vertex -4.364429e+00  5.472820e+00  1.000000e+01
     vertex -1.459359e+00  2.029845e+00  1.000000e+01
   endloop
 endfacet
 facet normal  0.000000e+00  0.000000e+00  1.000000e+00
   outer loop
     vertex  5.783671e+00 -3.943240e+00  1.000000e+01
     vertex  2.133227e+00 -1.303588e+00  1.000000e+01
     vertex  2.065597e+00 -1.408300e+00  1.000000e+01
   endloop
 endfacet
 facet normal  0.000000e+00  0.000000e+00  1.000000e+00
   outer loop
     vertex  5.783671e+00 -3.943240e+00  1.000000e+01
     vertex  2.065597e+00 -1.408300e+00  1.000000e+01
     vertex  5.579928e+00 -4.226631e+00  1.000000e+01
   endloop
 endfacet
 facet normal  0.000000e+00  0.000000e+00  1.000000e+00
   outer loop
     vertex -3.797824e+00  5.880181e+00  1.000000e+01
     vertex -1.459359e+00  2.029845e+00  1.000000e+01
     vertex -1.356366e+00  2.100065e+00  1.000000e+01
   endloop
 endfacet
 facet normal  0.000000e+00  0.000000e+00  1.000000e+00
   outer loop
     vertex -3.797824e+00  5.880181e+00  1.000000e+01
     vertex -4.086206e+00  5.683566e+00  1.000000e+01
     vertex -1.459359e+00  2.029845e+00  1.000000e+01
   endloop
 endfacet
 facet normal  0.000000e+00  0.000000e+00  1.000000e+00
   outer loop
     vertex  5.973036e+00 -3.650046e+00  1.000000e+01
     vertex  2.133227e+00 -1.303588e+00  1.000000e+01
     vertex  5.783671e+00 -3.943240e+00  1.000000e+01
   endloop
 endfacet
 facet normal  0.000000e+00  0.000000e+00  1.000000e+00
   outer loop
     vertex -3.500000e+00  6.062178e+00  1.000000e+01
     vertex -1.356366e+00  2.100065e+00  1.000000e+01
     vertex -1.250000e+00  2.165064e+00  1.000000e+01
   endloop
 endfacet
 facet normal  0.000000e+00  0.000000e+00  1.000000e+00
   outer loop
     vertex -3.500000e+00  6.062178e+00  1.000000e+01
     vertex -3.797824e+00  5.880181e+00  1.000000e+01
     vertex -1.356366e+00  2.100065e+00  1.000000e+01
   endloop
 endfacet
 facet normal  0.000000e+00  0.000000e+00  1.000000e+00
   outer loop
     vertex  6.147551e+00 -3.347778e+00  1.000000e+01
     vertex  2.252422e+00 -1.084709e+00  1.000000e+01
     vertex  2.195554e+00 -1.195635e+00  1.000000e+01
   endloop
 endfacet
 facet normal  0.000000e+00  0.000000e+00  1.000000e+00
   outer loop
     vertex  6.147551e+00 -3.347778e+00  1.000000e+01
     vertex  2.195554e+00 -1.195635e+00  1.000000e+01
     vertex  2.133227e+00 -1.303588e+00  1.000000e+01
   endloop
 endfacet
 facet normal  0.000000e+00  0.000000e+00  1.000000e+00
   outer loop
     vertex  6.147551e+00 -3.347778e+00  1.000000e+01
     vertex  2.133227e+00 -1.303588e+00  1.000000e+01
     vertex  5.973036e+00 -3.650046e+00  1.000000e+01
   endloop
 endfacet
 facet normal  0.000000e+00  0.000000e+00  1.000000e+00
   outer loop
     vertex -3.193475e+00  6.229103e+00  1.000000e+01
     vertex -1.250000e+00  2.165064e+00  1.000000e+01
     vertex -1.140527e+00  2.224680e+00  1.000000e+01
   endloop
 endfacet
 facet normal  0.000000e+00  0.000000e+00  1.000000e+00
   outer loop
     vertex -3.193475e+00  6.229103e+00  1.000000e+01
     vertex -3.500000e+00  6.062178e+00  1.000000e+01
     vertex -1.250000e+00  2.165064e+00  1.000000e+01
   endloop
 endfacet
 facet normal  0.000000e+00  0.000000e+00  1.000000e+00
   outer loop
     vertex  6.306782e+00 -3.037186e+00  1.000000e+01
     vertex  2.252422e+00 -1.084709e+00  1.000000e+01
     vertex  6.147551e+00 -3.347778e+00  1.000000e+01
   endloop
 endfacet
 facet normal  0.000000e+00  0.000000e+00  1.000000e+00
   outer loop
     vertex -2.879010e+00  6.380541e+00  1.000000e+01
     vertex -1.140527e+00  2.224680e+00  1.000000e+01
     vertex -1.028218e+00  2.278765e+00  1.000000e+01
   endloop
 endfacet
 facet normal  0.000000e+00  0.000000e+00  1.000000e+00
   outer loop
     vertex -2.879010e+00  6.380541e+00  1.000000e+01
     vertex -3.193475e+00  6.229103e+00  1.000000e+01
     vertex -1.140527e+00  2.224680e+00  1.000000e+01
   endloop
 endfacet
 facet normal  0.000000e+00  0.000000e+00  1.000000e+00
   outer loop
     vertex  6.450333e+00 -2.719044e+00  1.000000e+01
     vertex  2.349232e+00 -8.550504e-01  1.000000e+01
     vertex  2.303691e+00 -9.710870e-01  1.000000e+01
   endloop
 endfacet
 facet normal  0.000000e+00  0.000000e+00  1.000000e+00
   outer loop
     vertex  6.450333e+00 -2.719044e+00  1.000000e+01
     vertex  2.303691e+00 -9.710870e-01  1.000000e+01
     vertex  2.252422e+00 -1.084709e+00  1.000000e+01
   endloop
 endfacet
 facet normal  0.000000e+00  0.000000e+00  1.000000e+00
   outer loop
     vertex  6.450333e+00 -2.719044e+00  1.000000e+01
     vertex  2.252422e+00 -1.084709e+00  1.000000e+01
     vertex  6.306782e+00 -3.037186e+00  1.000000e+01
   endloop
 endfacet
 facet normal  0.000000e+00  0.000000e+00  1.000000e+00
   outer loop
     vertex -2.557387e+00  6.516116e+00  1.000000e+01
     vertex -1.028218e+00  2.278765e+00  1.000000e+01
     vertex -9.133526e-01  2.327184e+00  1.000000e+01
   endloop
 endfacet
 facet normal  0.000000e+00  0.000000e+00  1.000000e+00
   outer loop
     vertex -2.557387e+00  6.516116e+00  1.000000e+01
     vertex -2.879010e+00  6.380541e+00  1.000000e+01
     vertex -1.028218e+00  2.278765e+00  1.000000e+01
   endloop
 endfacet
 facet normal  0.000000e+00  0.000000e+00  1.000000e+00
   outer loop
     vertex  6.577848e+00 -2.394141e+00  1.000000e+01
     vertex  2.349232e+00 -8.550504e-01  1.000000e+01
     vertex  6.450333e+00 -2.719044e+00  1.000000e+01
   endloop
 endfacet
 facet normal  0.000000e+00  0.000000e+00  1.000000e+00
   outer loop
     vertex -2.229407e+00  6.635491e+00  1.000000e+01
     vertex -9.133526e-01  2.327184e+00  1.000000e+01
     vertex -7.962166e-01  2.369818e+00  1.000000e+01
   endloop
 endfacet
 facet normal  0.000000e+00  0.000000e+00  1.000000e+00
   outer loop
     vertex -2.229407e+00  6.635491e+00  1.000000e+01
     vertex -2.557387e+00  6.516116e+00  1.000000e+01
     vertex -9.133526e-01  2.327184e+00  1.000000e+01
   endloop
 endfacet
 facet normal  0.000000e+00  0.000000e+00  1.000000e+00
   outer loop
     vertex  6.689010e+00 -2.063286e+00  1.000000e+01
     vertex  2.349232e+00 -8.550504e-01  1.000000e+01
     vertex  6.577848e+00 -2.394141e+00  1.000000e+01
   endloop
 endfacet
 facet normal  0.000000e+00  0.000000e+00  1.000000e+00
   outer loop
     vertex  6.689010e+00 -2.063286e+00  1.000000e+01
     vertex  2.422693e+00 -6.168935e-01  1.000000e+01
     vertex  2.388932e+00 -7.368879e-01  1.000000e+01
   endloop
 endfacet
 facet normal  0.000000e+00  0.000000e+00  1.000000e+00
   outer loop
     vertex  6.689010e+00 -2.063286e+00  1.000000e+01
     vertex  2.388932e+00 -7.368879e-01  1.000000e+01
     vertex  2.349232e+00 -8.550504e-01  1.000000e+01
   endloop
 endfacet
 facet normal  0.000000e+00  0.000000e+00  1.000000e+00
   outer loop
     vertex -1.895883e+00  6.738370e+00  1.000000e+01
     vertex -7.962166e-01  2.369818e+00  1.000000e+01
     vertex -6.771012e-01  2.406561e+00  1.000000e+01
   endloop
 endfacet
 facet normal  0.000000e+00  0.000000e+00  1.000000e+00
   outer loop
     vertex -1.895883e+00  6.738370e+00  1.000000e+01
     vertex -2.229407e+00  6.635491e+00  1.000000e+01
     vertex -7.962166e-01  2.369818e+00  1.000000e+01
   endloop
 endfacet
 facet normal  0.000000e+00  0.000000e+00  1.000000e+00
   outer loop
     vertex  6.783541e+00 -1.727302e+00  1.000000e+01
     vertex  2.422693e+00 -6.168935e-01  1.000000e+01
     vertex  6.689010e+00 -2.063286e+00  1.000000e+01
   endloop
 endfacet
 facet normal  0.000000e+00  0.000000e+00  1.000000e+00
   outer loop
     vertex -1.557647e+00  6.824495e+00  1.000000e+01
     vertex -6.771012e-01  2.406561e+00  1.000000e+01
     vertex -5.563023e-01  2.437320e+00  1.000000e+01
   endloop
 endfacet
 facet normal  0.000000e+00  0.000000e+00  1.000000e+00
   outer loop
     vertex -1.557647e+00  6.824495e+00  1.000000e+01
     vertex -1.895883e+00  6.738370e+00  1.000000e+01
     vertex -6.771012e-01  2.406561e+00  1.000000e+01
   endloop
 endfacet
 facet normal  0.000000e+00  0.000000e+00  1.000000e+00
   outer loop
     vertex  6.861207e+00 -1.387023e+00  1.000000e+01
     vertex  2.422693e+00 -6.168935e-01  1.000000e+01
     vertex  6.783541e+00 -1.727302e+00  1.000000e+01
   endloop
 endfacet
 facet normal  0.000000e+00  0.000000e+00  1.000000e+00
   outer loop
     vertex  6.861207e+00 -1.387023e+00  1.000000e+01
     vertex  2.472077e+00 -3.726057e-01  1.000000e+01
     vertex  2.450431e+00 -4.953654e-01  1.000000e+01
   endloop
 endfacet
 facet normal  0.000000e+00  0.000000e+00  1.000000e+00
   outer loop
     vertex  6.861207e+00 -1.387023e+00  1.000000e+01
     vertex  2.450431e+00 -4.953654e-01  1.000000e+01
     vertex  2.422693e+00 -6.168935e-01  1.000000e+01
   endloop
 endfacet
 facet normal  0.000000e+00  0.000000e+00  1.000000e+00
   outer loop
     vertex -1.215537e+00  6.893654e+00  1.000000e+01
     vertex -5.563023e-01  2.437320e+00  1.000000e+01
     vertex -4.341204e-01  2.462019e+00  1.000000e+01
   endloop
 endfacet
 facet normal  0.000000e+00  0.000000e+00  1.000000e+00
   outer loop
     vertex -1.215537e+00  6.893654e+00  1.000000e+01
     vertex -1.557647e+00  6.824495e+00  1.000000e+01
     vertex -5.563023e-01  2.437320e+00  1.000000e+01
   endloop
 endfacet
 facet normal  0.000000e+00  0.000000e+00  1.000000e+00
   outer loop
     vertex  6.921816e+00 -1.043296e+00  1.000000e+01
     vertex  2.472077e+00 -3.726057e-01  1.000000e+01
     vertex  6.861207e+00 -1.387023e+00  1.000000e+01
   endloop
 endfacet
 facet normal  0.000000e+00  0.000000e+00  1.000000e+00
   outer loop
     vertex  6.921816e+00 -1.043296e+00  1.000000e+01
     vertex  2.487577e+00 -2.489196e-01  1.000000e+01
     vertex  2.472077e+00 -3.726057e-01  1.000000e+01
   endloop
 endfacet
 facet normal  0.000000e+00  0.000000e+00  1.000000e+00
   outer loop
     vertex -8.704059e-01  6.945674e+00  1.000000e+01
     vertex -4.341204e-01  2.462019e+00  1.000000e+01
     vertex -3.108593e-01  2.480598e+00  1.000000e+01
   endloop
 endfacet
 facet normal  0.000000e+00  0.000000e+00  1.000000e+00
   outer loop
     vertex -8.704059e-01  6.945674e+00  1.000000e+01
     vertex -1.215537e+00  6.893654e+00  1.000000e+01
     vertex -4.341204e-01  2.462019e+00  1.000000e+01
   endloop
 endfacet
 facet normal  0.000000e+00  0.000000e+00  1.000000e+00
   outer loop
     vertex  6.965215e+00 -6.969749e-01  1.000000e+01
     vertex  2.487577e+00 -2.489196e-01  1.000000e+01
     vertex  6.921816e+00 -1.043296e+00  1.000000e+01
   endloop
 endfacet
 facet normal  0.000000e+00  0.000000e+00  1.000000e+00
   outer loop
     vertex -5.231107e-01  6.980427e+00  1.000000e+01
     vertex -3.108593e-01  2.480598e+00  1.000000e+01
     vertex -1.868252e-01  2.493009e+00  1.000000e+01
   endloop
 endfacet
 facet normal  0.000000e+00  0.000000e+00  1.000000e+00
   outer loop
     vertex -5.231107e-01  6.980427e+00  1.000000e+01
     vertex -1.868252e-01  2.493009e+00  1.000000e+01
     vertex -6.232673e-02  2.499223e+00  1.000000e+01
   endloop
 endfacet
 facet normal  0.000000e+00  0.000000e+00  1.000000e+00
   outer loop
     vertex -5.231107e-01  6.980427e+00  1.000000e+01
     vertex -8.704059e-01  6.945674e+00  1.000000e+01
     vertex -3.108593e-01  2.480598e+00  1.000000e+01
   endloop
 endfacet
 facet normal  0.000000e+00  0.000000e+00  1.000000e+00
   outer loop
     vertex  6.991298e+00 -3.489212e-01  1.000000e+01
     vertex  2.500000e+00  0.000000e+00  1.000000e+01
     vertex  2.496892e+00 -1.246147e-01  1.000000e+01
   endloop
 endfacet
 facet normal  0.000000e+00  0.000000e+00  1.000000e+00
   outer loop
     vertex  6.991298e+00 -3.489212e-01  1.000000e+01
     vertex  2.496892e+00 -1.246147e-01  1.000000e+01
     vertex  2.487577e+00 -2.489196e-01  1.000000e+01
   endloop
 endfacet
 facet normal  0.000000e+00  0.000000e+00  1.000000e+00
   outer loop
     vertex  6.991298e+00 -3.489212e-01  1.000000e+01
     vertex  2.487577e+00 -2.489196e-01  1.000000e+01
     vertex  6.965215e+00 -6.969749e-01  1.000000e+01
   endloop
 endfacet
 facet normal  0.000000e+00  0.000000e+00  1.000000e+00
   outer loop
     vertex -1.745148e-01  6.997824e+00  1.000000e+01
     vertex -5.231107e-01  6.980427e+00  1.000000e+01
     vertex -6.232673e-02  2.499223e+00  1.000000e+01
   endloop
 endfacet
 facet normal  0.000000e+00  0.000000e+00  1.000000e+00
   outer loop
     vertex  7.000000e+00  0.000000e+00  1.000000e+01
     vertex  2.500000e+00  0.000000e+00  1.000000e+01
     vertex  6.991298e+00 -3.489212e-01  1.000000e+01
   endloop
 endfacet
 facet normal  0.000000e+00  0.000000e+00  1.000000e+00
   outer loop
     vertex  1.745148e-01  6.997824e+00  1.000000e+01
     vertex -6.232673e-02  2.499223e+00  1.000000e+01
     vertex  6.232673e-02  2.499223e+00  1.000000e+01
   endloop
 endfacet
 facet normal  0.000000e+00  0.000000e+00  1.000000e+00
   outer loop
     vertex  1.745148e-01  6.997824e+00  1.000000e+01
     vertex -1.745148e-01  6.997824e+00  1.000000e+01
     vertex -6.232673e-02  2.499223e+00  1.000000e+01
   endloop
 endfacet
 facet normal  0.000000e+00  0.000000e+00  1.000000e+00
   outer loop
     vertex  6.991298e+00  3.489212e-01  1.000000e+01
     vertex  2.500000e+00  0.000000e+00  1.000000e+01
     vertex  7.000000e+00  0.000000e+00  1.000000e+01
   endloop
 endfacet
 facet normal  0.000000e+00  0.000000e+00  1.000000e+00
   outer loop
     vertex  6.991298e+00  3.489212e-01  1.000000e+01
     vertex  2.496892e+00  1.246147e-01  1.000000e+01
     vertex  2.500000e+00  0.000000e+00  1.000000e+01
   endloop
 endfacet
 facet normal  0.000000e+00  0.000000e+00  1.000000e+00
   outer loop
     vertex  5.231107e-01  6.980427e+00  1.000000e+01
     vertex  6.232673e-02  2.499223e+00  1.000000e+01
     vertex  1.868252e-01  2.493009e+00  1.000000e+01
   endloop
 endfacet
 facet normal  0.000000e+00  0.000000e+00  1.000000e+00
   outer loop
     vertex  5.231107e-01  6.980427e+00  1.000000e+01
     vertex  1.745148e-01  6.997824e+00  1.000000e+01
     vertex  6.232673e-02  2.499223e+00  1.000000e+01
   endloop
 endfacet
 facet normal  0.000000e+00  0.000000e+00  1.000000e+00
   outer loop
     vertex  6.965215e+00  6.969749e-01  1.000000e+01
     vertex  2.487577e+00  2.489196e-01  1.000000e+01
     vertex  2.496892e+00  1.246147e-01  1.000000e+01
   endloop
 endfacet
 facet normal  0.000000e+00  0.000000e+00  1.000000e+00
   outer loop
     vertex  6.965215e+00  6.969749e-01  1.000000e+01
     vertex  2.496892e+00  1.246147e-01  1.000000e+01
     vertex  6.991298e+00  3.489212e-01  1.000000e+01
   endloop
 endfacet
 facet normal  0.000000e+00  0.000000e+00  1.000000e+00
   outer loop
     vertex  8.704059e-01  6.945674e+00  1.000000e+01
     vertex  1.868252e-01  2.493009e+00  1.000000e+01
     vertex  3.108593e-01  2.480598e+00  1.000000e+01
   endloop
 endfacet
 facet normal  0.000000e+00  0.000000e+00  1.000000e+00
   outer loop
     vertex  8.704059e-01  6.945674e+00  1.000000e+01
     vertex  5.231107e-01  6.980427e+00  1.000000e+01
     vertex  1.868252e-01  2.493009e+00  1.000000e+01
   endloop
 endfacet
 facet normal  0.000000e+00  0.000000e+00  1.000000e+00
   outer loop
     vertex  6.921816e+00  1.043296e+00  1.000000e+01
     vertex  2.450431e+00  4.953654e-01  1.000000e+01
     vertex  2.472077e+00  3.726057e-01  1.000000e+01
   endloop
 endfacet
 facet normal  0.000000e+00  0.000000e+00  1.000000e+00
   outer loop
     vertex  6.921816e+00  1.043296e+00  1.000000e+01
     vertex  2.472077e+00  3.726057e-01  1.000000e+01
     vertex  2.487577e+00  2.489196e-01  1.000000e+01
   endloop
 endfacet
 facet normal  0.000000e+00  0.000000e+00  1.000000e+00
   outer loop
     vertex  6.921816e+00  1.043296e+00  1.000000e+01
     vertex  2.487577e+00  2.489196e-01  1.000000e+01
     vertex  6.965215e+00  6.969749e-01  1.000000e+01
   endloop
 endfacet
 facet normal  0.000000e+00  0.000000e+00  1.000000e+00
   outer loop
     vertex  1.215537e+00  6.893654e+00  1.000000e+01
     vertex  3.108593e-01  2.480598e+00  1.000000e+01
     vertex  4.341204e-01  2.462019e+00  1.000000e+01
   endloop
 endfacet
 facet normal  0.000000e+00  0.000000e+00  1.000000e+00
   outer loop
     vertex  1.215537e+00  6.893654e+00  1.000000e+01
     vertex  8.704059e-01  6.945674e+00  1.000000e+01
     vertex  3.108593e-01  2.480598e+00  1.000000e+01
   endloop
 endfacet
 facet normal  0.000000e+00  0.000000e+00  1.000000e+00
   outer loop
     vertex  6.861207e+00  1.387023e+00  1.000000e+01
     vertex  2.450431e+00  4.953654e-01  1.000000e+01
     vertex  6.921816e+00  1.043296e+00  1.000000e+01
   endloop
 endfacet
 facet normal  0.000000e+00  0.000000e+00  1.000000e+00
   outer loop
     vertex  6.861207e+00  1.387023e+00  1.000000e+01
     vertex  2.422693e+00  6.168935e-01  1.000000e+01
     vertex  2.450431e+00  4.953654e-01  1.000000e+01
   endloop
 endfacet
 facet normal  0.000000e+00  0.000000e+00  1.000000e+00
   outer loop
     vertex  1.557647e+00  6.824495e+00  1.000000e+01
     vertex  4.341204e-01  2.462019e+00  1.000000e+01
     vertex  5.563023e-01  2.437320e+00  1.000000e+01
   endloop
 endfacet
 facet normal  0.000000e+00  0.000000e+00  1.000000e+00
   outer loop
     vertex  1.557647e+00  6.824495e+00  1.000000e+01
     vertex  1.215537e+00  6.893654e+00  1.000000e+01
     vertex  4.341204e-01  2.462019e+00  1.000000e+01
   endloop
 endfacet
 facet normal  0.000000e+00  0.000000e+00  1.000000e+00
   outer loop
     vertex  6.783541e+00  1.727302e+00  1.000000e+01
     vertex  2.422693e+00  6.168935e-01  1.000000e+01
     vertex  6.861207e+00  1.387023e+00  1.000000e+01
   endloop
 endfacet
 facet normal  0.000000e+00  0.000000e+00  1.000000e+00
   outer loop
     vertex  1.895883e+00  6.738370e+00  1.000000e+01
     vertex  1.557647e+00  6.824495e+00  1.000000e+01
     vertex  5.563023e-01  2.437320e+00  1.000000e+01
   endloop
 endfacet
 facet normal  0.000000e+00  0.000000e+00  1.000000e+00
   outer loop
     vertex  1.895883e+00  6.738370e+00  1.000000e+01
     vertex  5.563023e-01  2.437320e+00  1.000000e+01
     vertex  6.771012e-01  2.406561e+00  1.000000e+01
   endloop
 endfacet
 facet normal  0.000000e+00  0.000000e+00  1.000000e+00
   outer loop
     vertex  1.895883e+00  6.738370e+00  1.000000e+01
     vertex  6.771012e-01  2.406561e+00  1.000000e+01
     vertex  7.962166e-01  2.369818e+00  1.000000e+01
   endloop
 endfacet
 facet normal  0.000000e+00  0.000000e+00  1.000000e+00
   outer loop
     vertex  6.689010e+00  2.063286e+00  1.000000e+01
     vertex  2.388932e+00  7.368879e-01  1.000000e+01
     vertex  2.422693e+00  6.168935e-01  1.000000e+01
   endloop
 endfacet
 facet normal  0.000000e+00  0.000000e+00  1.000000e+00
   outer loop
     vertex  6.689010e+00  2.063286e+00  1.000000e+01
     vertex  2.422693e+00  6.168935e-01  1.000000e+01
     vertex  6.783541e+00  1.727302e+00  1.000000e+01
   endloop
 endfacet
 facet normal  0.000000e+00  0.000000e+00  1.000000e+00
   outer loop
     vertex  2.229407e+00  6.635491e+00  1.000000e+01
     vertex  1.895883e+00  6.738370e+00  1.000000e+01
     vertex  7.962166e-01  2.369818e+00  1.000000e+01
   endloop
 endfacet
 facet normal  0.000000e+00  0.000000e+00  1.000000e+00
   outer loop
     vertex  6.577848e+00  2.394141e+00  1.000000e+01
     vertex  2.388932e+00  7.368879e-01  1.000000e+01
     vertex  6.689010e+00  2.063286e+00  1.000000e+01
   endloop
 endfacet
 facet normal  0.000000e+00  0.000000e+00  1.000000e+00
   outer loop
     vertex  6.577848e+00  2.394141e+00  1.000000e+01
     vertex  2.349232e+00  8.550504e-01  1.000000e+01
     vertex  2.388932e+00  7.368879e-01  1.000000e+01
   endloop
 endfacet
 facet normal  0.000000e+00  0.000000e+00  1.000000e+00
   outer loop
     vertex  2.557387e+00  6.516116e+00  1.000000e+01
     vertex  2.229407e+00  6.635491e+00  1.000000e+01
     vertex  7.962166e-01  2.369818e+00  1.000000e+01
   endloop
 endfacet
 facet normal  0.000000e+00  0.000000e+00  1.000000e+00
   outer loop
     vertex  2.557387e+00  6.516116e+00  1.000000e+01
     vertex  7.962166e-01  2.369818e+00  1.000000e+01
     vertex  9.133526e-01  2.327184e+00  1.000000e+01
   endloop
 endfacet
 facet normal  0.000000e+00  0.000000e+00  1.000000e+00
   outer loop
     vertex  6.450333e+00  2.719044e+00  1.000000e+01
     vertex  2.349232e+00  8.550504e-01  1.000000e+01
     vertex  6.577848e+00  2.394141e+00  1.000000e+01
   endloop
 endfacet
 facet normal  0.000000e+00  0.000000e+00  1.000000e+00
   outer loop
     vertex  6.450333e+00  2.719044e+00  1.000000e+01
     vertex  2.303691e+00  9.710870e-01  1.000000e+01
     vertex  2.349232e+00  8.550504e-01  1.000000e+01
   endloop
 endfacet
 facet normal  0.000000e+00  0.000000e+00  1.000000e+00
   outer loop
     vertex  2.879010e+00  6.380541e+00  1.000000e+01
     vertex  2.557387e+00  6.516116e+00  1.000000e+01
     vertex  9.133526e-01  2.327184e+00  1.000000e+01
   endloop
 endfacet
 facet normal  0.000000e+00  0.000000e+00  1.000000e+00
   outer loop
     vertex  2.879010e+00  6.380541e+00  1.000000e+01
     vertex  9.133526e-01  2.327184e+00  1.000000e+01
     vertex  1.028218e+00  2.278765e+00  1.000000e+01
   endloop
 endfacet
 facet normal  0.000000e+00  0.000000e+00  1.000000e+00
   outer loop
     vertex  6.306782e+00  3.037186e+00  1.000000e+01
     vertex  2.303691e+00  9.710870e-01  1.000000e+01
     vertex  6.450333e+00  2.719044e+00  1.000000e+01
   endloop
 endfacet
 facet normal  0.000000e+00  0.000000e+00  1.000000e+00
   outer loop
     vertex  6.306782e+00  3.037186e+00  1.000000e+01
     vertex  2.252422e+00  1.084709e+00  1.000000e+01
     vertex  2.303691e+00  9.710870e-01  1.000000e+01
   endloop
 endfacet
 facet normal  0.000000e+00  0.000000e+00  1.000000e+00
   outer loop
     vertex  3.193475e+00  6.229103e+00  1.000000e+01
     vertex  1.028218e+00  2.278765e+00  1.000000e+01
     vertex  1.140527e+00  2.224680e+00  1.000000e+01
   endloop
 endfacet
 facet normal  0.000000e+00  0.000000e+00  1.000000e+00
   outer loop
     vertex  3.193475e+00  6.229103e+00  1.000000e+01
     vertex  2.879010e+00  6.380541e+00  1.000000e+01
     vertex  1.028218e+00  2.278765e+00  1.000000e+01
   endloop
 endfacet
 facet normal  0.000000e+00  0.000000e+00  1.000000e+00
   outer loop
     vertex  6.147551e+00  3.347778e+00  1.000000e+01
     vertex  2.252422e+00  1.084709e+00  1.000000e+01
     vertex  6.306782e+00  3.037186e+00  1.000000e+01
   endloop
 endfacet
 facet normal  0.000000e+00  0.000000e+00  1.000000e+00
   outer loop
     vertex  6.147551e+00  3.347778e+00  1.000000e+01
     vertex  2.195554e+00  1.195635e+00  1.000000e+01
     vertex  2.252422e+00  1.084709e+00  1.000000e+01
   endloop
 endfacet
 facet normal  0.000000e+00  0.000000e+00  1.000000e+00
   outer loop
     vertex  3.500000e+00  6.062178e+00  1.000000e+01
     vertex  3.193475e+00  6.229103e+00  1.000000e+01
     vertex  1.140527e+00  2.224680e+00  1.000000e+01
   endloop
 endfacet
 facet normal  0.000000e+00  0.000000e+00  1.000000e+00
   outer loop
     vertex  3.500000e+00  6.062178e+00  1.000000e+01
     vertex  1.140527e+00  2.224680e+00  1.000000e+01
     vertex  1.250000e+00  2.165064e+00  1.000000e+01
   endloop
 endfacet
 facet normal  0.000000e+00  0.000000e+00  1.000000e+00
   outer loop
     vertex  5.973036e+00  3.650046e+00  1.000000e+01
     vertex  2.195554e+00  1.195635e+00  1.000000e+01
     vertex  6.147551e+00  3.347778e+00  1.000000e+01
   endloop
 endfacet
 facet normal  0.000000e+00  0.000000e+00  1.000000e+00
   outer loop
     vertex  5.973036e+00  3.650046e+00  1.000000e+01
     vertex  2.133227e+00  1.303588e+00  1.000000e+01
     vertex  2.195554e+00  1.195635e+00  1.000000e+01
   endloop
 endfacet
 facet normal  0.000000e+00  0.000000e+00  1.000000e+00
   outer loop
     vertex  3.797824e+00  5.880181e+00  1.000000e+01
     vertex  1.250000e+00  2.165064e+00  1.000000e+01
     vertex  1.356366e+00  2.100065e+00  1.000000e+01
   endloop
 endfacet
 facet normal  0.000000e+00  0.000000e+00  1.000000e+00
   outer loop
     vertex  3.797824e+00  5.880181e+00  1.000000e+01
     vertex  3.500000e+00  6.062178e+00  1.000000e+01
     vertex  1.250000e+00  2.165064e+00  1.000000e+01
   endloop
 endfacet
 facet normal  0.000000e+00  0.000000e+00  1.000000e+00
   outer loop
     vertex  5.783671e+00  3.943240e+00  1.000000e+01
     vertex  2.133227e+00  1.303588e+00  1.000000e+01
     vertex  5.973036e+00  3.650046e+00  1.000000e+01
   endloop
 endfacet
 facet normal  0.000000e+00  0.000000e+00  1.000000e+00
   outer loop
     vertex  5.783671e+00  3.943240e+00  1.000000e+01
     vertex  1.992831e+00  1.509511e+00  1.000000e+01
     vertex  2.065597e+00  1.408300e+00  1.000000e+01
   endloop
 endfacet
 facet normal  0.000000e+00  0.000000e+00  1.000000e+00
   outer loop
     vertex  5.783671e+00  3.943240e+00  1.000000e+01
     vertex  2.065597e+00  1.408300e+00  1.000000e+01
     vertex  2.133227e+00  1.303588e+00  1.000000e+01
   endloop
 endfacet
 facet normal  0.000000e+00  0.000000e+00  1.000000e+00
   outer loop
     vertex  4.086206e+00  5.683566e+00  1.000000e+01
     vertex  1.356366e+00  2.100065e+00  1.000000e+01
     vertex  1.459359e+00  2.029845e+00  1.000000e+01
   endloop
 endfacet
 facet normal  0.000000e+00  0.000000e+00  1.000000e+00
   outer loop
     vertex  4.086206e+00  5.683566e+00  1.000000e+01
     vertex  3.797824e+00  5.880181e+00  1.000000e+01
     vertex  1.356366e+00  2.100065e+00  1.000000e+01
   endloop
 endfacet
 facet normal  0.000000e+00  0.000000e+00  1.000000e+00
   outer loop
     vertex  4.086206e+00  5.683566e+00  1.000000e+01
     vertex  1.459359e+00  2.029845e+00  1.000000e+01
     vertex  1.558725e+00  1.954579e+00  1.000000e+01
   endloop
 endfacet
 facet normal  0.000000e+00  0.000000e+00  1.000000e+00
   outer loop
     vertex  5.579928e+00  4.226631e+00  1.000000e+01
     vertex  1.992831e+00  1.509511e+00  1.000000e+01
     vertex  5.783671e+00  3.943240e+00  1.000000e+01
   endloop
 endfacet
 facet normal  0.000000e+00  0.000000e+00  1.000000e+00
   outer loop
     vertex  4.364429e+00  5.472820e+00  1.000000e+01
     vertex  4.086206e+00  5.683566e+00  1.000000e+01
     vertex  1.558725e+00  1.954579e+00  1.000000e+01
   endloop
 endfacet
 facet normal  0.000000e+00  0.000000e+00  1.000000e+00
   outer loop
     vertex  5.362311e+00  4.499513e+00  1.000000e+01
     vertex  1.992831e+00  1.509511e+00  1.000000e+01
     vertex  5.579928e+00  4.226631e+00  1.000000e+01
   endloop
 endfacet
 facet normal  0.000000e+00  0.000000e+00  1.000000e+00
   outer loop
     vertex  5.362311e+00  4.499513e+00  1.000000e+01
     vertex  1.832630e+00  1.700432e+00  1.000000e+01
     vertex  1.915111e+00  1.606969e+00  1.000000e+01
   endloop
 endfacet
 facet normal  0.000000e+00  0.000000e+00  1.000000e+00
   outer loop
     vertex  5.362311e+00  4.499513e+00  1.000000e+01
     vertex  1.915111e+00  1.606969e+00  1.000000e+01
     vertex  1.992831e+00  1.509511e+00  1.000000e+01
   endloop
 endfacet
 facet normal  0.000000e+00  0.000000e+00  1.000000e+00
   outer loop
     vertex  4.631801e+00  5.248468e+00  1.000000e+01
     vertex  1.558725e+00  1.954579e+00  1.000000e+01
     vertex  1.654215e+00  1.874453e+00  1.000000e+01
   endloop
 endfacet
 facet normal  0.000000e+00  0.000000e+00  1.000000e+00
   outer loop
     vertex  4.631801e+00  5.248468e+00  1.000000e+01
     vertex  1.654215e+00  1.874453e+00  1.000000e+01
     vertex  1.745592e+00  1.789667e+00  1.000000e+01
   endloop
 endfacet
 facet normal  0.000000e+00  0.000000e+00  1.000000e+00
   outer loop
     vertex  4.631801e+00  5.248468e+00  1.000000e+01
     vertex  4.364429e+00  5.472820e+00  1.000000e+01
     vertex  1.558725e+00  1.954579e+00  1.000000e+01
   endloop
 endfacet
 facet normal  0.000000e+00  0.000000e+00  1.000000e+00
   outer loop
     vertex  5.131363e+00  4.761209e+00  1.000000e+01
     vertex  1.832630e+00  1.700432e+00  1.000000e+01
     vertex  5.362311e+00  4.499513e+00  1.000000e+01
   endloop
 endfacet
 facet normal  0.000000e+00  0.000000e+00  1.000000e+00
   outer loop
     vertex  5.131363e+00  4.761209e+00  1.000000e+01
     vertex  1.745592e+00  1.789667e+00  1.000000e+01
     vertex  1.832630e+00  1.700432e+00  1.000000e+01
   endloop
 endfacet
 facet normal  0.000000e+00  0.000000e+00  1.000000e+00
   outer loop
     vertex  4.887658e+00  5.011068e+00  1.000000e+01
     vertex  1.745592e+00  1.789667e+00  1.000000e+01
     vertex  5.131363e+00  4.761209e+00  1.000000e+01
   endloop
 endfacet
 facet normal  0.000000e+00  0.000000e+00  1.000000e+00
   outer loop
     vertex  4.887658e+00  5.011068e+00  1.000000e+01
     vertex  4.631801e+00  5.248468e+00  1.000000e+01
     vertex  1.745592e+00  1.789667e+00  1.000000e+01
   endloop
 endfacet
endsolid
