solid CadrixAI_v2_93125546d0d9
 facet normal -1.000000e+00  0.000000e+00  0.000000e+00
   outer loop
     vertex -5.000000e+01 -3.840000e+01  0.000000e+00
     vertex -5.000000e+01  3.840000e+01  4.000000e+01
     vertex -5.000000e+01  3.840000e+01  0.000000e+00
   endloop
 endfacet
 facet normal -1.000000e+00  0.000000e+00  0.000000e+00
   outer loop
     vertex -5.000000e+01 -3.840000e+01  4.000000e+01
     vertex -5.000000e+01  3.840000e+01  4.000000e+01
     vertex -5.000000e+01 -3.840000e+01  0.000000e+00
   endloop
 endfacet
 facet normal  0.000000e+00  0.000000e+00  1.000000e+00
   outer loop
     vertex -4.935312e+01 -3.968513e+01  4.000000e+01
     vertex -4.947449e+01 -3.958552e+01  4.000000e+01
     vertex -4.941503e+01 -3.963682e+01  4.000000e+01
   endloop
 endfacet
 facet normal  0.000000e+00  0.000000e+00  1.000000e+00
   outer loop
     vertex -4.922256e+01 -3.977237e+01  4.000000e+01
     vertex -4.935312e+01 -3.968513e+01  4.000000e+01
     vertex -4.928891e+01 -3.973035e+01  4.000000e+01
   endloop
 endfacet
 facet normal  0.000000e+00  0.000000e+00  1.000000e+00
   outer loop
     vertex -4.908409e+01 -3.984638e+01  4.000000e+01
     vertex -4.922256e+01 -3.977237e+01  4.000000e+01
     vertex -4.915423e+01 -3.981107e+01  4.000000e+01
   endloop
 endfacet
 facet normal  0.000000e+00  0.000000e+00  1.000000e+00
   outer loop
     vertex -4.987821e+01 -3.901229e+01  4.000000e+01
     vertex -4.984638e+01 -3.908409e+01  4.000000e+01
     vertex -4.981107e+01 -3.915423e+01  4.000000e+01
   endloop
 endfacet
 facet normal  0.000000e+00  0.000000e+00  1.000000e+00
   outer loop
     vertex -4.987821e+01 -3.901229e+01  4.000000e+01
     vertex -4.981107e+01 -3.915423e+01  4.000000e+01
     vertex -4.977237e+01 -3.922256e+01  4.000000e+01
   endloop
 endfacet
 facet normal  0.000000e+00  0.000000e+00  1.000000e+00
   outer loop
     vertex -4.886446e+01 -3.993110e+01  4.000000e+01
     vertex -4.908409e+01 -3.984638e+01  4.000000e+01
     vertex -4.901229e+01 -3.987821e+01  4.000000e+01
   endloop
 endfacet
 facet normal  0.000000e+00  0.000000e+00  1.000000e+00
   outer loop
     vertex -4.886446e+01 -3.993110e+01  4.000000e+01
     vertex -4.901229e+01 -3.987821e+01  4.000000e+01
     vertex -4.893902e+01 -3.990647e+01  4.000000e+01
   endloop
 endfacet
 facet normal  0.000000e+00  0.000000e+00  1.000000e+00
   outer loop
     vertex -4.995205e+01 -3.878877e+01  4.000000e+01
     vertex -4.993110e+01 -3.886446e+01  4.000000e+01
     vertex -4.990647e+01 -3.893902e+01  4.000000e+01
   endloop
 endfacet
 facet normal  0.000000e+00  0.000000e+00  1.000000e+00
   outer loop
     vertex -4.995205e+01 -3.878877e+01  4.000000e+01
     vertex -4.990647e+01 -3.893902e+01  4.000000e+01
     vertex -4.987821e+01 -3.901229e+01  4.000000e+01
   endloop
 endfacet
 facet normal  0.000000e+00  0.000000e+00  1.000000e+00
   outer loop
     vertex -4.855683e+01 -3.999230e+01  4.000000e+01
     vertex -4.871214e+01 -3.996926e+01  4.000000e+01
     vertex -4.863477e+01 -3.998268e+01  4.000000e+01
   endloop
 endfacet
 facet normal  0.000000e+00  0.000000e+00  1.000000e+00
   outer loop
     vertex -4.999230e+01 -3.855683e+01  4.000000e+01
     vertex -4.998268e+01 -3.863477e+01  4.000000e+01
     vertex -4.996926e+01 -3.871214e+01  4.000000e+01
   endloop
 endfacet
 facet normal  0.000000e+00  0.000000e+00  1.000000e+00
   outer loop
     vertex -4.840000e+01 -4.000000e+01  4.000000e+01
     vertex -4.871214e+01 -3.996926e+01  4.000000e+01
     vertex -4.855683e+01 -3.999230e+01  4.000000e+01
   endloop
 endfacet
 facet normal  0.000000e+00  0.000000e+00  1.000000e+00
   outer loop
     vertex -4.840000e+01 -4.000000e+01  4.000000e+01
     vertex -4.886446e+01 -3.993110e+01  4.000000e+01
     vertex -4.878877e+01 -3.995205e+01  4.000000e+01
   endloop
 endfacet
 facet normal  0.000000e+00  0.000000e+00  1.000000e+00
   outer loop
     vertex -4.840000e+01 -4.000000e+01  4.000000e+01
     vertex -4.878877e+01 -3.995205e+01  4.000000e+01
     vertex -4.871214e+01 -3.996926e+01  4.000000e+01
   endloop
 endfacet
 facet normal  0.000000e+00  0.000000e+00  1.000000e+00
   outer loop
     vertex -4.840000e+01 -4.000000e+01  4.000000e+01
     vertex -4.855683e+01 -3.999230e+01  4.000000e+01
     vertex -4.847851e+01 -3.999807e+01  4.000000e+01
   endloop
 endfacet
 facet normal  0.000000e+00  0.000000e+00  1.000000e+00
   outer loop
     vertex -4.840000e+01 -4.000000e+01  4.000000e+01
     vertex -4.947449e+01 -3.958552e+01  4.000000e+01
     vertex -4.935312e+01 -3.968513e+01  4.000000e+01
   endloop
 endfacet
 facet normal  0.000000e+00  0.000000e+00  1.000000e+00
   outer loop
     vertex -4.840000e+01 -4.000000e+01  4.000000e+01
     vertex -4.935312e+01 -3.968513e+01  4.000000e+01
     vertex -4.922256e+01 -3.977237e+01  4.000000e+01
   endloop
 endfacet
 facet normal  0.000000e+00  0.000000e+00  1.000000e+00
   outer loop
     vertex -4.840000e+01 -4.000000e+01  4.000000e+01
     vertex -4.922256e+01 -3.977237e+01  4.000000e+01
     vertex -4.908409e+01 -3.984638e+01  4.000000e+01
   endloop
 endfacet
 facet normal  0.000000e+00  0.000000e+00  1.000000e+00
   outer loop
     vertex -4.840000e+01 -4.000000e+01  4.000000e+01
     vertex -4.908409e+01 -3.984638e+01  4.000000e+01
     vertex -4.886446e+01 -3.993110e+01  4.000000e+01
   endloop
 endfacet
 facet normal  0.000000e+00  0.000000e+00  1.000000e+00
   outer loop
     vertex -5.000000e+01 -3.840000e+01  4.000000e+01
     vertex -4.999807e+01 -3.847851e+01  4.000000e+01
     vertex -4.999230e+01 -3.855683e+01  4.000000e+01
   endloop
 endfacet
 facet normal  0.000000e+00  0.000000e+00  1.000000e+00
   outer loop
     vertex -5.000000e+01 -3.840000e+01  4.000000e+01
     vertex -4.996926e+01 -3.871214e+01  4.000000e+01
     vertex -4.995205e+01 -3.878877e+01  4.000000e+01
   endloop
 endfacet
 facet normal  0.000000e+00  0.000000e+00  1.000000e+00
   outer loop
     vertex -5.000000e+01 -3.840000e+01  4.000000e+01
     vertex -4.977237e+01 -3.922256e+01  4.000000e+01
     vertex -4.973035e+01 -3.928891e+01  4.000000e+01
   endloop
 endfacet
 facet normal  0.000000e+00  0.000000e+00  1.000000e+00
   outer loop
     vertex -5.000000e+01 -3.840000e+01  4.000000e+01
     vertex -4.973035e+01 -3.928891e+01  4.000000e+01
     vertex -4.968513e+01 -3.935312e+01  4.000000e+01
   endloop
 endfacet
 facet normal  0.000000e+00  0.000000e+00  1.000000e+00
   outer loop
     vertex -5.000000e+01 -3.840000e+01  4.000000e+01
     vertex -4.968513e+01 -3.935312e+01  4.000000e+01
     vertex -4.963682e+01 -3.941503e+01  4.000000e+01
   endloop
 endfacet
 facet normal  0.000000e+00  0.000000e+00  1.000000e+00
   outer loop
     vertex -5.000000e+01 -3.840000e+01  4.000000e+01
     vertex -4.963682e+01 -3.941503e+01  4.000000e+01
     vertex -4.958552e+01 -3.947449e+01  4.000000e+01
   endloop
 endfacet
 facet normal  0.000000e+00  0.000000e+00  1.000000e+00
   outer loop
     vertex -5.000000e+01 -3.840000e+01  4.000000e+01
     vertex -4.958552e+01 -3.947449e+01  4.000000e+01
     vertex -4.953137e+01 -3.953137e+01  4.000000e+01
   endloop
 endfacet
 facet normal  0.000000e+00  0.000000e+00  1.000000e+00
   outer loop
     vertex -5.000000e+01 -3.840000e+01  4.000000e+01
     vertex -4.999230e+01 -3.855683e+01  4.000000e+01
     vertex -4.996926e+01 -3.871214e+01  4.000000e+01
   endloop
 endfacet
 facet normal  0.000000e+00  0.000000e+00  1.000000e+00
   outer loop
     vertex -5.000000e+01 -3.840000e+01  4.000000e+01
     vertex -4.953137e+01 -3.953137e+01  4.000000e+01
     vertex -4.947449e+01 -3.958552e+01  4.000000e+01
   endloop
 endfacet
 facet normal  0.000000e+00  0.000000e+00  1.000000e+00
   outer loop
     vertex -5.000000e+01 -3.840000e+01  4.000000e+01
     vertex -4.947449e+01 -3.958552e+01  4.000000e+01
     vertex -4.840000e+01 -4.000000e+01  4.000000e+01
   endloop
 endfacet
 facet normal  0.000000e+00  0.000000e+00  1.000000e+00
   outer loop
     vertex -5.000000e+01 -3.840000e+01  4.000000e+01
     vertex -4.995205e+01 -3.878877e+01  4.000000e+01
     vertex -4.987821e+01 -3.901229e+01  4.000000e+01
   endloop
 endfacet
 facet normal  0.000000e+00  0.000000e+00  1.000000e+00
   outer loop
     vertex -5.000000e+01 -3.840000e+01  4.000000e+01
     vertex -4.987821e+01 -3.901229e+01  4.000000e+01
     vertex -4.977237e+01 -3.922256e+01  4.000000e+01
   endloop
 endfacet
 facet normal  0.000000e+00  0.000000e+00  1.000000e+00
   outer loop
     vertex -4.653137e+01 -3.653137e+01  4.000000e+01
     vertex -5.000000e+01 -3.840000e+01  4.000000e+01
     vertex -4.840000e+01 -4.000000e+01  4.000000e+01
   endloop
 endfacet
 facet normal  0.000000e+00  0.000000e+00  1.000000e+00
   outer loop
     vertex -4.647449e+01 -3.658552e+01  4.000000e+01
     vertex -4.653137e+01 -3.653137e+01  4.000000e+01
     vertex -4.840000e+01 -4.000000e+01  4.000000e+01
   endloop
 endfacet
 facet normal  0.000000e+00  0.000000e+00  1.000000e+00
   outer loop
     vertex -4.658552e+01 -3.647449e+01  4.000000e+01
     vertex -5.000000e+01 -3.840000e+01  4.000000e+01
     vertex -4.653137e+01 -3.653137e+01  4.000000e+01
   endloop
 endfacet
 facet normal  0.000000e+00  0.000000e+00  1.000000e+00
   outer loop
     vertex -4.641503e+01 -3.663682e+01  4.000000e+01
     vertex -4.647449e+01 -3.658552e+01  4.000000e+01
     vertex -4.840000e+01 -4.000000e+01  4.000000e+01
   endloop
 endfacet
 facet normal  0.000000e+00  0.000000e+00  1.000000e+00
   outer loop
     vertex -4.663682e+01 -3.641503e+01  4.000000e+01
     vertex -5.000000e+01 -3.840000e+01  4.000000e+01
     vertex -4.658552e+01 -3.647449e+01  4.000000e+01
   endloop
 endfacet
 facet normal  0.000000e+00  0.000000e+00  1.000000e+00
   outer loop
     vertex -4.635312e+01 -3.668513e+01  4.000000e+01
     vertex -4.641503e+01 -3.663682e+01  4.000000e+01
     vertex -4.840000e+01 -4.000000e+01  4.000000e+01
   endloop
 endfacet
 facet normal  0.000000e+00  0.000000e+00  1.000000e+00
   outer loop
     vertex -4.668513e+01 -3.635312e+01  4.000000e+01
     vertex -5.000000e+01 -3.840000e+01  4.000000e+01
     vertex -4.663682e+01 -3.641503e+01  4.000000e+01
   endloop
 endfacet
 facet normal  0.000000e+00  0.000000e+00  1.000000e+00
   outer loop
     vertex -4.628891e+01 -3.673035e+01  4.000000e+01
     vertex -4.635312e+01 -3.668513e+01  4.000000e+01
     vertex -4.840000e+01 -4.000000e+01  4.000000e+01
   endloop
 endfacet
 facet normal  0.000000e+00  0.000000e+00  1.000000e+00
   outer loop
     vertex -4.673035e+01 -3.628891e+01  4.000000e+01
     vertex -5.000000e+01 -3.840000e+01  4.000000e+01
     vertex -4.668513e+01 -3.635312e+01  4.000000e+01
   endloop
 endfacet
 facet normal  0.000000e+00  0.000000e+00  1.000000e+00
   outer loop
     vertex -4.622256e+01 -3.677237e+01  4.000000e+01
     vertex -4.628891e+01 -3.673035e+01  4.000000e+01
     vertex -4.840000e+01 -4.000000e+01  4.000000e+01
   endloop
 endfacet
 facet normal  0.000000e+00  0.000000e+00  1.000000e+00
   outer loop
     vertex -4.677237e+01 -3.622256e+01  4.000000e+01
     vertex -5.000000e+01 -3.840000e+01  4.000000e+01
     vertex -4.673035e+01 -3.628891e+01  4.000000e+01
   endloop
 endfacet
 facet normal  0.000000e+00  0.000000e+00  1.000000e+00
   outer loop
     vertex -4.615423e+01 -3.681107e+01  4.000000e+01
     vertex -4.622256e+01 -3.677237e+01  4.000000e+01
     vertex -4.840000e+01 -4.000000e+01  4.000000e+01
   endloop
 endfacet
 facet normal  0.000000e+00  0.000000e+00  1.000000e+00
   outer loop
     vertex -4.681107e+01 -3.615423e+01  4.000000e+01
     vertex -5.000000e+01 -3.840000e+01  4.000000e+01
     vertex -4.677237e+01 -3.622256e+01  4.000000e+01
   endloop
 endfacet
 facet normal  0.000000e+00  0.000000e+00  1.000000e+00
   outer loop
     vertex -4.608409e+01 -3.684638e+01  4.000000e+01
     vertex -4.615423e+01 -3.681107e+01  4.000000e+01
     vertex -4.840000e+01 -4.000000e+01  4.000000e+01
   endloop
 endfacet
 facet normal  0.000000e+00  0.000000e+00  1.000000e+00
   outer loop
     vertex -4.684638e+01 -3.608409e+01  4.000000e+01
     vertex -5.000000e+01 -3.840000e+01  4.000000e+01
     vertex -4.681107e+01 -3.615423e+01  4.000000e+01
   endloop
 endfacet
 facet normal  0.000000e+00  0.000000e+00  1.000000e+00
   outer loop
     vertex -4.601229e+01 -3.687821e+01  4.000000e+01
     vertex -4.608409e+01 -3.684638e+01  4.000000e+01
     vertex -4.840000e+01 -4.000000e+01  4.000000e+01
   endloop
 endfacet
 facet normal  0.000000e+00  0.000000e+00  1.000000e+00
   outer loop
     vertex -4.687821e+01 -3.601229e+01  4.000000e+01
     vertex -5.000000e+01 -3.840000e+01  4.000000e+01
     vertex -4.684638e+01 -3.608409e+01  4.000000e+01
   endloop
 endfacet
 facet normal  0.000000e+00  0.000000e+00  1.000000e+00
   outer loop
     vertex -4.593902e+01 -3.690647e+01  4.000000e+01
     vertex -4.601229e+01 -3.687821e+01  4.000000e+01
     vertex -4.840000e+01 -4.000000e+01  4.000000e+01
   endloop
 endfacet
 facet normal  0.000000e+00  0.000000e+00  1.000000e+00
   outer loop
     vertex -4.690647e+01 -3.593902e+01  4.000000e+01
     vertex -5.000000e+01 -3.840000e+01  4.000000e+01
     vertex -4.687821e+01 -3.601229e+01  4.000000e+01
   endloop
 endfacet
 facet normal  0.000000e+00  0.000000e+00  1.000000e+00
   outer loop
     vertex -4.586446e+01 -3.693110e+01  4.000000e+01
     vertex -4.593902e+01 -3.690647e+01  4.000000e+01
     vertex -4.840000e+01 -4.000000e+01  4.000000e+01
   endloop
 endfacet
 facet normal  0.000000e+00  0.000000e+00  1.000000e+00
   outer loop
     vertex -4.693110e+01 -3.586446e+01  4.000000e+01
     vertex -5.000000e+01 -3.840000e+01  4.000000e+01
     vertex -4.690647e+01 -3.593902e+01  4.000000e+01
   endloop
 endfacet
 facet normal  0.000000e+00  0.000000e+00  1.000000e+00
   outer loop
     vertex -4.578877e+01 -3.695205e+01  4.000000e+01
     vertex -4.586446e+01 -3.693110e+01  4.000000e+01
     vertex -4.840000e+01 -4.000000e+01  4.000000e+01
   endloop
 endfacet
 facet normal  0.000000e+00  0.000000e+00  1.000000e+00
   outer loop
     vertex -4.695205e+01 -3.578877e+01  4.000000e+01
     vertex -5.000000e+01 -3.840000e+01  4.000000e+01
     vertex -4.693110e+01 -3.586446e+01  4.000000e+01
   endloop
 endfacet
 facet normal  0.000000e+00  0.000000e+00  1.000000e+00
   outer loop
     vertex -4.571214e+01 -3.696926e+01  4.000000e+01
     vertex -4.578877e+01 -3.695205e+01  4.000000e+01
     vertex -4.840000e+01 -4.000000e+01  4.000000e+01
   endloop
 endfacet
 facet normal  0.000000e+00  0.000000e+00  1.000000e+00
   outer loop
     vertex -4.696926e+01 -3.571214e+01  4.000000e+01
     vertex -5.000000e+01 -3.840000e+01  4.000000e+01
     vertex -4.695205e+01 -3.578877e+01  4.000000e+01
   endloop
 endfacet
 facet normal  0.000000e+00  0.000000e+00  1.000000e+00
   outer loop
     vertex -4.563477e+01 -3.698268e+01  4.000000e+01
     vertex -4.571214e+01 -3.696926e+01  4.000000e+01
     vertex -4.840000e+01 -4.000000e+01  4.000000e+01
   endloop
 endfacet
 facet normal  0.000000e+00  0.000000e+00  1.000000e+00
   outer loop
     vertex -4.698268e+01 -3.563477e+01  4.000000e+01
     vertex -5.000000e+01 -3.840000e+01  4.000000e+01
     vertex -4.696926e+01 -3.571214e+01  4.000000e+01
   endloop
 endfacet
 facet normal  0.000000e+00  0.000000e+00  1.000000e+00
   outer loop
     vertex -4.555683e+01 -3.699230e+01  4.000000e+01
     vertex -4.563477e+01 -3.698268e+01  4.000000e+01
     vertex -4.840000e+01 -4.000000e+01  4.000000e+01
   endloop
 endfacet
 facet normal  0.000000e+00  0.000000e+00  1.000000e+00
   outer loop
     vertex -4.699230e+01 -3.555683e+01  4.000000e+01
     vertex -5.000000e+01 -3.840000e+01  4.000000e+01
     vertex -4.698268e+01 -3.563477e+01  4.000000e+01
   endloop
 endfacet
 facet normal  0.000000e+00  0.000000e+00  1.000000e+00
   outer loop
     vertex -4.547851e+01 -3.699807e+01  4.000000e+01
     vertex -4.555683e+01 -3.699230e+01  4.000000e+01
     vertex -4.840000e+01 -4.000000e+01  4.000000e+01
   endloop
 endfacet
 facet normal  0.000000e+00  0.000000e+00  1.000000e+00
   outer loop
     vertex -4.699807e+01 -3.547851e+01  4.000000e+01
     vertex -5.000000e+01 -3.840000e+01  4.000000e+01
     vertex -4.699230e+01 -3.555683e+01  4.000000e+01
   endloop
 endfacet
 facet normal  0.000000e+00  0.000000e+00  1.000000e+00
   outer loop
     vertex -4.540000e+01 -3.700000e+01  4.000000e+01
     vertex -4.547851e+01 -3.699807e+01  4.000000e+01
     vertex -4.840000e+01 -4.000000e+01  4.000000e+01
   endloop
 endfacet
 facet normal  0.000000e+00  0.000000e+00  1.000000e+00
   outer loop
     vertex -4.700000e+01 -3.540000e+01  4.000000e+01
     vertex -5.000000e+01 -3.840000e+01  4.000000e+01
     vertex -4.699807e+01 -3.547851e+01  4.000000e+01
   endloop
 endfacet
 facet normal  0.000000e+00  0.000000e+00  1.000000e+00
   outer loop
     vertex -4.700000e+01  3.540000e+01  4.000000e+01
     vertex -5.000000e+01  3.840000e+01  4.000000e+01
     vertex -5.000000e+01 -3.840000e+01  4.000000e+01
   endloop
 endfacet
 facet normal  0.000000e+00  0.000000e+00  1.000000e+00
   outer loop
     vertex -4.700000e+01  3.540000e+01  4.000000e+01
     vertex -5.000000e+01 -3.840000e+01  4.000000e+01
     vertex -4.700000e+01 -3.540000e+01  4.000000e+01
   endloop
 endfacet
 facet normal  0.000000e+00  0.000000e+00  1.000000e+00
   outer loop
     vertex -4.699807e+01  3.547851e+01  4.000000e+01
     vertex -5.000000e+01  3.840000e+01  4.000000e+01
     vertex -4.700000e+01  3.540000e+01  4.000000e+01
   endloop
 endfacet
 facet normal  0.000000e+00  0.000000e+00  1.000000e+00
   outer loop
     vertex -4.699230e+01  3.555683e+01  4.000000e+01
     vertex -5.000000e+01  3.840000e+01  4.000000e+01
     vertex -4.699807e+01  3.547851e+01  4.000000e+01
   endloop
 endfacet
 facet normal  0.000000e+00  0.000000e+00  1.000000e+00
   outer loop
     vertex -4.998268e+01  3.863477e+01  4.000000e+01
     vertex -4.999807e+01  3.847851e+01  4.000000e+01
     vertex -5.000000e+01  3.840000e+01  4.000000e+01
   endloop
 endfacet
 facet normal  0.000000e+00  0.000000e+00  1.000000e+00
   outer loop
     vertex -4.998268e+01  3.863477e+01  4.000000e+01
     vertex -4.999230e+01  3.855683e+01  4.000000e+01
     vertex -4.999807e+01  3.847851e+01  4.000000e+01
   endloop
 endfacet
 facet normal  0.000000e+00  0.000000e+00  1.000000e+00
   outer loop
     vertex -4.698268e+01  3.563477e+01  4.000000e+01
     vertex -5.000000e+01  3.840000e+01  4.000000e+01
     vertex -4.699230e+01  3.555683e+01  4.000000e+01
   endloop
 endfacet
 facet normal  0.000000e+00  0.000000e+00  1.000000e+00
   outer loop
     vertex -4.996926e+01  3.871214e+01  4.000000e+01
     vertex -4.998268e+01  3.863477e+01  4.000000e+01
     vertex -5.000000e+01  3.840000e+01  4.000000e+01
   endloop
 endfacet
 facet normal  0.000000e+00  0.000000e+00  1.000000e+00
   outer loop
     vertex -4.696926e+01  3.571214e+01  4.000000e+01
     vertex -5.000000e+01  3.840000e+01  4.000000e+01
     vertex -4.698268e+01  3.563477e+01  4.000000e+01
   endloop
 endfacet
 facet normal  0.000000e+00  0.000000e+00  1.000000e+00
   outer loop
     vertex -4.995205e+01  3.878877e+01  4.000000e+01
     vertex -4.996926e+01  3.871214e+01  4.000000e+01
     vertex -5.000000e+01  3.840000e+01  4.000000e+01
   endloop
 endfacet
 facet normal  0.000000e+00  0.000000e+00  1.000000e+00
   outer loop
     vertex -4.695205e+01  3.578877e+01  4.000000e+01
     vertex -5.000000e+01  3.840000e+01  4.000000e+01
     vertex -4.696926e+01  3.571214e+01  4.000000e+01
   endloop
 endfacet
 facet normal  0.000000e+00  0.000000e+00  1.000000e+00
   outer loop
     vertex -4.693110e+01  3.586446e+01  4.000000e+01
     vertex -5.000000e+01  3.840000e+01  4.000000e+01
     vertex -4.695205e+01  3.578877e+01  4.000000e+01
   endloop
 endfacet
 facet normal  0.000000e+00  0.000000e+00  1.000000e+00
   outer loop
     vertex -4.690647e+01  3.593902e+01  4.000000e+01
     vertex -5.000000e+01  3.840000e+01  4.000000e+01
     vertex -4.693110e+01  3.586446e+01  4.000000e+01
   endloop
 endfacet
 facet normal  0.000000e+00  0.000000e+00  1.000000e+00
   outer loop
     vertex -4.687821e+01  3.601229e+01  4.000000e+01
     vertex -5.000000e+01  3.840000e+01  4.000000e+01
     vertex -4.690647e+01  3.593902e+01  4.000000e+01
   endloop
 endfacet
 facet normal  0.000000e+00  0.000000e+00  1.000000e+00
   outer loop
     vertex -4.984638e+01  3.908409e+01  4.000000e+01
     vertex -4.993110e+01  3.886446e+01  4.000000e+01
     vertex -4.995205e+01  3.878877e+01  4.000000e+01
   endloop
 endfacet
 facet normal  0.000000e+00  0.000000e+00  1.000000e+00
   outer loop
     vertex -4.984638e+01  3.908409e+01  4.000000e+01
     vertex -4.990647e+01  3.893902e+01  4.000000e+01
     vertex -4.993110e+01  3.886446e+01  4.000000e+01
   endloop
 endfacet
 facet normal  0.000000e+00  0.000000e+00  1.000000e+00
   outer loop
     vertex -4.984638e+01  3.908409e+01  4.000000e+01
     vertex -4.987821e+01  3.901229e+01  4.000000e+01
     vertex -4.990647e+01  3.893902e+01  4.000000e+01
   endloop
 endfacet
 facet normal  0.000000e+00  0.000000e+00  1.000000e+00
   outer loop
     vertex -4.684638e+01  3.608409e+01  4.000000e+01
     vertex -5.000000e+01  3.840000e+01  4.000000e+01
     vertex -4.687821e+01  3.601229e+01  4.000000e+01
   endloop
 endfacet
 facet normal  0.000000e+00  0.000000e+00  1.000000e+00
   outer loop
     vertex -4.681107e+01  3.615423e+01  4.000000e+01
     vertex -5.000000e+01  3.840000e+01  4.000000e+01
     vertex -4.684638e+01  3.608409e+01  4.000000e+01
   endloop
 endfacet
 facet normal  0.000000e+00  0.000000e+00  1.000000e+00
   outer loop
     vertex -4.677237e+01  3.622256e+01  4.000000e+01
     vertex -5.000000e+01  3.840000e+01  4.000000e+01
     vertex -4.681107e+01  3.615423e+01  4.000000e+01
   endloop
 endfacet
 facet normal  0.000000e+00  0.000000e+00  1.000000e+00
   outer loop
     vertex -4.673035e+01  3.628891e+01  4.000000e+01
     vertex -5.000000e+01  3.840000e+01  4.000000e+01
     vertex -4.677237e+01  3.622256e+01  4.000000e+01
   endloop
 endfacet
 facet normal  0.000000e+00  0.000000e+00  1.000000e+00
   outer loop
     vertex -4.973035e+01  3.928891e+01  4.000000e+01
     vertex -4.977237e+01  3.922256e+01  4.000000e+01
     vertex -4.981107e+01  3.915423e+01  4.000000e+01
   endloop
 endfacet
 facet normal  0.000000e+00  0.000000e+00  1.000000e+00
   outer loop
     vertex -4.968513e+01  3.935312e+01  4.000000e+01
     vertex -4.973035e+01  3.928891e+01  4.000000e+01
     vertex -4.981107e+01  3.915423e+01  4.000000e+01
   endloop
 endfacet
 facet normal  0.000000e+00  0.000000e+00  1.000000e+00
   outer loop
     vertex -4.668513e+01  3.635312e+01  4.000000e+01
     vertex -5.000000e+01  3.840000e+01  4.000000e+01
     vertex -4.673035e+01  3.628891e+01  4.000000e+01
   endloop
 endfacet
 facet normal  0.000000e+00  0.000000e+00  1.000000e+00
   outer loop
     vertex -4.663682e+01  3.641503e+01  4.000000e+01
     vertex -5.000000e+01  3.840000e+01  4.000000e+01
     vertex -4.668513e+01  3.635312e+01  4.000000e+01
   endloop
 endfacet
 facet normal  0.000000e+00  0.000000e+00  1.000000e+00
   outer loop
     vertex -4.963682e+01  3.941503e+01  4.000000e+01
     vertex -4.981107e+01  3.915423e+01  4.000000e+01
     vertex -4.984638e+01  3.908409e+01  4.000000e+01
   endloop
 endfacet
 facet normal  0.000000e+00  0.000000e+00  1.000000e+00
   outer loop
     vertex -4.963682e+01  3.941503e+01  4.000000e+01
     vertex -4.984638e+01  3.908409e+01  4.000000e+01
     vertex -4.995205e+01  3.878877e+01  4.000000e+01
   endloop
 endfacet
 facet normal  0.000000e+00  0.000000e+00  1.000000e+00
   outer loop
     vertex -4.963682e+01  3.941503e+01  4.000000e+01
     vertex -4.968513e+01  3.935312e+01  4.000000e+01
     vertex -4.981107e+01  3.915423e+01  4.000000e+01
   endloop
 endfacet
 facet normal  0.000000e+00  0.000000e+00  1.000000e+00
   outer loop
     vertex -4.658552e+01  3.647449e+01  4.000000e+01
     vertex -5.000000e+01  3.840000e+01  4.000000e+01
     vertex -4.663682e+01  3.641503e+01  4.000000e+01
   endloop
 endfacet
 facet normal  0.000000e+00  0.000000e+00  1.000000e+00
   outer loop
     vertex -4.953137e+01  3.953137e+01  4.000000e+01
     vertex -4.958552e+01  3.947449e+01  4.000000e+01
     vertex -4.963682e+01  3.941503e+01  4.000000e+01
   endloop
 endfacet
 facet normal  0.000000e+00  0.000000e+00  1.000000e+00
   outer loop
     vertex -4.653137e+01  3.653137e+01  4.000000e+01
     vertex -5.000000e+01  3.840000e+01  4.000000e+01
     vertex -4.658552e+01  3.647449e+01  4.000000e+01
   endloop
 endfacet
 facet normal  0.000000e+00  0.000000e+00  1.000000e+00
   outer loop
     vertex -4.947449e+01  3.958552e+01  4.000000e+01
     vertex -4.963682e+01  3.941503e+01  4.000000e+01
     vertex -4.995205e+01  3.878877e+01  4.000000e+01
   endloop
 endfacet
 facet normal  0.000000e+00  0.000000e+00  1.000000e+00
   outer loop
     vertex -4.947449e+01  3.958552e+01  4.000000e+01
     vertex -4.953137e+01  3.953137e+01  4.000000e+01
     vertex -4.963682e+01  3.941503e+01  4.000000e+01
   endloop
 endfacet
 facet normal  0.000000e+00  0.000000e+00  1.000000e+00
   outer loop
     vertex -4.935312e+01  3.968513e+01  4.000000e+01
     vertex -4.941503e+01  3.963682e+01  4.000000e+01
     vertex -4.947449e+01  3.958552e+01  4.000000e+01
   endloop
 endfacet
 facet normal  0.000000e+00  0.000000e+00  1.000000e+00
   outer loop
     vertex -4.935312e+01  3.968513e+01  4.000000e+01
     vertex -4.947449e+01  3.958552e+01  4.000000e+01
     vertex -4.995205e+01  3.878877e+01  4.000000e+01
   endloop
 endfacet
 facet normal  0.000000e+00  0.000000e+00  1.000000e+00
   outer loop
     vertex -4.915423e+01  3.981107e+01  4.000000e+01
     vertex -4.922256e+01  3.977237e+01  4.000000e+01
     vertex -4.928891e+01  3.973035e+01  4.000000e+01
   endloop
 endfacet
 facet normal  0.000000e+00  0.000000e+00  1.000000e+00
   outer loop
     vertex -4.908409e+01  3.984638e+01  4.000000e+01
     vertex -4.928891e+01  3.973035e+01  4.000000e+01
     vertex -4.935312e+01  3.968513e+01  4.000000e+01
   endloop
 endfacet
 facet normal  0.000000e+00  0.000000e+00  1.000000e+00
   outer loop
     vertex -4.908409e+01  3.984638e+01  4.000000e+01
     vertex -4.915423e+01  3.981107e+01  4.000000e+01
     vertex -4.928891e+01  3.973035e+01  4.000000e+01
   endloop
 endfacet
 facet normal  0.000000e+00  0.000000e+00  1.000000e+00
   outer loop
     vertex -4.901229e+01  3.987821e+01  4.000000e+01
     vertex -4.935312e+01  3.968513e+01  4.000000e+01
     vertex -4.995205e+01  3.878877e+01  4.000000e+01
   endloop
 endfacet
 facet normal  0.000000e+00  0.000000e+00  1.000000e+00
   outer loop
     vertex -4.901229e+01  3.987821e+01  4.000000e+01
     vertex -4.908409e+01  3.984638e+01  4.000000e+01
     vertex -4.935312e+01  3.968513e+01  4.000000e+01
   endloop
 endfacet
 facet normal  0.000000e+00  0.000000e+00  1.000000e+00
   outer loop
     vertex -4.893902e+01  3.990647e+01  4.000000e+01
     vertex -4.901229e+01  3.987821e+01  4.000000e+01
     vertex -4.995205e+01  3.878877e+01  4.000000e+01
   endloop
 endfacet
 facet normal  0.000000e+00  0.000000e+00  1.000000e+00
   outer loop
     vertex -4.871214e+01  3.996926e+01  4.000000e+01
     vertex -4.878877e+01  3.995205e+01  4.000000e+01
     vertex -4.886446e+01  3.993110e+01  4.000000e+01
   endloop
 endfacet
 facet normal  0.000000e+00  0.000000e+00  1.000000e+00
   outer loop
     vertex -4.863477e+01  3.998268e+01  4.000000e+01
     vertex -4.886446e+01  3.993110e+01  4.000000e+01
     vertex -4.893902e+01  3.990647e+01  4.000000e+01
   endloop
 endfacet
 facet normal  0.000000e+00  0.000000e+00  1.000000e+00
   outer loop
     vertex -4.863477e+01  3.998268e+01  4.000000e+01
     vertex -4.871214e+01  3.996926e+01  4.000000e+01
     vertex -4.886446e+01  3.993110e+01  4.000000e+01
   endloop
 endfacet
 facet normal  0.000000e+00  0.000000e+00  1.000000e+00
   outer loop
     vertex -4.855683e+01  3.999230e+01  4.000000e+01
     vertex -4.863477e+01  3.998268e+01  4.000000e+01
     vertex -4.893902e+01  3.990647e+01  4.000000e+01
   endloop
 endfacet
 facet normal  0.000000e+00  0.000000e+00  1.000000e+00
   outer loop
     vertex -4.855683e+01  3.999230e+01  4.000000e+01
     vertex -4.893902e+01  3.990647e+01  4.000000e+01
     vertex -4.995205e+01  3.878877e+01  4.000000e+01
   endloop
 endfacet
 facet normal  0.000000e+00  0.000000e+00  1.000000e+00
   outer loop
     vertex -4.840000e+01  4.000000e+01  4.000000e+01
     vertex -4.855683e+01  3.999230e+01  4.000000e+01
     vertex -4.995205e+01  3.878877e+01  4.000000e+01
   endloop
 endfacet
 facet normal  0.000000e+00  0.000000e+00  1.000000e+00
   outer loop
     vertex -4.840000e+01  4.000000e+01  4.000000e+01
     vertex -4.995205e+01  3.878877e+01  4.000000e+01
     vertex -5.000000e+01  3.840000e+01  4.000000e+01
   endloop
 endfacet
 facet normal  0.000000e+00  0.000000e+00  1.000000e+00
   outer loop
     vertex -4.840000e+01  4.000000e+01  4.000000e+01
     vertex -4.847851e+01  3.999807e+01  4.000000e+01
     vertex -4.855683e+01  3.999230e+01  4.000000e+01
   endloop
 endfacet
 facet normal  0.000000e+00  0.000000e+00  1.000000e+00
   outer loop
     vertex -4.840000e+01  4.000000e+01  4.000000e+01
     vertex -4.653137e+01  3.653137e+01  4.000000e+01
     vertex -4.647449e+01  3.658552e+01  4.000000e+01
   endloop
 endfacet
 facet normal  0.000000e+00  0.000000e+00  1.000000e+00
   outer loop
     vertex -4.840000e+01  4.000000e+01  4.000000e+01
     vertex -4.647449e+01  3.658552e+01  4.000000e+01
     vertex -4.641503e+01  3.663682e+01  4.000000e+01
   endloop
 endfacet
 facet normal  0.000000e+00  0.000000e+00  1.000000e+00
   outer loop
     vertex -4.840000e+01  4.000000e+01  4.000000e+01
     vertex -4.641503e+01  3.663682e+01  4.000000e+01
     vertex -4.635312e+01  3.668513e+01  4.000000e+01
   endloop
 endfacet
 facet normal  0.000000e+00  0.000000e+00  1.000000e+00
   outer loop
     vertex -4.840000e+01  4.000000e+01  4.000000e+01
     vertex -4.635312e+01  3.668513e+01  4.000000e+01
     vertex -4.628891e+01  3.673035e+01  4.000000e+01
   endloop
 endfacet
 facet normal  0.000000e+00  0.000000e+00  1.000000e+00
   outer loop
     vertex -4.840000e+01  4.000000e+01  4.000000e+01
     vertex -4.628891e+01  3.673035e+01  4.000000e+01
     vertex -4.622256e+01  3.677237e+01  4.000000e+01
   endloop
 endfacet
 facet normal  0.000000e+00  0.000000e+00  1.000000e+00
   outer loop
     vertex -4.840000e+01  4.000000e+01  4.000000e+01
     vertex -5.000000e+01  3.840000e+01  4.000000e+01
     vertex -4.653137e+01  3.653137e+01  4.000000e+01
   endloop
 endfacet
 facet normal  0.000000e+00  0.000000e+00  1.000000e+00
   outer loop
     vertex -4.840000e+01  4.000000e+01  4.000000e+01
     vertex -4.622256e+01  3.677237e+01  4.000000e+01
     vertex -4.615423e+01  3.681107e+01  4.000000e+01
   endloop
 endfacet
 facet normal  0.000000e+00  0.000000e+00  1.000000e+00
   outer loop
     vertex -4.840000e+01  4.000000e+01  4.000000e+01
     vertex -4.615423e+01  3.681107e+01  4.000000e+01
     vertex -4.608409e+01  3.684638e+01  4.000000e+01
   endloop
 endfacet
 facet normal  0.000000e+00  0.000000e+00  1.000000e+00
   outer loop
     vertex -4.840000e+01  4.000000e+01  4.000000e+01
     vertex -4.608409e+01  3.684638e+01  4.000000e+01
     vertex -4.601229e+01  3.687821e+01  4.000000e+01
   endloop
 endfacet
 facet normal  0.000000e+00  0.000000e+00  1.000000e+00
   outer loop
     vertex -4.840000e+01  4.000000e+01  4.000000e+01
     vertex -4.601229e+01  3.687821e+01  4.000000e+01
     vertex -4.593902e+01  3.690647e+01  4.000000e+01
   endloop
 endfacet
 facet normal  0.000000e+00  0.000000e+00  1.000000e+00
   outer loop
     vertex -4.840000e+01  4.000000e+01  4.000000e+01
     vertex -4.593902e+01  3.690647e+01  4.000000e+01
     vertex -4.586446e+01  3.693110e+01  4.000000e+01
   endloop
 endfacet
 facet normal  0.000000e+00  0.000000e+00  1.000000e+00
   outer loop
     vertex -4.840000e+01  4.000000e+01  4.000000e+01
     vertex -4.586446e+01  3.693110e+01  4.000000e+01
     vertex -4.578877e+01  3.695205e+01  4.000000e+01
   endloop
 endfacet
 facet normal  0.000000e+00  0.000000e+00  1.000000e+00
   outer loop
     vertex -4.840000e+01  4.000000e+01  4.000000e+01
     vertex -4.578877e+01  3.695205e+01  4.000000e+01
     vertex -4.571214e+01  3.696926e+01  4.000000e+01
   endloop
 endfacet
 facet normal  0.000000e+00  0.000000e+00  1.000000e+00
   outer loop
     vertex -4.840000e+01  4.000000e+01  4.000000e+01
     vertex -4.571214e+01  3.696926e+01  4.000000e+01
     vertex -4.563477e+01  3.698268e+01  4.000000e+01
   endloop
 endfacet
 facet normal  0.000000e+00  0.000000e+00  1.000000e+00
   outer loop
     vertex -4.840000e+01  4.000000e+01  4.000000e+01
     vertex -4.563477e+01  3.698268e+01  4.000000e+01
     vertex -4.555683e+01  3.699230e+01  4.000000e+01
   endloop
 endfacet
 facet normal  0.000000e+00  0.000000e+00  1.000000e+00
   outer loop
     vertex -4.840000e+01  4.000000e+01  4.000000e+01
     vertex -4.555683e+01  3.699230e+01  4.000000e+01
     vertex -4.547851e+01  3.699807e+01  4.000000e+01
   endloop
 endfacet
 facet normal  0.000000e+00  0.000000e+00  1.000000e+00
   outer loop
     vertex -4.540000e+01  3.700000e+01  4.000000e+01
     vertex -4.840000e+01  4.000000e+01  4.000000e+01
     vertex -4.547851e+01  3.699807e+01  4.000000e+01
   endloop
 endfacet
 facet normal  0.000000e+00  0.000000e+00  1.000000e+00
   outer loop
     vertex  4.840000e+01 -4.000000e+01  4.000000e+01
     vertex  4.540000e+01 -3.700000e+01  4.000000e+01
     vertex -4.540000e+01 -3.700000e+01  4.000000e+01
   endloop
 endfacet
 facet normal  0.000000e+00  0.000000e+00  1.000000e+00
   outer loop
     vertex  4.840000e+01 -4.000000e+01  4.000000e+01
     vertex -4.540000e+01 -3.700000e+01  4.000000e+01
     vertex -4.840000e+01 -4.000000e+01  4.000000e+01
   endloop
 endfacet
 facet normal  0.000000e+00  0.000000e+00  1.000000e+00
   outer loop
     vertex  4.547851e+01 -3.699807e+01  4.000000e+01
     vertex  4.540000e+01 -3.700000e+01  4.000000e+01
     vertex  4.840000e+01 -4.000000e+01  4.000000e+01
   endloop
 endfacet
 facet normal  0.000000e+00  0.000000e+00  1.000000e+00
   outer loop
     vertex  4.555683e+01 -3.699230e+01  4.000000e+01
     vertex  4.547851e+01 -3.699807e+01  4.000000e+01
     vertex  4.840000e+01 -4.000000e+01  4.000000e+01
   endloop
 endfacet
 facet normal  0.000000e+00  0.000000e+00  1.000000e+00
   outer loop
     vertex  4.563477e+01 -3.698268e+01  4.000000e+01
     vertex  4.555683e+01 -3.699230e+01  4.000000e+01
     vertex  4.840000e+01 -4.000000e+01  4.000000e+01
   endloop
 endfacet
 facet normal  0.000000e+00  0.000000e+00  1.000000e+00
   outer loop
     vertex  4.863477e+01 -3.998268e+01  4.000000e+01
     vertex  4.847851e+01 -3.999807e+01  4.000000e+01
     vertex  4.855683e+01 -3.999230e+01  4.000000e+01
   endloop
 endfacet
 facet normal  0.000000e+00  0.000000e+00  1.000000e+00
   outer loop
     vertex  4.571214e+01 -3.696926e+01  4.000000e+01
     vertex  4.563477e+01 -3.698268e+01  4.000000e+01
     vertex  4.840000e+01 -4.000000e+01  4.000000e+01
   endloop
 endfacet
 facet normal  0.000000e+00  0.000000e+00  1.000000e+00
   outer loop
     vertex  4.871214e+01 -3.996926e+01  4.000000e+01
     vertex  4.847851e+01 -3.999807e+01  4.000000e+01
     vertex  4.863477e+01 -3.998268e+01  4.000000e+01
   endloop
 endfacet
 facet normal  0.000000e+00  0.000000e+00  1.000000e+00
   outer loop
     vertex  4.871214e+01 -3.996926e+01  4.000000e+01
     vertex  4.840000e+01 -4.000000e+01  4.000000e+01
     vertex  4.847851e+01 -3.999807e+01  4.000000e+01
   endloop
 endfacet
 facet normal  0.000000e+00  0.000000e+00  1.000000e+00
   outer loop
     vertex  4.578877e+01 -3.695205e+01  4.000000e+01
     vertex  4.571214e+01 -3.696926e+01  4.000000e+01
     vertex  4.840000e+01 -4.000000e+01  4.000000e+01
   endloop
 endfacet
 facet normal  0.000000e+00  0.000000e+00  1.000000e+00
   outer loop
     vertex  4.586446e+01 -3.693110e+01  4.000000e+01
     vertex  4.578877e+01 -3.695205e+01  4.000000e+01
     vertex  4.840000e+01 -4.000000e+01  4.000000e+01
   endloop
 endfacet
 facet normal  0.000000e+00  0.000000e+00  1.000000e+00
   outer loop
     vertex  4.886446e+01 -3.993110e+01  4.000000e+01
     vertex  4.871214e+01 -3.996926e+01  4.000000e+01
     vertex  4.878877e+01 -3.995205e+01  4.000000e+01
   endloop
 endfacet
 facet normal  0.000000e+00  0.000000e+00  1.000000e+00
   outer loop
     vertex  4.886446e+01 -3.993110e+01  4.000000e+01
     vertex  4.840000e+01 -4.000000e+01  4.000000e+01
     vertex  4.871214e+01 -3.996926e+01  4.000000e+01
   endloop
 endfacet
 facet normal  0.000000e+00  0.000000e+00  1.000000e+00
   outer loop
     vertex  4.593902e+01 -3.690647e+01  4.000000e+01
     vertex  4.586446e+01 -3.693110e+01  4.000000e+01
     vertex  4.840000e+01 -4.000000e+01  4.000000e+01
   endloop
 endfacet
 facet normal  0.000000e+00  0.000000e+00  1.000000e+00
   outer loop
     vertex  4.601229e+01 -3.687821e+01  4.000000e+01
     vertex  4.593902e+01 -3.690647e+01  4.000000e+01
     vertex  4.840000e+01 -4.000000e+01  4.000000e+01
   endloop
 endfacet
 facet normal  0.000000e+00  0.000000e+00  1.000000e+00
   outer loop
     vertex  4.608409e+01 -3.684638e+01  4.000000e+01
     vertex  4.601229e+01 -3.687821e+01  4.000000e+01
     vertex  4.840000e+01 -4.000000e+01  4.000000e+01
   endloop
 endfacet
 facet normal  0.000000e+00  0.000000e+00  1.000000e+00
   outer loop
     vertex  4.908409e+01 -3.984638e+01  4.000000e+01
     vertex  4.886446e+01 -3.993110e+01  4.000000e+01
     vertex  4.893902e+01 -3.990647e+01  4.000000e+01
   endloop
 endfacet
 facet normal  0.000000e+00  0.000000e+00  1.000000e+00
   outer loop
     vertex  4.908409e+01 -3.984638e+01  4.000000e+01
     vertex  4.893902e+01 -3.990647e+01  4.000000e+01
     vertex  4.901229e+01 -3.987821e+01  4.000000e+01
   endloop
 endfacet
 facet normal  0.000000e+00  0.000000e+00  1.000000e+00
   outer loop
     vertex  4.908409e+01 -3.984638e+01  4.000000e+01
     vertex  4.840000e+01 -4.000000e+01  4.000000e+01
     vertex  4.886446e+01 -3.993110e+01  4.000000e+01
   endloop
 endfacet
 facet normal  0.000000e+00  0.000000e+00  1.000000e+00
   outer loop
     vertex  4.615423e+01 -3.681107e+01  4.000000e+01
     vertex  4.608409e+01 -3.684638e+01  4.000000e+01
     vertex  4.840000e+01 -4.000000e+01  4.000000e+01
   endloop
 endfacet
 facet normal  0.000000e+00  0.000000e+00  1.000000e+00
   outer loop
     vertex  4.622256e+01 -3.677237e+01  4.000000e+01
     vertex  4.615423e+01 -3.681107e+01  4.000000e+01
     vertex  4.840000e+01 -4.000000e+01  4.000000e+01
   endloop
 endfacet
 facet normal  0.000000e+00  0.000000e+00  1.000000e+00
   outer loop
     vertex  4.922256e+01 -3.977237e+01  4.000000e+01
     vertex  4.908409e+01 -3.984638e+01  4.000000e+01
     vertex  4.915423e+01 -3.981107e+01  4.000000e+01
   endloop
 endfacet
 facet normal  0.000000e+00  0.000000e+00  1.000000e+00
   outer loop
     vertex  4.922256e+01 -3.977237e+01  4.000000e+01
     vertex  4.840000e+01 -4.000000e+01  4.000000e+01
     vertex  4.908409e+01 -3.984638e+01  4.000000e+01
   endloop
 endfacet
 facet normal  0.000000e+00  0.000000e+00  1.000000e+00
   outer loop
     vertex  4.628891e+01 -3.673035e+01  4.000000e+01
     vertex  4.622256e+01 -3.677237e+01  4.000000e+01
     vertex  4.840000e+01 -4.000000e+01  4.000000e+01
   endloop
 endfacet
 facet normal  0.000000e+00  0.000000e+00  1.000000e+00
   outer loop
     vertex  4.928891e+01 -3.973035e+01  4.000000e+01
     vertex  4.840000e+01 -4.000000e+01  4.000000e+01
     vertex  4.922256e+01 -3.977237e+01  4.000000e+01
   endloop
 endfacet
 facet normal  0.000000e+00  0.000000e+00  1.000000e+00
   outer loop
     vertex  4.635312e+01 -3.668513e+01  4.000000e+01
     vertex  4.628891e+01 -3.673035e+01  4.000000e+01
     vertex  4.840000e+01 -4.000000e+01  4.000000e+01
   endloop
 endfacet
 facet normal  0.000000e+00  0.000000e+00  1.000000e+00
   outer loop
     vertex  4.641503e+01 -3.663682e+01  4.000000e+01
     vertex  4.635312e+01 -3.668513e+01  4.000000e+01
     vertex  4.840000e+01 -4.000000e+01  4.000000e+01
   endloop
 endfacet
 facet normal  0.000000e+00  0.000000e+00  1.000000e+00
   outer loop
     vertex  4.941503e+01 -3.963682e+01  4.000000e+01
     vertex  4.928891e+01 -3.973035e+01  4.000000e+01
     vertex  4.935312e+01 -3.968513e+01  4.000000e+01
   endloop
 endfacet
 facet normal  0.000000e+00  0.000000e+00  1.000000e+00
   outer loop
     vertex  4.941503e+01 -3.963682e+01  4.000000e+01
     vertex  4.840000e+01 -4.000000e+01  4.000000e+01
     vertex  4.928891e+01 -3.973035e+01  4.000000e+01
   endloop
 endfacet
 facet normal  0.000000e+00  0.000000e+00  1.000000e+00
   outer loop
     vertex  4.647449e+01 -3.658552e+01  4.000000e+01
     vertex  4.641503e+01 -3.663682e+01  4.000000e+01
     vertex  4.840000e+01 -4.000000e+01  4.000000e+01
   endloop
 endfacet
 facet normal  0.000000e+00  0.000000e+00  1.000000e+00
   outer loop
     vertex  4.653137e+01 -3.653137e+01  4.000000e+01
     vertex  4.647449e+01 -3.658552e+01  4.000000e+01
     vertex  4.840000e+01 -4.000000e+01  4.000000e+01
   endloop
 endfacet
 facet normal  0.000000e+00  0.000000e+00  1.000000e+00
   outer loop
     vertex  4.958552e+01 -3.947449e+01  4.000000e+01
     vertex  4.941503e+01 -3.963682e+01  4.000000e+01
     vertex  4.947449e+01 -3.958552e+01  4.000000e+01
   endloop
 endfacet
 facet normal  0.000000e+00  0.000000e+00  1.000000e+00
   outer loop
     vertex  4.958552e+01 -3.947449e+01  4.000000e+01
     vertex  4.947449e+01 -3.958552e+01  4.000000e+01
     vertex  4.953137e+01 -3.953137e+01  4.000000e+01
   endloop
 endfacet
 facet normal  0.000000e+00  0.000000e+00  1.000000e+00
   outer loop
     vertex  4.968513e+01 -3.935312e+01  4.000000e+01
     vertex  4.958552e+01 -3.947449e+01  4.000000e+01
     vertex  4.963682e+01 -3.941503e+01  4.000000e+01
   endloop
 endfacet
 facet normal  0.000000e+00  0.000000e+00  1.000000e+00
   outer loop
     vertex  4.968513e+01 -3.935312e+01  4.000000e+01
     vertex  4.840000e+01 -4.000000e+01  4.000000e+01
     vertex  4.941503e+01 -3.963682e+01  4.000000e+01
   endloop
 endfacet
 facet normal  0.000000e+00  0.000000e+00  1.000000e+00
   outer loop
     vertex  4.968513e+01 -3.935312e+01  4.000000e+01
     vertex  4.941503e+01 -3.963682e+01  4.000000e+01
     vertex  4.958552e+01 -3.947449e+01  4.000000e+01
   endloop
 endfacet
 facet normal  0.000000e+00  0.000000e+00  1.000000e+00
   outer loop
     vertex  4.973035e+01 -3.928891e+01  4.000000e+01
     vertex  4.840000e+01 -4.000000e+01  4.000000e+01
     vertex  4.968513e+01 -3.935312e+01  4.000000e+01
   endloop
 endfacet
 facet normal  0.000000e+00  0.000000e+00  1.000000e+00
   outer loop
     vertex  4.977237e+01 -3.922256e+01  4.000000e+01
     vertex  4.840000e+01 -4.000000e+01  4.000000e+01
     vertex  4.973035e+01 -3.928891e+01  4.000000e+01
   endloop
 endfacet
 facet normal  0.000000e+00  0.000000e+00  1.000000e+00
   outer loop
     vertex  4.981107e+01 -3.915423e+01  4.000000e+01
     vertex  4.840000e+01 -4.000000e+01  4.000000e+01
     vertex  4.977237e+01 -3.922256e+01  4.000000e+01
   endloop
 endfacet
 facet normal  0.000000e+00  0.000000e+00  1.000000e+00
   outer loop
     vertex  4.993110e+01 -3.886446e+01  4.000000e+01
     vertex  4.840000e+01 -4.000000e+01  4.000000e+01
     vertex  4.981107e+01 -3.915423e+01  4.000000e+01
   endloop
 endfacet
 facet normal  0.000000e+00  0.000000e+00  1.000000e+00
   outer loop
     vertex  4.993110e+01 -3.886446e+01  4.000000e+01
     vertex  4.981107e+01 -3.915423e+01  4.000000e+01
     vertex  4.984638e+01 -3.908409e+01  4.000000e+01
   endloop
 endfacet
 facet normal  0.000000e+00  0.000000e+00  1.000000e+00
   outer loop
     vertex  4.993110e+01 -3.886446e+01  4.000000e+01
     vertex  4.984638e+01 -3.908409e+01  4.000000e+01
     vertex  4.987821e+01 -3.901229e+01  4.000000e+01
   endloop
 endfacet
 facet normal  0.000000e+00  0.000000e+00  1.000000e+00
   outer loop
     vertex  4.993110e+01 -3.886446e+01  4.000000e+01
     vertex  4.987821e+01 -3.901229e+01  4.000000e+01
     vertex  4.990647e+01 -3.893902e+01  4.000000e+01
   endloop
 endfacet
 facet normal  0.000000e+00  0.000000e+00  1.000000e+00
   outer loop
     vertex  4.995205e+01 -3.878877e+01  4.000000e+01
     vertex  4.840000e+01 -4.000000e+01  4.000000e+01
     vertex  4.993110e+01 -3.886446e+01  4.000000e+01
   endloop
 endfacet
 facet normal  0.000000e+00  0.000000e+00  1.000000e+00
   outer loop
     vertex  4.998268e+01 -3.863477e+01  4.000000e+01
     vertex  4.840000e+01 -4.000000e+01  4.000000e+01
     vertex  4.995205e+01 -3.878877e+01  4.000000e+01
   endloop
 endfacet
 facet normal  0.000000e+00  0.000000e+00  1.000000e+00
   outer loop
     vertex  4.998268e+01 -3.863477e+01  4.000000e+01
     vertex  4.995205e+01 -3.878877e+01  4.000000e+01
     vertex  4.996926e+01 -3.871214e+01  4.000000e+01
   endloop
 endfacet
 facet normal  0.000000e+00  0.000000e+00  1.000000e+00
   outer loop
     vertex  4.999230e+01 -3.855683e+01  4.000000e+01
     vertex  4.840000e+01 -4.000000e+01  4.000000e+01
     vertex  4.998268e+01 -3.863477e+01  4.000000e+01
   endloop
 endfacet
 facet normal  0.000000e+00  0.000000e+00  1.000000e+00
   outer loop
     vertex  5.000000e+01 -3.840000e+01  4.000000e+01
     vertex  4.658552e+01 -3.647449e+01  4.000000e+01
     vertex  4.653137e+01 -3.653137e+01  4.000000e+01
   endloop
 endfacet
 facet normal  0.000000e+00  0.000000e+00  1.000000e+00
   outer loop
     vertex  5.000000e+01 -3.840000e+01  4.000000e+01
     vertex  4.663682e+01 -3.641503e+01  4.000000e+01
     vertex  4.658552e+01 -3.647449e+01  4.000000e+01
   endloop
 endfacet
 facet normal  0.000000e+00  0.000000e+00  1.000000e+00
   outer loop
     vertex  5.000000e+01 -3.840000e+01  4.000000e+01
     vertex  4.668513e+01 -3.635312e+01  4.000000e+01
     vertex  4.663682e+01 -3.641503e+01  4.000000e+01
   endloop
 endfacet
 facet normal  0.000000e+00  0.000000e+00  1.000000e+00
   outer loop
     vertex  5.000000e+01 -3.840000e+01  4.000000e+01
     vertex  4.673035e+01 -3.628891e+01  4.000000e+01
     vertex  4.668513e+01 -3.635312e+01  4.000000e+01
   endloop
 endfacet
 facet normal  0.000000e+00  0.000000e+00  1.000000e+00
   outer loop
     vertex  5.000000e+01 -3.840000e+01  4.000000e+01
     vertex  4.677237e+01 -3.622256e+01  4.000000e+01
     vertex  4.673035e+01 -3.628891e+01  4.000000e+01
   endloop
 endfacet
 facet normal  0.000000e+00  0.000000e+00  1.000000e+00
   outer loop
     vertex  5.000000e+01 -3.840000e+01  4.000000e+01
     vertex  4.681107e+01 -3.615423e+01  4.000000e+01
     vertex  4.677237e+01 -3.622256e+01  4.000000e+01
   endloop
 endfacet
 facet normal  0.000000e+00  0.000000e+00  1.000000e+00
   outer loop
     vertex  5.000000e+01 -3.840000e+01  4.000000e+01
     vertex  4.684638e+01 -3.608409e+01  4.000000e+01
     vertex  4.681107e+01 -3.615423e+01  4.000000e+01
   endloop
 endfacet
 facet normal  0.000000e+00  0.000000e+00  1.000000e+00
   outer loop
     vertex  5.000000e+01 -3.840000e+01  4.000000e+01
     vertex  4.687821e+01 -3.601229e+01  4.000000e+01
     vertex  4.684638e+01 -3.608409e+01  4.000000e+01
   endloop
 endfacet
 facet normal  0.000000e+00  0.000000e+00  1.000000e+00
   outer loop
     vertex  5.000000e+01 -3.840000e+01  4.000000e+01
     vertex  4.690647e+01 -3.593902e+01  4.000000e+01
     vertex  4.687821e+01 -3.601229e+01  4.000000e+01
   endloop
 endfacet
 facet normal  0.000000e+00  0.000000e+00  1.000000e+00
   outer loop
     vertex  5.000000e+01 -3.840000e+01  4.000000e+01
     vertex  4.693110e+01 -3.586446e+01  4.000000e+01
     vertex  4.690647e+01 -3.593902e+01  4.000000e+01
   endloop
 endfacet
 facet normal  0.000000e+00  0.000000e+00  1.000000e+00
   outer loop
     vertex  5.000000e+01 -3.840000e+01  4.000000e+01
     vertex  4.695205e+01 -3.578877e+01  4.000000e+01
     vertex  4.693110e+01 -3.586446e+01  4.000000e+01
   endloop
 endfacet
 facet normal  0.000000e+00  0.000000e+00  1.000000e+00
   outer loop
     vertex  5.000000e+01 -3.840000e+01  4.000000e+01
     vertex  4.696926e+01 -3.571214e+01  4.000000e+01
     vertex  4.695205e+01 -3.578877e+01  4.000000e+01
   endloop
 endfacet
 facet normal  0.000000e+00  0.000000e+00  1.000000e+00
   outer loop
     vertex  5.000000e+01 -3.840000e+01  4.000000e+01
     vertex  4.698268e+01 -3.563477e+01  4.000000e+01
     vertex  4.696926e+01 -3.571214e+01  4.000000e+01
   endloop
 endfacet
 facet normal  0.000000e+00  0.000000e+00  1.000000e+00
   outer loop
     vertex  5.000000e+01 -3.840000e+01  4.000000e+01
     vertex  4.699230e+01 -3.555683e+01  4.000000e+01
     vertex  4.698268e+01 -3.563477e+01  4.000000e+01
   endloop
 endfacet
 facet normal  0.000000e+00  0.000000e+00  1.000000e+00
   outer loop
     vertex  5.000000e+01 -3.840000e+01  4.000000e+01
     vertex  4.699807e+01 -3.547851e+01  4.000000e+01
     vertex  4.699230e+01 -3.555683e+01  4.000000e+01
   endloop
 endfacet
 facet normal  0.000000e+00  0.000000e+00  1.000000e+00
   outer loop
     vertex  5.000000e+01 -3.840000e+01  4.000000e+01
     vertex  4.700000e+01 -3.540000e+01  4.000000e+01
     vertex  4.699807e+01 -3.547851e+01  4.000000e+01
   endloop
 endfacet
 facet normal  0.000000e+00  0.000000e+00  1.000000e+00
   outer loop
     vertex  5.000000e+01 -3.840000e+01  4.000000e+01
     vertex  4.840000e+01 -4.000000e+01  4.000000e+01
     vertex  4.999230e+01 -3.855683e+01  4.000000e+01
   endloop
 endfacet
 facet normal  0.000000e+00  0.000000e+00  1.000000e+00
   outer loop
     vertex  5.000000e+01 -3.840000e+01  4.000000e+01
     vertex  4.999230e+01 -3.855683e+01  4.000000e+01
     vertex  4.999807e+01 -3.847851e+01  4.000000e+01
   endloop
 endfacet
 facet normal  0.000000e+00  0.000000e+00  1.000000e+00
   outer loop
     vertex  5.000000e+01 -3.840000e+01  4.000000e+01
     vertex  4.653137e+01 -3.653137e+01  4.000000e+01
     vertex  4.840000e+01 -4.000000e+01  4.000000e+01
   endloop
 endfacet
 facet normal  0.000000e+00  0.000000e+00  1.000000e+00
   outer loop
     vertex  4.840000e+01  4.000000e+01  4.000000e+01
     vertex  4.647449e+01  3.658552e+01  4.000000e+01
     vertex  4.653137e+01  3.653137e+01  4.000000e+01
   endloop
 endfacet
 facet normal  0.000000e+00  0.000000e+00  1.000000e+00
   outer loop
     vertex  4.840000e+01  4.000000e+01  4.000000e+01
     vertex  4.641503e+01  3.663682e+01  4.000000e+01
     vertex  4.647449e+01  3.658552e+01  4.000000e+01
   endloop
 endfacet
 facet normal  0.000000e+00  0.000000e+00  1.000000e+00
   outer loop
     vertex  4.840000e+01  4.000000e+01  4.000000e+01
     vertex  4.635312e+01  3.668513e+01  4.000000e+01
     vertex  4.641503e+01  3.663682e+01  4.000000e+01
   endloop
 endfacet
 facet normal  0.000000e+00  0.000000e+00  1.000000e+00
   outer loop
     vertex  4.840000e+01  4.000000e+01  4.000000e+01
     vertex  4.628891e+01  3.673035e+01  4.000000e+01
     vertex  4.635312e+01  3.668513e+01  4.000000e+01
   endloop
 endfacet
 facet normal  0.000000e+00  0.000000e+00  1.000000e+00
   outer loop
     vertex  4.840000e+01  4.000000e+01  4.000000e+01
     vertex  4.622256e+01  3.677237e+01  4.000000e+01
     vertex  4.628891e+01  3.673035e+01  4.000000e+01
   endloop
 endfacet
 facet normal  0.000000e+00  0.000000e+00  1.000000e+00
   outer loop
     vertex  4.840000e+01  4.000000e+01  4.000000e+01
     vertex  4.615423e+01  3.681107e+01  4.000000e+01
     vertex  4.622256e+01  3.677237e+01  4.000000e+01
   endloop
 endfacet
 facet normal  0.000000e+00  0.000000e+00  1.000000e+00
   outer loop
     vertex  4.840000e+01  4.000000e+01  4.000000e+01
     vertex  4.608409e+01  3.684638e+01  4.000000e+01
     vertex  4.615423e+01  3.681107e+01  4.000000e+01
   endloop
 endfacet
 facet normal  0.000000e+00  0.000000e+00  1.000000e+00
   outer loop
     vertex  4.840000e+01  4.000000e+01  4.000000e+01
     vertex  4.601229e+01  3.687821e+01  4.000000e+01
     vertex  4.608409e+01  3.684638e+01  4.000000e+01
   endloop
 endfacet
 facet normal  0.000000e+00  0.000000e+00  1.000000e+00
   outer loop
     vertex  4.840000e+01  4.000000e+01  4.000000e+01
     vertex  4.593902e+01  3.690647e+01  4.000000e+01
     vertex  4.601229e+01  3.687821e+01  4.000000e+01
   endloop
 endfacet
 facet normal  0.000000e+00  0.000000e+00  1.000000e+00
   outer loop
     vertex  4.840000e+01  4.000000e+01  4.000000e+01
     vertex  4.586446e+01  3.693110e+01  4.000000e+01
     vertex  4.593902e+01  3.690647e+01  4.000000e+01
   endloop
 endfacet
 facet normal  0.000000e+00  0.000000e+00  1.000000e+00
   outer loop
     vertex  4.840000e+01  4.000000e+01  4.000000e+01
     vertex  4.578877e+01  3.695205e+01  4.000000e+01
     vertex  4.586446e+01  3.693110e+01  4.000000e+01
   endloop
 endfacet
 facet normal  0.000000e+00  0.000000e+00  1.000000e+00
   outer loop
     vertex  4.840000e+01  4.000000e+01  4.000000e+01
     vertex  4.571214e+01  3.696926e+01  4.000000e+01
     vertex  4.578877e+01  3.695205e+01  4.000000e+01
   endloop
 endfacet
 facet normal  0.000000e+00  0.000000e+00  1.000000e+00
   outer loop
     vertex  4.840000e+01  4.000000e+01  4.000000e+01
     vertex  4.563477e+01  3.698268e+01  4.000000e+01
     vertex  4.571214e+01  3.696926e+01  4.000000e+01
   endloop
 endfacet
 facet normal  0.000000e+00  0.000000e+00  1.000000e+00
   outer loop
     vertex  4.840000e+01  4.000000e+01  4.000000e+01
     vertex  4.555683e+01  3.699230e+01  4.000000e+01
     vertex  4.563477e+01  3.698268e+01  4.000000e+01
   endloop
 endfacet
 facet normal  0.000000e+00  0.000000e+00  1.000000e+00
   outer loop
     vertex  4.840000e+01  4.000000e+01  4.000000e+01
     vertex  4.547851e+01  3.699807e+01  4.000000e+01
     vertex  4.555683e+01  3.699230e+01  4.000000e+01
   endloop
 endfacet
 facet normal  0.000000e+00  0.000000e+00  1.000000e+00
   outer loop
     vertex  4.840000e+01  4.000000e+01  4.000000e+01
     vertex  4.540000e+01  3.700000e+01  4.000000e+01
     vertex  4.547851e+01  3.699807e+01  4.000000e+01
   endloop
 endfacet
 facet normal  0.000000e+00  0.000000e+00  1.000000e+00
   outer loop
     vertex  5.000000e+01  3.840000e+01  4.000000e+01
     vertex  4.700000e+01 -3.540000e+01  4.000000e+01
     vertex  5.000000e+01 -3.840000e+01  4.000000e+01
   endloop
 endfacet
 facet normal  0.000000e+00  0.000000e+00  1.000000e+00
   outer loop
     vertex  5.000000e+01  3.840000e+01  4.000000e+01
     vertex  4.699807e+01  3.547851e+01  4.000000e+01
     vertex  4.700000e+01  3.540000e+01  4.000000e+01
   endloop
 endfacet
 facet normal  0.000000e+00  0.000000e+00  1.000000e+00
   outer loop
     vertex  5.000000e+01  3.840000e+01  4.000000e+01
     vertex  4.699230e+01  3.555683e+01  4.000000e+01
     vertex  4.699807e+01  3.547851e+01  4.000000e+01
   endloop
 endfacet
 facet normal  0.000000e+00  0.000000e+00  1.000000e+00
   outer loop
     vertex  5.000000e+01  3.840000e+01  4.000000e+01
     vertex  4.698268e+01  3.563477e+01  4.000000e+01
     vertex  4.699230e+01  3.555683e+01  4.000000e+01
   endloop
 endfacet
 facet normal  0.000000e+00  0.000000e+00  1.000000e+00
   outer loop
     vertex  5.000000e+01  3.840000e+01  4.000000e+01
     vertex  4.696926e+01  3.571214e+01  4.000000e+01
     vertex  4.698268e+01  3.563477e+01  4.000000e+01
   endloop
 endfacet
 facet normal  0.000000e+00  0.000000e+00  1.000000e+00
   outer loop
     vertex  5.000000e+01  3.840000e+01  4.000000e+01
     vertex  4.695205e+01  3.578877e+01  4.000000e+01
     vertex  4.696926e+01  3.571214e+01  4.000000e+01
   endloop
 endfacet
 facet normal  0.000000e+00  0.000000e+00  1.000000e+00
   outer loop
     vertex  5.000000e+01  3.840000e+01  4.000000e+01
     vertex  4.693110e+01  3.586446e+01  4.000000e+01
     vertex  4.695205e+01  3.578877e+01  4.000000e+01
   endloop
 endfacet
 facet normal  0.000000e+00  0.000000e+00  1.000000e+00
   outer loop
     vertex  5.000000e+01  3.840000e+01  4.000000e+01
     vertex  4.690647e+01  3.593902e+01  4.000000e+01
     vertex  4.693110e+01  3.586446e+01  4.000000e+01
   endloop
 endfacet
 facet normal  0.000000e+00  0.000000e+00  1.000000e+00
   outer loop
     vertex  5.000000e+01  3.840000e+01  4.000000e+01
     vertex  4.687821e+01  3.601229e+01  4.000000e+01
     vertex  4.690647e+01  3.593902e+01  4.000000e+01
   endloop
 endfacet
 facet normal  0.000000e+00  0.000000e+00  1.000000e+00
   outer loop
     vertex  5.000000e+01  3.840000e+01  4.000000e+01
     vertex  4.684638e+01  3.608409e+01  4.000000e+01
     vertex  4.687821e+01  3.601229e+01  4.000000e+01
   endloop
 endfacet
 facet normal  0.000000e+00  0.000000e+00  1.000000e+00
   outer loop
     vertex  5.000000e+01  3.840000e+01  4.000000e+01
     vertex  4.840000e+01  4.000000e+01  4.000000e+01
     vertex  4.653137e+01  3.653137e+01  4.000000e+01
   endloop
 endfacet
 facet normal  0.000000e+00  0.000000e+00  1.000000e+00
   outer loop
     vertex  5.000000e+01  3.840000e+01  4.000000e+01
     vertex  4.681107e+01  3.615423e+01  4.000000e+01
     vertex  4.684638e+01  3.608409e+01  4.000000e+01
   endloop
 endfacet
 facet normal  0.000000e+00  0.000000e+00  1.000000e+00
   outer loop
     vertex  5.000000e+01  3.840000e+01  4.000000e+01
     vertex  4.677237e+01  3.622256e+01  4.000000e+01
     vertex  4.681107e+01  3.615423e+01  4.000000e+01
   endloop
 endfacet
 facet normal  0.000000e+00  0.000000e+00  1.000000e+00
   outer loop
     vertex  5.000000e+01  3.840000e+01  4.000000e+01
     vertex  4.673035e+01  3.628891e+01  4.000000e+01
     vertex  4.677237e+01  3.622256e+01  4.000000e+01
   endloop
 endfacet
 facet normal  0.000000e+00  0.000000e+00  1.000000e+00
   outer loop
     vertex  5.000000e+01  3.840000e+01  4.000000e+01
     vertex  4.668513e+01  3.635312e+01  4.000000e+01
     vertex  4.673035e+01  3.628891e+01  4.000000e+01
   endloop
 endfacet
 facet normal  0.000000e+00  0.000000e+00  1.000000e+00
   outer loop
     vertex  5.000000e+01  3.840000e+01  4.000000e+01
     vertex  4.663682e+01  3.641503e+01  4.000000e+01
     vertex  4.668513e+01  3.635312e+01  4.000000e+01
   endloop
 endfacet
 facet normal  0.000000e+00  0.000000e+00  1.000000e+00
   outer loop
     vertex  5.000000e+01  3.840000e+01  4.000000e+01
     vertex  4.658552e+01  3.647449e+01  4.000000e+01
     vertex  4.663682e+01  3.641503e+01  4.000000e+01
   endloop
 endfacet
 facet normal  0.000000e+00  0.000000e+00  1.000000e+00
   outer loop
     vertex  5.000000e+01  3.840000e+01  4.000000e+01
     vertex  4.653137e+01  3.653137e+01  4.000000e+01
     vertex  4.658552e+01  3.647449e+01  4.000000e+01
   endloop
 endfacet
 facet normal  0.000000e+00  0.000000e+00  1.000000e+00
   outer loop
     vertex  5.000000e+01  3.840000e+01  4.000000e+01
     vertex  4.700000e+01  3.540000e+01  4.000000e+01
     vertex  4.700000e+01 -3.540000e+01  4.000000e+01
   endloop
 endfacet
 facet normal  0.000000e+00  0.000000e+00  1.000000e+00
   outer loop
     vertex  4.999230e+01  3.855683e+01  4.000000e+01
     vertex  5.000000e+01  3.840000e+01  4.000000e+01
     vertex  4.999807e+01  3.847851e+01  4.000000e+01
   endloop
 endfacet
 facet normal  0.000000e+00  0.000000e+00  1.000000e+00
   outer loop
     vertex  4.998268e+01  3.863477e+01  4.000000e+01
     vertex  5.000000e+01  3.840000e+01  4.000000e+01
     vertex  4.999230e+01  3.855683e+01  4.000000e+01
   endloop
 endfacet
 facet normal  0.000000e+00  0.000000e+00  1.000000e+00
   outer loop
     vertex  4.863477e+01  3.998268e+01  4.000000e+01
     vertex  4.855683e+01  3.999230e+01  4.000000e+01
     vertex  4.847851e+01  3.999807e+01  4.000000e+01
   endloop
 endfacet
 facet normal  0.000000e+00  0.000000e+00  1.000000e+00
   outer loop
     vertex  4.996926e+01  3.871214e+01  4.000000e+01
     vertex  5.000000e+01  3.840000e+01  4.000000e+01
     vertex  4.998268e+01  3.863477e+01  4.000000e+01
   endloop
 endfacet
 facet normal  0.000000e+00  0.000000e+00  1.000000e+00
   outer loop
     vertex  4.993110e+01  3.886446e+01  4.000000e+01
     vertex  5.000000e+01  3.840000e+01  4.000000e+01
     vertex  4.996926e+01  3.871214e+01  4.000000e+01
   endloop
 endfacet
 facet normal  0.000000e+00  0.000000e+00  1.000000e+00
   outer loop
     vertex  4.993110e+01  3.886446e+01  4.000000e+01
     vertex  4.996926e+01  3.871214e+01  4.000000e+01
     vertex  4.995205e+01  3.878877e+01  4.000000e+01
   endloop
 endfacet
 facet normal  0.000000e+00  0.000000e+00  1.000000e+00
   outer loop
     vertex  4.886446e+01  3.993110e+01  4.000000e+01
     vertex  4.871214e+01  3.996926e+01  4.000000e+01
     vertex  4.863477e+01  3.998268e+01  4.000000e+01
   endloop
 endfacet
 facet normal  0.000000e+00  0.000000e+00  1.000000e+00
   outer loop
     vertex  4.886446e+01  3.993110e+01  4.000000e+01
     vertex  4.878877e+01  3.995205e+01  4.000000e+01
     vertex  4.871214e+01  3.996926e+01  4.000000e+01
   endloop
 endfacet
 facet normal  0.000000e+00  0.000000e+00  1.000000e+00
   outer loop
     vertex  4.990647e+01  3.893902e+01  4.000000e+01
     vertex  5.000000e+01  3.840000e+01  4.000000e+01
     vertex  4.993110e+01  3.886446e+01  4.000000e+01
   endloop
 endfacet
 facet normal  0.000000e+00  0.000000e+00  1.000000e+00
   outer loop
     vertex  4.901229e+01  3.987821e+01  4.000000e+01
     vertex  4.863477e+01  3.998268e+01  4.000000e+01
     vertex  4.847851e+01  3.999807e+01  4.000000e+01
   endloop
 endfacet
 facet normal  0.000000e+00  0.000000e+00  1.000000e+00
   outer loop
     vertex  4.901229e+01  3.987821e+01  4.000000e+01
     vertex  4.886446e+01  3.993110e+01  4.000000e+01
     vertex  4.863477e+01  3.998268e+01  4.000000e+01
   endloop
 endfacet
 facet normal  0.000000e+00  0.000000e+00  1.000000e+00
   outer loop
     vertex  4.901229e+01  3.987821e+01  4.000000e+01
     vertex  5.000000e+01  3.840000e+01  4.000000e+01
     vertex  4.990647e+01  3.893902e+01  4.000000e+01
   endloop
 endfacet
 facet normal  0.000000e+00  0.000000e+00  1.000000e+00
   outer loop
     vertex  4.901229e+01  3.987821e+01  4.000000e+01
     vertex  4.847851e+01  3.999807e+01  4.000000e+01
     vertex  4.840000e+01  4.000000e+01  4.000000e+01
   endloop
 endfacet
 facet normal  0.000000e+00  0.000000e+00  1.000000e+00
   outer loop
     vertex  4.901229e+01  3.987821e+01  4.000000e+01
     vertex  4.893902e+01  3.990647e+01  4.000000e+01
     vertex  4.886446e+01  3.993110e+01  4.000000e+01
   endloop
 endfacet
 facet normal  0.000000e+00  0.000000e+00  1.000000e+00
   outer loop
     vertex  4.901229e+01  3.987821e+01  4.000000e+01
     vertex  4.840000e+01  4.000000e+01  4.000000e+01
     vertex  5.000000e+01  3.840000e+01  4.000000e+01
   endloop
 endfacet
 facet normal  0.000000e+00  0.000000e+00  1.000000e+00
   outer loop
     vertex  4.984638e+01  3.908409e+01  4.000000e+01
     vertex  4.990647e+01  3.893902e+01  4.000000e+01
     vertex  4.987821e+01  3.901229e+01  4.000000e+01
   endloop
 endfacet
 facet normal  0.000000e+00  0.000000e+00  1.000000e+00
   outer loop
     vertex  4.915423e+01  3.981107e+01  4.000000e+01
     vertex  4.908409e+01  3.984638e+01  4.000000e+01
     vertex  4.901229e+01  3.987821e+01  4.000000e+01
   endloop
 endfacet
 facet normal  0.000000e+00  0.000000e+00  1.000000e+00
   outer loop
     vertex  4.977237e+01  3.922256e+01  4.000000e+01
     vertex  4.984638e+01  3.908409e+01  4.000000e+01
     vertex  4.981107e+01  3.915423e+01  4.000000e+01
   endloop
 endfacet
 facet normal  0.000000e+00  0.000000e+00  1.000000e+00
   outer loop
     vertex  4.928891e+01  3.973035e+01  4.000000e+01
     vertex  4.915423e+01  3.981107e+01  4.000000e+01
     vertex  4.901229e+01  3.987821e+01  4.000000e+01
   endloop
 endfacet
 facet normal  0.000000e+00  0.000000e+00  1.000000e+00
   outer loop
     vertex  4.928891e+01  3.973035e+01  4.000000e+01
     vertex  4.922256e+01  3.977237e+01  4.000000e+01
     vertex  4.915423e+01  3.981107e+01  4.000000e+01
   endloop
 endfacet
 facet normal  0.000000e+00  0.000000e+00  1.000000e+00
   outer loop
     vertex  4.968513e+01  3.935312e+01  4.000000e+01
     vertex  4.977237e+01  3.922256e+01  4.000000e+01
     vertex  4.973035e+01  3.928891e+01  4.000000e+01
   endloop
 endfacet
 facet normal  0.000000e+00  0.000000e+00  1.000000e+00
   outer loop
     vertex  4.963682e+01  3.941503e+01  4.000000e+01
     vertex  4.984638e+01  3.908409e+01  4.000000e+01
     vertex  4.977237e+01  3.922256e+01  4.000000e+01
   endloop
 endfacet
 facet normal  0.000000e+00  0.000000e+00  1.000000e+00
   outer loop
     vertex  4.963682e+01  3.941503e+01  4.000000e+01
     vertex  4.977237e+01  3.922256e+01  4.000000e+01
     vertex  4.968513e+01  3.935312e+01  4.000000e+01
   endloop
 endfacet
 facet normal  0.000000e+00  0.000000e+00  1.000000e+00
   outer loop
     vertex  4.958552e+01  3.947449e+01  4.000000e+01
     vertex  4.984638e+01  3.908409e+01  4.000000e+01
     vertex  4.963682e+01  3.941503e+01  4.000000e+01
   endloop
 endfacet
 facet normal  0.000000e+00  0.000000e+00  1.000000e+00
   outer loop
     vertex  4.947449e+01  3.958552e+01  4.000000e+01
     vertex  4.928891e+01  3.973035e+01  4.000000e+01
     vertex  4.901229e+01  3.987821e+01  4.000000e+01
   endloop
 endfacet
 facet normal  0.000000e+00  0.000000e+00  1.000000e+00
   outer loop
     vertex  4.947449e+01  3.958552e+01  4.000000e+01
     vertex  4.935312e+01  3.968513e+01  4.000000e+01
     vertex  4.928891e+01  3.973035e+01  4.000000e+01
   endloop
 endfacet
 facet normal  0.000000e+00  0.000000e+00  1.000000e+00
   outer loop
     vertex  4.947449e+01  3.958552e+01  4.000000e+01
     vertex  4.941503e+01  3.963682e+01  4.000000e+01
     vertex  4.935312e+01  3.968513e+01  4.000000e+01
   endloop
 endfacet
 facet normal  0.000000e+00  0.000000e+00  1.000000e+00
   outer loop
     vertex  4.953137e+01  3.953137e+01  4.000000e+01
     vertex  4.901229e+01  3.987821e+01  4.000000e+01
     vertex  4.990647e+01  3.893902e+01  4.000000e+01
   endloop
 endfacet
 facet normal  0.000000e+00  0.000000e+00  1.000000e+00
   outer loop
     vertex  4.953137e+01  3.953137e+01  4.000000e+01
     vertex  4.990647e+01  3.893902e+01  4.000000e+01
     vertex  4.984638e+01  3.908409e+01  4.000000e+01
   endloop
 endfacet
 facet normal  0.000000e+00  0.000000e+00  1.000000e+00
   outer loop
     vertex  4.953137e+01  3.953137e+01  4.000000e+01
     vertex  4.984638e+01  3.908409e+01  4.000000e+01
     vertex  4.958552e+01  3.947449e+01  4.000000e+01
   endloop
 endfacet
 facet normal  0.000000e+00  0.000000e+00  1.000000e+00
   outer loop
     vertex  4.953137e+01  3.953137e+01  4.000000e+01
     vertex  4.947449e+01  3.958552e+01  4.000000e+01
     vertex  4.901229e+01  3.987821e+01  4.000000e+01
   endloop
 endfacet
 facet normal  0.000000e+00  0.000000e+00  1.000000e+00
   outer loop
     vertex  4.840000e+01  4.000000e+01  4.000000e+01
     vertex -4.840000e+01  4.000000e+01  4.000000e+01
     vertex -4.540000e+01  3.700000e+01  4.000000e+01
   endloop
 endfacet
 facet normal  0.000000e+00  0.000000e+00  1.000000e+00
   outer loop
     vertex  4.840000e+01  4.000000e+01  4.000000e+01
     vertex -4.540000e+01  3.700000e+01  4.000000e+01
     vertex  4.540000e+01  3.700000e+01  4.000000e+01
   endloop
 endfacet
 facet normal -9.996988e-01 -2.454123e-02 -0.000000e+00
   outer loop
     vertex -5.000000e+01 -3.840000e+01  4.000000e+01
     vertex -5.000000e+01 -3.840000e+01  0.000000e+00
     vertex -4.999807e+01 -3.847851e+01  0.000000e+00
   endloop
 endfacet
 facet normal -9.996988e-01 -2.454123e-02 -0.000000e+00
   outer loop
     vertex -4.999807e+01 -3.847851e+01  4.000000e+01
     vertex -5.000000e+01 -3.840000e+01  4.000000e+01
     vertex -4.999807e+01 -3.847851e+01  0.000000e+00
   endloop
 endfacet
 facet normal -9.972905e-01 -7.356456e-02 -0.000000e+00
   outer loop
     vertex -4.999230e+01 -3.855683e+01  4.000000e+01
     vertex -4.999807e+01 -3.847851e+01  0.000000e+00
     vertex -4.999230e+01 -3.855683e+01  0.000000e+00
   endloop
 endfacet
 facet normal -9.972905e-01 -7.356456e-02 -7.671027e-21
   outer loop
     vertex -4.999230e+01 -3.855683e+01  4.000000e+01
     vertex -4.999807e+01 -3.847851e+01  4.000000e+01
     vertex -4.999807e+01 -3.847851e+01  0.000000e+00
   endloop
 endfacet
 facet normal -9.924795e-01 -1.224107e-01 -0.000000e+00
   outer loop
     vertex -4.998268e+01 -3.863477e+01  4.000000e+01
     vertex -4.999230e+01 -3.855683e+01  0.000000e+00
     vertex -4.998268e+01 -3.863477e+01  0.000000e+00
   endloop
 endfacet
 facet normal -9.924795e-01 -1.224107e-01  1.282913e-21
   outer loop
     vertex -4.998268e+01 -3.863477e+01  4.000000e+01
     vertex -4.999230e+01 -3.855683e+01  4.000000e+01
     vertex -4.999230e+01 -3.855683e+01  0.000000e+00
   endloop
 endfacet
 facet normal -9.852776e-01 -1.709619e-01 -0.000000e+00
   outer loop
     vertex -4.996926e+01 -3.871214e+01  4.000000e+01
     vertex -4.998268e+01 -3.863477e+01  0.000000e+00
     vertex -4.996926e+01 -3.871214e+01  0.000000e+00
   endloop
 endfacet
 facet normal -9.852776e-01 -1.709619e-01  2.381391e-20
   outer loop
     vertex -4.996926e+01 -3.871214e+01  4.000000e+01
     vertex -4.998268e+01 -3.863477e+01  4.000000e+01
     vertex -4.998268e+01 -3.863477e+01  0.000000e+00
   endloop
 endfacet
 facet normal -9.757021e-01 -2.191012e-01 -0.000000e+00
   outer loop
     vertex -4.995205e+01 -3.878877e+01  4.000000e+01
     vertex -4.996926e+01 -3.871214e+01  0.000000e+00
     vertex -4.995205e+01 -3.878877e+01  0.000000e+00
   endloop
 endfacet
 facet normal -9.757021e-01 -2.191012e-01  2.854652e-20
   outer loop
     vertex -4.995205e+01 -3.878877e+01  4.000000e+01
     vertex -4.996926e+01 -3.871214e+01  4.000000e+01
     vertex -4.996926e+01 -3.871214e+01  0.000000e+00
   endloop
 endfacet
 facet normal -9.637761e-01 -2.667128e-01 -0.000000e+00
   outer loop
     vertex -4.993110e+01 -3.886446e+01  4.000000e+01
     vertex -4.995205e+01 -3.878877e+01  0.000000e+00
     vertex -4.993110e+01 -3.886446e+01  0.000000e+00
   endloop
 endfacet
 facet normal -9.637761e-01 -2.667128e-01 -3.092173e-20
   outer loop
     vertex -4.993110e+01 -3.886446e+01  4.000000e+01
     vertex -4.995205e+01 -3.878877e+01  4.000000e+01
     vertex -4.995205e+01 -3.878877e+01  0.000000e+00
   endloop
 endfacet
 facet normal -9.495282e-01 -3.136817e-01 -0.000000e+00
   outer loop
     vertex -4.990647e+01 -3.893902e+01  4.000000e+01
     vertex -4.993110e+01 -3.886446e+01  0.000000e+00
     vertex -4.990647e+01 -3.893902e+01  0.000000e+00
   endloop
 endfacet
 facet normal -9.495282e-01 -3.136817e-01  3.330596e-20
   outer loop
     vertex -4.990647e+01 -3.893902e+01  4.000000e+01
     vertex -4.993110e+01 -3.886446e+01  4.000000e+01
     vertex -4.993110e+01 -3.886446e+01  0.000000e+00
   endloop
 endfacet
 facet normal -9.329928e-01 -3.598950e-01 -0.000000e+00
   outer loop
     vertex -4.987821e+01 -3.901229e+01  4.000000e+01
     vertex -4.990647e+01 -3.893902e+01  0.000000e+00
     vertex -4.987821e+01 -3.901229e+01  0.000000e+00
   endloop
 endfacet
 facet normal -9.329928e-01 -3.598950e-01  5.323840e-21
   outer loop
     vertex -4.987821e+01 -3.901229e+01  4.000000e+01
     vertex -4.990647e+01 -3.893902e+01  4.000000e+01
     vertex -4.990647e+01 -3.893902e+01  0.000000e+00
   endloop
 endfacet
 facet normal -9.142098e-01 -4.052413e-01 -3.462884e-20
   outer loop
     vertex -4.984638e+01 -3.908409e+01  4.000000e+01
     vertex -4.987821e+01 -3.901229e+01  4.000000e+01
     vertex -4.987821e+01 -3.901229e+01  0.000000e+00
   endloop
 endfacet
 facet normal -9.142098e-01 -4.052413e-01 -0.000000e+00
   outer loop
     vertex -4.984638e+01 -3.908409e+01  4.000000e+01
     vertex -4.987821e+01 -3.901229e+01  0.000000e+00
     vertex -4.984638e+01 -3.908409e+01  0.000000e+00
   endloop
 endfacet
 facet normal -8.932243e-01 -4.496113e-01 -0.000000e+00
   outer loop
     vertex -4.984638e+01 -3.908409e+01  4.000000e+01
     vertex -4.984638e+01 -3.908409e+01  0.000000e+00
     vertex -4.981107e+01 -3.915423e+01  0.000000e+00
   endloop
 endfacet
 facet normal -8.932243e-01 -4.496113e-01 -0.000000e+00
   outer loop
     vertex -4.981107e+01 -3.915423e+01  4.000000e+01
     vertex -4.984638e+01 -3.908409e+01  4.000000e+01
     vertex -4.981107e+01 -3.915423e+01  0.000000e+00
   endloop
 endfacet
 facet normal -8.700870e-01 -4.928982e-01 -2.175114e-20
   outer loop
     vertex -4.977237e+01 -3.922256e+01  4.000000e+01
     vertex -4.981107e+01 -3.915423e+01  4.000000e+01
     vertex -4.981107e+01 -3.915423e+01  0.000000e+00
   endloop
 endfacet
 facet normal -8.700870e-01 -4.928982e-01 -0.000000e+00
   outer loop
     vertex -4.977237e+01 -3.922256e+01  4.000000e+01
     vertex -4.981107e+01 -3.915423e+01  0.000000e+00
     vertex -4.977237e+01 -3.922256e+01  0.000000e+00
   endloop
 endfacet
 facet normal -8.448536e-01 -5.349976e-01 -0.000000e+00
   outer loop
     vertex -4.977237e+01 -3.922256e+01  4.000000e+01
     vertex -4.977237e+01 -3.922256e+01  0.000000e+00
     vertex -4.973035e+01 -3.928891e+01  0.000000e+00
   endloop
 endfacet
 facet normal -8.448536e-01 -5.349976e-01 -0.000000e+00
   outer loop
     vertex -4.973035e+01 -3.928891e+01  4.000000e+01
     vertex -4.977237e+01 -3.922256e+01  4.000000e+01
     vertex -4.973035e+01 -3.928891e+01  0.000000e+00
   endloop
 endfacet
 facet normal -8.175848e-01 -5.758082e-01 -0.000000e+00
   outer loop
     vertex -4.968513e+01 -3.935312e+01  4.000000e+01
     vertex -4.973035e+01 -3.928891e+01  0.000000e+00
     vertex -4.968513e+01 -3.935312e+01  0.000000e+00
   endloop
 endfacet
 facet normal -8.175848e-01 -5.758082e-01 -6.020377e-20
   outer loop
     vertex -4.968513e+01 -3.935312e+01  4.000000e+01
     vertex -4.973035e+01 -3.928891e+01  4.000000e+01
     vertex -4.973035e+01 -3.928891e+01  0.000000e+00
   endloop
 endfacet
 facet normal -7.883464e-01 -6.152316e-01 -0.000000e+00
   outer loop
     vertex -4.963682e+01 -3.941503e+01  4.000000e+01
     vertex -4.968513e+01 -3.935312e+01  0.000000e+00
     vertex -4.963682e+01 -3.941503e+01  0.000000e+00
   endloop
 endfacet
 facet normal -7.883464e-01 -6.152316e-01  4.444048e-21
   outer loop
     vertex -4.963682e+01 -3.941503e+01  4.000000e+01
     vertex -4.968513e+01 -3.935312e+01  4.000000e+01
     vertex -4.968513e+01 -3.935312e+01  0.000000e+00
   endloop
 endfacet
 facet normal -7.572088e-01 -6.531728e-01 -0.000000e+00
   outer loop
     vertex -4.958552e+01 -3.947449e+01  4.000000e+01
     vertex -4.963682e+01 -3.941503e+01  0.000000e+00
     vertex -4.958552e+01 -3.947449e+01  0.000000e+00
   endloop
 endfacet
 facet normal -7.242471e-01 -6.895405e-01 -0.000000e+00
   outer loop
     vertex -4.958552e+01 -3.947449e+01  4.000000e+01
     vertex -4.958552e+01 -3.947449e+01  0.000000e+00
     vertex -4.953137e+01 -3.953137e+01  0.000000e+00
   endloop
 endfacet
 facet normal -7.572088e-01 -6.531728e-01  1.943293e-20
   outer loop
     vertex -4.958552e+01 -3.947449e+01  4.000000e+01
     vertex -4.963682e+01 -3.941503e+01  4.000000e+01
     vertex -4.963682e+01 -3.941503e+01  0.000000e+00
   endloop
 endfacet
 facet normal -7.242471e-01 -6.895405e-01 -0.000000e+00
   outer loop
     vertex -4.953137e+01 -3.953137e+01  4.000000e+01
     vertex -4.958552e+01 -3.947449e+01  4.000000e+01
     vertex -4.953137e+01 -3.953137e+01  0.000000e+00
   endloop
 endfacet
 facet normal -6.895405e-01 -7.242471e-01 -0.000000e+00
   outer loop
     vertex -4.947449e+01 -3.958552e+01  4.000000e+01
     vertex -4.953137e+01 -3.953137e+01  0.000000e+00
     vertex -4.947449e+01 -3.958552e+01  0.000000e+00
   endloop
 endfacet
 facet normal -6.531728e-01 -7.572088e-01 -0.000000e+00
   outer loop
     vertex -4.947449e+01 -3.958552e+01  4.000000e+01
     vertex -4.947449e+01 -3.958552e+01  0.000000e+00
     vertex -4.941503e+01 -3.963682e+01  0.000000e+00
   endloop
 endfacet
 facet normal -6.895405e-01 -7.242471e-01  5.031636e-20
   outer loop
     vertex -4.947449e+01 -3.958552e+01  4.000000e+01
     vertex -4.953137e+01 -3.953137e+01  4.000000e+01
     vertex -4.953137e+01 -3.953137e+01  0.000000e+00
   endloop
 endfacet
 facet normal -6.531728e-01 -7.572088e-01 -0.000000e+00
   outer loop
     vertex -4.941503e+01 -3.963682e+01  4.000000e+01
     vertex -4.947449e+01 -3.958552e+01  4.000000e+01
     vertex -4.941503e+01 -3.963682e+01  0.000000e+00
   endloop
 endfacet
 facet normal -6.152316e-01 -7.883464e-01 -0.000000e+00
   outer loop
     vertex -4.935312e+01 -3.968513e+01  4.000000e+01
     vertex -4.941503e+01 -3.963682e+01  0.000000e+00
     vertex -4.935312e+01 -3.968513e+01  0.000000e+00
   endloop
 endfacet
 facet normal -5.758082e-01 -8.175848e-01 -0.000000e+00
   outer loop
     vertex -4.935312e+01 -3.968513e+01  4.000000e+01
     vertex -4.935312e+01 -3.968513e+01  0.000000e+00
     vertex -4.928891e+01 -3.973035e+01  0.000000e+00
   endloop
 endfacet
 facet normal -6.152316e-01 -7.883464e-01  5.130957e-20
   outer loop
     vertex -4.935312e+01 -3.968513e+01  4.000000e+01
     vertex -4.941503e+01 -3.963682e+01  4.000000e+01
     vertex -4.941503e+01 -3.963682e+01  0.000000e+00
   endloop
 endfacet
 facet normal -5.758082e-01 -8.175848e-01 -0.000000e+00
   outer loop
     vertex -4.928891e+01 -3.973035e+01  4.000000e+01
     vertex -4.935312e+01 -3.968513e+01  4.000000e+01
     vertex -4.928891e+01 -3.973035e+01  0.000000e+00
   endloop
 endfacet
 facet normal -5.349976e-01 -8.448536e-01 -0.000000e+00
   outer loop
     vertex -4.922256e+01 -3.977237e+01  4.000000e+01
     vertex -4.928891e+01 -3.973035e+01  0.000000e+00
     vertex -4.922256e+01 -3.977237e+01  0.000000e+00
   endloop
 endfacet
 facet normal -4.928982e-01 -8.700870e-01 -0.000000e+00
   outer loop
     vertex -4.922256e+01 -3.977237e+01  4.000000e+01
     vertex -4.922256e+01 -3.977237e+01  0.000000e+00
     vertex -4.915423e+01 -3.981107e+01  0.000000e+00
   endloop
 endfacet
 facet normal -5.349976e-01 -8.448536e-01  6.333467e-20
   outer loop
     vertex -4.922256e+01 -3.977237e+01  4.000000e+01
     vertex -4.928891e+01 -3.973035e+01  4.000000e+01
     vertex -4.928891e+01 -3.973035e+01  0.000000e+00
   endloop
 endfacet
 facet normal -4.496113e-01 -8.932243e-01 -0.000000e+00
   outer loop
     vertex -4.915423e+01 -3.981107e+01  4.000000e+01
     vertex -4.915423e+01 -3.981107e+01  0.000000e+00
     vertex -4.908409e+01 -3.984638e+01  0.000000e+00
   endloop
 endfacet
 facet normal -4.928982e-01 -8.700870e-01 -0.000000e+00
   outer loop
     vertex -4.915423e+01 -3.981107e+01  4.000000e+01
     vertex -4.922256e+01 -3.977237e+01  4.000000e+01
     vertex -4.915423e+01 -3.981107e+01  0.000000e+00
   endloop
 endfacet
 facet normal -4.496113e-01 -8.932243e-01 -0.000000e+00
   outer loop
     vertex -4.908409e+01 -3.984638e+01  4.000000e+01
     vertex -4.915423e+01 -3.981107e+01  4.000000e+01
     vertex -4.908409e+01 -3.984638e+01  0.000000e+00
   endloop
 endfacet
 facet normal -4.052413e-01 -9.142098e-01 -0.000000e+00
   outer loop
     vertex -4.901229e+01 -3.987821e+01  4.000000e+01
     vertex -4.908409e+01 -3.984638e+01  0.000000e+00
     vertex -4.901229e+01 -3.987821e+01  0.000000e+00
   endloop
 endfacet
 facet normal -4.052413e-01 -9.142098e-01  4.673038e-20
   outer loop
     vertex -4.901229e+01 -3.987821e+01  4.000000e+01
     vertex -4.908409e+01 -3.984638e+01  4.000000e+01
     vertex -4.908409e+01 -3.984638e+01  0.000000e+00
   endloop
 endfacet
 facet normal -3.598950e-01 -9.329928e-01 -0.000000e+00
   outer loop
     vertex -4.893902e+01 -3.990647e+01  4.000000e+01
     vertex -4.901229e+01 -3.987821e+01  0.000000e+00
     vertex -4.893902e+01 -3.990647e+01  0.000000e+00
   endloop
 endfacet
 facet normal -3.598950e-01 -9.329928e-01  6.761549e-20
   outer loop
     vertex -4.893902e+01 -3.990647e+01  4.000000e+01
     vertex -4.901229e+01 -3.987821e+01  4.000000e+01
     vertex -4.901229e+01 -3.987821e+01  0.000000e+00
   endloop
 endfacet
 facet normal -3.136817e-01 -9.495282e-01 -0.000000e+00
   outer loop
     vertex -4.886446e+01 -3.993110e+01  4.000000e+01
     vertex -4.893902e+01 -3.990647e+01  0.000000e+00
     vertex -4.886446e+01 -3.993110e+01  0.000000e+00
   endloop
 endfacet
 facet normal -3.136817e-01 -9.495282e-01  3.330596e-20
   outer loop
     vertex -4.886446e+01 -3.993110e+01  4.000000e+01
     vertex -4.893902e+01 -3.990647e+01  4.000000e+01
     vertex -4.893902e+01 -3.990647e+01  0.000000e+00
   endloop
 endfacet
 facet normal -2.667128e-01 -9.637761e-01 -0.000000e+00
   outer loop
     vertex -4.878877e+01 -3.995205e+01  4.000000e+01
     vertex -4.886446e+01 -3.993110e+01  0.000000e+00
     vertex -4.878877e+01 -3.995205e+01  0.000000e+00
   endloop
 endfacet
 facet normal -2.191012e-01 -9.757021e-01 -0.000000e+00
   outer loop
     vertex -4.878877e+01 -3.995205e+01  4.000000e+01
     vertex -4.878877e+01 -3.995205e+01  0.000000e+00
     vertex -4.871214e+01 -3.996926e+01  0.000000e+00
   endloop
 endfacet
 facet normal -2.667128e-01 -9.637761e-01  2.996007e-20
   outer loop
     vertex -4.878877e+01 -3.995205e+01  4.000000e+01
     vertex -4.886446e+01 -3.993110e+01  4.000000e+01
     vertex -4.886446e+01 -3.993110e+01  0.000000e+00
   endloop
 endfacet
 facet normal -2.191012e-01 -9.757021e-01 -0.000000e+00
   outer loop
     vertex -4.871214e+01 -3.996926e+01  4.000000e+01
     vertex -4.878877e+01 -3.995205e+01  4.000000e+01
     vertex -4.871214e+01 -3.996926e+01  0.000000e+00
   endloop
 endfacet
 facet normal -1.709619e-01 -9.852776e-01 -0.000000e+00
   outer loop
     vertex -4.863477e+01 -3.998268e+01  4.000000e+01
     vertex -4.871214e+01 -3.996926e+01  0.000000e+00
     vertex -4.863477e+01 -3.998268e+01  0.000000e+00
   endloop
 endfacet
 facet normal -1.224107e-01 -9.924795e-01 -0.000000e+00
   outer loop
     vertex -4.863477e+01 -3.998268e+01  4.000000e+01
     vertex -4.863477e+01 -3.998268e+01  0.000000e+00
     vertex -4.855683e+01 -3.999230e+01  0.000000e+00
   endloop
 endfacet
 facet normal -1.709619e-01 -9.852776e-01  2.381391e-20
   outer loop
     vertex -4.863477e+01 -3.998268e+01  4.000000e+01
     vertex -4.871214e+01 -3.996926e+01  4.000000e+01
     vertex -4.871214e+01 -3.996926e+01  0.000000e+00
   endloop
 endfacet
 facet normal -1.224107e-01 -9.924795e-01 -0.000000e+00
   outer loop
     vertex -4.855683e+01 -3.999230e+01  4.000000e+01
     vertex -4.863477e+01 -3.998268e+01  4.000000e+01
     vertex -4.855683e+01 -3.999230e+01  0.000000e+00
   endloop
 endfacet
 facet normal -7.356456e-02 -9.972905e-01 -0.000000e+00
   outer loop
     vertex -4.847851e+01 -3.999807e+01  4.000000e+01
     vertex -4.855683e+01 -3.999230e+01  0.000000e+00
     vertex -4.847851e+01 -3.999807e+01  0.000000e+00
   endloop
 endfacet
 facet normal -7.356456e-02 -9.972905e-01  5.705726e-21
   outer loop
     vertex -4.847851e+01 -3.999807e+01  4.000000e+01
     vertex -4.855683e+01 -3.999230e+01  4.000000e+01
     vertex -4.855683e+01 -3.999230e+01  0.000000e+00
   endloop
 endfacet
 facet normal -2.454123e-02 -9.996988e-01 -0.000000e+00
   outer loop
     vertex -4.840000e+01 -4.000000e+01  4.000000e+01
     vertex -4.847851e+01 -3.999807e+01  0.000000e+00
     vertex -4.840000e+01 -4.000000e+01  0.000000e+00
   endloop
 endfacet
 facet normal -2.454123e-02 -9.996988e-01  2.872823e-21
   outer loop
     vertex -4.840000e+01 -4.000000e+01  4.000000e+01
     vertex -4.847851e+01 -3.999807e+01  4.000000e+01
     vertex -4.847851e+01 -3.999807e+01  0.000000e+00
   endloop
 endfacet
 facet normal -9.996988e-01  2.454123e-02  0.000000e+00
   outer loop
     vertex -4.999807e+01  3.847851e+01  4.000000e+01
     vertex -4.999807e+01  3.847851e+01  0.000000e+00
     vertex -5.000000e+01  3.840000e+01  0.000000e+00
   endloop
 endfacet
 facet normal -9.996988e-01  2.454123e-02 -2.872823e-21
   outer loop
     vertex -4.999807e+01  3.847851e+01  4.000000e+01
     vertex -5.000000e+01  3.840000e+01  0.000000e+00
     vertex -5.000000e+01  3.840000e+01  4.000000e+01
   endloop
 endfacet
 facet normal -9.972905e-01  7.356456e-02  0.000000e+00
   outer loop
     vertex -4.999230e+01  3.855683e+01  4.000000e+01
     vertex -4.999230e+01  3.855683e+01  0.000000e+00
     vertex -4.999807e+01  3.847851e+01  0.000000e+00
   endloop
 endfacet
 facet normal -9.924795e-01  1.224107e-01  0.000000e+00
   outer loop
     vertex -4.999230e+01  3.855683e+01  4.000000e+01
     vertex -4.998268e+01  3.863477e+01  0.000000e+00
     vertex -4.999230e+01  3.855683e+01  0.000000e+00
   endloop
 endfacet
 facet normal -9.972905e-01  7.356456e-02  7.671027e-21
   outer loop
     vertex -4.999230e+01  3.855683e+01  4.000000e+01
     vertex -4.999807e+01  3.847851e+01  0.000000e+00
     vertex -4.999807e+01  3.847851e+01  4.000000e+01
   endloop
 endfacet
 facet normal -9.852776e-01  1.709619e-01  0.000000e+00
   outer loop
     vertex -4.998268e+01  3.863477e+01  4.000000e+01
     vertex -4.996926e+01  3.871214e+01  0.000000e+00
     vertex -4.998268e+01  3.863477e+01  0.000000e+00
   endloop
 endfacet
 facet normal -9.924795e-01  1.224107e-01  0.000000e+00
   outer loop
     vertex -4.998268e+01  3.863477e+01  4.000000e+01
     vertex -4.998268e+01  3.863477e+01  0.000000e+00
     vertex -4.999230e+01  3.855683e+01  4.000000e+01
   endloop
 endfacet
 facet normal -9.757021e-01  2.191012e-01  0.000000e+00
   outer loop
     vertex -4.996926e+01  3.871214e+01  4.000000e+01
     vertex -4.995205e+01  3.878877e+01  0.000000e+00
     vertex -4.996926e+01  3.871214e+01  0.000000e+00
   endloop
 endfacet
 facet normal -9.852776e-01  1.709619e-01  0.000000e+00
   outer loop
     vertex -4.996926e+01  3.871214e+01  4.000000e+01
     vertex -4.996926e+01  3.871214e+01  0.000000e+00
     vertex -4.998268e+01  3.863477e+01  4.000000e+01
   endloop
 endfacet
 facet normal -9.757021e-01  2.191012e-01  0.000000e+00
   outer loop
     vertex -4.995205e+01  3.878877e+01  4.000000e+01
     vertex -4.995205e+01  3.878877e+01  0.000000e+00
     vertex -4.996926e+01  3.871214e+01  4.000000e+01
   endloop
 endfacet
 facet normal -9.637761e-01  2.667128e-01  0.000000e+00
   outer loop
     vertex -4.993110e+01  3.886446e+01  4.000000e+01
     vertex -4.993110e+01  3.886446e+01  0.000000e+00
     vertex -4.995205e+01  3.878877e+01  0.000000e+00
   endloop
 endfacet
 facet normal -9.637761e-01  2.667128e-01 -2.996007e-20
   outer loop
     vertex -4.993110e+01  3.886446e+01  4.000000e+01
     vertex -4.995205e+01  3.878877e+01  0.000000e+00
     vertex -4.995205e+01  3.878877e+01  4.000000e+01
   endloop
 endfacet
 facet normal -9.495282e-01  3.136817e-01  0.000000e+00
   outer loop
     vertex -4.990647e+01  3.893902e+01  4.000000e+01
     vertex -4.990647e+01  3.893902e+01  0.000000e+00
     vertex -4.993110e+01  3.886446e+01  0.000000e+00
   endloop
 endfacet
 facet normal -9.495282e-01  3.136817e-01 -3.330596e-20
   outer loop
     vertex -4.990647e+01  3.893902e+01  4.000000e+01
     vertex -4.993110e+01  3.886446e+01  0.000000e+00
     vertex -4.993110e+01  3.886446e+01  4.000000e+01
   endloop
 endfacet
 facet normal -9.329928e-01  3.598950e-01  0.000000e+00
   outer loop
     vertex -4.987821e+01  3.901229e+01  4.000000e+01
     vertex -4.987821e+01  3.901229e+01  0.000000e+00
     vertex -4.990647e+01  3.893902e+01  0.000000e+00
   endloop
 endfacet
 facet normal -9.329928e-01  3.598950e-01 -6.761549e-20
   outer loop
     vertex -4.987821e+01  3.901229e+01  4.000000e+01
     vertex -4.990647e+01  3.893902e+01  0.000000e+00
     vertex -4.990647e+01  3.893902e+01  4.000000e+01
   endloop
 endfacet
 facet normal -9.142098e-01  4.052413e-01  3.462884e-20
   outer loop
     vertex -4.984638e+01  3.908409e+01  4.000000e+01
     vertex -4.987821e+01  3.901229e+01  0.000000e+00
     vertex -4.987821e+01  3.901229e+01  4.000000e+01
   endloop
 endfacet
 facet normal -9.142098e-01  4.052413e-01  0.000000e+00
   outer loop
     vertex -4.984638e+01  3.908409e+01  4.000000e+01
     vertex -4.984638e+01  3.908409e+01  0.000000e+00
     vertex -4.987821e+01  3.901229e+01  0.000000e+00
   endloop
 endfacet
 facet normal -8.932243e-01  4.496113e-01  0.000000e+00
   outer loop
     vertex -4.981107e+01  3.915423e+01  4.000000e+01
     vertex -4.981107e+01  3.915423e+01  0.000000e+00
     vertex -4.984638e+01  3.908409e+01  0.000000e+00
   endloop
 endfacet
 facet normal -8.932243e-01  4.496113e-01  5.552887e-20
   outer loop
     vertex -4.981107e+01  3.915423e+01  4.000000e+01
     vertex -4.984638e+01  3.908409e+01  0.000000e+00
     vertex -4.984638e+01  3.908409e+01  4.000000e+01
   endloop
 endfacet
 facet normal -8.700870e-01  4.928982e-01  0.000000e+00
   outer loop
     vertex -4.977237e+01  3.922256e+01  4.000000e+01
     vertex -4.977237e+01  3.922256e+01  0.000000e+00
     vertex -4.981107e+01  3.915423e+01  0.000000e+00
   endloop
 endfacet
 facet normal -8.700870e-01  4.928982e-01 -4.898458e-20
   outer loop
     vertex -4.977237e+01  3.922256e+01  4.000000e+01
     vertex -4.981107e+01  3.915423e+01  0.000000e+00
     vertex -4.981107e+01  3.915423e+01  4.000000e+01
   endloop
 endfacet
 facet normal -8.448536e-01  5.349976e-01  0.000000e+00
   outer loop
     vertex -4.973035e+01  3.928891e+01  4.000000e+01
     vertex -4.973035e+01  3.928891e+01  0.000000e+00
     vertex -4.977237e+01  3.922256e+01  0.000000e+00
   endloop
 endfacet
 facet normal -8.448536e-01  5.349976e-01  3.074821e-20
   outer loop
     vertex -4.973035e+01  3.928891e+01  4.000000e+01
     vertex -4.977237e+01  3.922256e+01  0.000000e+00
     vertex -4.977237e+01  3.922256e+01  4.000000e+01
   endloop
 endfacet
 facet normal -8.175848e-01  5.758082e-01  0.000000e+00
   outer loop
     vertex -4.968513e+01  3.935312e+01  4.000000e+01
     vertex -4.968513e+01  3.935312e+01  0.000000e+00
     vertex -4.973035e+01  3.928891e+01  0.000000e+00
   endloop
 endfacet
 facet normal -7.883464e-01  6.152316e-01  0.000000e+00
   outer loop
     vertex -4.968513e+01  3.935312e+01  4.000000e+01
     vertex -4.963682e+01  3.941503e+01  0.000000e+00
     vertex -4.968513e+01  3.935312e+01  0.000000e+00
   endloop
 endfacet
 facet normal -8.175848e-01  5.758082e-01  4.273816e-20
   outer loop
     vertex -4.968513e+01  3.935312e+01  4.000000e+01
     vertex -4.973035e+01  3.928891e+01  0.000000e+00
     vertex -4.973035e+01  3.928891e+01  4.000000e+01
   endloop
 endfacet
 facet normal -7.572088e-01  6.531728e-01  0.000000e+00
   outer loop
     vertex -4.963682e+01  3.941503e+01  4.000000e+01
     vertex -4.958552e+01  3.947449e+01  0.000000e+00
     vertex -4.963682e+01  3.941503e+01  0.000000e+00
   endloop
 endfacet
 facet normal -7.883464e-01  6.152316e-01  0.000000e+00
   outer loop
     vertex -4.963682e+01  3.941503e+01  4.000000e+01
     vertex -4.963682e+01  3.941503e+01  0.000000e+00
     vertex -4.968513e+01  3.935312e+01  4.000000e+01
   endloop
 endfacet
 facet normal -7.572088e-01  6.531728e-01  0.000000e+00
   outer loop
     vertex -4.958552e+01  3.947449e+01  4.000000e+01
     vertex -4.958552e+01  3.947449e+01  0.000000e+00
     vertex -4.963682e+01  3.941503e+01  4.000000e+01
   endloop
 endfacet
 facet normal -7.242471e-01  6.895405e-01  0.000000e+00
   outer loop
     vertex -4.953137e+01  3.953137e+01  4.000000e+01
     vertex -4.953137e+01  3.953137e+01  0.000000e+00
     vertex -4.958552e+01  3.947449e+01  0.000000e+00
   endloop
 endfacet
 facet normal -7.242471e-01  6.895405e-01 -5.031636e-20
   outer loop
     vertex -4.953137e+01  3.953137e+01  4.000000e+01
     vertex -4.958552e+01  3.947449e+01  0.000000e+00
     vertex -4.958552e+01  3.947449e+01  4.000000e+01
   endloop
 endfacet
 facet normal -6.895405e-01  7.242471e-01  0.000000e+00
   outer loop
     vertex -4.947449e+01  3.958552e+01  4.000000e+01
     vertex -4.947449e+01  3.958552e+01  0.000000e+00
     vertex -4.953137e+01  3.953137e+01  0.000000e+00
   endloop
 endfacet
 facet normal -6.531728e-01  7.572088e-01  0.000000e+00
   outer loop
     vertex -4.947449e+01  3.958552e+01  4.000000e+01
     vertex -4.941503e+01  3.963682e+01  0.000000e+00
     vertex -4.947449e+01  3.958552e+01  0.000000e+00
   endloop
 endfacet
 facet normal -6.895405e-01  7.242471e-01 -3.166997e-20
   outer loop
     vertex -4.947449e+01  3.958552e+01  4.000000e+01
     vertex -4.953137e+01  3.953137e+01  0.000000e+00
     vertex -4.953137e+01  3.953137e+01  4.000000e+01
   endloop
 endfacet
 facet normal -6.152316e-01  7.883464e-01  0.000000e+00
   outer loop
     vertex -4.941503e+01  3.963682e+01  4.000000e+01
     vertex -4.935312e+01  3.968513e+01  0.000000e+00
     vertex -4.941503e+01  3.963682e+01  0.000000e+00
   endloop
 endfacet
 facet normal -6.531728e-01  7.572088e-01  0.000000e+00
   outer loop
     vertex -4.941503e+01  3.963682e+01  4.000000e+01
     vertex -4.941503e+01  3.963682e+01  0.000000e+00
     vertex -4.947449e+01  3.958552e+01  4.000000e+01
   endloop
 endfacet
 facet normal -6.152316e-01  7.883464e-01  0.000000e+00
   outer loop
     vertex -4.935312e+01  3.968513e+01  4.000000e+01
     vertex -4.935312e+01  3.968513e+01  0.000000e+00
     vertex -4.941503e+01  3.963682e+01  4.000000e+01
   endloop
 endfacet
 facet normal -5.758082e-01  8.175848e-01  0.000000e+00
   outer loop
     vertex -4.928891e+01  3.973035e+01  4.000000e+01
     vertex -4.928891e+01  3.973035e+01  0.000000e+00
     vertex -4.935312e+01  3.968513e+01  0.000000e+00
   endloop
 endfacet
 facet normal -5.758082e-01  8.175848e-01  6.020377e-20
   outer loop
     vertex -4.928891e+01  3.973035e+01  4.000000e+01
     vertex -4.935312e+01  3.968513e+01  0.000000e+00
     vertex -4.935312e+01  3.968513e+01  4.000000e+01
   endloop
 endfacet
 facet normal -5.349976e-01  8.448536e-01  0.000000e+00
   outer loop
     vertex -4.922256e+01  3.977237e+01  4.000000e+01
     vertex -4.922256e+01  3.977237e+01  0.000000e+00
     vertex -4.928891e+01  3.973035e+01  0.000000e+00
   endloop
 endfacet
 facet normal -5.349976e-01  8.448536e-01 -6.333467e-20
   outer loop
     vertex -4.922256e+01  3.977237e+01  4.000000e+01
     vertex -4.928891e+01  3.973035e+01  0.000000e+00
     vertex -4.928891e+01  3.973035e+01  4.000000e+01
   endloop
 endfacet
 facet normal -4.928982e-01  8.700870e-01  0.000000e+00
   outer loop
     vertex -4.915423e+01  3.981107e+01  4.000000e+01
     vertex -4.915423e+01  3.981107e+01  0.000000e+00
     vertex -4.922256e+01  3.977237e+01  0.000000e+00
   endloop
 endfacet
 facet normal -4.928982e-01  8.700870e-01  2.175114e-20
   outer loop
     vertex -4.915423e+01  3.981107e+01  4.000000e+01
     vertex -4.922256e+01  3.977237e+01  0.000000e+00
     vertex -4.922256e+01  3.977237e+01  4.000000e+01
   endloop
 endfacet
 facet normal -4.496113e-01  8.932243e-01  0.000000e+00
   outer loop
     vertex -4.908409e+01  3.984638e+01  4.000000e+01
     vertex -4.908409e+01  3.984638e+01  0.000000e+00
     vertex -4.915423e+01  3.981107e+01  0.000000e+00
   endloop
 endfacet
 facet normal -4.496113e-01  8.932243e-01 -5.250352e-20
   outer loop
     vertex -4.908409e+01  3.984638e+01  4.000000e+01
     vertex -4.915423e+01  3.981107e+01  0.000000e+00
     vertex -4.915423e+01  3.981107e+01  4.000000e+01
   endloop
 endfacet
 facet normal -4.052413e-01  9.142098e-01  0.000000e+00
   outer loop
     vertex -4.901229e+01  3.987821e+01  4.000000e+01
     vertex -4.901229e+01  3.987821e+01  0.000000e+00
     vertex -4.908409e+01  3.984638e+01  0.000000e+00
   endloop
 endfacet
 facet normal -4.052413e-01  9.142098e-01 -4.673038e-20
   outer loop
     vertex -4.901229e+01  3.987821e+01  4.000000e+01
     vertex -4.908409e+01  3.984638e+01  0.000000e+00
     vertex -4.908409e+01  3.984638e+01  4.000000e+01
   endloop
 endfacet
 facet normal -3.598950e-01  9.329928e-01  0.000000e+00
   outer loop
     vertex -4.893902e+01  3.990647e+01  4.000000e+01
     vertex -4.893902e+01  3.990647e+01  0.000000e+00
     vertex -4.901229e+01  3.987821e+01  0.000000e+00
   endloop
 endfacet
 facet normal -3.598950e-01  9.329928e-01 -5.323840e-21
   outer loop
     vertex -4.893902e+01  3.990647e+01  4.000000e+01
     vertex -4.901229e+01  3.987821e+01  0.000000e+00
     vertex -4.901229e+01  3.987821e+01  4.000000e+01
   endloop
 endfacet
 facet normal -3.136817e-01  9.495282e-01  0.000000e+00
   outer loop
     vertex -4.886446e+01  3.993110e+01  4.000000e+01
     vertex -4.886446e+01  3.993110e+01  0.000000e+00
     vertex -4.893902e+01  3.990647e+01  0.000000e+00
   endloop
 endfacet
 facet normal -3.136817e-01  9.495282e-01 -3.330596e-20
   outer loop
     vertex -4.886446e+01  3.993110e+01  4.000000e+01
     vertex -4.893902e+01  3.990647e+01  0.000000e+00
     vertex -4.893902e+01  3.990647e+01  4.000000e+01
   endloop
 endfacet
 facet normal -2.667128e-01  9.637761e-01  0.000000e+00
   outer loop
     vertex -4.878877e+01  3.995205e+01  4.000000e+01
     vertex -4.878877e+01  3.995205e+01  0.000000e+00
     vertex -4.886446e+01  3.993110e+01  0.000000e+00
   endloop
 endfacet
 facet normal -2.667128e-01  9.637761e-01  3.092173e-20
   outer loop
     vertex -4.878877e+01  3.995205e+01  4.000000e+01
     vertex -4.886446e+01  3.993110e+01  0.000000e+00
     vertex -4.886446e+01  3.993110e+01  4.000000e+01
   endloop
 endfacet
 facet normal -2.191012e-01  9.757021e-01  0.000000e+00
   outer loop
     vertex -4.871214e+01  3.996926e+01  4.000000e+01
     vertex -4.871214e+01  3.996926e+01  0.000000e+00
     vertex -4.878877e+01  3.995205e+01  0.000000e+00
   endloop
 endfacet
 facet normal -2.191012e-01  9.757021e-01 -2.854652e-20
   outer loop
     vertex -4.871214e+01  3.996926e+01  4.000000e+01
     vertex -4.878877e+01  3.995205e+01  0.000000e+00
     vertex -4.878877e+01  3.995205e+01  4.000000e+01
   endloop
 endfacet
 facet normal -1.709619e-01  9.852776e-01  0.000000e+00
   outer loop
     vertex -4.863477e+01  3.998268e+01  4.000000e+01
     vertex -4.863477e+01  3.998268e+01  0.000000e+00
     vertex -4.871214e+01  3.996926e+01  0.000000e+00
   endloop
 endfacet
 facet normal -1.224107e-01  9.924795e-01  0.000000e+00
   outer loop
     vertex -4.863477e+01  3.998268e+01  4.000000e+01
     vertex -4.855683e+01  3.999230e+01  0.000000e+00
     vertex -4.863477e+01  3.998268e+01  0.000000e+00
   endloop
 endfacet
 facet normal -1.709619e-01  9.852776e-01 -2.381391e-20
   outer loop
     vertex -4.863477e+01  3.998268e+01  4.000000e+01
     vertex -4.871214e+01  3.996926e+01  0.000000e+00
     vertex -4.871214e+01  3.996926e+01  4.000000e+01
   endloop
 endfacet
 facet normal -1.224107e-01  9.924795e-01  0.000000e+00
   outer loop
     vertex -4.855683e+01  3.999230e+01  4.000000e+01
     vertex -4.855683e+01  3.999230e+01  0.000000e+00
     vertex -4.863477e+01  3.998268e+01  4.000000e+01
   endloop
 endfacet
 facet normal -7.356456e-02  9.972905e-01  0.000000e+00
   outer loop
     vertex -4.847851e+01  3.999807e+01  4.000000e+01
     vertex -4.847851e+01  3.999807e+01  0.000000e+00
     vertex -4.855683e+01  3.999230e+01  0.000000e+00
   endloop
 endfacet
 facet normal -7.356456e-02  9.972905e-01 -5.705726e-21
   outer loop
     vertex -4.847851e+01  3.999807e+01  4.000000e+01
     vertex -4.855683e+01  3.999230e+01  0.000000e+00
     vertex -4.855683e+01  3.999230e+01  4.000000e+01
   endloop
 endfacet
 facet normal -2.454123e-02  9.996988e-01  0.000000e+00
   outer loop
     vertex -4.840000e+01  4.000000e+01  4.000000e+01
     vertex -4.840000e+01  4.000000e+01  0.000000e+00
     vertex -4.847851e+01  3.999807e+01  0.000000e+00
   endloop
 endfacet
 facet normal -2.454123e-02  9.996988e-01  3.837820e-21
   outer loop
     vertex -4.840000e+01  4.000000e+01  4.000000e+01
     vertex -4.847851e+01  3.999807e+01  0.000000e+00
     vertex -4.847851e+01  3.999807e+01  4.000000e+01
   endloop
 endfacet
 facet normal  0.000000e+00  0.000000e+00 -1.000000e+00
   outer loop
     vertex -4.935312e+01 -3.968513e+01  0.000000e+00
     vertex -4.941503e+01 -3.963682e+01  0.000000e+00
     vertex -4.947449e+01 -3.958552e+01  0.000000e+00
   endloop
 endfacet
 facet normal  0.000000e+00  0.000000e+00 -1.000000e+00
   outer loop
     vertex -4.922256e+01 -3.977237e+01  0.000000e+00
     vertex -4.928891e+01 -3.973035e+01  0.000000e+00
     vertex -4.935312e+01 -3.968513e+01  0.000000e+00
   endloop
 endfacet
 facet normal  0.000000e+00  0.000000e+00 -1.000000e+00
   outer loop
     vertex -4.908409e+01 -3.984638e+01  0.000000e+00
     vertex -4.915423e+01 -3.981107e+01  0.000000e+00
     vertex -4.922256e+01 -3.977237e+01  0.000000e+00
   endloop
 endfacet
 facet normal  0.000000e+00  0.000000e+00 -1.000000e+00
   outer loop
     vertex -4.987821e+01 -3.901229e+01  0.000000e+00
     vertex -4.981107e+01 -3.915423e+01  0.000000e+00
     vertex -4.984638e+01 -3.908409e+01  0.000000e+00
   endloop
 endfacet
 facet normal  0.000000e+00  0.000000e+00 -1.000000e+00
   outer loop
     vertex -4.987821e+01 -3.901229e+01  0.000000e+00
     vertex -4.977237e+01 -3.922256e+01  0.000000e+00
     vertex -4.981107e+01 -3.915423e+01  0.000000e+00
   endloop
 endfacet
 facet normal  0.000000e+00  0.000000e+00 -1.000000e+00
   outer loop
     vertex -4.886446e+01 -3.993110e+01  0.000000e+00
     vertex -4.901229e+01 -3.987821e+01  0.000000e+00
     vertex -4.908409e+01 -3.984638e+01  0.000000e+00
   endloop
 endfacet
 facet normal  0.000000e+00  0.000000e+00 -1.000000e+00
   outer loop
     vertex -4.886446e+01 -3.993110e+01  0.000000e+00
     vertex -4.893902e+01 -3.990647e+01  0.000000e+00
     vertex -4.901229e+01 -3.987821e+01  0.000000e+00
   endloop
 endfacet
 facet normal  0.000000e+00  0.000000e+00 -1.000000e+00
   outer loop
     vertex -4.995205e+01 -3.878877e+01  0.000000e+00
     vertex -4.990647e+01 -3.893902e+01  0.000000e+00
     vertex -4.993110e+01 -3.886446e+01  0.000000e+00
   endloop
 endfacet
 facet normal  0.000000e+00  0.000000e+00 -1.000000e+00
   outer loop
     vertex -4.995205e+01 -3.878877e+01  0.000000e+00
     vertex -4.987821e+01 -3.901229e+01  0.000000e+00
     vertex -4.990647e+01 -3.893902e+01  0.000000e+00
   endloop
 endfacet
 facet normal  0.000000e+00  0.000000e+00 -1.000000e+00
   outer loop
     vertex -4.855683e+01 -3.999230e+01  0.000000e+00
     vertex -4.863477e+01 -3.998268e+01  0.000000e+00
     vertex -4.871214e+01 -3.996926e+01  0.000000e+00
   endloop
 endfacet
 facet normal  0.000000e+00  0.000000e+00 -1.000000e+00
   outer loop
     vertex -4.999230e+01 -3.855683e+01  0.000000e+00
     vertex -4.996926e+01 -3.871214e+01  0.000000e+00
     vertex -4.998268e+01 -3.863477e+01  0.000000e+00
   endloop
 endfacet
 facet normal  0.000000e+00  0.000000e+00 -1.000000e+00
   outer loop
     vertex -4.840000e+01 -4.000000e+01  0.000000e+00
     vertex -4.878877e+01 -3.995205e+01  0.000000e+00
     vertex -4.886446e+01 -3.993110e+01  0.000000e+00
   endloop
 endfacet
 facet normal  0.000000e+00  0.000000e+00 -1.000000e+00
   outer loop
     vertex -4.840000e+01 -4.000000e+01  0.000000e+00
     vertex -4.871214e+01 -3.996926e+01  0.000000e+00
     vertex -4.878877e+01 -3.995205e+01  0.000000e+00
   endloop
 endfacet
 facet normal  0.000000e+00  0.000000e+00 -1.000000e+00
   outer loop
     vertex -4.840000e+01 -4.000000e+01  0.000000e+00
     vertex -4.847851e+01 -3.999807e+01  0.000000e+00
     vertex -4.855683e+01 -3.999230e+01  0.000000e+00
   endloop
 endfacet
 facet normal  0.000000e+00  0.000000e+00 -1.000000e+00
   outer loop
     vertex -4.840000e+01 -4.000000e+01  0.000000e+00
     vertex -4.935312e+01 -3.968513e+01  0.000000e+00
     vertex -4.947449e+01 -3.958552e+01  0.000000e+00
   endloop
 endfacet
 facet normal  0.000000e+00  0.000000e+00 -1.000000e+00
   outer loop
     vertex -4.840000e+01 -4.000000e+01  0.000000e+00
     vertex -4.922256e+01 -3.977237e+01  0.000000e+00
     vertex -4.935312e+01 -3.968513e+01  0.000000e+00
   endloop
 endfacet
 facet normal  0.000000e+00  0.000000e+00 -1.000000e+00
   outer loop
     vertex -4.840000e+01 -4.000000e+01  0.000000e+00
     vertex -4.908409e+01 -3.984638e+01  0.000000e+00
     vertex -4.922256e+01 -3.977237e+01  0.000000e+00
   endloop
 endfacet
 facet normal  0.000000e+00  0.000000e+00 -1.000000e+00
   outer loop
     vertex -4.840000e+01 -4.000000e+01  0.000000e+00
     vertex -4.886446e+01 -3.993110e+01  0.000000e+00
     vertex -4.908409e+01 -3.984638e+01  0.000000e+00
   endloop
 endfacet
 facet normal  0.000000e+00  0.000000e+00 -1.000000e+00
   outer loop
     vertex -4.840000e+01 -4.000000e+01  0.000000e+00
     vertex -4.855683e+01 -3.999230e+01  0.000000e+00
     vertex -4.871214e+01 -3.996926e+01  0.000000e+00
   endloop
 endfacet
 facet normal  0.000000e+00  0.000000e+00 -1.000000e+00
   outer loop
     vertex -5.000000e+01 -3.840000e+01  0.000000e+00
     vertex -4.999230e+01 -3.855683e+01  0.000000e+00
     vertex -4.999807e+01 -3.847851e+01  0.000000e+00
   endloop
 endfacet
 facet normal  0.000000e+00  0.000000e+00 -1.000000e+00
   outer loop
     vertex -5.000000e+01 -3.840000e+01  0.000000e+00
     vertex -4.995205e+01 -3.878877e+01  0.000000e+00
     vertex -4.996926e+01 -3.871214e+01  0.000000e+00
   endloop
 endfacet
 facet normal  0.000000e+00  0.000000e+00 -1.000000e+00
   outer loop
     vertex -5.000000e+01 -3.840000e+01  0.000000e+00
     vertex -4.973035e+01 -3.928891e+01  0.000000e+00
     vertex -4.977237e+01 -3.922256e+01  0.000000e+00
   endloop
 endfacet
 facet normal  0.000000e+00  0.000000e+00 -1.000000e+00
   outer loop
     vertex -5.000000e+01 -3.840000e+01  0.000000e+00
     vertex -4.968513e+01 -3.935312e+01  0.000000e+00
     vertex -4.973035e+01 -3.928891e+01  0.000000e+00
   endloop
 endfacet
 facet normal  0.000000e+00  0.000000e+00 -1.000000e+00
   outer loop
     vertex -5.000000e+01 -3.840000e+01  0.000000e+00
     vertex -4.963682e+01 -3.941503e+01  0.000000e+00
     vertex -4.968513e+01 -3.935312e+01  0.000000e+00
   endloop
 endfacet
 facet normal  0.000000e+00  0.000000e+00 -1.000000e+00
   outer loop
     vertex -5.000000e+01 -3.840000e+01  0.000000e+00
     vertex -4.958552e+01 -3.947449e+01  0.000000e+00
     vertex -4.963682e+01 -3.941503e+01  0.000000e+00
   endloop
 endfacet
 facet normal  0.000000e+00  0.000000e+00 -1.000000e+00
   outer loop
     vertex -5.000000e+01 -3.840000e+01  0.000000e+00
     vertex -4.953137e+01 -3.953137e+01  0.000000e+00
     vertex -4.958552e+01 -3.947449e+01  0.000000e+00
   endloop
 endfacet
 facet normal  0.000000e+00  0.000000e+00 -1.000000e+00
   outer loop
     vertex -5.000000e+01 -3.840000e+01  0.000000e+00
     vertex -4.947449e+01 -3.958552e+01  0.000000e+00
     vertex -4.953137e+01 -3.953137e+01  0.000000e+00
   endloop
 endfacet
 facet normal  0.000000e+00  0.000000e+00 -1.000000e+00
   outer loop
     vertex -5.000000e+01 -3.840000e+01  0.000000e+00
     vertex -4.996926e+01 -3.871214e+01  0.000000e+00
     vertex -4.999230e+01 -3.855683e+01  0.000000e+00
   endloop
 endfacet
 facet normal  0.000000e+00  0.000000e+00 -1.000000e+00
   outer loop
     vertex -5.000000e+01 -3.840000e+01  0.000000e+00
     vertex -4.987821e+01 -3.901229e+01  0.000000e+00
     vertex -4.995205e+01 -3.878877e+01  0.000000e+00
   endloop
 endfacet
 facet normal  0.000000e+00  0.000000e+00 -1.000000e+00
   outer loop
     vertex -5.000000e+01 -3.840000e+01  0.000000e+00
     vertex -4.977237e+01 -3.922256e+01  0.000000e+00
     vertex -4.987821e+01 -3.901229e+01  0.000000e+00
   endloop
 endfacet
 facet normal  0.000000e+00  0.000000e+00 -1.000000e+00
   outer loop
     vertex -5.000000e+01 -3.840000e+01  0.000000e+00
     vertex -4.840000e+01 -4.000000e+01  0.000000e+00
     vertex -4.947449e+01 -3.958552e+01  0.000000e+00
   endloop
 endfacet
 facet normal  0.000000e+00  0.000000e+00 -1.000000e+00
   outer loop
     vertex -4.998268e+01  3.863477e+01  0.000000e+00
     vertex -5.000000e+01  3.840000e+01  0.000000e+00
     vertex -4.999807e+01  3.847851e+01  0.000000e+00
   endloop
 endfacet
 facet normal  0.000000e+00  0.000000e+00 -1.000000e+00
   outer loop
     vertex -4.998268e+01  3.863477e+01  0.000000e+00
     vertex -4.999807e+01  3.847851e+01  0.000000e+00
     vertex -4.999230e+01  3.855683e+01  0.000000e+00
   endloop
 endfacet
 facet normal  0.000000e+00  0.000000e+00 -1.000000e+00
   outer loop
     vertex -4.996926e+01  3.871214e+01  0.000000e+00
     vertex -5.000000e+01  3.840000e+01  0.000000e+00
     vertex -4.998268e+01  3.863477e+01  0.000000e+00
   endloop
 endfacet
 facet normal  0.000000e+00  0.000000e+00 -1.000000e+00
   outer loop
     vertex -4.995205e+01  3.878877e+01  0.000000e+00
     vertex -5.000000e+01  3.840000e+01  0.000000e+00
     vertex -4.996926e+01  3.871214e+01  0.000000e+00
   endloop
 endfacet
 facet normal  0.000000e+00  0.000000e+00 -1.000000e+00
   outer loop
     vertex -4.984638e+01  3.908409e+01  0.000000e+00
     vertex -4.995205e+01  3.878877e+01  0.000000e+00
     vertex -4.993110e+01  3.886446e+01  0.000000e+00
   endloop
 endfacet
 facet normal  0.000000e+00  0.000000e+00 -1.000000e+00
   outer loop
     vertex -4.984638e+01  3.908409e+01  0.000000e+00
     vertex -4.993110e+01  3.886446e+01  0.000000e+00
     vertex -4.990647e+01  3.893902e+01  0.000000e+00
   endloop
 endfacet
 facet normal  0.000000e+00  0.000000e+00 -1.000000e+00
   outer loop
     vertex -4.984638e+01  3.908409e+01  0.000000e+00
     vertex -4.990647e+01  3.893902e+01  0.000000e+00
     vertex -4.987821e+01  3.901229e+01  0.000000e+00
   endloop
 endfacet
 facet normal  0.000000e+00  0.000000e+00 -1.000000e+00
   outer loop
     vertex -4.973035e+01  3.928891e+01  0.000000e+00
     vertex -4.981107e+01  3.915423e+01  0.000000e+00
     vertex -4.977237e+01  3.922256e+01  0.000000e+00
   endloop
 endfacet
 facet normal  0.000000e+00  0.000000e+00 -1.000000e+00
   outer loop
     vertex -4.968513e+01  3.935312e+01  0.000000e+00
     vertex -4.981107e+01  3.915423e+01  0.000000e+00
     vertex -4.973035e+01  3.928891e+01  0.000000e+00
   endloop
 endfacet
 facet normal  0.000000e+00  0.000000e+00 -1.000000e+00
   outer loop
     vertex -4.963682e+01  3.941503e+01  0.000000e+00
     vertex -4.984638e+01  3.908409e+01  0.000000e+00
     vertex -4.981107e+01  3.915423e+01  0.000000e+00
   endloop
 endfacet
 facet normal  0.000000e+00  0.000000e+00 -1.000000e+00
   outer loop
     vertex -4.963682e+01  3.941503e+01  0.000000e+00
     vertex -4.981107e+01  3.915423e+01  0.000000e+00
     vertex -4.968513e+01  3.935312e+01  0.000000e+00
   endloop
 endfacet
 facet normal  0.000000e+00  0.000000e+00 -1.000000e+00
   outer loop
     vertex -4.963682e+01  3.941503e+01  0.000000e+00
     vertex -4.995205e+01  3.878877e+01  0.000000e+00
     vertex -4.984638e+01  3.908409e+01  0.000000e+00
   endloop
 endfacet
 facet normal  0.000000e+00  0.000000e+00 -1.000000e+00
   outer loop
     vertex -4.953137e+01  3.953137e+01  0.000000e+00
     vertex -4.963682e+01  3.941503e+01  0.000000e+00
     vertex -4.958552e+01  3.947449e+01  0.000000e+00
   endloop
 endfacet
 facet normal  0.000000e+00  0.000000e+00 -1.000000e+00
   outer loop
     vertex -4.947449e+01  3.958552e+01  0.000000e+00
     vertex -4.995205e+01  3.878877e+01  0.000000e+00
     vertex -4.963682e+01  3.941503e+01  0.000000e+00
   endloop
 endfacet
 facet normal  0.000000e+00  0.000000e+00 -1.000000e+00
   outer loop
     vertex -4.947449e+01  3.958552e+01  0.000000e+00
     vertex -4.963682e+01  3.941503e+01  0.000000e+00
     vertex -4.953137e+01  3.953137e+01  0.000000e+00
   endloop
 endfacet
 facet normal  0.000000e+00  0.000000e+00 -1.000000e+00
   outer loop
     vertex -4.935312e+01  3.968513e+01  0.000000e+00
     vertex -4.947449e+01  3.958552e+01  0.000000e+00
     vertex -4.941503e+01  3.963682e+01  0.000000e+00
   endloop
 endfacet
 facet normal  0.000000e+00  0.000000e+00 -1.000000e+00
   outer loop
     vertex -4.935312e+01  3.968513e+01  0.000000e+00
     vertex -4.995205e+01  3.878877e+01  0.000000e+00
     vertex -4.947449e+01  3.958552e+01  0.000000e+00
   endloop
 endfacet
 facet normal  0.000000e+00  0.000000e+00 -1.000000e+00
   outer loop
     vertex -4.915423e+01  3.981107e+01  0.000000e+00
     vertex -4.928891e+01  3.973035e+01  0.000000e+00
     vertex -4.922256e+01  3.977237e+01  0.000000e+00
   endloop
 endfacet
 facet normal  0.000000e+00  0.000000e+00 -1.000000e+00
   outer loop
     vertex -4.908409e+01  3.984638e+01  0.000000e+00
     vertex -4.935312e+01  3.968513e+01  0.000000e+00
     vertex -4.928891e+01  3.973035e+01  0.000000e+00
   endloop
 endfacet
 facet normal  0.000000e+00  0.000000e+00 -1.000000e+00
   outer loop
     vertex -4.908409e+01  3.984638e+01  0.000000e+00
     vertex -4.928891e+01  3.973035e+01  0.000000e+00
     vertex -4.915423e+01  3.981107e+01  0.000000e+00
   endloop
 endfacet
 facet normal  0.000000e+00  0.000000e+00 -1.000000e+00
   outer loop
     vertex -4.901229e+01  3.987821e+01  0.000000e+00
     vertex -4.995205e+01  3.878877e+01  0.000000e+00
     vertex -4.935312e+01  3.968513e+01  0.000000e+00
   endloop
 endfacet
 facet normal  0.000000e+00  0.000000e+00 -1.000000e+00
   outer loop
     vertex -4.901229e+01  3.987821e+01  0.000000e+00
     vertex -4.935312e+01  3.968513e+01  0.000000e+00
     vertex -4.908409e+01  3.984638e+01  0.000000e+00
   endloop
 endfacet
 facet normal  0.000000e+00  0.000000e+00 -1.000000e+00
   outer loop
     vertex -4.893902e+01  3.990647e+01  0.000000e+00
     vertex -4.995205e+01  3.878877e+01  0.000000e+00
     vertex -4.901229e+01  3.987821e+01  0.000000e+00
   endloop
 endfacet
 facet normal  0.000000e+00  0.000000e+00 -1.000000e+00
   outer loop
     vertex -4.871214e+01  3.996926e+01  0.000000e+00
     vertex -4.886446e+01  3.993110e+01  0.000000e+00
     vertex -4.878877e+01  3.995205e+01  0.000000e+00
   endloop
 endfacet
 facet normal  0.000000e+00  0.000000e+00 -1.000000e+00
   outer loop
     vertex -4.863477e+01  3.998268e+01  0.000000e+00
     vertex -4.893902e+01  3.990647e+01  0.000000e+00
     vertex -4.886446e+01  3.993110e+01  0.000000e+00
   endloop
 endfacet
 facet normal  0.000000e+00  0.000000e+00 -1.000000e+00
   outer loop
     vertex -4.863477e+01  3.998268e+01  0.000000e+00
     vertex -4.886446e+01  3.993110e+01  0.000000e+00
     vertex -4.871214e+01  3.996926e+01  0.000000e+00
   endloop
 endfacet
 facet normal  0.000000e+00  0.000000e+00 -1.000000e+00
   outer loop
     vertex -4.855683e+01  3.999230e+01  0.000000e+00
     vertex -4.995205e+01  3.878877e+01  0.000000e+00
     vertex -4.893902e+01  3.990647e+01  0.000000e+00
   endloop
 endfacet
 facet normal  0.000000e+00  0.000000e+00 -1.000000e+00
   outer loop
     vertex -4.855683e+01  3.999230e+01  0.000000e+00
     vertex -4.893902e+01  3.990647e+01  0.000000e+00
     vertex -4.863477e+01  3.998268e+01  0.000000e+00
   endloop
 endfacet
 facet normal  0.000000e+00 -0.000000e+00 -1.000000e+00
   outer loop
     vertex -4.840000e+01  4.000000e+01  0.000000e+00
     vertex -4.840000e+01 -4.000000e+01  0.000000e+00
     vertex -5.000000e+01 -3.840000e+01  0.000000e+00
   endloop
 endfacet
 facet normal  0.000000e+00  0.000000e+00 -1.000000e+00
   outer loop
     vertex -4.840000e+01  4.000000e+01  0.000000e+00
     vertex -5.000000e+01 -3.840000e+01  0.000000e+00
     vertex -5.000000e+01  3.840000e+01  0.000000e+00
   endloop
 endfacet
 facet normal  0.000000e+00  0.000000e+00 -1.000000e+00
   outer loop
     vertex -4.840000e+01  4.000000e+01  0.000000e+00
     vertex -5.000000e+01  3.840000e+01  0.000000e+00
     vertex -4.995205e+01  3.878877e+01  0.000000e+00
   endloop
 endfacet
 facet normal  0.000000e+00  0.000000e+00 -1.000000e+00
   outer loop
     vertex -4.840000e+01  4.000000e+01  0.000000e+00
     vertex -4.855683e+01  3.999230e+01  0.000000e+00
     vertex -4.847851e+01  3.999807e+01  0.000000e+00
   endloop
 endfacet
 facet normal  0.000000e+00  0.000000e+00 -1.000000e+00
   outer loop
     vertex -4.840000e+01  4.000000e+01  0.000000e+00
     vertex -4.995205e+01  3.878877e+01  0.000000e+00
     vertex -4.855683e+01  3.999230e+01  0.000000e+00
   endloop
 endfacet
 facet normal  0.000000e+00  0.000000e+00 -1.000000e+00
   outer loop
     vertex  4.863477e+01 -3.998268e+01  0.000000e+00
     vertex  4.855683e+01 -3.999230e+01  0.000000e+00
     vertex  4.847851e+01 -3.999807e+01  0.000000e+00
   endloop
 endfacet
 facet normal  0.000000e+00  0.000000e+00 -1.000000e+00
   outer loop
     vertex  4.871214e+01 -3.996926e+01  0.000000e+00
     vertex  4.847851e+01 -3.999807e+01  0.000000e+00
     vertex  4.840000e+01 -4.000000e+01  0.000000e+00
   endloop
 endfacet
 facet normal  0.000000e+00  0.000000e+00 -1.000000e+00
   outer loop
     vertex  4.871214e+01 -3.996926e+01  0.000000e+00
     vertex  4.863477e+01 -3.998268e+01  0.000000e+00
     vertex  4.847851e+01 -3.999807e+01  0.000000e+00
   endloop
 endfacet
 facet normal  0.000000e+00  0.000000e+00 -1.000000e+00
   outer loop
     vertex  4.886446e+01 -3.993110e+01  0.000000e+00
     vertex  4.878877e+01 -3.995205e+01  0.000000e+00
     vertex  4.871214e+01 -3.996926e+01  0.000000e+00
   endloop
 endfacet
 facet normal  0.000000e+00  0.000000e+00 -1.000000e+00
   outer loop
     vertex  4.886446e+01 -3.993110e+01  0.000000e+00
     vertex  4.871214e+01 -3.996926e+01  0.000000e+00
     vertex  4.840000e+01 -4.000000e+01  0.000000e+00
   endloop
 endfacet
 facet normal  0.000000e+00  0.000000e+00 -1.000000e+00
   outer loop
     vertex  4.908409e+01 -3.984638e+01  0.000000e+00
     vertex  4.893902e+01 -3.990647e+01  0.000000e+00
     vertex  4.886446e+01 -3.993110e+01  0.000000e+00
   endloop
 endfacet
 facet normal  0.000000e+00  0.000000e+00 -1.000000e+00
   outer loop
     vertex  4.908409e+01 -3.984638e+01  0.000000e+00
     vertex  4.901229e+01 -3.987821e+01  0.000000e+00
     vertex  4.893902e+01 -3.990647e+01  0.000000e+00
   endloop
 endfacet
 facet normal  0.000000e+00  0.000000e+00 -1.000000e+00
   outer loop
     vertex  4.908409e+01 -3.984638e+01  0.000000e+00
     vertex  4.886446e+01 -3.993110e+01  0.000000e+00
     vertex  4.840000e+01 -4.000000e+01  0.000000e+00
   endloop
 endfacet
 facet normal  0.000000e+00  0.000000e+00 -1.000000e+00
   outer loop
     vertex  4.922256e+01 -3.977237e+01  0.000000e+00
     vertex  4.915423e+01 -3.981107e+01  0.000000e+00
     vertex  4.908409e+01 -3.984638e+01  0.000000e+00
   endloop
 endfacet
 facet normal  0.000000e+00  0.000000e+00 -1.000000e+00
   outer loop
     vertex  4.922256e+01 -3.977237e+01  0.000000e+00
     vertex  4.908409e+01 -3.984638e+01  0.000000e+00
     vertex  4.840000e+01 -4.000000e+01  0.000000e+00
   endloop
 endfacet
 facet normal  0.000000e+00  0.000000e+00 -1.000000e+00
   outer loop
     vertex  4.928891e+01 -3.973035e+01  0.000000e+00
     vertex  4.922256e+01 -3.977237e+01  0.000000e+00
     vertex  4.840000e+01 -4.000000e+01  0.000000e+00
   endloop
 endfacet
 facet normal  0.000000e+00  0.000000e+00 -1.000000e+00
   outer loop
     vertex  4.941503e+01 -3.963682e+01  0.000000e+00
     vertex  4.935312e+01 -3.968513e+01  0.000000e+00
     vertex  4.928891e+01 -3.973035e+01  0.000000e+00
   endloop
 endfacet
 facet normal  0.000000e+00  0.000000e+00 -1.000000e+00
   outer loop
     vertex  4.941503e+01 -3.963682e+01  0.000000e+00
     vertex  4.928891e+01 -3.973035e+01  0.000000e+00
     vertex  4.840000e+01 -4.000000e+01  0.000000e+00
   endloop
 endfacet
 facet normal  0.000000e+00  0.000000e+00 -1.000000e+00
   outer loop
     vertex  4.958552e+01 -3.947449e+01  0.000000e+00
     vertex  4.947449e+01 -3.958552e+01  0.000000e+00
     vertex  4.941503e+01 -3.963682e+01  0.000000e+00
   endloop
 endfacet
 facet normal  0.000000e+00  0.000000e+00 -1.000000e+00
   outer loop
     vertex  4.958552e+01 -3.947449e+01  0.000000e+00
     vertex  4.953137e+01 -3.953137e+01  0.000000e+00
     vertex  4.947449e+01 -3.958552e+01  0.000000e+00
   endloop
 endfacet
 facet normal  0.000000e+00  0.000000e+00 -1.000000e+00
   outer loop
     vertex  4.968513e+01 -3.935312e+01  0.000000e+00
     vertex  4.963682e+01 -3.941503e+01  0.000000e+00
     vertex  4.958552e+01 -3.947449e+01  0.000000e+00
   endloop
 endfacet
 facet normal  0.000000e+00  0.000000e+00 -1.000000e+00
   outer loop
     vertex  4.968513e+01 -3.935312e+01  0.000000e+00
     vertex  4.941503e+01 -3.963682e+01  0.000000e+00
     vertex  4.840000e+01 -4.000000e+01  0.000000e+00
   endloop
 endfacet
 facet normal  0.000000e+00  0.000000e+00 -1.000000e+00
   outer loop
     vertex  4.968513e+01 -3.935312e+01  0.000000e+00
     vertex  4.958552e+01 -3.947449e+01  0.000000e+00
     vertex  4.941503e+01 -3.963682e+01  0.000000e+00
   endloop
 endfacet
 facet normal  0.000000e+00  0.000000e+00 -1.000000e+00
   outer loop
     vertex  4.973035e+01 -3.928891e+01  0.000000e+00
     vertex  4.968513e+01 -3.935312e+01  0.000000e+00
     vertex  4.840000e+01 -4.000000e+01  0.000000e+00
   endloop
 endfacet
 facet normal  0.000000e+00  0.000000e+00 -1.000000e+00
   outer loop
     vertex  4.977237e+01 -3.922256e+01  0.000000e+00
     vertex  4.973035e+01 -3.928891e+01  0.000000e+00
     vertex  4.840000e+01 -4.000000e+01  0.000000e+00
   endloop
 endfacet
 facet normal  0.000000e+00  0.000000e+00 -1.000000e+00
   outer loop
     vertex  4.981107e+01 -3.915423e+01  0.000000e+00
     vertex  4.977237e+01 -3.922256e+01  0.000000e+00
     vertex  4.840000e+01 -4.000000e+01  0.000000e+00
   endloop
 endfacet
 facet normal  0.000000e+00  0.000000e+00 -1.000000e+00
   outer loop
     vertex  4.993110e+01 -3.886446e+01  0.000000e+00
     vertex  4.981107e+01 -3.915423e+01  0.000000e+00
     vertex  4.840000e+01 -4.000000e+01  0.000000e+00
   endloop
 endfacet
 facet normal  0.000000e+00  0.000000e+00 -1.000000e+00
   outer loop
     vertex  4.993110e+01 -3.886446e+01  0.000000e+00
     vertex  4.984638e+01 -3.908409e+01  0.000000e+00
     vertex  4.981107e+01 -3.915423e+01  0.000000e+00
   endloop
 endfacet
 facet normal  0.000000e+00  0.000000e+00 -1.000000e+00
   outer loop
     vertex  4.993110e+01 -3.886446e+01  0.000000e+00
     vertex  4.987821e+01 -3.901229e+01  0.000000e+00
     vertex  4.984638e+01 -3.908409e+01  0.000000e+00
   endloop
 endfacet
 facet normal  0.000000e+00  0.000000e+00 -1.000000e+00
   outer loop
     vertex  4.993110e+01 -3.886446e+01  0.000000e+00
     vertex  4.990647e+01 -3.893902e+01  0.000000e+00
     vertex  4.987821e+01 -3.901229e+01  0.000000e+00
   endloop
 endfacet
 facet normal  0.000000e+00  0.000000e+00 -1.000000e+00
   outer loop
     vertex  4.995205e+01 -3.878877e+01  0.000000e+00
     vertex  4.993110e+01 -3.886446e+01  0.000000e+00
     vertex  4.840000e+01 -4.000000e+01  0.000000e+00
   endloop
 endfacet
 facet normal  0.000000e+00  0.000000e+00 -1.000000e+00
   outer loop
     vertex  4.998268e+01 -3.863477e+01  0.000000e+00
     vertex  4.995205e+01 -3.878877e+01  0.000000e+00
     vertex  4.840000e+01 -4.000000e+01  0.000000e+00
   endloop
 endfacet
 facet normal  0.000000e+00  0.000000e+00 -1.000000e+00
   outer loop
     vertex  4.998268e+01 -3.863477e+01  0.000000e+00
     vertex  4.996926e+01 -3.871214e+01  0.000000e+00
     vertex  4.995205e+01 -3.878877e+01  0.000000e+00
   endloop
 endfacet
 facet normal  0.000000e+00  0.000000e+00 -1.000000e+00
   outer loop
     vertex  4.999230e+01 -3.855683e+01  0.000000e+00
     vertex  4.998268e+01 -3.863477e+01  0.000000e+00
     vertex  4.840000e+01 -4.000000e+01  0.000000e+00
   endloop
 endfacet
 facet normal  0.000000e+00  0.000000e+00 -1.000000e+00
   outer loop
     vertex  5.000000e+01 -3.840000e+01  0.000000e+00
     vertex  4.999230e+01 -3.855683e+01  0.000000e+00
     vertex  4.840000e+01 -4.000000e+01  0.000000e+00
   endloop
 endfacet
 facet normal  0.000000e+00  0.000000e+00 -1.000000e+00
   outer loop
     vertex  5.000000e+01 -3.840000e+01  0.000000e+00
     vertex  4.999807e+01 -3.847851e+01  0.000000e+00
     vertex  4.999230e+01 -3.855683e+01  0.000000e+00
   endloop
 endfacet
 facet normal  0.000000e+00 -0.000000e+00 -1.000000e+00
   outer loop
     vertex  4.840000e+01  4.000000e+01  0.000000e+00
     vertex  4.840000e+01 -4.000000e+01  0.000000e+00
     vertex -4.840000e+01 -4.000000e+01  0.000000e+00
   endloop
 endfacet
 facet normal -0.000000e+00  0.000000e+00 -1.000000e+00
   outer loop
     vertex  4.840000e+01  4.000000e+01  0.000000e+00
     vertex -4.840000e+01 -4.000000e+01  0.000000e+00
     vertex -4.840000e+01  4.000000e+01  0.000000e+00
   endloop
 endfacet
 facet normal  0.000000e+00 -0.000000e+00 -1.000000e+00
   outer loop
     vertex  5.000000e+01  3.840000e+01  0.000000e+00
     vertex  5.000000e+01 -3.840000e+01  0.000000e+00
     vertex  4.840000e+01 -4.000000e+01  0.000000e+00
   endloop
 endfacet
 facet normal -0.000000e+00  0.000000e+00 -1.000000e+00
   outer loop
     vertex  5.000000e+01  3.840000e+01  0.000000e+00
     vertex  4.840000e+01 -4.000000e+01  0.000000e+00
     vertex  4.840000e+01  4.000000e+01  0.000000e+00
   endloop
 endfacet
 facet normal  0.000000e+00  0.000000e+00 -1.000000e+00
   outer loop
     vertex  4.999230e+01  3.855683e+01  0.000000e+00
     vertex  4.999807e+01  3.847851e+01  0.000000e+00
     vertex  5.000000e+01  3.840000e+01  0.000000e+00
   endloop
 endfacet
 facet normal  0.000000e+00  0.000000e+00 -1.000000e+00
   outer loop
     vertex  4.998268e+01  3.863477e+01  0.000000e+00
     vertex  4.999230e+01  3.855683e+01  0.000000e+00
     vertex  5.000000e+01  3.840000e+01  0.000000e+00
   endloop
 endfacet
 facet normal  0.000000e+00  0.000000e+00 -1.000000e+00
   outer loop
     vertex  4.863477e+01  3.998268e+01  0.000000e+00
     vertex  4.847851e+01  3.999807e+01  0.000000e+00
     vertex  4.855683e+01  3.999230e+01  0.000000e+00
   endloop
 endfacet
 facet normal  0.000000e+00  0.000000e+00 -1.000000e+00
   outer loop
     vertex  4.996926e+01  3.871214e+01  0.000000e+00
     vertex  4.998268e+01  3.863477e+01  0.000000e+00
     vertex  5.000000e+01  3.840000e+01  0.000000e+00
   endloop
 endfacet
 facet normal  0.000000e+00  0.000000e+00 -1.000000e+00
   outer loop
     vertex  4.993110e+01  3.886446e+01  0.000000e+00
     vertex  4.996926e+01  3.871214e+01  0.000000e+00
     vertex  5.000000e+01  3.840000e+01  0.000000e+00
   endloop
 endfacet
 facet normal  0.000000e+00  0.000000e+00 -1.000000e+00
   outer loop
     vertex  4.993110e+01  3.886446e+01  0.000000e+00
     vertex  4.995205e+01  3.878877e+01  0.000000e+00
     vertex  4.996926e+01  3.871214e+01  0.000000e+00
   endloop
 endfacet
 facet normal  0.000000e+00  0.000000e+00 -1.000000e+00
   outer loop
     vertex  4.886446e+01  3.993110e+01  0.000000e+00
     vertex  4.863477e+01  3.998268e+01  0.000000e+00
     vertex  4.871214e+01  3.996926e+01  0.000000e+00
   endloop
 endfacet
 facet normal  0.000000e+00  0.000000e+00 -1.000000e+00
   outer loop
     vertex  4.886446e+01  3.993110e+01  0.000000e+00
     vertex  4.871214e+01  3.996926e+01  0.000000e+00
     vertex  4.878877e+01  3.995205e+01  0.000000e+00
   endloop
 endfacet
 facet normal  0.000000e+00  0.000000e+00 -1.000000e+00
   outer loop
     vertex  4.990647e+01  3.893902e+01  0.000000e+00
     vertex  4.993110e+01  3.886446e+01  0.000000e+00
     vertex  5.000000e+01  3.840000e+01  0.000000e+00
   endloop
 endfacet
 facet normal -0.000000e+00 -0.000000e+00 -1.000000e+00
   outer loop
     vertex  4.901229e+01  3.987821e+01  0.000000e+00
     vertex  5.000000e+01  3.840000e+01  0.000000e+00
     vertex  4.840000e+01  4.000000e+01  0.000000e+00
   endloop
 endfacet
 facet normal  0.000000e+00  0.000000e+00 -1.000000e+00
   outer loop
     vertex  4.901229e+01  3.987821e+01  0.000000e+00
     vertex  4.990647e+01  3.893902e+01  0.000000e+00
     vertex  5.000000e+01  3.840000e+01  0.000000e+00
   endloop
 endfacet
 facet normal  0.000000e+00  0.000000e+00 -1.000000e+00
   outer loop
     vertex  4.901229e+01  3.987821e+01  0.000000e+00
     vertex  4.847851e+01  3.999807e+01  0.000000e+00
     vertex  4.863477e+01  3.998268e+01  0.000000e+00
   endloop
 endfacet
 facet normal  0.000000e+00  0.000000e+00 -1.000000e+00
   outer loop
     vertex  4.901229e+01  3.987821e+01  0.000000e+00
     vertex  4.863477e+01  3.998268e+01  0.000000e+00
     vertex  4.886446e+01  3.993110e+01  0.000000e+00
   endloop
 endfacet
 facet normal  0.000000e+00  0.000000e+00 -1.000000e+00
   outer loop
     vertex  4.901229e+01  3.987821e+01  0.000000e+00
     vertex  4.840000e+01  4.000000e+01  0.000000e+00
     vertex  4.847851e+01  3.999807e+01  0.000000e+00
   endloop
 endfacet
 facet normal  0.000000e+00  0.000000e+00 -1.000000e+00
   outer loop
     vertex  4.901229e+01  3.987821e+01  0.000000e+00
     vertex  4.886446e+01  3.993110e+01  0.000000e+00
     vertex  4.893902e+01  3.990647e+01  0.000000e+00
   endloop
 endfacet
 facet normal  0.000000e+00  0.000000e+00 -1.000000e+00
   outer loop
     vertex  4.984638e+01  3.908409e+01  0.000000e+00
     vertex  4.987821e+01  3.901229e+01  0.000000e+00
     vertex  4.990647e+01  3.893902e+01  0.000000e+00
   endloop
 endfacet
 facet normal  0.000000e+00  0.000000e+00 -1.000000e+00
   outer loop
     vertex  4.915423e+01  3.981107e+01  0.000000e+00
     vertex  4.901229e+01  3.987821e+01  0.000000e+00
     vertex  4.908409e+01  3.984638e+01  0.000000e+00
   endloop
 endfacet
 facet normal  0.000000e+00  0.000000e+00 -1.000000e+00
   outer loop
     vertex  4.977237e+01  3.922256e+01  0.000000e+00
     vertex  4.981107e+01  3.915423e+01  0.000000e+00
     vertex  4.984638e+01  3.908409e+01  0.000000e+00
   endloop
 endfacet
 facet normal  0.000000e+00  0.000000e+00 -1.000000e+00
   outer loop
     vertex  4.928891e+01  3.973035e+01  0.000000e+00
     vertex  4.901229e+01  3.987821e+01  0.000000e+00
     vertex  4.915423e+01  3.981107e+01  0.000000e+00
   endloop
 endfacet
 facet normal  0.000000e+00  0.000000e+00 -1.000000e+00
   outer loop
     vertex  4.928891e+01  3.973035e+01  0.000000e+00
     vertex  4.915423e+01  3.981107e+01  0.000000e+00
     vertex  4.922256e+01  3.977237e+01  0.000000e+00
   endloop
 endfacet
 facet normal  0.000000e+00  0.000000e+00 -1.000000e+00
   outer loop
     vertex  4.968513e+01  3.935312e+01  0.000000e+00
     vertex  4.973035e+01  3.928891e+01  0.000000e+00
     vertex  4.977237e+01  3.922256e+01  0.000000e+00
   endloop
 endfacet
 facet normal  0.000000e+00  0.000000e+00 -1.000000e+00
   outer loop
     vertex  4.963682e+01  3.941503e+01  0.000000e+00
     vertex  4.968513e+01  3.935312e+01  0.000000e+00
     vertex  4.977237e+01  3.922256e+01  0.000000e+00
   endloop
 endfacet
 facet normal  0.000000e+00  0.000000e+00 -1.000000e+00
   outer loop
     vertex  4.963682e+01  3.941503e+01  0.000000e+00
     vertex  4.977237e+01  3.922256e+01  0.000000e+00
     vertex  4.984638e+01  3.908409e+01  0.000000e+00
   endloop
 endfacet
 facet normal  0.000000e+00  0.000000e+00 -1.000000e+00
   outer loop
     vertex  4.958552e+01  3.947449e+01  0.000000e+00
     vertex  4.963682e+01  3.941503e+01  0.000000e+00
     vertex  4.984638e+01  3.908409e+01  0.000000e+00
   endloop
 endfacet
 facet normal  0.000000e+00  0.000000e+00 -1.000000e+00
   outer loop
     vertex  4.947449e+01  3.958552e+01  0.000000e+00
     vertex  4.928891e+01  3.973035e+01  0.000000e+00
     vertex  4.935312e+01  3.968513e+01  0.000000e+00
   endloop
 endfacet
 facet normal  0.000000e+00  0.000000e+00 -1.000000e+00
   outer loop
     vertex  4.947449e+01  3.958552e+01  0.000000e+00
     vertex  4.901229e+01  3.987821e+01  0.000000e+00
     vertex  4.928891e+01  3.973035e+01  0.000000e+00
   endloop
 endfacet
 facet normal  0.000000e+00  0.000000e+00 -1.000000e+00
   outer loop
     vertex  4.947449e+01  3.958552e+01  0.000000e+00
     vertex  4.935312e+01  3.968513e+01  0.000000e+00
     vertex  4.941503e+01  3.963682e+01  0.000000e+00
   endloop
 endfacet
 facet normal -0.000000e+00 -0.000000e+00 -1.000000e+00
   outer loop
     vertex  4.953137e+01  3.953137e+01  0.000000e+00
     vertex  4.990647e+01  3.893902e+01  0.000000e+00
     vertex  4.901229e+01  3.987821e+01  0.000000e+00
   endloop
 endfacet
 facet normal  0.000000e+00  0.000000e+00 -1.000000e+00
   outer loop
     vertex  4.953137e+01  3.953137e+01  0.000000e+00
     vertex  4.984638e+01  3.908409e+01  0.000000e+00
     vertex  4.990647e+01  3.893902e+01  0.000000e+00
   endloop
 endfacet
 facet normal  0.000000e+00  0.000000e+00 -1.000000e+00
   outer loop
     vertex  4.953137e+01  3.953137e+01  0.000000e+00
     vertex  4.958552e+01  3.947449e+01  0.000000e+00
     vertex  4.984638e+01  3.908409e+01  0.000000e+00
   endloop
 endfacet
 facet normal  0.000000e+00  0.000000e+00 -1.000000e+00
   outer loop
     vertex  4.953137e+01  3.953137e+01  0.000000e+00
     vertex  4.901229e+01  3.987821e+01  0.000000e+00
     vertex  4.947449e+01  3.958552e+01  0.000000e+00
   endloop
 endfacet
 facet normal  0.000000e+00 -1.000000e+00 -0.000000e+00
   outer loop
     vertex  4.840000e+01 -4.000000e+01  4.000000e+01
     vertex -4.840000e+01 -4.000000e+01  0.000000e+00
     vertex  4.840000e+01 -4.000000e+01  0.000000e+00
   endloop
 endfacet
 facet normal -0.000000e+00 -1.000000e+00  0.000000e+00
   outer loop
     vertex  4.840000e+01 -4.000000e+01  4.000000e+01
     vertex -4.840000e+01 -4.000000e+01  4.000000e+01
     vertex -4.840000e+01 -4.000000e+01  0.000000e+00
   endloop
 endfacet
 facet normal  0.000000e+00  1.000000e+00  0.000000e+00
   outer loop
     vertex  4.840000e+01  4.000000e+01  4.000000e+01
     vertex  4.840000e+01  4.000000e+01  0.000000e+00
     vertex -4.840000e+01  4.000000e+01  0.000000e+00
   endloop
 endfacet
 facet normal  0.000000e+00  1.000000e+00  0.000000e+00
   outer loop
     vertex  4.840000e+01  4.000000e+01  4.000000e+01
     vertex -4.840000e+01  4.000000e+01  0.000000e+00
     vertex -4.840000e+01  4.000000e+01  4.000000e+01
   endloop
 endfacet
 facet normal  2.454123e-02 -9.996988e-01  0.000000e+00
   outer loop
     vertex  4.840000e+01 -4.000000e+01  4.000000e+01
     vertex  4.840000e+01 -4.000000e+01  0.000000e+00
     vertex  4.847851e+01 -3.999807e+01  0.000000e+00
   endloop
 endfacet
 facet normal  7.356456e-02 -9.972905e-01  0.000000e+00
   outer loop
     vertex  4.847851e+01 -3.999807e+01  4.000000e+01
     vertex  4.847851e+01 -3.999807e+01  0.000000e+00
     vertex  4.855683e+01 -3.999230e+01  0.000000e+00
   endloop
 endfacet
 facet normal  2.454123e-02 -9.996988e-01  0.000000e+00
   outer loop
     vertex  4.847851e+01 -3.999807e+01  4.000000e+01
     vertex  4.840000e+01 -4.000000e+01  4.000000e+01
     vertex  4.847851e+01 -3.999807e+01  0.000000e+00
   endloop
 endfacet
 facet normal  1.224107e-01 -9.924795e-01  0.000000e+00
   outer loop
     vertex  4.855683e+01 -3.999230e+01  4.000000e+01
     vertex  4.855683e+01 -3.999230e+01  0.000000e+00
     vertex  4.863477e+01 -3.998268e+01  0.000000e+00
   endloop
 endfacet
 facet normal  7.356456e-02 -9.972905e-01  0.000000e+00
   outer loop
     vertex  4.855683e+01 -3.999230e+01  4.000000e+01
     vertex  4.847851e+01 -3.999807e+01  4.000000e+01
     vertex  4.855683e+01 -3.999230e+01  0.000000e+00
   endloop
 endfacet
 facet normal  1.224107e-01 -9.924795e-01  0.000000e+00
   outer loop
     vertex  4.863477e+01 -3.998268e+01  4.000000e+01
     vertex  4.855683e+01 -3.999230e+01  4.000000e+01
     vertex  4.863477e+01 -3.998268e+01  0.000000e+00
   endloop
 endfacet
 facet normal  1.709619e-01 -9.852776e-01  0.000000e+00
   outer loop
     vertex  4.871214e+01 -3.996926e+01  4.000000e+01
     vertex  4.863477e+01 -3.998268e+01  0.000000e+00
     vertex  4.871214e+01 -3.996926e+01  0.000000e+00
   endloop
 endfacet
 facet normal  2.191012e-01 -9.757021e-01  0.000000e+00
   outer loop
     vertex  4.871214e+01 -3.996926e+01  4.000000e+01
     vertex  4.871214e+01 -3.996926e+01  0.000000e+00
     vertex  4.878877e+01 -3.995205e+01  0.000000e+00
   endloop
 endfacet
 facet normal  1.709619e-01 -9.852776e-01 -2.381391e-20
   outer loop
     vertex  4.871214e+01 -3.996926e+01  4.000000e+01
     vertex  4.863477e+01 -3.998268e+01  4.000000e+01
     vertex  4.863477e+01 -3.998268e+01  0.000000e+00
   endloop
 endfacet
 facet normal  2.191012e-01 -9.757021e-01  0.000000e+00
   outer loop
     vertex  4.878877e+01 -3.995205e+01  4.000000e+01
     vertex  4.871214e+01 -3.996926e+01  4.000000e+01
     vertex  4.878877e+01 -3.995205e+01  0.000000e+00
   endloop
 endfacet
 facet normal  2.667128e-01 -9.637761e-01  0.000000e+00
   outer loop
     vertex  4.886446e+01 -3.993110e+01  4.000000e+01
     vertex  4.878877e+01 -3.995205e+01  0.000000e+00
     vertex  4.886446e+01 -3.993110e+01  0.000000e+00
   endloop
 endfacet
 facet normal  2.667128e-01 -9.637761e-01 -2.996007e-20
   outer loop
     vertex  4.886446e+01 -3.993110e+01  4.000000e+01
     vertex  4.878877e+01 -3.995205e+01  4.000000e+01
     vertex  4.878877e+01 -3.995205e+01  0.000000e+00
   endloop
 endfacet
 facet normal  3.136817e-01 -9.495282e-01  0.000000e+00
   outer loop
     vertex  4.893902e+01 -3.990647e+01  4.000000e+01
     vertex  4.886446e+01 -3.993110e+01  0.000000e+00
     vertex  4.893902e+01 -3.990647e+01  0.000000e+00
   endloop
 endfacet
 facet normal  3.598950e-01 -9.329928e-01  0.000000e+00
   outer loop
     vertex  4.893902e+01 -3.990647e+01  4.000000e+01
     vertex  4.893902e+01 -3.990647e+01  0.000000e+00
     vertex  4.901229e+01 -3.987821e+01  0.000000e+00
   endloop
 endfacet
 facet normal  3.136817e-01 -9.495282e-01 -3.330596e-20
   outer loop
     vertex  4.893902e+01 -3.990647e+01  4.000000e+01
     vertex  4.886446e+01 -3.993110e+01  4.000000e+01
     vertex  4.886446e+01 -3.993110e+01  0.000000e+00
   endloop
 endfacet
 facet normal  3.598950e-01 -9.329928e-01  0.000000e+00
   outer loop
     vertex  4.901229e+01 -3.987821e+01  4.000000e+01
     vertex  4.893902e+01 -3.990647e+01  4.000000e+01
     vertex  4.901229e+01 -3.987821e+01  0.000000e+00
   endloop
 endfacet
 facet normal  4.052413e-01 -9.142098e-01  0.000000e+00
   outer loop
     vertex  4.901229e+01 -3.987821e+01  4.000000e+01
     vertex  4.901229e+01 -3.987821e+01  0.000000e+00
     vertex  4.908409e+01 -3.984638e+01  0.000000e+00
   endloop
 endfacet
 facet normal  4.052413e-01 -9.142098e-01  0.000000e+00
   outer loop
     vertex  4.908409e+01 -3.984638e+01  4.000000e+01
     vertex  4.901229e+01 -3.987821e+01  4.000000e+01
     vertex  4.908409e+01 -3.984638e+01  0.000000e+00
   endloop
 endfacet
 facet normal  4.496113e-01 -8.932243e-01  0.000000e+00
   outer loop
     vertex  4.915423e+01 -3.981107e+01  4.000000e+01
     vertex  4.908409e+01 -3.984638e+01  0.000000e+00
     vertex  4.915423e+01 -3.981107e+01  0.000000e+00
   endloop
 endfacet
 facet normal  4.496113e-01 -8.932243e-01  5.552887e-20
   outer loop
     vertex  4.915423e+01 -3.981107e+01  4.000000e+01
     vertex  4.908409e+01 -3.984638e+01  4.000000e+01
     vertex  4.908409e+01 -3.984638e+01  0.000000e+00
   endloop
 endfacet
 facet normal  4.928982e-01 -8.700870e-01  0.000000e+00
   outer loop
     vertex  4.922256e+01 -3.977237e+01  4.000000e+01
     vertex  4.915423e+01 -3.981107e+01  0.000000e+00
     vertex  4.922256e+01 -3.977237e+01  0.000000e+00
   endloop
 endfacet
 facet normal  5.349976e-01 -8.448536e-01  0.000000e+00
   outer loop
     vertex  4.922256e+01 -3.977237e+01  4.000000e+01
     vertex  4.922256e+01 -3.977237e+01  0.000000e+00
     vertex  4.928891e+01 -3.973035e+01  0.000000e+00
   endloop
 endfacet
 facet normal  4.928982e-01 -8.700870e-01 -4.898458e-20
   outer loop
     vertex  4.922256e+01 -3.977237e+01  4.000000e+01
     vertex  4.915423e+01 -3.981107e+01  4.000000e+01
     vertex  4.915423e+01 -3.981107e+01  0.000000e+00
   endloop
 endfacet
 facet normal  5.349976e-01 -8.448536e-01  0.000000e+00
   outer loop
     vertex  4.928891e+01 -3.973035e+01  4.000000e+01
     vertex  4.922256e+01 -3.977237e+01  4.000000e+01
     vertex  4.928891e+01 -3.973035e+01  0.000000e+00
   endloop
 endfacet
 facet normal  5.758082e-01 -8.175848e-01  0.000000e+00
   outer loop
     vertex  4.935312e+01 -3.968513e+01  4.000000e+01
     vertex  4.928891e+01 -3.973035e+01  0.000000e+00
     vertex  4.935312e+01 -3.968513e+01  0.000000e+00
   endloop
 endfacet
 facet normal  5.758082e-01 -8.175848e-01  4.273816e-20
   outer loop
     vertex  4.935312e+01 -3.968513e+01  4.000000e+01
     vertex  4.928891e+01 -3.973035e+01  4.000000e+01
     vertex  4.928891e+01 -3.973035e+01  0.000000e+00
   endloop
 endfacet
 facet normal  6.152316e-01 -7.883464e-01  0.000000e+00
   outer loop
     vertex  4.941503e+01 -3.963682e+01  4.000000e+01
     vertex  4.935312e+01 -3.968513e+01  0.000000e+00
     vertex  4.941503e+01 -3.963682e+01  0.000000e+00
   endloop
 endfacet
 facet normal  6.152316e-01 -7.883464e-01  4.150759e-21
   outer loop
     vertex  4.941503e+01 -3.963682e+01  4.000000e+01
     vertex  4.935312e+01 -3.968513e+01  4.000000e+01
     vertex  4.935312e+01 -3.968513e+01  0.000000e+00
   endloop
 endfacet
 facet normal  6.531728e-01 -7.572088e-01  0.000000e+00
   outer loop
     vertex  4.947449e+01 -3.958552e+01  4.000000e+01
     vertex  4.941503e+01 -3.963682e+01  0.000000e+00
     vertex  4.947449e+01 -3.958552e+01  0.000000e+00
   endloop
 endfacet
 facet normal  6.531728e-01 -7.572088e-01 -6.198186e-20
   outer loop
     vertex  4.947449e+01 -3.958552e+01  4.000000e+01
     vertex  4.941503e+01 -3.963682e+01  4.000000e+01
     vertex  4.941503e+01 -3.963682e+01  0.000000e+00
   endloop
 endfacet
 facet normal  6.895405e-01 -7.242471e-01  0.000000e+00
   outer loop
     vertex  4.953137e+01 -3.953137e+01  4.000000e+01
     vertex  4.947449e+01 -3.958552e+01  0.000000e+00
     vertex  4.953137e+01 -3.953137e+01  0.000000e+00
   endloop
 endfacet
 facet normal  6.895405e-01 -7.242471e-01 -5.031636e-20
   outer loop
     vertex  4.953137e+01 -3.953137e+01  4.000000e+01
     vertex  4.947449e+01 -3.958552e+01  4.000000e+01
     vertex  4.947449e+01 -3.958552e+01  0.000000e+00
   endloop
 endfacet
 facet normal  7.242471e-01 -6.895405e-01  0.000000e+00
   outer loop
     vertex  4.958552e+01 -3.947449e+01  4.000000e+01
     vertex  4.953137e+01 -3.953137e+01  0.000000e+00
     vertex  4.958552e+01 -3.947449e+01  0.000000e+00
   endloop
 endfacet
 facet normal  7.242471e-01 -6.895405e-01 -3.166997e-20
   outer loop
     vertex  4.958552e+01 -3.947449e+01  4.000000e+01
     vertex  4.953137e+01 -3.953137e+01  4.000000e+01
     vertex  4.953137e+01 -3.953137e+01  0.000000e+00
   endloop
 endfacet
 facet normal  7.572088e-01 -6.531728e-01  0.000000e+00
   outer loop
     vertex  4.963682e+01 -3.941503e+01  4.000000e+01
     vertex  4.958552e+01 -3.947449e+01  0.000000e+00
     vertex  4.963682e+01 -3.941503e+01  0.000000e+00
   endloop
 endfacet
 facet normal  7.572088e-01 -6.531728e-01  1.863781e-20
   outer loop
     vertex  4.963682e+01 -3.941503e+01  4.000000e+01
     vertex  4.958552e+01 -3.947449e+01  4.000000e+01
     vertex  4.958552e+01 -3.947449e+01  0.000000e+00
   endloop
 endfacet
 facet normal  7.883464e-01 -6.152316e-01  0.000000e+00
   outer loop
     vertex  4.968513e+01 -3.935312e+01  4.000000e+01
     vertex  4.963682e+01 -3.941503e+01  0.000000e+00
     vertex  4.968513e+01 -3.935312e+01  0.000000e+00
   endloop
 endfacet
 facet normal  8.175848e-01 -5.758082e-01  0.000000e+00
   outer loop
     vertex  4.968513e+01 -3.935312e+01  4.000000e+01
     vertex  4.968513e+01 -3.935312e+01  0.000000e+00
     vertex  4.973035e+01 -3.928891e+01  0.000000e+00
   endloop
 endfacet
 facet normal  7.883464e-01 -6.152316e-01 -4.444048e-21
   outer loop
     vertex  4.968513e+01 -3.935312e+01  4.000000e+01
     vertex  4.963682e+01 -3.941503e+01  4.000000e+01
     vertex  4.963682e+01 -3.941503e+01  0.000000e+00
   endloop
 endfacet
 facet normal  8.175848e-01 -5.758082e-01  0.000000e+00
   outer loop
     vertex  4.973035e+01 -3.928891e+01  4.000000e+01
     vertex  4.968513e+01 -3.935312e+01  4.000000e+01
     vertex  4.973035e+01 -3.928891e+01  0.000000e+00
   endloop
 endfacet
 facet normal  8.448536e-01 -5.349976e-01  0.000000e+00
   outer loop
     vertex  4.977237e+01 -3.922256e+01  4.000000e+01
     vertex  4.973035e+01 -3.928891e+01  0.000000e+00
     vertex  4.977237e+01 -3.922256e+01  0.000000e+00
   endloop
 endfacet
 facet normal  8.700870e-01 -4.928982e-01  0.000000e+00
   outer loop
     vertex  4.977237e+01 -3.922256e+01  4.000000e+01
     vertex  4.977237e+01 -3.922256e+01  0.000000e+00
     vertex  4.981107e+01 -3.915423e+01  0.000000e+00
   endloop
 endfacet
 facet normal  8.448536e-01 -5.349976e-01 -6.333467e-20
   outer loop
     vertex  4.977237e+01 -3.922256e+01  4.000000e+01
     vertex  4.973035e+01 -3.928891e+01  4.000000e+01
     vertex  4.973035e+01 -3.928891e+01  0.000000e+00
   endloop
 endfacet
 facet normal  8.700870e-01 -4.928982e-01  0.000000e+00
   outer loop
     vertex  4.981107e+01 -3.915423e+01  4.000000e+01
     vertex  4.977237e+01 -3.922256e+01  4.000000e+01
     vertex  4.981107e+01 -3.915423e+01  0.000000e+00
   endloop
 endfacet
 facet normal  8.932243e-01 -4.496113e-01  0.000000e+00
   outer loop
     vertex  4.984638e+01 -3.908409e+01  4.000000e+01
     vertex  4.981107e+01 -3.915423e+01  0.000000e+00
     vertex  4.984638e+01 -3.908409e+01  0.000000e+00
   endloop
 endfacet
 facet normal  8.932243e-01 -4.496113e-01 -5.250352e-20
   outer loop
     vertex  4.984638e+01 -3.908409e+01  4.000000e+01
     vertex  4.981107e+01 -3.915423e+01  4.000000e+01
     vertex  4.981107e+01 -3.915423e+01  0.000000e+00
   endloop
 endfacet
 facet normal  9.142098e-01 -4.052413e-01  0.000000e+00
   outer loop
     vertex  4.987821e+01 -3.901229e+01  4.000000e+01
     vertex  4.984638e+01 -3.908409e+01  0.000000e+00
     vertex  4.987821e+01 -3.901229e+01  0.000000e+00
   endloop
 endfacet
 facet normal  9.142098e-01 -4.052413e-01 -4.673038e-20
   outer loop
     vertex  4.987821e+01 -3.901229e+01  4.000000e+01
     vertex  4.984638e+01 -3.908409e+01  4.000000e+01
     vertex  4.984638e+01 -3.908409e+01  0.000000e+00
   endloop
 endfacet
 facet normal  9.329928e-01 -3.598950e-01  0.000000e+00
   outer loop
     vertex  4.990647e+01 -3.893902e+01  4.000000e+01
     vertex  4.987821e+01 -3.901229e+01  0.000000e+00
     vertex  4.990647e+01 -3.893902e+01  0.000000e+00
   endloop
 endfacet
 facet normal  9.495282e-01 -3.136817e-01  0.000000e+00
   outer loop
     vertex  4.990647e+01 -3.893902e+01  4.000000e+01
     vertex  4.990647e+01 -3.893902e+01  0.000000e+00
     vertex  4.993110e+01 -3.886446e+01  0.000000e+00
   endloop
 endfacet
 facet normal  9.329928e-01 -3.598950e-01 -5.323840e-21
   outer loop
     vertex  4.990647e+01 -3.893902e+01  4.000000e+01
     vertex  4.987821e+01 -3.901229e+01  4.000000e+01
     vertex  4.987821e+01 -3.901229e+01  0.000000e+00
   endloop
 endfacet
 facet normal  9.495282e-01 -3.136817e-01  0.000000e+00
   outer loop
     vertex  4.993110e+01 -3.886446e+01  4.000000e+01
     vertex  4.990647e+01 -3.893902e+01  4.000000e+01
     vertex  4.993110e+01 -3.886446e+01  0.000000e+00
   endloop
 endfacet
 facet normal  9.637761e-01 -2.667128e-01  0.000000e+00
   outer loop
     vertex  4.995205e+01 -3.878877e+01  4.000000e+01
     vertex  4.993110e+01 -3.886446e+01  0.000000e+00
     vertex  4.995205e+01 -3.878877e+01  0.000000e+00
   endloop
 endfacet
 facet normal  9.637761e-01 -2.667128e-01  3.092173e-20
   outer loop
     vertex  4.995205e+01 -3.878877e+01  4.000000e+01
     vertex  4.993110e+01 -3.886446e+01  4.000000e+01
     vertex  4.993110e+01 -3.886446e+01  0.000000e+00
   endloop
 endfacet
 facet normal  9.757021e-01 -2.191012e-01  0.000000e+00
   outer loop
     vertex  4.996926e+01 -3.871214e+01  4.000000e+01
     vertex  4.995205e+01 -3.878877e+01  0.000000e+00
     vertex  4.996926e+01 -3.871214e+01  0.000000e+00
   endloop
 endfacet
 facet normal  9.757021e-01 -2.191012e-01 -2.854652e-20
   outer loop
     vertex  4.996926e+01 -3.871214e+01  4.000000e+01
     vertex  4.995205e+01 -3.878877e+01  4.000000e+01
     vertex  4.995205e+01 -3.878877e+01  0.000000e+00
   endloop
 endfacet
 facet normal  9.852776e-01 -1.709619e-01  0.000000e+00
   outer loop
     vertex  4.998268e+01 -3.863477e+01  4.000000e+01
     vertex  4.996926e+01 -3.871214e+01  0.000000e+00
     vertex  4.998268e+01 -3.863477e+01  0.000000e+00
   endloop
 endfacet
 facet normal  9.852776e-01 -1.709619e-01 -2.381391e-20
   outer loop
     vertex  4.998268e+01 -3.863477e+01  4.000000e+01
     vertex  4.996926e+01 -3.871214e+01  4.000000e+01
     vertex  4.996926e+01 -3.871214e+01  0.000000e+00
   endloop
 endfacet
 facet normal  9.924795e-01 -1.224107e-01  0.000000e+00
   outer loop
     vertex  4.999230e+01 -3.855683e+01  4.000000e+01
     vertex  4.998268e+01 -3.863477e+01  0.000000e+00
     vertex  4.999230e+01 -3.855683e+01  0.000000e+00
   endloop
 endfacet
 facet normal  9.924795e-01 -1.224107e-01 -1.530874e-21
   outer loop
     vertex  4.999230e+01 -3.855683e+01  4.000000e+01
     vertex  4.998268e+01 -3.863477e+01  4.000000e+01
     vertex  4.998268e+01 -3.863477e+01  0.000000e+00
   endloop
 endfacet
 facet normal  9.972905e-01 -7.356456e-02  0.000000e+00
   outer loop
     vertex  4.999807e+01 -3.847851e+01  4.000000e+01
     vertex  4.999230e+01 -3.855683e+01  0.000000e+00
     vertex  4.999807e+01 -3.847851e+01  0.000000e+00
   endloop
 endfacet
 facet normal  9.972905e-01 -7.356456e-02 -5.705726e-21
   outer loop
     vertex  4.999807e+01 -3.847851e+01  4.000000e+01
     vertex  4.999230e+01 -3.855683e+01  4.000000e+01
     vertex  4.999230e+01 -3.855683e+01  0.000000e+00
   endloop
 endfacet
 facet normal  9.996988e-01 -2.454123e-02  0.000000e+00
   outer loop
     vertex  5.000000e+01 -3.840000e+01  4.000000e+01
     vertex  4.999807e+01 -3.847851e+01  0.000000e+00
     vertex  5.000000e+01 -3.840000e+01  0.000000e+00
   endloop
 endfacet
 facet normal  9.996988e-01 -2.454123e-02  3.837820e-21
   outer loop
     vertex  5.000000e+01 -3.840000e+01  4.000000e+01
     vertex  4.999807e+01 -3.847851e+01  4.000000e+01
     vertex  4.999807e+01 -3.847851e+01  0.000000e+00
   endloop
 endfacet
 facet normal  2.454123e-02  9.996988e-01  0.000000e+00
   outer loop
     vertex  4.847851e+01  3.999807e+01  4.000000e+01
     vertex  4.847851e+01  3.999807e+01  0.000000e+00
     vertex  4.840000e+01  4.000000e+01  0.000000e+00
   endloop
 endfacet
 facet normal  2.454123e-02  9.996988e-01  2.872823e-21
   outer loop
     vertex  4.847851e+01  3.999807e+01  4.000000e+01
     vertex  4.840000e+01  4.000000e+01  0.000000e+00
     vertex  4.840000e+01  4.000000e+01  4.000000e+01
   endloop
 endfacet
 facet normal  7.356456e-02  9.972905e-01  0.000000e+00
   outer loop
     vertex  4.855683e+01  3.999230e+01  4.000000e+01
     vertex  4.855683e+01  3.999230e+01  0.000000e+00
     vertex  4.847851e+01  3.999807e+01  0.000000e+00
   endloop
 endfacet
 facet normal  1.224107e-01  9.924795e-01  0.000000e+00
   outer loop
     vertex  4.855683e+01  3.999230e+01  4.000000e+01
     vertex  4.863477e+01  3.998268e+01  0.000000e+00
     vertex  4.855683e+01  3.999230e+01  0.000000e+00
   endloop
 endfacet
 facet normal  7.356456e-02  9.972905e-01 -7.671027e-21
   outer loop
     vertex  4.855683e+01  3.999230e+01  4.000000e+01
     vertex  4.847851e+01  3.999807e+01  0.000000e+00
     vertex  4.847851e+01  3.999807e+01  4.000000e+01
   endloop
 endfacet
 facet normal  1.709619e-01  9.852776e-01  0.000000e+00
   outer loop
     vertex  4.863477e+01  3.998268e+01  4.000000e+01
     vertex  4.871214e+01  3.996926e+01  0.000000e+00
     vertex  4.863477e+01  3.998268e+01  0.000000e+00
   endloop
 endfacet
 facet normal  1.224107e-01  9.924795e-01  0.000000e+00
   outer loop
     vertex  4.863477e+01  3.998268e+01  4.000000e+01
     vertex  4.863477e+01  3.998268e+01  0.000000e+00
     vertex  4.855683e+01  3.999230e+01  4.000000e+01
   endloop
 endfacet
 facet normal  2.191012e-01  9.757021e-01  0.000000e+00
   outer loop
     vertex  4.871214e+01  3.996926e+01  4.000000e+01
     vertex  4.878877e+01  3.995205e+01  0.000000e+00
     vertex  4.871214e+01  3.996926e+01  0.000000e+00
   endloop
 endfacet
 facet normal  1.709619e-01  9.852776e-01  0.000000e+00
   outer loop
     vertex  4.871214e+01  3.996926e+01  4.000000e+01
     vertex  4.871214e+01  3.996926e+01  0.000000e+00
     vertex  4.863477e+01  3.998268e+01  4.000000e+01
   endloop
 endfacet
 facet normal  2.191012e-01  9.757021e-01  0.000000e+00
   outer loop
     vertex  4.878877e+01  3.995205e+01  4.000000e+01
     vertex  4.878877e+01  3.995205e+01  0.000000e+00
     vertex  4.871214e+01  3.996926e+01  4.000000e+01
   endloop
 endfacet
 facet normal  2.667128e-01  9.637761e-01  0.000000e+00
   outer loop
     vertex  4.886446e+01  3.993110e+01  4.000000e+01
     vertex  4.886446e+01  3.993110e+01  0.000000e+00
     vertex  4.878877e+01  3.995205e+01  0.000000e+00
   endloop
 endfacet
 facet normal  2.667128e-01  9.637761e-01  2.996007e-20
   outer loop
     vertex  4.886446e+01  3.993110e+01  4.000000e+01
     vertex  4.878877e+01  3.995205e+01  0.000000e+00
     vertex  4.878877e+01  3.995205e+01  4.000000e+01
   endloop
 endfacet
 facet normal  3.136817e-01  9.495282e-01  0.000000e+00
   outer loop
     vertex  4.893902e+01  3.990647e+01  4.000000e+01
     vertex  4.893902e+01  3.990647e+01  0.000000e+00
     vertex  4.886446e+01  3.993110e+01  0.000000e+00
   endloop
 endfacet
 facet normal  3.136817e-01  9.495282e-01  3.330596e-20
   outer loop
     vertex  4.893902e+01  3.990647e+01  4.000000e+01
     vertex  4.886446e+01  3.993110e+01  0.000000e+00
     vertex  4.886446e+01  3.993110e+01  4.000000e+01
   endloop
 endfacet
 facet normal  3.598950e-01  9.329928e-01  0.000000e+00
   outer loop
     vertex  4.901229e+01  3.987821e+01  4.000000e+01
     vertex  4.901229e+01  3.987821e+01  0.000000e+00
     vertex  4.893902e+01  3.990647e+01  0.000000e+00
   endloop
 endfacet
 facet normal  3.598950e-01  9.329928e-01  6.761549e-20
   outer loop
     vertex  4.901229e+01  3.987821e+01  4.000000e+01
     vertex  4.893902e+01  3.990647e+01  0.000000e+00
     vertex  4.893902e+01  3.990647e+01  4.000000e+01
   endloop
 endfacet
 facet normal  4.052413e-01  9.142098e-01 -3.462884e-20
   outer loop
     vertex  4.908409e+01  3.984638e+01  4.000000e+01
     vertex  4.901229e+01  3.987821e+01  0.000000e+00
     vertex  4.901229e+01  3.987821e+01  4.000000e+01
   endloop
 endfacet
 facet normal  4.052413e-01  9.142098e-01  0.000000e+00
   outer loop
     vertex  4.908409e+01  3.984638e+01  4.000000e+01
     vertex  4.908409e+01  3.984638e+01  0.000000e+00
     vertex  4.901229e+01  3.987821e+01  0.000000e+00
   endloop
 endfacet
 facet normal  4.496113e-01  8.932243e-01  0.000000e+00
   outer loop
     vertex  4.915423e+01  3.981107e+01  4.000000e+01
     vertex  4.915423e+01  3.981107e+01  0.000000e+00
     vertex  4.908409e+01  3.984638e+01  0.000000e+00
   endloop
 endfacet
 facet normal  4.496113e-01  8.932243e-01 -5.552887e-20
   outer loop
     vertex  4.915423e+01  3.981107e+01  4.000000e+01
     vertex  4.908409e+01  3.984638e+01  0.000000e+00
     vertex  4.908409e+01  3.984638e+01  4.000000e+01
   endloop
 endfacet
 facet normal  4.928982e-01  8.700870e-01  0.000000e+00
   outer loop
     vertex  4.922256e+01  3.977237e+01  4.000000e+01
     vertex  4.922256e+01  3.977237e+01  0.000000e+00
     vertex  4.915423e+01  3.981107e+01  0.000000e+00
   endloop
 endfacet
 facet normal  4.928982e-01  8.700870e-01  4.898458e-20
   outer loop
     vertex  4.922256e+01  3.977237e+01  4.000000e+01
     vertex  4.915423e+01  3.981107e+01  0.000000e+00
     vertex  4.915423e+01  3.981107e+01  4.000000e+01
   endloop
 endfacet
 facet normal  5.349976e-01  8.448536e-01  0.000000e+00
   outer loop
     vertex  4.928891e+01  3.973035e+01  4.000000e+01
     vertex  4.928891e+01  3.973035e+01  0.000000e+00
     vertex  4.922256e+01  3.977237e+01  0.000000e+00
   endloop
 endfacet
 facet normal  5.349976e-01  8.448536e-01 -3.074821e-20
   outer loop
     vertex  4.928891e+01  3.973035e+01  4.000000e+01
     vertex  4.922256e+01  3.977237e+01  0.000000e+00
     vertex  4.922256e+01  3.977237e+01  4.000000e+01
   endloop
 endfacet
 facet normal  5.758082e-01  8.175848e-01  0.000000e+00
   outer loop
     vertex  4.935312e+01  3.968513e+01  4.000000e+01
     vertex  4.935312e+01  3.968513e+01  0.000000e+00
     vertex  4.928891e+01  3.973035e+01  0.000000e+00
   endloop
 endfacet
 facet normal  6.152316e-01  7.883464e-01  0.000000e+00
   outer loop
     vertex  4.935312e+01  3.968513e+01  4.000000e+01
     vertex  4.941503e+01  3.963682e+01  0.000000e+00
     vertex  4.935312e+01  3.968513e+01  0.000000e+00
   endloop
 endfacet
 facet normal  5.758082e-01  8.175848e-01 -4.273816e-20
   outer loop
     vertex  4.935312e+01  3.968513e+01  4.000000e+01
     vertex  4.928891e+01  3.973035e+01  0.000000e+00
     vertex  4.928891e+01  3.973035e+01  4.000000e+01
   endloop
 endfacet
 facet normal  6.531728e-01  7.572088e-01  0.000000e+00
   outer loop
     vertex  4.941503e+01  3.963682e+01  4.000000e+01
     vertex  4.947449e+01  3.958552e+01  0.000000e+00
     vertex  4.941503e+01  3.963682e+01  0.000000e+00
   endloop
 endfacet
 facet normal  6.152316e-01  7.883464e-01  0.000000e+00
   outer loop
     vertex  4.941503e+01  3.963682e+01  4.000000e+01
     vertex  4.941503e+01  3.963682e+01  0.000000e+00
     vertex  4.935312e+01  3.968513e+01  4.000000e+01
   endloop
 endfacet
 facet normal  6.531728e-01  7.572088e-01  0.000000e+00
   outer loop
     vertex  4.947449e+01  3.958552e+01  4.000000e+01
     vertex  4.947449e+01  3.958552e+01  0.000000e+00
     vertex  4.941503e+01  3.963682e+01  4.000000e+01
   endloop
 endfacet
 facet normal  6.895405e-01  7.242471e-01  0.000000e+00
   outer loop
     vertex  4.953137e+01  3.953137e+01  4.000000e+01
     vertex  4.953137e+01  3.953137e+01  0.000000e+00
     vertex  4.947449e+01  3.958552e+01  0.000000e+00
   endloop
 endfacet
 facet normal  6.895405e-01  7.242471e-01  5.031636e-20
   outer loop
     vertex  4.953137e+01  3.953137e+01  4.000000e+01
     vertex  4.947449e+01  3.958552e+01  0.000000e+00
     vertex  4.947449e+01  3.958552e+01  4.000000e+01
   endloop
 endfacet
 facet normal  7.242471e-01  6.895405e-01  0.000000e+00
   outer loop
     vertex  4.958552e+01  3.947449e+01  4.000000e+01
     vertex  4.958552e+01  3.947449e+01  0.000000e+00
     vertex  4.953137e+01  3.953137e+01  0.000000e+00
   endloop
 endfacet
 facet normal  7.572088e-01  6.531728e-01  0.000000e+00
   outer loop
     vertex  4.958552e+01  3.947449e+01  4.000000e+01
     vertex  4.963682e+01  3.941503e+01  0.000000e+00
     vertex  4.958552e+01  3.947449e+01  0.000000e+00
   endloop
 endfacet
 facet normal  7.242471e-01  6.895405e-01  3.166997e-20
   outer loop
     vertex  4.958552e+01  3.947449e+01  4.000000e+01
     vertex  4.953137e+01  3.953137e+01  0.000000e+00
     vertex  4.953137e+01  3.953137e+01  4.000000e+01
   endloop
 endfacet
 facet normal  7.883464e-01  6.152316e-01  0.000000e+00
   outer loop
     vertex  4.963682e+01  3.941503e+01  4.000000e+01
     vertex  4.968513e+01  3.935312e+01  0.000000e+00
     vertex  4.963682e+01  3.941503e+01  0.000000e+00
   endloop
 endfacet
 facet normal  7.572088e-01  6.531728e-01  0.000000e+00
   outer loop
     vertex  4.963682e+01  3.941503e+01  4.000000e+01
     vertex  4.963682e+01  3.941503e+01  0.000000e+00
     vertex  4.958552e+01  3.947449e+01  4.000000e+01
   endloop
 endfacet
 facet normal  7.883464e-01  6.152316e-01  0.000000e+00
   outer loop
     vertex  4.968513e+01  3.935312e+01  4.000000e+01
     vertex  4.968513e+01  3.935312e+01  0.000000e+00
     vertex  4.963682e+01  3.941503e+01  4.000000e+01
   endloop
 endfacet
 facet normal  8.175848e-01  5.758082e-01  0.000000e+00
   outer loop
     vertex  4.973035e+01  3.928891e+01  4.000000e+01
     vertex  4.973035e+01  3.928891e+01  0.000000e+00
     vertex  4.968513e+01  3.935312e+01  0.000000e+00
   endloop
 endfacet
 facet normal  8.175848e-01  5.758082e-01 -6.020377e-20
   outer loop
     vertex  4.973035e+01  3.928891e+01  4.000000e+01
     vertex  4.968513e+01  3.935312e+01  0.000000e+00
     vertex  4.968513e+01  3.935312e+01  4.000000e+01
   endloop
 endfacet
 facet normal  8.448536e-01  5.349976e-01  0.000000e+00
   outer loop
     vertex  4.977237e+01  3.922256e+01  4.000000e+01
     vertex  4.977237e+01  3.922256e+01  0.000000e+00
     vertex  4.973035e+01  3.928891e+01  0.000000e+00
   endloop
 endfacet
 facet normal  8.448536e-01  5.349976e-01  6.333467e-20
   outer loop
     vertex  4.977237e+01  3.922256e+01  4.000000e+01
     vertex  4.973035e+01  3.928891e+01  0.000000e+00
     vertex  4.973035e+01  3.928891e+01  4.000000e+01
   endloop
 endfacet
 facet normal  8.700870e-01  4.928982e-01  0.000000e+00
   outer loop
     vertex  4.981107e+01  3.915423e+01  4.000000e+01
     vertex  4.981107e+01  3.915423e+01  0.000000e+00
     vertex  4.977237e+01  3.922256e+01  0.000000e+00
   endloop
 endfacet
 facet normal  8.700870e-01  4.928982e-01 -2.175114e-20
   outer loop
     vertex  4.981107e+01  3.915423e+01  4.000000e+01
     vertex  4.977237e+01  3.922256e+01  0.000000e+00
     vertex  4.977237e+01  3.922256e+01  4.000000e+01
   endloop
 endfacet
 facet normal  8.932243e-01  4.496113e-01  0.000000e+00
   outer loop
     vertex  4.984638e+01  3.908409e+01  4.000000e+01
     vertex  4.984638e+01  3.908409e+01  0.000000e+00
     vertex  4.981107e+01  3.915423e+01  0.000000e+00
   endloop
 endfacet
 facet normal  8.932243e-01  4.496113e-01  5.250352e-20
   outer loop
     vertex  4.984638e+01  3.908409e+01  4.000000e+01
     vertex  4.981107e+01  3.915423e+01  0.000000e+00
     vertex  4.981107e+01  3.915423e+01  4.000000e+01
   endloop
 endfacet
 facet normal  9.142098e-01  4.052413e-01  0.000000e+00
   outer loop
     vertex  4.987821e+01  3.901229e+01  4.000000e+01
     vertex  4.987821e+01  3.901229e+01  0.000000e+00
     vertex  4.984638e+01  3.908409e+01  0.000000e+00
   endloop
 endfacet
 facet normal  9.142098e-01  4.052413e-01  4.673038e-20
   outer loop
     vertex  4.987821e+01  3.901229e+01  4.000000e+01
     vertex  4.984638e+01  3.908409e+01  0.000000e+00
     vertex  4.984638e+01  3.908409e+01  4.000000e+01
   endloop
 endfacet
 facet normal  9.329928e-01  3.598950e-01  0.000000e+00
   outer loop
     vertex  4.990647e+01  3.893902e+01  4.000000e+01
     vertex  4.990647e+01  3.893902e+01  0.000000e+00
     vertex  4.987821e+01  3.901229e+01  0.000000e+00
   endloop
 endfacet
 facet normal  9.329928e-01  3.598950e-01  5.323840e-21
   outer loop
     vertex  4.990647e+01  3.893902e+01  4.000000e+01
     vertex  4.987821e+01  3.901229e+01  0.000000e+00
     vertex  4.987821e+01  3.901229e+01  4.000000e+01
   endloop
 endfacet
 facet normal  9.495282e-01  3.136817e-01  0.000000e+00
   outer loop
     vertex  4.993110e+01  3.886446e+01  4.000000e+01
     vertex  4.993110e+01  3.886446e+01  0.000000e+00
     vertex  4.990647e+01  3.893902e+01  0.000000e+00
   endloop
 endfacet
 facet normal  9.495282e-01  3.136817e-01  3.330596e-20
   outer loop
     vertex  4.993110e+01  3.886446e+01  4.000000e+01
     vertex  4.990647e+01  3.893902e+01  0.000000e+00
     vertex  4.990647e+01  3.893902e+01  4.000000e+01
   endloop
 endfacet
 facet normal  9.637761e-01  2.667128e-01  0.000000e+00
   outer loop
     vertex  4.995205e+01  3.878877e+01  4.000000e+01
     vertex  4.995205e+01  3.878877e+01  0.000000e+00
     vertex  4.993110e+01  3.886446e+01  0.000000e+00
   endloop
 endfacet
 facet normal  9.637761e-01  2.667128e-01 -3.092173e-20
   outer loop
     vertex  4.995205e+01  3.878877e+01  4.000000e+01
     vertex  4.993110e+01  3.886446e+01  0.000000e+00
     vertex  4.993110e+01  3.886446e+01  4.000000e+01
   endloop
 endfacet
 facet normal  9.757021e-01  2.191012e-01  0.000000e+00
   outer loop
     vertex  4.996926e+01  3.871214e+01  4.000000e+01
     vertex  4.996926e+01  3.871214e+01  0.000000e+00
     vertex  4.995205e+01  3.878877e+01  0.000000e+00
   endloop
 endfacet
 facet normal  9.757021e-01  2.191012e-01  2.854652e-20
   outer loop
     vertex  4.996926e+01  3.871214e+01  4.000000e+01
     vertex  4.995205e+01  3.878877e+01  0.000000e+00
     vertex  4.995205e+01  3.878877e+01  4.000000e+01
   endloop
 endfacet
 facet normal  9.852776e-01  1.709619e-01  0.000000e+00
   outer loop
     vertex  4.998268e+01  3.863477e+01  4.000000e+01
     vertex  4.998268e+01  3.863477e+01  0.000000e+00
     vertex  4.996926e+01  3.871214e+01  0.000000e+00
   endloop
 endfacet
 facet normal  9.924795e-01  1.224107e-01  0.000000e+00
   outer loop
     vertex  4.998268e+01  3.863477e+01  4.000000e+01
     vertex  4.999230e+01  3.855683e+01  0.000000e+00
     vertex  4.998268e+01  3.863477e+01  0.000000e+00
   endloop
 endfacet
 facet normal  9.852776e-01  1.709619e-01  2.381391e-20
   outer loop
     vertex  4.998268e+01  3.863477e+01  4.000000e+01
     vertex  4.996926e+01  3.871214e+01  0.000000e+00
     vertex  4.996926e+01  3.871214e+01  4.000000e+01
   endloop
 endfacet
 facet normal  9.924795e-01  1.224107e-01  0.000000e+00
   outer loop
     vertex  4.999230e+01  3.855683e+01  4.000000e+01
     vertex  4.999230e+01  3.855683e+01  0.000000e+00
     vertex  4.998268e+01  3.863477e+01  4.000000e+01
   endloop
 endfacet
 facet normal  9.972905e-01  7.356456e-02  0.000000e+00
   outer loop
     vertex  4.999807e+01  3.847851e+01  4.000000e+01
     vertex  4.999807e+01  3.847851e+01  0.000000e+00
     vertex  4.999230e+01  3.855683e+01  0.000000e+00
   endloop
 endfacet
 facet normal  9.972905e-01  7.356456e-02  5.705726e-21
   outer loop
     vertex  4.999807e+01  3.847851e+01  4.000000e+01
     vertex  4.999230e+01  3.855683e+01  0.000000e+00
     vertex  4.999230e+01  3.855683e+01  4.000000e+01
   endloop
 endfacet
 facet normal  9.996988e-01  2.454123e-02  0.000000e+00
   outer loop
     vertex  5.000000e+01  3.840000e+01  4.000000e+01
     vertex  5.000000e+01  3.840000e+01  0.000000e+00
     vertex  4.999807e+01  3.847851e+01  0.000000e+00
   endloop
 endfacet
 facet normal  9.996988e-01  2.454123e-02 -3.837820e-21
   outer loop
     vertex  5.000000e+01  3.840000e+01  4.000000e+01
     vertex  4.999807e+01  3.847851e+01  0.000000e+00
     vertex  4.999807e+01  3.847851e+01  4.000000e+01
   endloop
 endfacet
 facet normal  1.000000e+00  0.000000e+00  0.000000e+00
   outer loop
     vertex  5.000000e+01 -3.840000e+01  0.000000e+00
     vertex  5.000000e+01  3.840000e+01  0.000000e+00
     vertex  5.000000e+01  3.840000e+01  4.000000e+01
   endloop
 endfacet
 facet normal  1.000000e+00 -0.000000e+00  0.000000e+00
   outer loop
     vertex  5.000000e+01 -3.840000e+01  4.000000e+01
     vertex  5.000000e+01 -3.840000e+01  0.000000e+00
     vertex  5.000000e+01  3.840000e+01  4.000000e+01
   endloop
 endfacet
 facet normal  1.000000e+00  0.000000e+00  0.000000e+00
   outer loop
     vertex -4.700000e+01 -3.540000e+01  3.000000e+00
     vertex -4.700000e+01  3.540000e+01  3.000000e+00
     vertex -4.700000e+01  3.540000e+01  4.000000e+01
   endloop
 endfacet
 facet normal  1.000000e+00 -0.000000e+00  0.000000e+00
   outer loop
     vertex -4.700000e+01 -3.540000e+01  4.000000e+01
     vertex -4.700000e+01 -3.540000e+01  3.000000e+00
     vertex -4.700000e+01  3.540000e+01  4.000000e+01
   endloop
 endfacet
 facet normal  9.996988e-01  2.454123e-02  0.000000e+00
   outer loop
     vertex -4.699807e+01 -3.547851e+01  4.000000e+01
     vertex -4.699807e+01 -3.547851e+01  3.000000e+00
     vertex -4.700000e+01 -3.540000e+01  3.000000e+00
   endloop
 endfacet
 facet normal  9.996988e-01  2.454123e-02 -4.148994e-21
   outer loop
     vertex -4.699807e+01 -3.547851e+01  4.000000e+01
     vertex -4.700000e+01 -3.540000e+01  3.000000e+00
     vertex -4.700000e+01 -3.540000e+01  4.000000e+01
   endloop
 endfacet
 facet normal  9.972905e-01  7.356456e-02  0.000000e+00
   outer loop
     vertex -4.699230e+01 -3.555683e+01  4.000000e+01
     vertex -4.699230e+01 -3.555683e+01  3.000000e+00
     vertex -4.699807e+01 -3.547851e+01  3.000000e+00
   endloop
 endfacet
 facet normal  9.924795e-01  1.224107e-01  0.000000e+00
   outer loop
     vertex -4.699230e+01 -3.555683e+01  4.000000e+01
     vertex -4.698268e+01 -3.563477e+01  3.000000e+00
     vertex -4.699230e+01 -3.555683e+01  3.000000e+00
   endloop
 endfacet
 facet normal  9.972905e-01  7.356456e-02 -8.293003e-21
   outer loop
     vertex -4.699230e+01 -3.555683e+01  4.000000e+01
     vertex -4.699807e+01 -3.547851e+01  3.000000e+00
     vertex -4.699807e+01 -3.547851e+01  4.000000e+01
   endloop
 endfacet
 facet normal  9.852776e-01  1.709619e-01  0.000000e+00
   outer loop
     vertex -4.698268e+01 -3.563477e+01  4.000000e+01
     vertex -4.696926e+01 -3.571214e+01  3.000000e+00
     vertex -4.698268e+01 -3.563477e+01  3.000000e+00
   endloop
 endfacet
 facet normal  9.924795e-01  1.224107e-01  0.000000e+00
   outer loop
     vertex -4.698268e+01 -3.563477e+01  4.000000e+01
     vertex -4.698268e+01 -3.563477e+01  3.000000e+00
     vertex -4.699230e+01 -3.555683e+01  4.000000e+01
   endloop
 endfacet
 facet normal  9.757021e-01  2.191012e-01  0.000000e+00
   outer loop
     vertex -4.696926e+01 -3.571214e+01  4.000000e+01
     vertex -4.695205e+01 -3.578877e+01  3.000000e+00
     vertex -4.696926e+01 -3.571214e+01  3.000000e+00
   endloop
 endfacet
 facet normal  9.852776e-01  1.709619e-01  0.000000e+00
   outer loop
     vertex -4.696926e+01 -3.571214e+01  4.000000e+01
     vertex -4.696926e+01 -3.571214e+01  3.000000e+00
     vertex -4.698268e+01 -3.563477e+01  4.000000e+01
   endloop
 endfacet
 facet normal  9.757021e-01  2.191012e-01  0.000000e+00
   outer loop
     vertex -4.695205e+01 -3.578877e+01  4.000000e+01
     vertex -4.695205e+01 -3.578877e+01  3.000000e+00
     vertex -4.696926e+01 -3.571214e+01  4.000000e+01
   endloop
 endfacet
 facet normal  9.637761e-01  2.667128e-01  0.000000e+00
   outer loop
     vertex -4.693110e+01 -3.586446e+01  4.000000e+01
     vertex -4.693110e+01 -3.586446e+01  3.000000e+00
     vertex -4.695205e+01 -3.578877e+01  3.000000e+00
   endloop
 endfacet
 facet normal  9.637761e-01  2.667128e-01 -3.342890e-20
   outer loop
     vertex -4.693110e+01 -3.586446e+01  4.000000e+01
     vertex -4.695205e+01 -3.578877e+01  3.000000e+00
     vertex -4.695205e+01 -3.578877e+01  4.000000e+01
   endloop
 endfacet
 facet normal  9.495282e-01  3.136817e-01  0.000000e+00
   outer loop
     vertex -4.690647e+01 -3.593902e+01  4.000000e+01
     vertex -4.690647e+01 -3.593902e+01  3.000000e+00
     vertex -4.693110e+01 -3.586446e+01  3.000000e+00
   endloop
 endfacet
 facet normal  9.329928e-01  3.598950e-01  0.000000e+00
   outer loop
     vertex -4.690647e+01 -3.593902e+01  4.000000e+01
     vertex -4.687821e+01 -3.601229e+01  3.000000e+00
     vertex -4.690647e+01 -3.593902e+01  3.000000e+00
   endloop
 endfacet
 facet normal  9.495282e-01  3.136817e-01  3.600644e-20
   outer loop
     vertex -4.690647e+01 -3.593902e+01  4.000000e+01
     vertex -4.693110e+01 -3.586446e+01  3.000000e+00
     vertex -4.693110e+01 -3.586446e+01  4.000000e+01
   endloop
 endfacet
 facet normal  9.329928e-01  3.598950e-01  0.000000e+00
   outer loop
     vertex -4.687821e+01 -3.601229e+01  4.000000e+01
     vertex -4.687821e+01 -3.601229e+01  3.000000e+00
     vertex -4.690647e+01 -3.593902e+01  4.000000e+01
   endloop
 endfacet
 facet normal  9.142098e-01  4.052413e-01  0.000000e+00
   outer loop
     vertex -4.687821e+01 -3.601229e+01  4.000000e+01
     vertex -4.684638e+01 -3.608409e+01  3.000000e+00
     vertex -4.687821e+01 -3.601229e+01  3.000000e+00
   endloop
 endfacet
 facet normal  9.142098e-01  4.052413e-01  0.000000e+00
   outer loop
     vertex -4.684638e+01 -3.608409e+01  4.000000e+01
     vertex -4.684638e+01 -3.608409e+01  3.000000e+00
     vertex -4.687821e+01 -3.601229e+01  4.000000e+01
   endloop
 endfacet
 facet normal  8.932243e-01  4.496113e-01  0.000000e+00
   outer loop
     vertex -4.681107e+01 -3.615423e+01  4.000000e+01
     vertex -4.681107e+01 -3.615423e+01  3.000000e+00
     vertex -4.684638e+01 -3.608409e+01  3.000000e+00
   endloop
 endfacet
 facet normal  8.932243e-01  4.496113e-01 -1.788573e-20
   outer loop
     vertex -4.681107e+01 -3.615423e+01  4.000000e+01
     vertex -4.684638e+01 -3.608409e+01  3.000000e+00
     vertex -4.684638e+01 -3.608409e+01  4.000000e+01
   endloop
 endfacet
 facet normal  8.700870e-01  4.928982e-01  0.000000e+00
   outer loop
     vertex -4.677237e+01 -3.622256e+01  4.000000e+01
     vertex -4.677237e+01 -3.622256e+01  3.000000e+00
     vertex -4.681107e+01 -3.615423e+01  3.000000e+00
   endloop
 endfacet
 facet normal  8.448536e-01  5.349976e-01  0.000000e+00
   outer loop
     vertex -4.677237e+01 -3.622256e+01  4.000000e+01
     vertex -4.673035e+01 -3.628891e+01  3.000000e+00
     vertex -4.677237e+01 -3.622256e+01  3.000000e+00
   endloop
 endfacet
 facet normal  8.700870e-01  4.928982e-01 -2.351475e-20
   outer loop
     vertex -4.677237e+01 -3.622256e+01  4.000000e+01
     vertex -4.681107e+01 -3.615423e+01  3.000000e+00
     vertex -4.681107e+01 -3.615423e+01  4.000000e+01
   endloop
 endfacet
 facet normal  8.448536e-01  5.349976e-01  0.000000e+00
   outer loop
     vertex -4.673035e+01 -3.628891e+01  4.000000e+01
     vertex -4.673035e+01 -3.628891e+01  3.000000e+00
     vertex -4.677237e+01 -3.622256e+01  4.000000e+01
   endloop
 endfacet
 facet normal  8.175848e-01  5.758082e-01  0.000000e+00
   outer loop
     vertex -4.668513e+01 -3.635312e+01  4.000000e+01
     vertex -4.668513e+01 -3.635312e+01  3.000000e+00
     vertex -4.673035e+01 -3.628891e+01  3.000000e+00
   endloop
 endfacet
 facet normal  8.175848e-01  5.758082e-01 -6.508516e-20
   outer loop
     vertex -4.668513e+01 -3.635312e+01  4.000000e+01
     vertex -4.673035e+01 -3.628891e+01  3.000000e+00
     vertex -4.673035e+01 -3.628891e+01  4.000000e+01
   endloop
 endfacet
 facet normal  7.883464e-01  6.152316e-01  0.000000e+00
   outer loop
     vertex -4.663682e+01 -3.641503e+01  4.000000e+01
     vertex -4.663682e+01 -3.641503e+01  3.000000e+00
     vertex -4.668513e+01 -3.635312e+01  3.000000e+00
   endloop
 endfacet
 facet normal  7.572088e-01  6.531728e-01  0.000000e+00
   outer loop
     vertex -4.663682e+01 -3.641503e+01  4.000000e+01
     vertex -4.658552e+01 -3.647449e+01  3.000000e+00
     vertex -4.663682e+01 -3.641503e+01  3.000000e+00
   endloop
 endfacet
 facet normal  7.883464e-01  6.152316e-01  4.804376e-21
   outer loop
     vertex -4.663682e+01 -3.641503e+01  4.000000e+01
     vertex -4.668513e+01 -3.635312e+01  3.000000e+00
     vertex -4.668513e+01 -3.635312e+01  4.000000e+01
   endloop
 endfacet
 facet normal  7.572088e-01  6.531728e-01  0.000000e+00
   outer loop
     vertex -4.658552e+01 -3.647449e+01  4.000000e+01
     vertex -4.658552e+01 -3.647449e+01  3.000000e+00
     vertex -4.663682e+01 -3.641503e+01  4.000000e+01
   endloop
 endfacet
 facet normal  7.242471e-01  6.895405e-01  0.000000e+00
   outer loop
     vertex -4.653137e+01 -3.653137e+01  4.000000e+01
     vertex -4.653137e+01 -3.653137e+01  3.000000e+00
     vertex -4.658552e+01 -3.647449e+01  3.000000e+00
   endloop
 endfacet
 facet normal  7.242471e-01  6.895405e-01  5.439606e-20
   outer loop
     vertex -4.653137e+01 -3.653137e+01  4.000000e+01
     vertex -4.658552e+01 -3.647449e+01  3.000000e+00
     vertex -4.658552e+01 -3.647449e+01  4.000000e+01
   endloop
 endfacet
 facet normal  6.895405e-01  7.242471e-01  0.000000e+00
   outer loop
     vertex -4.647449e+01 -3.658552e+01  4.000000e+01
     vertex -4.647449e+01 -3.658552e+01  3.000000e+00
     vertex -4.653137e+01 -3.653137e+01  3.000000e+00
   endloop
 endfacet
 facet normal  6.895405e-01  7.242471e-01  5.439606e-20
   outer loop
     vertex -4.647449e+01 -3.658552e+01  4.000000e+01
     vertex -4.653137e+01 -3.653137e+01  3.000000e+00
     vertex -4.653137e+01 -3.653137e+01  4.000000e+01
   endloop
 endfacet
 facet normal  6.531728e-01  7.572088e-01  0.000000e+00
   outer loop
     vertex -4.641503e+01 -3.663682e+01  4.000000e+01
     vertex -4.641503e+01 -3.663682e+01  3.000000e+00
     vertex -4.647449e+01 -3.658552e+01  3.000000e+00
   endloop
 endfacet
 facet normal  6.152316e-01  7.883464e-01  0.000000e+00
   outer loop
     vertex -4.641503e+01 -3.663682e+01  4.000000e+01
     vertex -4.635312e+01 -3.668513e+01  3.000000e+00
     vertex -4.641503e+01 -3.663682e+01  3.000000e+00
   endloop
 endfacet
 facet normal  6.531728e-01  7.572088e-01 -2.014899e-20
   outer loop
     vertex -4.641503e+01 -3.663682e+01  4.000000e+01
     vertex -4.647449e+01 -3.658552e+01  3.000000e+00
     vertex -4.647449e+01 -3.658552e+01  4.000000e+01
   endloop
 endfacet
 facet normal  5.758082e-01  8.175848e-01  0.000000e+00
   outer loop
     vertex -4.635312e+01 -3.668513e+01  4.000000e+01
     vertex -4.628891e+01 -3.673035e+01  3.000000e+00
     vertex -4.635312e+01 -3.668513e+01  3.000000e+00
   endloop
 endfacet
 facet normal  6.152316e-01  7.883464e-01  0.000000e+00
   outer loop
     vertex -4.635312e+01 -3.668513e+01  4.000000e+01
     vertex -4.635312e+01 -3.668513e+01  3.000000e+00
     vertex -4.641503e+01 -3.663682e+01  4.000000e+01
   endloop
 endfacet
 facet normal  5.758082e-01  8.175848e-01  0.000000e+00
   outer loop
     vertex -4.628891e+01 -3.673035e+01  4.000000e+01
     vertex -4.628891e+01 -3.673035e+01  3.000000e+00
     vertex -4.635312e+01 -3.668513e+01  4.000000e+01
   endloop
 endfacet
 facet normal  5.349976e-01  8.448536e-01  0.000000e+00
   outer loop
     vertex -4.622256e+01 -3.677237e+01  4.000000e+01
     vertex -4.622256e+01 -3.677237e+01  3.000000e+00
     vertex -4.628891e+01 -3.673035e+01  3.000000e+00
   endloop
 endfacet
 facet normal  4.928982e-01  8.700870e-01  0.000000e+00
   outer loop
     vertex -4.622256e+01 -3.677237e+01  4.000000e+01
     vertex -4.615423e+01 -3.681107e+01  3.000000e+00
     vertex -4.622256e+01 -3.677237e+01  3.000000e+00
   endloop
 endfacet
 facet normal  5.349976e-01  8.448536e-01  6.846992e-20
   outer loop
     vertex -4.622256e+01 -3.677237e+01  4.000000e+01
     vertex -4.628891e+01 -3.673035e+01  3.000000e+00
     vertex -4.628891e+01 -3.673035e+01  4.000000e+01
   endloop
 endfacet
 facet normal  4.928982e-01  8.700870e-01  0.000000e+00
   outer loop
     vertex -4.615423e+01 -3.681107e+01  4.000000e+01
     vertex -4.615423e+01 -3.681107e+01  3.000000e+00
     vertex -4.622256e+01 -3.677237e+01  4.000000e+01
   endloop
 endfacet
 facet normal  4.496113e-01  8.932243e-01  0.000000e+00
   outer loop
     vertex -4.608409e+01 -3.684638e+01  4.000000e+01
     vertex -4.608409e+01 -3.684638e+01  3.000000e+00
     vertex -4.615423e+01 -3.681107e+01  3.000000e+00
   endloop
 endfacet
 facet normal  4.496113e-01  8.932243e-01  1.461508e-20
   outer loop
     vertex -4.608409e+01 -3.684638e+01  4.000000e+01
     vertex -4.615423e+01 -3.681107e+01  3.000000e+00
     vertex -4.615423e+01 -3.681107e+01  4.000000e+01
   endloop
 endfacet
 facet normal  4.052413e-01  9.142098e-01  0.000000e+00
   outer loop
     vertex -4.601229e+01 -3.687821e+01  4.000000e+01
     vertex -4.601229e+01 -3.687821e+01  3.000000e+00
     vertex -4.608409e+01 -3.684638e+01  3.000000e+00
   endloop
 endfacet
 facet normal  4.052413e-01  9.142098e-01  5.051933e-20
   outer loop
     vertex -4.601229e+01 -3.687821e+01  4.000000e+01
     vertex -4.608409e+01 -3.684638e+01  3.000000e+00
     vertex -4.608409e+01 -3.684638e+01  4.000000e+01
   endloop
 endfacet
 facet normal  3.598950e-01  9.329928e-01  0.000000e+00
   outer loop
     vertex -4.593902e+01 -3.690647e+01  4.000000e+01
     vertex -4.593902e+01 -3.690647e+01  3.000000e+00
     vertex -4.601229e+01 -3.687821e+01  3.000000e+00
   endloop
 endfacet
 facet normal  3.598950e-01  9.329928e-01  7.309783e-20
   outer loop
     vertex -4.593902e+01 -3.690647e+01  4.000000e+01
     vertex -4.601229e+01 -3.687821e+01  3.000000e+00
     vertex -4.601229e+01 -3.687821e+01  4.000000e+01
   endloop
 endfacet
 facet normal  3.136817e-01  9.495282e-01  0.000000e+00
   outer loop
     vertex -4.586446e+01 -3.693110e+01  4.000000e+01
     vertex -4.586446e+01 -3.693110e+01  3.000000e+00
     vertex -4.593902e+01 -3.690647e+01  3.000000e+00
   endloop
 endfacet
 facet normal  2.667128e-01  9.637761e-01  0.000000e+00
   outer loop
     vertex -4.586446e+01 -3.693110e+01  4.000000e+01
     vertex -4.578877e+01 -3.695205e+01  3.000000e+00
     vertex -4.586446e+01 -3.693110e+01  3.000000e+00
   endloop
 endfacet
 facet normal  3.136817e-01  9.495282e-01  3.600644e-20
   outer loop
     vertex -4.586446e+01 -3.693110e+01  4.000000e+01
     vertex -4.593902e+01 -3.690647e+01  3.000000e+00
     vertex -4.593902e+01 -3.690647e+01  4.000000e+01
   endloop
 endfacet
 facet normal  2.667128e-01  9.637761e-01  0.000000e+00
   outer loop
     vertex -4.578877e+01 -3.695205e+01  4.000000e+01
     vertex -4.578877e+01 -3.695205e+01  3.000000e+00
     vertex -4.586446e+01 -3.693110e+01  4.000000e+01
   endloop
 endfacet
 facet normal  2.191012e-01  9.757021e-01  0.000000e+00
   outer loop
     vertex -4.571214e+01 -3.696926e+01  4.000000e+01
     vertex -4.571214e+01 -3.696926e+01  3.000000e+00
     vertex -4.578877e+01 -3.695205e+01  3.000000e+00
   endloop
 endfacet
 facet normal  2.191012e-01  9.757021e-01  3.086110e-20
   outer loop
     vertex -4.571214e+01 -3.696926e+01  4.000000e+01
     vertex -4.578877e+01 -3.695205e+01  3.000000e+00
     vertex -4.578877e+01 -3.695205e+01  4.000000e+01
   endloop
 endfacet
 facet normal  1.709619e-01  9.852776e-01  0.000000e+00
   outer loop
     vertex -4.563477e+01 -3.698268e+01  4.000000e+01
     vertex -4.563477e+01 -3.698268e+01  3.000000e+00
     vertex -4.571214e+01 -3.696926e+01  3.000000e+00
   endloop
 endfacet
 facet normal  1.224107e-01  9.924795e-01  0.000000e+00
   outer loop
     vertex -4.563477e+01 -3.698268e+01  4.000000e+01
     vertex -4.555683e+01 -3.699230e+01  3.000000e+00
     vertex -4.563477e+01 -3.698268e+01  3.000000e+00
   endloop
 endfacet
 facet normal  1.709619e-01  9.852776e-01  2.574477e-20
   outer loop
     vertex -4.563477e+01 -3.698268e+01  4.000000e+01
     vertex -4.571214e+01 -3.696926e+01  3.000000e+00
     vertex -4.571214e+01 -3.696926e+01  4.000000e+01
   endloop
 endfacet
 facet normal  7.356456e-02  9.972905e-01  0.000000e+00
   outer loop
     vertex -4.555683e+01 -3.699230e+01  4.000000e+01
     vertex -4.547851e+01 -3.699807e+01  3.000000e+00
     vertex -4.555683e+01 -3.699230e+01  3.000000e+00
   endloop
 endfacet
 facet normal  1.224107e-01  9.924795e-01  0.000000e+00
   outer loop
     vertex -4.555683e+01 -3.699230e+01  4.000000e+01
     vertex -4.555683e+01 -3.699230e+01  3.000000e+00
     vertex -4.563477e+01 -3.698268e+01  4.000000e+01
   endloop
 endfacet
 facet normal  7.356456e-02  9.972905e-01  0.000000e+00
   outer loop
     vertex -4.547851e+01 -3.699807e+01  4.000000e+01
     vertex -4.547851e+01 -3.699807e+01  3.000000e+00
     vertex -4.555683e+01 -3.699230e+01  4.000000e+01
   endloop
 endfacet
 facet normal  2.454123e-02  9.996988e-01  0.000000e+00
   outer loop
     vertex -4.540000e+01 -3.700000e+01  4.000000e+01
     vertex -4.540000e+01 -3.700000e+01  3.000000e+00
     vertex -4.547851e+01 -3.699807e+01  3.000000e+00
   endloop
 endfacet
 facet normal  2.454123e-02  9.996988e-01  3.105755e-21
   outer loop
     vertex -4.540000e+01 -3.700000e+01  4.000000e+01
     vertex -4.547851e+01 -3.699807e+01  3.000000e+00
     vertex -4.547851e+01 -3.699807e+01  4.000000e+01
   endloop
 endfacet
 facet normal  9.996988e-01 -2.454123e-02  0.000000e+00
   outer loop
     vertex -4.699807e+01  3.547851e+01  4.000000e+01
     vertex -4.700000e+01  3.540000e+01  3.000000e+00
     vertex -4.699807e+01  3.547851e+01  3.000000e+00
   endloop
 endfacet
 facet normal  9.996988e-01 -2.454123e-02 -3.105755e-21
   outer loop
     vertex -4.699807e+01  3.547851e+01  4.000000e+01
     vertex -4.700000e+01  3.540000e+01  4.000000e+01
     vertex -4.700000e+01  3.540000e+01  3.000000e+00
   endloop
 endfacet
 facet normal  9.972905e-01 -7.356456e-02  0.000000e+00
   outer loop
     vertex -4.699230e+01  3.555683e+01  4.000000e+01
     vertex -4.699807e+01  3.547851e+01  3.000000e+00
     vertex -4.699230e+01  3.555683e+01  3.000000e+00
   endloop
 endfacet
 facet normal  9.972905e-01 -7.356456e-02  8.293003e-21
   outer loop
     vertex -4.699230e+01  3.555683e+01  4.000000e+01
     vertex -4.699807e+01  3.547851e+01  4.000000e+01
     vertex -4.699807e+01  3.547851e+01  3.000000e+00
   endloop
 endfacet
 facet normal  9.924795e-01 -1.224107e-01  0.000000e+00
   outer loop
     vertex -4.698268e+01  3.563477e+01  4.000000e+01
     vertex -4.699230e+01  3.555683e+01  3.000000e+00
     vertex -4.698268e+01  3.563477e+01  3.000000e+00
   endloop
 endfacet
 facet normal  9.924795e-01 -1.224107e-01 -1.386933e-21
   outer loop
     vertex -4.698268e+01  3.563477e+01  4.000000e+01
     vertex -4.699230e+01  3.555683e+01  4.000000e+01
     vertex -4.699230e+01  3.555683e+01  3.000000e+00
   endloop
 endfacet
 facet normal  9.852776e-01 -1.709619e-01  0.000000e+00
   outer loop
     vertex -4.696926e+01  3.571214e+01  4.000000e+01
     vertex -4.698268e+01  3.563477e+01  3.000000e+00
     vertex -4.696926e+01  3.571214e+01  3.000000e+00
   endloop
 endfacet
 facet normal  9.757021e-01 -2.191012e-01  0.000000e+00
   outer loop
     vertex -4.696926e+01  3.571214e+01  4.000000e+01
     vertex -4.696926e+01  3.571214e+01  3.000000e+00
     vertex -4.695205e+01  3.578877e+01  3.000000e+00
   endloop
 endfacet
 facet normal  9.852776e-01 -1.709619e-01 -2.574477e-20
   outer loop
     vertex -4.696926e+01  3.571214e+01  4.000000e+01
     vertex -4.698268e+01  3.563477e+01  4.000000e+01
     vertex -4.698268e+01  3.563477e+01  3.000000e+00
   endloop
 endfacet
 facet normal  9.757021e-01 -2.191012e-01  0.000000e+00
   outer loop
     vertex -4.695205e+01  3.578877e+01  4.000000e+01
     vertex -4.696926e+01  3.571214e+01  4.000000e+01
     vertex -4.695205e+01  3.578877e+01  3.000000e+00
   endloop
 endfacet
 facet normal  9.637761e-01 -2.667128e-01  0.000000e+00
   outer loop
     vertex -4.693110e+01  3.586446e+01  4.000000e+01
     vertex -4.695205e+01  3.578877e+01  3.000000e+00
     vertex -4.693110e+01  3.586446e+01  3.000000e+00
   endloop
 endfacet
 facet normal  9.637761e-01 -2.667128e-01 -3.238926e-20
   outer loop
     vertex -4.693110e+01  3.586446e+01  4.000000e+01
     vertex -4.695205e+01  3.578877e+01  4.000000e+01
     vertex -4.695205e+01  3.578877e+01  3.000000e+00
   endloop
 endfacet
 facet normal  9.495282e-01 -3.136817e-01  0.000000e+00
   outer loop
     vertex -4.690647e+01  3.593902e+01  4.000000e+01
     vertex -4.693110e+01  3.586446e+01  3.000000e+00
     vertex -4.690647e+01  3.593902e+01  3.000000e+00
   endloop
 endfacet
 facet normal  9.495282e-01 -3.136817e-01 -3.600644e-20
   outer loop
     vertex -4.690647e+01  3.593902e+01  4.000000e+01
     vertex -4.693110e+01  3.586446e+01  4.000000e+01
     vertex -4.693110e+01  3.586446e+01  3.000000e+00
   endloop
 endfacet
 facet normal  9.329928e-01 -3.598950e-01  0.000000e+00
   outer loop
     vertex -4.687821e+01  3.601229e+01  4.000000e+01
     vertex -4.690647e+01  3.593902e+01  3.000000e+00
     vertex -4.687821e+01  3.601229e+01  3.000000e+00
   endloop
 endfacet
 facet normal  9.142098e-01 -4.052413e-01  0.000000e+00
   outer loop
     vertex -4.687821e+01  3.601229e+01  4.000000e+01
     vertex -4.687821e+01  3.601229e+01  3.000000e+00
     vertex -4.684638e+01  3.608409e+01  3.000000e+00
   endloop
 endfacet
 facet normal  9.329928e-01 -3.598950e-01 -7.309783e-20
   outer loop
     vertex -4.687821e+01  3.601229e+01  4.000000e+01
     vertex -4.690647e+01  3.593902e+01  4.000000e+01
     vertex -4.690647e+01  3.593902e+01  3.000000e+00
   endloop
 endfacet
 facet normal  9.142098e-01 -4.052413e-01  0.000000e+00
   outer loop
     vertex -4.684638e+01  3.608409e+01  4.000000e+01
     vertex -4.687821e+01  3.601229e+01  4.000000e+01
     vertex -4.684638e+01  3.608409e+01  3.000000e+00
   endloop
 endfacet
 facet normal  8.932243e-01 -4.496113e-01  0.000000e+00
   outer loop
     vertex -4.681107e+01  3.615423e+01  4.000000e+01
     vertex -4.684638e+01  3.608409e+01  3.000000e+00
     vertex -4.681107e+01  3.615423e+01  3.000000e+00
   endloop
 endfacet
 facet normal  8.932243e-01 -4.496113e-01  6.003121e-20
   outer loop
     vertex -4.681107e+01  3.615423e+01  4.000000e+01
     vertex -4.684638e+01  3.608409e+01  4.000000e+01
     vertex -4.684638e+01  3.608409e+01  3.000000e+00
   endloop
 endfacet
 facet normal  8.700870e-01 -4.928982e-01  0.000000e+00
   outer loop
     vertex -4.677237e+01  3.622256e+01  4.000000e+01
     vertex -4.681107e+01  3.615423e+01  3.000000e+00
     vertex -4.677237e+01  3.622256e+01  3.000000e+00
   endloop
 endfacet
 facet normal  8.700870e-01 -4.928982e-01 -5.295630e-20
   outer loop
     vertex -4.677237e+01  3.622256e+01  4.000000e+01
     vertex -4.681107e+01  3.615423e+01  4.000000e+01
     vertex -4.681107e+01  3.615423e+01  3.000000e+00
   endloop
 endfacet
 facet normal  8.448536e-01 -5.349976e-01  0.000000e+00
   outer loop
     vertex -4.673035e+01  3.628891e+01  4.000000e+01
     vertex -4.677237e+01  3.622256e+01  3.000000e+00
     vertex -4.673035e+01  3.628891e+01  3.000000e+00
   endloop
 endfacet
 facet normal  8.448536e-01 -5.349976e-01  3.324131e-20
   outer loop
     vertex -4.673035e+01  3.628891e+01  4.000000e+01
     vertex -4.677237e+01  3.622256e+01  4.000000e+01
     vertex -4.677237e+01  3.622256e+01  3.000000e+00
   endloop
 endfacet
 facet normal  8.175848e-01 -5.758082e-01  0.000000e+00
   outer loop
     vertex -4.668513e+01  3.635312e+01  4.000000e+01
     vertex -4.673035e+01  3.628891e+01  3.000000e+00
     vertex -4.668513e+01  3.635312e+01  3.000000e+00
   endloop
 endfacet
 facet normal  8.175848e-01 -5.758082e-01  4.620342e-20
   outer loop
     vertex -4.668513e+01  3.635312e+01  4.000000e+01
     vertex -4.673035e+01  3.628891e+01  4.000000e+01
     vertex -4.673035e+01  3.628891e+01  3.000000e+00
   endloop
 endfacet
 facet normal  7.883464e-01 -6.152316e-01  0.000000e+00
   outer loop
     vertex -4.663682e+01  3.641503e+01  4.000000e+01
     vertex -4.668513e+01  3.635312e+01  3.000000e+00
     vertex -4.663682e+01  3.641503e+01  3.000000e+00
   endloop
 endfacet
 facet normal  7.572088e-01 -6.531728e-01  0.000000e+00
   outer loop
     vertex -4.663682e+01  3.641503e+01  4.000000e+01
     vertex -4.663682e+01  3.641503e+01  3.000000e+00
     vertex -4.658552e+01  3.647449e+01  3.000000e+00
   endloop
 endfacet
 facet normal  7.883464e-01 -6.152316e-01  4.487307e-21
   outer loop
     vertex -4.663682e+01  3.641503e+01  4.000000e+01
     vertex -4.668513e+01  3.635312e+01  4.000000e+01
     vertex -4.668513e+01  3.635312e+01  3.000000e+00
   endloop
 endfacet
 facet normal  7.572088e-01 -6.531728e-01  0.000000e+00
   outer loop
     vertex -4.658552e+01  3.647449e+01  4.000000e+01
     vertex -4.663682e+01  3.641503e+01  4.000000e+01
     vertex -4.658552e+01  3.647449e+01  3.000000e+00
   endloop
 endfacet
 facet normal  7.242471e-01 -6.895405e-01  0.000000e+00
   outer loop
     vertex -4.653137e+01  3.653137e+01  4.000000e+01
     vertex -4.658552e+01  3.647449e+01  3.000000e+00
     vertex -4.653137e+01  3.653137e+01  3.000000e+00
   endloop
 endfacet
 facet normal  6.895405e-01 -7.242471e-01  0.000000e+00
   outer loop
     vertex -4.653137e+01  3.653137e+01  4.000000e+01
     vertex -4.653137e+01  3.653137e+01  3.000000e+00
     vertex -4.647449e+01  3.658552e+01  3.000000e+00
   endloop
 endfacet
 facet normal  7.242471e-01 -6.895405e-01 -5.439606e-20
   outer loop
     vertex -4.653137e+01  3.653137e+01  4.000000e+01
     vertex -4.658552e+01  3.647449e+01  4.000000e+01
     vertex -4.658552e+01  3.647449e+01  3.000000e+00
   endloop
 endfacet
 facet normal  6.895405e-01 -7.242471e-01  0.000000e+00
   outer loop
     vertex -4.647449e+01  3.658552e+01  4.000000e+01
     vertex -4.653137e+01  3.653137e+01  4.000000e+01
     vertex -4.647449e+01  3.658552e+01  3.000000e+00
   endloop
 endfacet
 facet normal  6.531728e-01 -7.572088e-01  0.000000e+00
   outer loop
     vertex -4.641503e+01  3.663682e+01  4.000000e+01
     vertex -4.647449e+01  3.658552e+01  3.000000e+00
     vertex -4.641503e+01  3.663682e+01  3.000000e+00
   endloop
 endfacet
 facet normal  6.531728e-01 -7.572088e-01  2.014899e-20
   outer loop
     vertex -4.641503e+01  3.663682e+01  4.000000e+01
     vertex -4.647449e+01  3.658552e+01  4.000000e+01
     vertex -4.647449e+01  3.658552e+01  3.000000e+00
   endloop
 endfacet
 facet normal  6.152316e-01 -7.883464e-01  0.000000e+00
   outer loop
     vertex -4.635312e+01  3.668513e+01  4.000000e+01
     vertex -4.641503e+01  3.663682e+01  3.000000e+00
     vertex -4.635312e+01  3.668513e+01  3.000000e+00
   endloop
 endfacet
 facet normal  6.152316e-01 -7.883464e-01 -4.804376e-21
   outer loop
     vertex -4.635312e+01  3.668513e+01  4.000000e+01
     vertex -4.641503e+01  3.663682e+01  4.000000e+01
     vertex -4.641503e+01  3.663682e+01  3.000000e+00
   endloop
 endfacet
 facet normal  5.758082e-01 -8.175848e-01  0.000000e+00
   outer loop
     vertex -4.628891e+01  3.673035e+01  4.000000e+01
     vertex -4.635312e+01  3.668513e+01  3.000000e+00
     vertex -4.628891e+01  3.673035e+01  3.000000e+00
   endloop
 endfacet
 facet normal  5.349976e-01 -8.448536e-01  0.000000e+00
   outer loop
     vertex -4.628891e+01  3.673035e+01  4.000000e+01
     vertex -4.628891e+01  3.673035e+01  3.000000e+00
     vertex -4.622256e+01  3.677237e+01  3.000000e+00
   endloop
 endfacet
 facet normal  5.758082e-01 -8.175848e-01  6.508516e-20
   outer loop
     vertex -4.628891e+01  3.673035e+01  4.000000e+01
     vertex -4.635312e+01  3.668513e+01  4.000000e+01
     vertex -4.635312e+01  3.668513e+01  3.000000e+00
   endloop
 endfacet
 facet normal  5.349976e-01 -8.448536e-01  0.000000e+00
   outer loop
     vertex -4.622256e+01  3.677237e+01  4.000000e+01
     vertex -4.628891e+01  3.673035e+01  4.000000e+01
     vertex -4.622256e+01  3.677237e+01  3.000000e+00
   endloop
 endfacet
 facet normal  4.928982e-01 -8.700870e-01  0.000000e+00
   outer loop
     vertex -4.615423e+01  3.681107e+01  4.000000e+01
     vertex -4.622256e+01  3.677237e+01  3.000000e+00
     vertex -4.615423e+01  3.681107e+01  3.000000e+00
   endloop
 endfacet
 facet normal  4.928982e-01 -8.700870e-01  2.351475e-20
   outer loop
     vertex -4.615423e+01  3.681107e+01  4.000000e+01
     vertex -4.622256e+01  3.677237e+01  4.000000e+01
     vertex -4.622256e+01  3.677237e+01  3.000000e+00
   endloop
 endfacet
 facet normal  4.496113e-01 -8.932243e-01  0.000000e+00
   outer loop
     vertex -4.608409e+01  3.684638e+01  4.000000e+01
     vertex -4.615423e+01  3.681107e+01  3.000000e+00
     vertex -4.608409e+01  3.684638e+01  3.000000e+00
   endloop
 endfacet
 facet normal  4.496113e-01 -8.932243e-01 -5.676056e-20
   outer loop
     vertex -4.608409e+01  3.684638e+01  4.000000e+01
     vertex -4.615423e+01  3.681107e+01  4.000000e+01
     vertex -4.615423e+01  3.681107e+01  3.000000e+00
   endloop
 endfacet
 facet normal  4.052413e-01 -9.142098e-01  0.000000e+00
   outer loop
     vertex -4.601229e+01  3.687821e+01  4.000000e+01
     vertex -4.608409e+01  3.684638e+01  3.000000e+00
     vertex -4.601229e+01  3.687821e+01  3.000000e+00
   endloop
 endfacet
 facet normal  4.052413e-01 -9.142098e-01 -5.051933e-20
   outer loop
     vertex -4.601229e+01  3.687821e+01  4.000000e+01
     vertex -4.608409e+01  3.684638e+01  4.000000e+01
     vertex -4.608409e+01  3.684638e+01  3.000000e+00
   endloop
 endfacet
 facet normal  3.598950e-01 -9.329928e-01  0.000000e+00
   outer loop
     vertex -4.593902e+01  3.690647e+01  4.000000e+01
     vertex -4.601229e+01  3.687821e+01  3.000000e+00
     vertex -4.593902e+01  3.690647e+01  3.000000e+00
   endloop
 endfacet
 facet normal  3.136817e-01 -9.495282e-01  0.000000e+00
   outer loop
     vertex -4.593902e+01  3.690647e+01  4.000000e+01
     vertex -4.593902e+01  3.690647e+01  3.000000e+00
     vertex -4.586446e+01  3.693110e+01  3.000000e+00
   endloop
 endfacet
 facet normal  3.598950e-01 -9.329928e-01 -5.755503e-21
   outer loop
     vertex -4.593902e+01  3.690647e+01  4.000000e+01
     vertex -4.601229e+01  3.687821e+01  4.000000e+01
     vertex -4.601229e+01  3.687821e+01  3.000000e+00
   endloop
 endfacet
 facet normal  3.136817e-01 -9.495282e-01  0.000000e+00
   outer loop
     vertex -4.586446e+01  3.693110e+01  4.000000e+01
     vertex -4.593902e+01  3.690647e+01  4.000000e+01
     vertex -4.586446e+01  3.693110e+01  3.000000e+00
   endloop
 endfacet
 facet normal  2.667128e-01 -9.637761e-01  0.000000e+00
   outer loop
     vertex -4.578877e+01  3.695205e+01  4.000000e+01
     vertex -4.586446e+01  3.693110e+01  3.000000e+00
     vertex -4.578877e+01  3.695205e+01  3.000000e+00
   endloop
 endfacet
 facet normal  2.191012e-01 -9.757021e-01  0.000000e+00
   outer loop
     vertex -4.578877e+01  3.695205e+01  4.000000e+01
     vertex -4.578877e+01  3.695205e+01  3.000000e+00
     vertex -4.571214e+01  3.696926e+01  3.000000e+00
   endloop
 endfacet
 facet normal  2.667128e-01 -9.637761e-01  3.342890e-20
   outer loop
     vertex -4.578877e+01  3.695205e+01  4.000000e+01
     vertex -4.586446e+01  3.693110e+01  4.000000e+01
     vertex -4.586446e+01  3.693110e+01  3.000000e+00
   endloop
 endfacet
 facet normal  2.191012e-01 -9.757021e-01  0.000000e+00
   outer loop
     vertex -4.571214e+01  3.696926e+01  4.000000e+01
     vertex -4.578877e+01  3.695205e+01  4.000000e+01
     vertex -4.571214e+01  3.696926e+01  3.000000e+00
   endloop
 endfacet
 facet normal  1.709619e-01 -9.852776e-01  0.000000e+00
   outer loop
     vertex -4.563477e+01  3.698268e+01  4.000000e+01
     vertex -4.571214e+01  3.696926e+01  3.000000e+00
     vertex -4.563477e+01  3.698268e+01  3.000000e+00
   endloop
 endfacet
 facet normal  1.709619e-01 -9.852776e-01 -2.574477e-20
   outer loop
     vertex -4.563477e+01  3.698268e+01  4.000000e+01
     vertex -4.571214e+01  3.696926e+01  4.000000e+01
     vertex -4.571214e+01  3.696926e+01  3.000000e+00
   endloop
 endfacet
 facet normal  1.224107e-01 -9.924795e-01  0.000000e+00
   outer loop
     vertex -4.555683e+01  3.699230e+01  4.000000e+01
     vertex -4.563477e+01  3.698268e+01  3.000000e+00
     vertex -4.555683e+01  3.699230e+01  3.000000e+00
   endloop
 endfacet
 facet normal  7.356456e-02 -9.972905e-01  0.000000e+00
   outer loop
     vertex -4.555683e+01  3.699230e+01  4.000000e+01
     vertex -4.555683e+01  3.699230e+01  3.000000e+00
     vertex -4.547851e+01  3.699807e+01  3.000000e+00
   endloop
 endfacet
 facet normal  1.224107e-01 -9.924795e-01 -1.654999e-21
   outer loop
     vertex -4.555683e+01  3.699230e+01  4.000000e+01
     vertex -4.563477e+01  3.698268e+01  4.000000e+01
     vertex -4.563477e+01  3.698268e+01  3.000000e+00
   endloop
 endfacet
 facet normal  7.356456e-02 -9.972905e-01  0.000000e+00
   outer loop
     vertex -4.547851e+01  3.699807e+01  4.000000e+01
     vertex -4.555683e+01  3.699230e+01  4.000000e+01
     vertex -4.547851e+01  3.699807e+01  3.000000e+00
   endloop
 endfacet
 facet normal  2.454123e-02 -9.996988e-01  0.000000e+00
   outer loop
     vertex -4.540000e+01  3.700000e+01  4.000000e+01
     vertex -4.547851e+01  3.699807e+01  3.000000e+00
     vertex -4.540000e+01  3.700000e+01  3.000000e+00
   endloop
 endfacet
 facet normal  2.454123e-02 -9.996988e-01  4.148994e-21
   outer loop
     vertex -4.540000e+01  3.700000e+01  4.000000e+01
     vertex -4.547851e+01  3.699807e+01  4.000000e+01
     vertex -4.547851e+01  3.699807e+01  3.000000e+00
   endloop
 endfacet
 facet normal  0.000000e+00  1.000000e+00  0.000000e+00
   outer loop
     vertex  4.540000e+01 -3.700000e+01  4.000000e+01
     vertex  4.540000e+01 -3.700000e+01  3.000000e+00
     vertex -4.540000e+01 -3.700000e+01  3.000000e+00
   endloop
 endfacet
 facet normal  0.000000e+00  1.000000e+00  0.000000e+00
   outer loop
     vertex  4.540000e+01 -3.700000e+01  4.000000e+01
     vertex -4.540000e+01 -3.700000e+01  3.000000e+00
     vertex -4.540000e+01 -3.700000e+01  4.000000e+01
   endloop
 endfacet
 facet normal  0.000000e+00 -1.000000e+00 -0.000000e+00
   outer loop
     vertex  4.540000e+01  3.700000e+01  4.000000e+01
     vertex -4.540000e+01  3.700000e+01  3.000000e+00
     vertex  4.540000e+01  3.700000e+01  3.000000e+00
   endloop
 endfacet
 facet normal -0.000000e+00 -1.000000e+00  0.000000e+00
   outer loop
     vertex  4.540000e+01  3.700000e+01  4.000000e+01
     vertex -4.540000e+01  3.700000e+01  4.000000e+01
     vertex -4.540000e+01  3.700000e+01  3.000000e+00
   endloop
 endfacet
 facet normal -2.454123e-02  9.996988e-01  0.000000e+00
   outer loop
     vertex  4.547851e+01 -3.699807e+01  4.000000e+01
     vertex  4.547851e+01 -3.699807e+01  3.000000e+00
     vertex  4.540000e+01 -3.700000e+01  3.000000e+00
   endloop
 endfacet
 facet normal -2.454123e-02  9.996988e-01 -3.105755e-21
   outer loop
     vertex  4.547851e+01 -3.699807e+01  4.000000e+01
     vertex  4.540000e+01 -3.700000e+01  3.000000e+00
     vertex  4.540000e+01 -3.700000e+01  4.000000e+01
   endloop
 endfacet
 facet normal -7.356456e-02  9.972905e-01  0.000000e+00
   outer loop
     vertex  4.555683e+01 -3.699230e+01  4.000000e+01
     vertex  4.555683e+01 -3.699230e+01  3.000000e+00
     vertex  4.547851e+01 -3.699807e+01  3.000000e+00
   endloop
 endfacet
 facet normal -7.356456e-02  9.972905e-01  8.293003e-21
   outer loop
     vertex  4.555683e+01 -3.699230e+01  4.000000e+01
     vertex  4.547851e+01 -3.699807e+01  3.000000e+00
     vertex  4.547851e+01 -3.699807e+01  4.000000e+01
   endloop
 endfacet
 facet normal -1.224107e-01  9.924795e-01  0.000000e+00
   outer loop
     vertex  4.563477e+01 -3.698268e+01  4.000000e+01
     vertex  4.563477e+01 -3.698268e+01  3.000000e+00
     vertex  4.555683e+01 -3.699230e+01  3.000000e+00
   endloop
 endfacet
 facet normal -1.224107e-01  9.924795e-01 -1.386933e-21
   outer loop
     vertex  4.563477e+01 -3.698268e+01  4.000000e+01
     vertex  4.555683e+01 -3.699230e+01  3.000000e+00
     vertex  4.555683e+01 -3.699230e+01  4.000000e+01
   endloop
 endfacet
 facet normal -1.709619e-01  9.852776e-01  0.000000e+00
   outer loop
     vertex  4.571214e+01 -3.696926e+01  4.000000e+01
     vertex  4.571214e+01 -3.696926e+01  3.000000e+00
     vertex  4.563477e+01 -3.698268e+01  3.000000e+00
   endloop
 endfacet
 facet normal -1.709619e-01  9.852776e-01 -2.574477e-20
   outer loop
     vertex  4.571214e+01 -3.696926e+01  4.000000e+01
     vertex  4.563477e+01 -3.698268e+01  3.000000e+00
     vertex  4.563477e+01 -3.698268e+01  4.000000e+01
   endloop
 endfacet
 facet normal -2.191012e-01  9.757021e-01  0.000000e+00
   outer loop
     vertex  4.578877e+01 -3.695205e+01  4.000000e+01
     vertex  4.578877e+01 -3.695205e+01  3.000000e+00
     vertex  4.571214e+01 -3.696926e+01  3.000000e+00
   endloop
 endfacet
 facet normal -2.667128e-01  9.637761e-01  0.000000e+00
   outer loop
     vertex  4.578877e+01 -3.695205e+01  4.000000e+01
     vertex  4.586446e+01 -3.693110e+01  3.000000e+00
     vertex  4.578877e+01 -3.695205e+01  3.000000e+00
   endloop
 endfacet
 facet normal -2.191012e-01  9.757021e-01 -3.086110e-20
   outer loop
     vertex  4.578877e+01 -3.695205e+01  4.000000e+01
     vertex  4.571214e+01 -3.696926e+01  3.000000e+00
     vertex  4.571214e+01 -3.696926e+01  4.000000e+01
   endloop
 endfacet
 facet normal -2.667128e-01  9.637761e-01  0.000000e+00
   outer loop
     vertex  4.586446e+01 -3.693110e+01  4.000000e+01
     vertex  4.586446e+01 -3.693110e+01  3.000000e+00
     vertex  4.578877e+01 -3.695205e+01  4.000000e+01
   endloop
 endfacet
 facet normal -3.136817e-01  9.495282e-01  0.000000e+00
   outer loop
     vertex  4.593902e+01 -3.690647e+01  4.000000e+01
     vertex  4.593902e+01 -3.690647e+01  3.000000e+00
     vertex  4.586446e+01 -3.693110e+01  3.000000e+00
   endloop
 endfacet
 facet normal -3.136817e-01  9.495282e-01 -3.600644e-20
   outer loop
     vertex  4.593902e+01 -3.690647e+01  4.000000e+01
     vertex  4.586446e+01 -3.693110e+01  3.000000e+00
     vertex  4.586446e+01 -3.693110e+01  4.000000e+01
   endloop
 endfacet
 facet normal -3.598950e-01  9.329928e-01  0.000000e+00
   outer loop
     vertex  4.601229e+01 -3.687821e+01  4.000000e+01
     vertex  4.601229e+01 -3.687821e+01  3.000000e+00
     vertex  4.593902e+01 -3.690647e+01  3.000000e+00
   endloop
 endfacet
 facet normal -3.598950e-01  9.329928e-01 -7.309783e-20
   outer loop
     vertex  4.601229e+01 -3.687821e+01  4.000000e+01
     vertex  4.593902e+01 -3.690647e+01  3.000000e+00
     vertex  4.593902e+01 -3.690647e+01  4.000000e+01
   endloop
 endfacet
 facet normal -4.052413e-01  9.142098e-01  3.743659e-20
   outer loop
     vertex  4.608409e+01 -3.684638e+01  4.000000e+01
     vertex  4.601229e+01 -3.687821e+01  3.000000e+00
     vertex  4.601229e+01 -3.687821e+01  4.000000e+01
   endloop
 endfacet
 facet normal -4.052413e-01  9.142098e-01  0.000000e+00
   outer loop
     vertex  4.608409e+01 -3.684638e+01  4.000000e+01
     vertex  4.608409e+01 -3.684638e+01  3.000000e+00
     vertex  4.601229e+01 -3.687821e+01  3.000000e+00
   endloop
 endfacet
 facet normal -4.496113e-01  8.932243e-01  0.000000e+00
   outer loop
     vertex  4.615423e+01 -3.681107e+01  4.000000e+01
     vertex  4.615423e+01 -3.681107e+01  3.000000e+00
     vertex  4.608409e+01 -3.684638e+01  3.000000e+00
   endloop
 endfacet
 facet normal -4.496113e-01  8.932243e-01  6.003121e-20
   outer loop
     vertex  4.615423e+01 -3.681107e+01  4.000000e+01
     vertex  4.608409e+01 -3.684638e+01  3.000000e+00
     vertex  4.608409e+01 -3.684638e+01  4.000000e+01
   endloop
 endfacet
 facet normal -4.928982e-01  8.700870e-01  0.000000e+00
   outer loop
     vertex  4.622256e+01 -3.677237e+01  4.000000e+01
     vertex  4.622256e+01 -3.677237e+01  3.000000e+00
     vertex  4.615423e+01 -3.681107e+01  3.000000e+00
   endloop
 endfacet
 facet normal -4.928982e-01  8.700870e-01 -5.295630e-20
   outer loop
     vertex  4.622256e+01 -3.677237e+01  4.000000e+01
     vertex  4.615423e+01 -3.681107e+01  3.000000e+00
     vertex  4.615423e+01 -3.681107e+01  4.000000e+01
   endloop
 endfacet
 facet normal -5.349976e-01  8.448536e-01  0.000000e+00
   outer loop
     vertex  4.628891e+01 -3.673035e+01  4.000000e+01
     vertex  4.628891e+01 -3.673035e+01  3.000000e+00
     vertex  4.622256e+01 -3.677237e+01  3.000000e+00
   endloop
 endfacet
 facet normal -5.349976e-01  8.448536e-01  3.324131e-20
   outer loop
     vertex  4.628891e+01 -3.673035e+01  4.000000e+01
     vertex  4.622256e+01 -3.677237e+01  3.000000e+00
     vertex  4.622256e+01 -3.677237e+01  4.000000e+01
   endloop
 endfacet
 facet normal -5.758082e-01  8.175848e-01  0.000000e+00
   outer loop
     vertex  4.635312e+01 -3.668513e+01  4.000000e+01
     vertex  4.635312e+01 -3.668513e+01  3.000000e+00
     vertex  4.628891e+01 -3.673035e+01  3.000000e+00
   endloop
 endfacet
 facet normal -5.758082e-01  8.175848e-01  4.620342e-20
   outer loop
     vertex  4.635312e+01 -3.668513e+01  4.000000e+01
     vertex  4.628891e+01 -3.673035e+01  3.000000e+00
     vertex  4.628891e+01 -3.673035e+01  4.000000e+01
   endloop
 endfacet
 facet normal -6.152316e-01  7.883464e-01  0.000000e+00
   outer loop
     vertex  4.641503e+01 -3.663682e+01  4.000000e+01
     vertex  4.641503e+01 -3.663682e+01  3.000000e+00
     vertex  4.635312e+01 -3.668513e+01  3.000000e+00
   endloop
 endfacet
 facet normal -6.531728e-01  7.572088e-01  0.000000e+00
   outer loop
     vertex  4.641503e+01 -3.663682e+01  4.000000e+01
     vertex  4.647449e+01 -3.658552e+01  3.000000e+00
     vertex  4.641503e+01 -3.663682e+01  3.000000e+00
   endloop
 endfacet
 facet normal -6.152316e-01  7.883464e-01  4.487307e-21
   outer loop
     vertex  4.641503e+01 -3.663682e+01  4.000000e+01
     vertex  4.635312e+01 -3.668513e+01  3.000000e+00
     vertex  4.635312e+01 -3.668513e+01  4.000000e+01
   endloop
 endfacet
 facet normal -6.531728e-01  7.572088e-01  0.000000e+00
   outer loop
     vertex  4.647449e+01 -3.658552e+01  4.000000e+01
     vertex  4.647449e+01 -3.658552e+01  3.000000e+00
     vertex  4.641503e+01 -3.663682e+01  4.000000e+01
   endloop
 endfacet
 facet normal -6.895405e-01  7.242471e-01  0.000000e+00
   outer loop
     vertex  4.653137e+01 -3.653137e+01  4.000000e+01
     vertex  4.653137e+01 -3.653137e+01  3.000000e+00
     vertex  4.647449e+01 -3.658552e+01  3.000000e+00
   endloop
 endfacet
 facet normal -6.895405e-01  7.242471e-01 -5.439606e-20
   outer loop
     vertex  4.653137e+01 -3.653137e+01  4.000000e+01
     vertex  4.647449e+01 -3.658552e+01  3.000000e+00
     vertex  4.647449e+01 -3.658552e+01  4.000000e+01
   endloop
 endfacet
 facet normal -7.242471e-01  6.895405e-01  0.000000e+00
   outer loop
     vertex  4.658552e+01 -3.647449e+01  4.000000e+01
     vertex  4.658552e+01 -3.647449e+01  3.000000e+00
     vertex  4.653137e+01 -3.653137e+01  3.000000e+00
   endloop
 endfacet
 facet normal -7.242471e-01  6.895405e-01 -3.423781e-20
   outer loop
     vertex  4.658552e+01 -3.647449e+01  4.000000e+01
     vertex  4.653137e+01 -3.653137e+01  3.000000e+00
     vertex  4.653137e+01 -3.653137e+01  4.000000e+01
   endloop
 endfacet
 facet normal -7.572088e-01  6.531728e-01  0.000000e+00
   outer loop
     vertex  4.663682e+01 -3.641503e+01  4.000000e+01
     vertex  4.663682e+01 -3.641503e+01  3.000000e+00
     vertex  4.658552e+01 -3.647449e+01  3.000000e+00
   endloop
 endfacet
 facet normal -7.572088e-01  6.531728e-01  2.014899e-20
   outer loop
     vertex  4.663682e+01 -3.641503e+01  4.000000e+01
     vertex  4.658552e+01 -3.647449e+01  3.000000e+00
     vertex  4.658552e+01 -3.647449e+01  4.000000e+01
   endloop
 endfacet
 facet normal -7.883464e-01  6.152316e-01  0.000000e+00
   outer loop
     vertex  4.668513e+01 -3.635312e+01  4.000000e+01
     vertex  4.668513e+01 -3.635312e+01  3.000000e+00
     vertex  4.663682e+01 -3.641503e+01  3.000000e+00
   endloop
 endfacet
 facet normal -8.175848e-01  5.758082e-01  0.000000e+00
   outer loop
     vertex  4.668513e+01 -3.635312e+01  4.000000e+01
     vertex  4.673035e+01 -3.628891e+01  3.000000e+00
     vertex  4.668513e+01 -3.635312e+01  3.000000e+00
   endloop
 endfacet
 facet normal -7.883464e-01  6.152316e-01 -4.804376e-21
   outer loop
     vertex  4.668513e+01 -3.635312e+01  4.000000e+01
     vertex  4.663682e+01 -3.641503e+01  3.000000e+00
     vertex  4.663682e+01 -3.641503e+01  4.000000e+01
   endloop
 endfacet
 facet normal -8.175848e-01  5.758082e-01  0.000000e+00
   outer loop
     vertex  4.673035e+01 -3.628891e+01  4.000000e+01
     vertex  4.673035e+01 -3.628891e+01  3.000000e+00
     vertex  4.668513e+01 -3.635312e+01  4.000000e+01
   endloop
 endfacet
 facet normal -8.448536e-01  5.349976e-01  0.000000e+00
   outer loop
     vertex  4.677237e+01 -3.622256e+01  4.000000e+01
     vertex  4.677237e+01 -3.622256e+01  3.000000e+00
     vertex  4.673035e+01 -3.628891e+01  3.000000e+00
   endloop
 endfacet
 facet normal -8.448536e-01  5.349976e-01 -6.846992e-20
   outer loop
     vertex  4.677237e+01 -3.622256e+01  4.000000e+01
     vertex  4.673035e+01 -3.628891e+01  3.000000e+00
     vertex  4.673035e+01 -3.628891e+01  4.000000e+01
   endloop
 endfacet
 facet normal -8.700870e-01  4.928982e-01  0.000000e+00
   outer loop
     vertex  4.681107e+01 -3.615423e+01  4.000000e+01
     vertex  4.681107e+01 -3.615423e+01  3.000000e+00
     vertex  4.677237e+01 -3.622256e+01  3.000000e+00
   endloop
 endfacet
 facet normal -8.932243e-01  4.496113e-01  0.000000e+00
   outer loop
     vertex  4.681107e+01 -3.615423e+01  4.000000e+01
     vertex  4.684638e+01 -3.608409e+01  3.000000e+00
     vertex  4.681107e+01 -3.615423e+01  3.000000e+00
   endloop
 endfacet
 facet normal -8.700870e-01  4.928982e-01  2.351475e-20
   outer loop
     vertex  4.681107e+01 -3.615423e+01  4.000000e+01
     vertex  4.677237e+01 -3.622256e+01  3.000000e+00
     vertex  4.677237e+01 -3.622256e+01  4.000000e+01
   endloop
 endfacet
 facet normal -9.142098e-01  4.052413e-01  0.000000e+00
   outer loop
     vertex  4.684638e+01 -3.608409e+01  4.000000e+01
     vertex  4.687821e+01 -3.601229e+01  3.000000e+00
     vertex  4.684638e+01 -3.608409e+01  3.000000e+00
   endloop
 endfacet
 facet normal -8.932243e-01  4.496113e-01  0.000000e+00
   outer loop
     vertex  4.684638e+01 -3.608409e+01  4.000000e+01
     vertex  4.684638e+01 -3.608409e+01  3.000000e+00
     vertex  4.681107e+01 -3.615423e+01  4.000000e+01
   endloop
 endfacet
 facet normal -9.142098e-01  4.052413e-01  0.000000e+00
   outer loop
     vertex  4.687821e+01 -3.601229e+01  4.000000e+01
     vertex  4.687821e+01 -3.601229e+01  3.000000e+00
     vertex  4.684638e+01 -3.608409e+01  4.000000e+01
   endloop
 endfacet
 facet normal -9.329928e-01  3.598950e-01  0.000000e+00
   outer loop
     vertex  4.690647e+01 -3.593902e+01  4.000000e+01
     vertex  4.690647e+01 -3.593902e+01  3.000000e+00
     vertex  4.687821e+01 -3.601229e+01  3.000000e+00
   endloop
 endfacet
 facet normal -9.329928e-01  3.598950e-01 -5.755503e-21
   outer loop
     vertex  4.690647e+01 -3.593902e+01  4.000000e+01
     vertex  4.687821e+01 -3.601229e+01  3.000000e+00
     vertex  4.687821e+01 -3.601229e+01  4.000000e+01
   endloop
 endfacet
 facet normal -9.495282e-01  3.136817e-01  0.000000e+00
   outer loop
     vertex  4.693110e+01 -3.586446e+01  4.000000e+01
     vertex  4.693110e+01 -3.586446e+01  3.000000e+00
     vertex  4.690647e+01 -3.593902e+01  3.000000e+00
   endloop
 endfacet
 facet normal -9.495282e-01  3.136817e-01 -3.600644e-20
   outer loop
     vertex  4.693110e+01 -3.586446e+01  4.000000e+01
     vertex  4.690647e+01 -3.593902e+01  3.000000e+00
     vertex  4.690647e+01 -3.593902e+01  4.000000e+01
   endloop
 endfacet
 facet normal -9.637761e-01  2.667128e-01  0.000000e+00
   outer loop
     vertex  4.695205e+01 -3.578877e+01  4.000000e+01
     vertex  4.695205e+01 -3.578877e+01  3.000000e+00
     vertex  4.693110e+01 -3.586446e+01  3.000000e+00
   endloop
 endfacet
 facet normal -9.637761e-01  2.667128e-01  3.342890e-20
   outer loop
     vertex  4.695205e+01 -3.578877e+01  4.000000e+01
     vertex  4.693110e+01 -3.586446e+01  3.000000e+00
     vertex  4.693110e+01 -3.586446e+01  4.000000e+01
   endloop
 endfacet
 facet normal -9.757021e-01  2.191012e-01  0.000000e+00
   outer loop
     vertex  4.696926e+01 -3.571214e+01  4.000000e+01
     vertex  4.696926e+01 -3.571214e+01  3.000000e+00
     vertex  4.695205e+01 -3.578877e+01  3.000000e+00
   endloop
 endfacet
 facet normal -9.757021e-01  2.191012e-01 -3.086110e-20
   outer loop
     vertex  4.696926e+01 -3.571214e+01  4.000000e+01
     vertex  4.695205e+01 -3.578877e+01  3.000000e+00
     vertex  4.695205e+01 -3.578877e+01  4.000000e+01
   endloop
 endfacet
 facet normal -9.852776e-01  1.709619e-01  0.000000e+00
   outer loop
     vertex  4.698268e+01 -3.563477e+01  4.000000e+01
     vertex  4.698268e+01 -3.563477e+01  3.000000e+00
     vertex  4.696926e+01 -3.571214e+01  3.000000e+00
   endloop
 endfacet
 facet normal -9.852776e-01  1.709619e-01 -2.574477e-20
   outer loop
     vertex  4.698268e+01 -3.563477e+01  4.000000e+01
     vertex  4.696926e+01 -3.571214e+01  3.000000e+00
     vertex  4.696926e+01 -3.571214e+01  4.000000e+01
   endloop
 endfacet
 facet normal -9.924795e-01  1.224107e-01  0.000000e+00
   outer loop
     vertex  4.699230e+01 -3.555683e+01  4.000000e+01
     vertex  4.699230e+01 -3.555683e+01  3.000000e+00
     vertex  4.698268e+01 -3.563477e+01  3.000000e+00
   endloop
 endfacet
 facet normal -9.972905e-01  7.356456e-02  0.000000e+00
   outer loop
     vertex  4.699230e+01 -3.555683e+01  4.000000e+01
     vertex  4.699807e+01 -3.547851e+01  3.000000e+00
     vertex  4.699230e+01 -3.555683e+01  3.000000e+00
   endloop
 endfacet
 facet normal -9.924795e-01  1.224107e-01 -1.654999e-21
   outer loop
     vertex  4.699230e+01 -3.555683e+01  4.000000e+01
     vertex  4.698268e+01 -3.563477e+01  3.000000e+00
     vertex  4.698268e+01 -3.563477e+01  4.000000e+01
   endloop
 endfacet
 facet normal -9.972905e-01  7.356456e-02  0.000000e+00
   outer loop
     vertex  4.699807e+01 -3.547851e+01  4.000000e+01
     vertex  4.699807e+01 -3.547851e+01  3.000000e+00
     vertex  4.699230e+01 -3.555683e+01  4.000000e+01
   endloop
 endfacet
 facet normal -9.996988e-01  2.454123e-02  0.000000e+00
   outer loop
     vertex  4.700000e+01 -3.540000e+01  4.000000e+01
     vertex  4.700000e+01 -3.540000e+01  3.000000e+00
     vertex  4.699807e+01 -3.547851e+01  3.000000e+00
   endloop
 endfacet
 facet normal -9.996988e-01  2.454123e-02  4.148994e-21
   outer loop
     vertex  4.700000e+01 -3.540000e+01  4.000000e+01
     vertex  4.699807e+01 -3.547851e+01  3.000000e+00
     vertex  4.699807e+01 -3.547851e+01  4.000000e+01
   endloop
 endfacet
 facet normal -9.996988e-01 -2.454123e-02 -0.000000e+00
   outer loop
     vertex  4.699807e+01  3.547851e+01  4.000000e+01
     vertex  4.699807e+01  3.547851e+01  3.000000e+00
     vertex  4.700000e+01  3.540000e+01  3.000000e+00
   endloop
 endfacet
 facet normal -9.996988e-01 -2.454123e-02  3.105755e-21
   outer loop
     vertex  4.699807e+01  3.547851e+01  4.000000e+01
     vertex  4.700000e+01  3.540000e+01  3.000000e+00
     vertex  4.700000e+01  3.540000e+01  4.000000e+01
   endloop
 endfacet
 facet normal -9.972905e-01 -7.356456e-02 -0.000000e+00
   outer loop
     vertex  4.699230e+01  3.555683e+01  4.000000e+01
     vertex  4.699230e+01  3.555683e+01  3.000000e+00
     vertex  4.699807e+01  3.547851e+01  3.000000e+00
   endloop
 endfacet
 facet normal -9.972905e-01 -7.356456e-02 -8.293003e-21
   outer loop
     vertex  4.699230e+01  3.555683e+01  4.000000e+01
     vertex  4.699807e+01  3.547851e+01  3.000000e+00
     vertex  4.699807e+01  3.547851e+01  4.000000e+01
   endloop
 endfacet
 facet normal -9.924795e-01 -1.224107e-01 -0.000000e+00
   outer loop
     vertex  4.698268e+01  3.563477e+01  4.000000e+01
     vertex  4.698268e+01  3.563477e+01  3.000000e+00
     vertex  4.699230e+01  3.555683e+01  3.000000e+00
   endloop
 endfacet
 facet normal -9.924795e-01 -1.224107e-01  1.386933e-21
   outer loop
     vertex  4.698268e+01  3.563477e+01  4.000000e+01
     vertex  4.699230e+01  3.555683e+01  3.000000e+00
     vertex  4.699230e+01  3.555683e+01  4.000000e+01
   endloop
 endfacet
 facet normal -9.852776e-01 -1.709619e-01 -0.000000e+00
   outer loop
     vertex  4.696926e+01  3.571214e+01  4.000000e+01
     vertex  4.696926e+01  3.571214e+01  3.000000e+00
     vertex  4.698268e+01  3.563477e+01  3.000000e+00
   endloop
 endfacet
 facet normal -9.757021e-01 -2.191012e-01 -0.000000e+00
   outer loop
     vertex  4.696926e+01  3.571214e+01  4.000000e+01
     vertex  4.695205e+01  3.578877e+01  3.000000e+00
     vertex  4.696926e+01  3.571214e+01  3.000000e+00
   endloop
 endfacet
 facet normal -9.852776e-01 -1.709619e-01  2.574477e-20
   outer loop
     vertex  4.696926e+01  3.571214e+01  4.000000e+01
     vertex  4.698268e+01  3.563477e+01  3.000000e+00
     vertex  4.698268e+01  3.563477e+01  4.000000e+01
   endloop
 endfacet
 facet normal -9.757021e-01 -2.191012e-01 -0.000000e+00
   outer loop
     vertex  4.695205e+01  3.578877e+01  4.000000e+01
     vertex  4.695205e+01  3.578877e+01  3.000000e+00
     vertex  4.696926e+01  3.571214e+01  4.000000e+01
   endloop
 endfacet
 facet normal -9.637761e-01 -2.667128e-01 -0.000000e+00
   outer loop
     vertex  4.693110e+01  3.586446e+01  4.000000e+01
     vertex  4.693110e+01  3.586446e+01  3.000000e+00
     vertex  4.695205e+01  3.578877e+01  3.000000e+00
   endloop
 endfacet
 facet normal -9.637761e-01 -2.667128e-01  3.238926e-20
   outer loop
     vertex  4.693110e+01  3.586446e+01  4.000000e+01
     vertex  4.695205e+01  3.578877e+01  3.000000e+00
     vertex  4.695205e+01  3.578877e+01  4.000000e+01
   endloop
 endfacet
 facet normal -9.495282e-01 -3.136817e-01 -0.000000e+00
   outer loop
     vertex  4.690647e+01  3.593902e+01  4.000000e+01
     vertex  4.690647e+01  3.593902e+01  3.000000e+00
     vertex  4.693110e+01  3.586446e+01  3.000000e+00
   endloop
 endfacet
 facet normal -9.495282e-01 -3.136817e-01  3.600644e-20
   outer loop
     vertex  4.690647e+01  3.593902e+01  4.000000e+01
     vertex  4.693110e+01  3.586446e+01  3.000000e+00
     vertex  4.693110e+01  3.586446e+01  4.000000e+01
   endloop
 endfacet
 facet normal -9.329928e-01 -3.598950e-01 -0.000000e+00
   outer loop
     vertex  4.687821e+01  3.601229e+01  4.000000e+01
     vertex  4.687821e+01  3.601229e+01  3.000000e+00
     vertex  4.690647e+01  3.593902e+01  3.000000e+00
   endloop
 endfacet
 facet normal -9.142098e-01 -4.052413e-01 -0.000000e+00
   outer loop
     vertex  4.687821e+01  3.601229e+01  4.000000e+01
     vertex  4.684638e+01  3.608409e+01  3.000000e+00
     vertex  4.687821e+01  3.601229e+01  3.000000e+00
   endloop
 endfacet
 facet normal -9.329928e-01 -3.598950e-01  7.309783e-20
   outer loop
     vertex  4.687821e+01  3.601229e+01  4.000000e+01
     vertex  4.690647e+01  3.593902e+01  3.000000e+00
     vertex  4.690647e+01  3.593902e+01  4.000000e+01
   endloop
 endfacet
 facet normal -9.142098e-01 -4.052413e-01 -0.000000e+00
   outer loop
     vertex  4.684638e+01  3.608409e+01  4.000000e+01
     vertex  4.684638e+01  3.608409e+01  3.000000e+00
     vertex  4.687821e+01  3.601229e+01  4.000000e+01
   endloop
 endfacet
 facet normal -8.932243e-01 -4.496113e-01 -0.000000e+00
   outer loop
     vertex  4.681107e+01  3.615423e+01  4.000000e+01
     vertex  4.681107e+01  3.615423e+01  3.000000e+00
     vertex  4.684638e+01  3.608409e+01  3.000000e+00
   endloop
 endfacet
 facet normal -8.932243e-01 -4.496113e-01 -6.003121e-20
   outer loop
     vertex  4.681107e+01  3.615423e+01  4.000000e+01
     vertex  4.684638e+01  3.608409e+01  3.000000e+00
     vertex  4.684638e+01  3.608409e+01  4.000000e+01
   endloop
 endfacet
 facet normal -8.700870e-01 -4.928982e-01 -0.000000e+00
   outer loop
     vertex  4.677237e+01  3.622256e+01  4.000000e+01
     vertex  4.677237e+01  3.622256e+01  3.000000e+00
     vertex  4.681107e+01  3.615423e+01  3.000000e+00
   endloop
 endfacet
 facet normal -8.700870e-01 -4.928982e-01  5.295630e-20
   outer loop
     vertex  4.677237e+01  3.622256e+01  4.000000e+01
     vertex  4.681107e+01  3.615423e+01  3.000000e+00
     vertex  4.681107e+01  3.615423e+01  4.000000e+01
   endloop
 endfacet
 facet normal -8.448536e-01 -5.349976e-01 -0.000000e+00
   outer loop
     vertex  4.673035e+01  3.628891e+01  4.000000e+01
     vertex  4.673035e+01  3.628891e+01  3.000000e+00
     vertex  4.677237e+01  3.622256e+01  3.000000e+00
   endloop
 endfacet
 facet normal -8.448536e-01 -5.349976e-01 -3.324131e-20
   outer loop
     vertex  4.673035e+01  3.628891e+01  4.000000e+01
     vertex  4.677237e+01  3.622256e+01  3.000000e+00
     vertex  4.677237e+01  3.622256e+01  4.000000e+01
   endloop
 endfacet
 facet normal -8.175848e-01 -5.758082e-01 -0.000000e+00
   outer loop
     vertex  4.668513e+01  3.635312e+01  4.000000e+01
     vertex  4.668513e+01  3.635312e+01  3.000000e+00
     vertex  4.673035e+01  3.628891e+01  3.000000e+00
   endloop
 endfacet
 facet normal -8.175848e-01 -5.758082e-01 -4.620342e-20
   outer loop
     vertex  4.668513e+01  3.635312e+01  4.000000e+01
     vertex  4.673035e+01  3.628891e+01  3.000000e+00
     vertex  4.673035e+01  3.628891e+01  4.000000e+01
   endloop
 endfacet
 facet normal -7.883464e-01 -6.152316e-01 -0.000000e+00
   outer loop
     vertex  4.663682e+01  3.641503e+01  4.000000e+01
     vertex  4.663682e+01  3.641503e+01  3.000000e+00
     vertex  4.668513e+01  3.635312e+01  3.000000e+00
   endloop
 endfacet
 facet normal -7.572088e-01 -6.531728e-01 -0.000000e+00
   outer loop
     vertex  4.663682e+01  3.641503e+01  4.000000e+01
     vertex  4.658552e+01  3.647449e+01  3.000000e+00
     vertex  4.663682e+01  3.641503e+01  3.000000e+00
   endloop
 endfacet
 facet normal -7.883464e-01 -6.152316e-01 -4.487307e-21
   outer loop
     vertex  4.663682e+01  3.641503e+01  4.000000e+01
     vertex  4.668513e+01  3.635312e+01  3.000000e+00
     vertex  4.668513e+01  3.635312e+01  4.000000e+01
   endloop
 endfacet
 facet normal -7.572088e-01 -6.531728e-01 -0.000000e+00
   outer loop
     vertex  4.658552e+01  3.647449e+01  4.000000e+01
     vertex  4.658552e+01  3.647449e+01  3.000000e+00
     vertex  4.663682e+01  3.641503e+01  4.000000e+01
   endloop
 endfacet
 facet normal -7.242471e-01 -6.895405e-01 -0.000000e+00
   outer loop
     vertex  4.653137e+01  3.653137e+01  4.000000e+01
     vertex  4.653137e+01  3.653137e+01  3.000000e+00
     vertex  4.658552e+01  3.647449e+01  3.000000e+00
   endloop
 endfacet
 facet normal -6.895405e-01 -7.242471e-01 -0.000000e+00
   outer loop
     vertex  4.653137e+01  3.653137e+01  4.000000e+01
     vertex  4.647449e+01  3.658552e+01  3.000000e+00
     vertex  4.653137e+01  3.653137e+01  3.000000e+00
   endloop
 endfacet
 facet normal -7.242471e-01 -6.895405e-01  5.439606e-20
   outer loop
     vertex  4.653137e+01  3.653137e+01  4.000000e+01
     vertex  4.658552e+01  3.647449e+01  3.000000e+00
     vertex  4.658552e+01  3.647449e+01  4.000000e+01
   endloop
 endfacet
 facet normal -6.895405e-01 -7.242471e-01 -0.000000e+00
   outer loop
     vertex  4.647449e+01  3.658552e+01  4.000000e+01
     vertex  4.647449e+01  3.658552e+01  3.000000e+00
     vertex  4.653137e+01  3.653137e+01  4.000000e+01
   endloop
 endfacet
 facet normal -6.531728e-01 -7.572088e-01 -0.000000e+00
   outer loop
     vertex  4.641503e+01  3.663682e+01  4.000000e+01
     vertex  4.641503e+01  3.663682e+01  3.000000e+00
     vertex  4.647449e+01  3.658552e+01  3.000000e+00
   endloop
 endfacet
 facet normal -6.531728e-01 -7.572088e-01 -2.014899e-20
   outer loop
     vertex  4.641503e+01  3.663682e+01  4.000000e+01
     vertex  4.647449e+01  3.658552e+01  3.000000e+00
     vertex  4.647449e+01  3.658552e+01  4.000000e+01
   endloop
 endfacet
 facet normal -6.152316e-01 -7.883464e-01 -0.000000e+00
   outer loop
     vertex  4.635312e+01  3.668513e+01  4.000000e+01
     vertex  4.635312e+01  3.668513e+01  3.000000e+00
     vertex  4.641503e+01  3.663682e+01  3.000000e+00
   endloop
 endfacet
 facet normal -6.152316e-01 -7.883464e-01  4.804376e-21
   outer loop
     vertex  4.635312e+01  3.668513e+01  4.000000e+01
     vertex  4.641503e+01  3.663682e+01  3.000000e+00
     vertex  4.641503e+01  3.663682e+01  4.000000e+01
   endloop
 endfacet
 facet normal -5.758082e-01 -8.175848e-01 -0.000000e+00
   outer loop
     vertex  4.628891e+01  3.673035e+01  4.000000e+01
     vertex  4.628891e+01  3.673035e+01  3.000000e+00
     vertex  4.635312e+01  3.668513e+01  3.000000e+00
   endloop
 endfacet
 facet normal -5.349976e-01 -8.448536e-01 -0.000000e+00
   outer loop
     vertex  4.628891e+01  3.673035e+01  4.000000e+01
     vertex  4.622256e+01  3.677237e+01  3.000000e+00
     vertex  4.628891e+01  3.673035e+01  3.000000e+00
   endloop
 endfacet
 facet normal -5.758082e-01 -8.175848e-01 -6.508516e-20
   outer loop
     vertex  4.628891e+01  3.673035e+01  4.000000e+01
     vertex  4.635312e+01  3.668513e+01  3.000000e+00
     vertex  4.635312e+01  3.668513e+01  4.000000e+01
   endloop
 endfacet
 facet normal -5.349976e-01 -8.448536e-01 -0.000000e+00
   outer loop
     vertex  4.622256e+01  3.677237e+01  4.000000e+01
     vertex  4.622256e+01  3.677237e+01  3.000000e+00
     vertex  4.628891e+01  3.673035e+01  4.000000e+01
   endloop
 endfacet
 facet normal -4.928982e-01 -8.700870e-01 -0.000000e+00
   outer loop
     vertex  4.615423e+01  3.681107e+01  4.000000e+01
     vertex  4.615423e+01  3.681107e+01  3.000000e+00
     vertex  4.622256e+01  3.677237e+01  3.000000e+00
   endloop
 endfacet
 facet normal -4.928982e-01 -8.700870e-01 -2.351475e-20
   outer loop
     vertex  4.615423e+01  3.681107e+01  4.000000e+01
     vertex  4.622256e+01  3.677237e+01  3.000000e+00
     vertex  4.622256e+01  3.677237e+01  4.000000e+01
   endloop
 endfacet
 facet normal -4.496113e-01 -8.932243e-01 -0.000000e+00
   outer loop
     vertex  4.608409e+01  3.684638e+01  4.000000e+01
     vertex  4.608409e+01  3.684638e+01  3.000000e+00
     vertex  4.615423e+01  3.681107e+01  3.000000e+00
   endloop
 endfacet
 facet normal -4.496113e-01 -8.932243e-01  5.676056e-20
   outer loop
     vertex  4.608409e+01  3.684638e+01  4.000000e+01
     vertex  4.615423e+01  3.681107e+01  3.000000e+00
     vertex  4.615423e+01  3.681107e+01  4.000000e+01
   endloop
 endfacet
 facet normal -4.052413e-01 -9.142098e-01 -0.000000e+00
   outer loop
     vertex  4.601229e+01  3.687821e+01  4.000000e+01
     vertex  4.601229e+01  3.687821e+01  3.000000e+00
     vertex  4.608409e+01  3.684638e+01  3.000000e+00
   endloop
 endfacet
 facet normal -4.052413e-01 -9.142098e-01  5.051933e-20
   outer loop
     vertex  4.601229e+01  3.687821e+01  4.000000e+01
     vertex  4.608409e+01  3.684638e+01  3.000000e+00
     vertex  4.608409e+01  3.684638e+01  4.000000e+01
   endloop
 endfacet
 facet normal -3.598950e-01 -9.329928e-01 -0.000000e+00
   outer loop
     vertex  4.593902e+01  3.690647e+01  4.000000e+01
     vertex  4.593902e+01  3.690647e+01  3.000000e+00
     vertex  4.601229e+01  3.687821e+01  3.000000e+00
   endloop
 endfacet
 facet normal -3.136817e-01 -9.495282e-01 -0.000000e+00
   outer loop
     vertex  4.593902e+01  3.690647e+01  4.000000e+01
     vertex  4.586446e+01  3.693110e+01  3.000000e+00
     vertex  4.593902e+01  3.690647e+01  3.000000e+00
   endloop
 endfacet
 facet normal -3.598950e-01 -9.329928e-01  5.755503e-21
   outer loop
     vertex  4.593902e+01  3.690647e+01  4.000000e+01
     vertex  4.601229e+01  3.687821e+01  3.000000e+00
     vertex  4.601229e+01  3.687821e+01  4.000000e+01
   endloop
 endfacet
 facet normal -3.136817e-01 -9.495282e-01 -0.000000e+00
   outer loop
     vertex  4.586446e+01  3.693110e+01  4.000000e+01
     vertex  4.586446e+01  3.693110e+01  3.000000e+00
     vertex  4.593902e+01  3.690647e+01  4.000000e+01
   endloop
 endfacet
 facet normal -2.667128e-01 -9.637761e-01 -0.000000e+00
   outer loop
     vertex  4.578877e+01  3.695205e+01  4.000000e+01
     vertex  4.578877e+01  3.695205e+01  3.000000e+00
     vertex  4.586446e+01  3.693110e+01  3.000000e+00
   endloop
 endfacet
 facet normal -2.191012e-01 -9.757021e-01 -0.000000e+00
   outer loop
     vertex  4.578877e+01  3.695205e+01  4.000000e+01
     vertex  4.571214e+01  3.696926e+01  3.000000e+00
     vertex  4.578877e+01  3.695205e+01  3.000000e+00
   endloop
 endfacet
 facet normal -2.667128e-01 -9.637761e-01 -3.342890e-20
   outer loop
     vertex  4.578877e+01  3.695205e+01  4.000000e+01
     vertex  4.586446e+01  3.693110e+01  3.000000e+00
     vertex  4.586446e+01  3.693110e+01  4.000000e+01
   endloop
 endfacet
 facet normal -2.191012e-01 -9.757021e-01 -0.000000e+00
   outer loop
     vertex  4.571214e+01  3.696926e+01  4.000000e+01
     vertex  4.571214e+01  3.696926e+01  3.000000e+00
     vertex  4.578877e+01  3.695205e+01  4.000000e+01
   endloop
 endfacet
 facet normal -1.709619e-01 -9.852776e-01 -0.000000e+00
   outer loop
     vertex  4.563477e+01  3.698268e+01  4.000000e+01
     vertex  4.563477e+01  3.698268e+01  3.000000e+00
     vertex  4.571214e+01  3.696926e+01  3.000000e+00
   endloop
 endfacet
 facet normal -1.709619e-01 -9.852776e-01  2.574477e-20
   outer loop
     vertex  4.563477e+01  3.698268e+01  4.000000e+01
     vertex  4.571214e+01  3.696926e+01  3.000000e+00
     vertex  4.571214e+01  3.696926e+01  4.000000e+01
   endloop
 endfacet
 facet normal -1.224107e-01 -9.924795e-01 -0.000000e+00
   outer loop
     vertex  4.555683e+01  3.699230e+01  4.000000e+01
     vertex  4.555683e+01  3.699230e+01  3.000000e+00
     vertex  4.563477e+01  3.698268e+01  3.000000e+00
   endloop
 endfacet
 facet normal -7.356456e-02 -9.972905e-01 -0.000000e+00
   outer loop
     vertex  4.555683e+01  3.699230e+01  4.000000e+01
     vertex  4.547851e+01  3.699807e+01  3.000000e+00
     vertex  4.555683e+01  3.699230e+01  3.000000e+00
   endloop
 endfacet
 facet normal -1.224107e-01 -9.924795e-01  1.654999e-21
   outer loop
     vertex  4.555683e+01  3.699230e+01  4.000000e+01
     vertex  4.563477e+01  3.698268e+01  3.000000e+00
     vertex  4.563477e+01  3.698268e+01  4.000000e+01
   endloop
 endfacet
 facet normal -7.356456e-02 -9.972905e-01 -0.000000e+00
   outer loop
     vertex  4.547851e+01  3.699807e+01  4.000000e+01
     vertex  4.547851e+01  3.699807e+01  3.000000e+00
     vertex  4.555683e+01  3.699230e+01  4.000000e+01
   endloop
 endfacet
 facet normal -2.454123e-02 -9.996988e-01 -0.000000e+00
   outer loop
     vertex  4.540000e+01  3.700000e+01  4.000000e+01
     vertex  4.540000e+01  3.700000e+01  3.000000e+00
     vertex  4.547851e+01  3.699807e+01  3.000000e+00
   endloop
 endfacet
 facet normal -2.454123e-02 -9.996988e-01 -4.148994e-21
   outer loop
     vertex  4.540000e+01  3.700000e+01  4.000000e+01
     vertex  4.547851e+01  3.699807e+01  3.000000e+00
     vertex  4.547851e+01  3.699807e+01  4.000000e+01
   endloop
 endfacet
 facet normal -1.000000e+00  0.000000e+00  0.000000e+00
   outer loop
     vertex  4.700000e+01 -3.540000e+01  3.000000e+00
     vertex  4.700000e+01  3.540000e+01  4.000000e+01
     vertex  4.700000e+01  3.540000e+01  3.000000e+00
   endloop
 endfacet
 facet normal -1.000000e+00  0.000000e+00  0.000000e+00
   outer loop
     vertex  4.700000e+01 -3.540000e+01  4.000000e+01
     vertex  4.700000e+01  3.540000e+01  4.000000e+01
     vertex  4.700000e+01 -3.540000e+01  3.000000e+00
   endloop
 endfacet
 facet normal  0.000000e+00  0.000000e+00  1.000000e+00
   outer loop
     vertex -4.635312e+01 -3.668513e+01  3.000000e+00
     vertex -4.647449e+01 -3.658552e+01  3.000000e+00
     vertex -4.641503e+01 -3.663682e+01  3.000000e+00
   endloop
 endfacet
 facet normal  0.000000e+00  0.000000e+00  1.000000e+00
   outer loop
     vertex -4.608409e+01 -3.684638e+01  3.000000e+00
     vertex -4.622256e+01 -3.677237e+01  3.000000e+00
     vertex -4.615423e+01 -3.681107e+01  3.000000e+00
   endloop
 endfacet
 facet normal  0.000000e+00  0.000000e+00  1.000000e+00
   outer loop
     vertex -4.687821e+01 -3.601229e+01  3.000000e+00
     vertex -4.684638e+01 -3.608409e+01  3.000000e+00
     vertex -4.681107e+01 -3.615423e+01  3.000000e+00
   endloop
 endfacet
 facet normal  0.000000e+00  0.000000e+00  1.000000e+00
   outer loop
     vertex -4.687821e+01 -3.601229e+01  3.000000e+00
     vertex -4.681107e+01 -3.615423e+01  3.000000e+00
     vertex -4.677237e+01 -3.622256e+01  3.000000e+00
   endloop
 endfacet
 facet normal  0.000000e+00  0.000000e+00  1.000000e+00
   outer loop
     vertex -4.687821e+01 -3.601229e+01  3.000000e+00
     vertex -4.677237e+01 -3.622256e+01  3.000000e+00
     vertex -4.673035e+01 -3.628891e+01  3.000000e+00
   endloop
 endfacet
 facet normal  0.000000e+00  0.000000e+00  1.000000e+00
   outer loop
     vertex -4.687821e+01 -3.601229e+01  3.000000e+00
     vertex -4.673035e+01 -3.628891e+01  3.000000e+00
     vertex -4.668513e+01 -3.635312e+01  3.000000e+00
   endloop
 endfacet
 facet normal  0.000000e+00  0.000000e+00  1.000000e+00
   outer loop
     vertex -4.687821e+01 -3.601229e+01  3.000000e+00
     vertex -4.668513e+01 -3.635312e+01  3.000000e+00
     vertex -4.663682e+01 -3.641503e+01  3.000000e+00
   endloop
 endfacet
 facet normal  0.000000e+00  0.000000e+00  1.000000e+00
   outer loop
     vertex -4.687821e+01 -3.601229e+01  3.000000e+00
     vertex -4.663682e+01 -3.641503e+01  3.000000e+00
     vertex -4.658552e+01 -3.647449e+01  3.000000e+00
   endloop
 endfacet
 facet normal  0.000000e+00  0.000000e+00  1.000000e+00
   outer loop
     vertex -4.687821e+01 -3.601229e+01  3.000000e+00
     vertex -4.658552e+01 -3.647449e+01  3.000000e+00
     vertex -4.653137e+01 -3.653137e+01  3.000000e+00
   endloop
 endfacet
 facet normal  0.000000e+00  0.000000e+00  1.000000e+00
   outer loop
     vertex -4.687821e+01 -3.601229e+01  3.000000e+00
     vertex -4.653137e+01 -3.653137e+01  3.000000e+00
     vertex -4.647449e+01 -3.658552e+01  3.000000e+00
   endloop
 endfacet
 facet normal  0.000000e+00  0.000000e+00  1.000000e+00
   outer loop
     vertex -4.586446e+01 -3.693110e+01  3.000000e+00
     vertex -4.608409e+01 -3.684638e+01  3.000000e+00
     vertex -4.601229e+01 -3.687821e+01  3.000000e+00
   endloop
 endfacet
 facet normal  0.000000e+00  0.000000e+00  1.000000e+00
   outer loop
     vertex -4.586446e+01 -3.693110e+01  3.000000e+00
     vertex -4.601229e+01 -3.687821e+01  3.000000e+00
     vertex -4.593902e+01 -3.690647e+01  3.000000e+00
   endloop
 endfacet
 facet normal  0.000000e+00  0.000000e+00  1.000000e+00
   outer loop
     vertex -4.695205e+01 -3.578877e+01  3.000000e+00
     vertex -4.693110e+01 -3.586446e+01  3.000000e+00
     vertex -4.690647e+01 -3.593902e+01  3.000000e+00
   endloop
 endfacet
 facet normal  0.000000e+00  0.000000e+00  1.000000e+00
   outer loop
     vertex -4.571214e+01 -3.696926e+01  3.000000e+00
     vertex -4.586446e+01 -3.693110e+01  3.000000e+00
     vertex -4.578877e+01 -3.695205e+01  3.000000e+00
   endloop
 endfacet
 facet normal  0.000000e+00  0.000000e+00  1.000000e+00
   outer loop
     vertex -4.699230e+01 -3.555683e+01  3.000000e+00
     vertex -4.698268e+01 -3.563477e+01  3.000000e+00
     vertex -4.696926e+01 -3.571214e+01  3.000000e+00
   endloop
 endfacet
 facet normal  0.000000e+00  0.000000e+00  1.000000e+00
   outer loop
     vertex -4.540000e+01 -3.700000e+01  3.000000e+00
     vertex -4.635312e+01 -3.668513e+01  3.000000e+00
     vertex -4.628891e+01 -3.673035e+01  3.000000e+00
   endloop
 endfacet
 facet normal  0.000000e+00  0.000000e+00  1.000000e+00
   outer loop
     vertex -4.540000e+01 -3.700000e+01  3.000000e+00
     vertex -4.628891e+01 -3.673035e+01  3.000000e+00
     vertex -4.622256e+01 -3.677237e+01  3.000000e+00
   endloop
 endfacet
 facet normal  0.000000e+00  0.000000e+00  1.000000e+00
   outer loop
     vertex -4.540000e+01 -3.700000e+01  3.000000e+00
     vertex -4.571214e+01 -3.696926e+01  3.000000e+00
     vertex -4.563477e+01 -3.698268e+01  3.000000e+00
   endloop
 endfacet
 facet normal  0.000000e+00  0.000000e+00  1.000000e+00
   outer loop
     vertex -4.540000e+01 -3.700000e+01  3.000000e+00
     vertex -4.563477e+01 -3.698268e+01  3.000000e+00
     vertex -4.555683e+01 -3.699230e+01  3.000000e+00
   endloop
 endfacet
 facet normal  0.000000e+00  0.000000e+00  1.000000e+00
   outer loop
     vertex -4.540000e+01 -3.700000e+01  3.000000e+00
     vertex -4.555683e+01 -3.699230e+01  3.000000e+00
     vertex -4.547851e+01 -3.699807e+01  3.000000e+00
   endloop
 endfacet
 facet normal  0.000000e+00  0.000000e+00  1.000000e+00
   outer loop
     vertex -4.540000e+01 -3.700000e+01  3.000000e+00
     vertex -4.647449e+01 -3.658552e+01  3.000000e+00
     vertex -4.635312e+01 -3.668513e+01  3.000000e+00
   endloop
 endfacet
 facet normal  0.000000e+00  0.000000e+00  1.000000e+00
   outer loop
     vertex -4.540000e+01 -3.700000e+01  3.000000e+00
     vertex -4.608409e+01 -3.684638e+01  3.000000e+00
     vertex -4.586446e+01 -3.693110e+01  3.000000e+00
   endloop
 endfacet
 facet normal  0.000000e+00  0.000000e+00  1.000000e+00
   outer loop
     vertex -4.540000e+01 -3.700000e+01  3.000000e+00
     vertex -4.622256e+01 -3.677237e+01  3.000000e+00
     vertex -4.608409e+01 -3.684638e+01  3.000000e+00
   endloop
 endfacet
 facet normal  0.000000e+00  0.000000e+00  1.000000e+00
   outer loop
     vertex -4.540000e+01 -3.700000e+01  3.000000e+00
     vertex -4.586446e+01 -3.693110e+01  3.000000e+00
     vertex -4.571214e+01 -3.696926e+01  3.000000e+00
   endloop
 endfacet
 facet normal  0.000000e+00  0.000000e+00  1.000000e+00
   outer loop
     vertex -4.700000e+01 -3.540000e+01  3.000000e+00
     vertex -4.699807e+01 -3.547851e+01  3.000000e+00
     vertex -4.699230e+01 -3.555683e+01  3.000000e+00
   endloop
 endfacet
 facet normal  0.000000e+00  0.000000e+00  1.000000e+00
   outer loop
     vertex -4.700000e+01 -3.540000e+01  3.000000e+00
     vertex -4.696926e+01 -3.571214e+01  3.000000e+00
     vertex -4.695205e+01 -3.578877e+01  3.000000e+00
   endloop
 endfacet
 facet normal  0.000000e+00  0.000000e+00  1.000000e+00
   outer loop
     vertex -4.700000e+01 -3.540000e+01  3.000000e+00
     vertex -4.690647e+01 -3.593902e+01  3.000000e+00
     vertex -4.687821e+01 -3.601229e+01  3.000000e+00
   endloop
 endfacet
 facet normal  0.000000e+00  0.000000e+00  1.000000e+00
   outer loop
     vertex -4.700000e+01 -3.540000e+01  3.000000e+00
     vertex -4.695205e+01 -3.578877e+01  3.000000e+00
     vertex -4.690647e+01 -3.593902e+01  3.000000e+00
   endloop
 endfacet
 facet normal  0.000000e+00  0.000000e+00  1.000000e+00
   outer loop
     vertex -4.700000e+01 -3.540000e+01  3.000000e+00
     vertex -4.687821e+01 -3.601229e+01  3.000000e+00
     vertex -4.647449e+01 -3.658552e+01  3.000000e+00
   endloop
 endfacet
 facet normal  0.000000e+00  0.000000e+00  1.000000e+00
   outer loop
     vertex -4.700000e+01 -3.540000e+01  3.000000e+00
     vertex -4.647449e+01 -3.658552e+01  3.000000e+00
     vertex -4.540000e+01 -3.700000e+01  3.000000e+00
   endloop
 endfacet
 facet normal  0.000000e+00  0.000000e+00  1.000000e+00
   outer loop
     vertex -4.700000e+01 -3.540000e+01  3.000000e+00
     vertex -4.699230e+01 -3.555683e+01  3.000000e+00
     vertex -4.696926e+01 -3.571214e+01  3.000000e+00
   endloop
 endfacet
 facet normal  0.000000e+00  0.000000e+00  1.000000e+00
   outer loop
     vertex -4.695205e+01  3.578877e+01  3.000000e+00
     vertex -4.698268e+01  3.563477e+01  3.000000e+00
     vertex -4.699230e+01  3.555683e+01  3.000000e+00
   endloop
 endfacet
 facet normal  0.000000e+00  0.000000e+00  1.000000e+00
   outer loop
     vertex -4.695205e+01  3.578877e+01  3.000000e+00
     vertex -4.696926e+01  3.571214e+01  3.000000e+00
     vertex -4.698268e+01  3.563477e+01  3.000000e+00
   endloop
 endfacet
 facet normal  0.000000e+00  0.000000e+00  1.000000e+00
   outer loop
     vertex -4.693110e+01  3.586446e+01  3.000000e+00
     vertex -4.699230e+01  3.555683e+01  3.000000e+00
     vertex -4.699807e+01  3.547851e+01  3.000000e+00
   endloop
 endfacet
 facet normal  0.000000e+00  0.000000e+00  1.000000e+00
   outer loop
     vertex -4.693110e+01  3.586446e+01  3.000000e+00
     vertex -4.695205e+01  3.578877e+01  3.000000e+00
     vertex -4.699230e+01  3.555683e+01  3.000000e+00
   endloop
 endfacet
 facet normal  0.000000e+00  0.000000e+00  1.000000e+00
   outer loop
     vertex -4.690647e+01  3.593902e+01  3.000000e+00
     vertex -4.699807e+01  3.547851e+01  3.000000e+00
     vertex -4.700000e+01  3.540000e+01  3.000000e+00
   endloop
 endfacet
 facet normal  0.000000e+00  0.000000e+00  1.000000e+00
   outer loop
     vertex -4.690647e+01  3.593902e+01  3.000000e+00
     vertex -4.693110e+01  3.586446e+01  3.000000e+00
     vertex -4.699807e+01  3.547851e+01  3.000000e+00
   endloop
 endfacet
 facet normal  0.000000e+00  0.000000e+00  1.000000e+00
   outer loop
     vertex -4.687821e+01  3.601229e+01  3.000000e+00
     vertex -4.690647e+01  3.593902e+01  3.000000e+00
     vertex -4.700000e+01  3.540000e+01  3.000000e+00
   endloop
 endfacet
 facet normal  0.000000e+00  0.000000e+00  1.000000e+00
   outer loop
     vertex -4.681107e+01  3.615423e+01  3.000000e+00
     vertex -4.684638e+01  3.608409e+01  3.000000e+00
     vertex -4.687821e+01  3.601229e+01  3.000000e+00
   endloop
 endfacet
 facet normal  0.000000e+00  0.000000e+00  1.000000e+00
   outer loop
     vertex -4.681107e+01  3.615423e+01  3.000000e+00
     vertex -4.687821e+01  3.601229e+01  3.000000e+00
     vertex -4.700000e+01  3.540000e+01  3.000000e+00
   endloop
 endfacet
 facet normal  0.000000e+00  0.000000e+00  1.000000e+00
   outer loop
     vertex -4.673035e+01  3.628891e+01  3.000000e+00
     vertex -4.681107e+01  3.615423e+01  3.000000e+00
     vertex -4.700000e+01  3.540000e+01  3.000000e+00
   endloop
 endfacet
 facet normal  0.000000e+00  0.000000e+00  1.000000e+00
   outer loop
     vertex -4.673035e+01  3.628891e+01  3.000000e+00
     vertex -4.677237e+01  3.622256e+01  3.000000e+00
     vertex -4.681107e+01  3.615423e+01  3.000000e+00
   endloop
 endfacet
 facet normal  0.000000e+00  0.000000e+00  1.000000e+00
   outer loop
     vertex -4.658552e+01  3.647449e+01  3.000000e+00
     vertex -4.663682e+01  3.641503e+01  3.000000e+00
     vertex -4.668513e+01  3.635312e+01  3.000000e+00
   endloop
 endfacet
 facet normal  0.000000e+00  0.000000e+00  1.000000e+00
   outer loop
     vertex -4.653137e+01  3.653137e+01  3.000000e+00
     vertex -4.668513e+01  3.635312e+01  3.000000e+00
     vertex -4.673035e+01  3.628891e+01  3.000000e+00
   endloop
 endfacet
 facet normal  0.000000e+00  0.000000e+00  1.000000e+00
   outer loop
     vertex -4.653137e+01  3.653137e+01  3.000000e+00
     vertex -4.673035e+01  3.628891e+01  3.000000e+00
     vertex -4.700000e+01  3.540000e+01  3.000000e+00
   endloop
 endfacet
 facet normal  0.000000e+00  0.000000e+00  1.000000e+00
   outer loop
     vertex -4.653137e+01  3.653137e+01  3.000000e+00
     vertex -4.658552e+01  3.647449e+01  3.000000e+00
     vertex -4.668513e+01  3.635312e+01  3.000000e+00
   endloop
 endfacet
 facet normal  0.000000e+00  0.000000e+00  1.000000e+00
   outer loop
     vertex -4.635312e+01  3.668513e+01  3.000000e+00
     vertex -4.647449e+01  3.658552e+01  3.000000e+00
     vertex -4.653137e+01  3.653137e+01  3.000000e+00
   endloop
 endfacet
 facet normal  0.000000e+00  0.000000e+00  1.000000e+00
   outer loop
     vertex -4.635312e+01  3.668513e+01  3.000000e+00
     vertex -4.641503e+01  3.663682e+01  3.000000e+00
     vertex -4.647449e+01  3.658552e+01  3.000000e+00
   endloop
 endfacet
 facet normal  0.000000e+00  0.000000e+00  1.000000e+00
   outer loop
     vertex -4.635312e+01  3.668513e+01  3.000000e+00
     vertex -4.653137e+01  3.653137e+01  3.000000e+00
     vertex -4.700000e+01  3.540000e+01  3.000000e+00
   endloop
 endfacet
 facet normal  0.000000e+00  0.000000e+00  1.000000e+00
   outer loop
     vertex -4.622256e+01  3.677237e+01  3.000000e+00
     vertex -4.628891e+01  3.673035e+01  3.000000e+00
     vertex -4.635312e+01  3.668513e+01  3.000000e+00
   endloop
 endfacet
 facet normal  0.000000e+00  0.000000e+00  1.000000e+00
   outer loop
     vertex -4.615423e+01  3.681107e+01  3.000000e+00
     vertex -4.622256e+01  3.677237e+01  3.000000e+00
     vertex -4.635312e+01  3.668513e+01  3.000000e+00
   endloop
 endfacet
 facet normal  0.000000e+00  0.000000e+00  1.000000e+00
   outer loop
     vertex -4.608409e+01  3.684638e+01  3.000000e+00
     vertex -4.615423e+01  3.681107e+01  3.000000e+00
     vertex -4.635312e+01  3.668513e+01  3.000000e+00
   endloop
 endfacet
 facet normal  0.000000e+00  0.000000e+00  1.000000e+00
   outer loop
     vertex -4.601229e+01  3.687821e+01  3.000000e+00
     vertex -4.635312e+01  3.668513e+01  3.000000e+00
     vertex -4.700000e+01  3.540000e+01  3.000000e+00
   endloop
 endfacet
 facet normal  0.000000e+00  0.000000e+00  1.000000e+00
   outer loop
     vertex -4.601229e+01  3.687821e+01  3.000000e+00
     vertex -4.608409e+01  3.684638e+01  3.000000e+00
     vertex -4.635312e+01  3.668513e+01  3.000000e+00
   endloop
 endfacet
 facet normal  0.000000e+00  0.000000e+00  1.000000e+00
   outer loop
     vertex -4.571214e+01  3.696926e+01  3.000000e+00
     vertex -4.593902e+01  3.690647e+01  3.000000e+00
     vertex -4.601229e+01  3.687821e+01  3.000000e+00
   endloop
 endfacet
 facet normal  0.000000e+00  0.000000e+00  1.000000e+00
   outer loop
     vertex -4.571214e+01  3.696926e+01  3.000000e+00
     vertex -4.586446e+01  3.693110e+01  3.000000e+00
     vertex -4.593902e+01  3.690647e+01  3.000000e+00
   endloop
 endfacet
 facet normal  0.000000e+00  0.000000e+00  1.000000e+00
   outer loop
     vertex -4.571214e+01  3.696926e+01  3.000000e+00
     vertex -4.578877e+01  3.695205e+01  3.000000e+00
     vertex -4.586446e+01  3.693110e+01  3.000000e+00
   endloop
 endfacet
 facet normal  0.000000e+00  0.000000e+00  1.000000e+00
   outer loop
     vertex -4.547851e+01  3.699807e+01  3.000000e+00
     vertex -4.555683e+01  3.699230e+01  3.000000e+00
     vertex -4.563477e+01  3.698268e+01  3.000000e+00
   endloop
 endfacet
 facet normal  0.000000e+00  0.000000e+00  1.000000e+00
   outer loop
     vertex -4.540000e+01  3.700000e+01  3.000000e+00
     vertex -4.700000e+01 -3.540000e+01  3.000000e+00
     vertex -4.540000e+01 -3.700000e+01  3.000000e+00
   endloop
 endfacet
 facet normal  0.000000e+00  0.000000e+00  1.000000e+00
   outer loop
     vertex -4.540000e+01  3.700000e+01  3.000000e+00
     vertex -4.700000e+01  3.540000e+01  3.000000e+00
     vertex -4.700000e+01 -3.540000e+01  3.000000e+00
   endloop
 endfacet
 facet normal  0.000000e+00  0.000000e+00  1.000000e+00
   outer loop
     vertex -4.540000e+01  3.700000e+01  3.000000e+00
     vertex -4.563477e+01  3.698268e+01  3.000000e+00
     vertex -4.571214e+01  3.696926e+01  3.000000e+00
   endloop
 endfacet
 facet normal  0.000000e+00  0.000000e+00  1.000000e+00
   outer loop
     vertex -4.540000e+01  3.700000e+01  3.000000e+00
     vertex -4.601229e+01  3.687821e+01  3.000000e+00
     vertex -4.700000e+01  3.540000e+01  3.000000e+00
   endloop
 endfacet
 facet normal  0.000000e+00  0.000000e+00  1.000000e+00
   outer loop
     vertex -4.540000e+01  3.700000e+01  3.000000e+00
     vertex -4.571214e+01  3.696926e+01  3.000000e+00
     vertex -4.601229e+01  3.687821e+01  3.000000e+00
   endloop
 endfacet
 facet normal  0.000000e+00  0.000000e+00  1.000000e+00
   outer loop
     vertex -4.540000e+01  3.700000e+01  3.000000e+00
     vertex -4.547851e+01  3.699807e+01  3.000000e+00
     vertex -4.563477e+01  3.698268e+01  3.000000e+00
   endloop
 endfacet
 facet normal  0.000000e+00  0.000000e+00  1.000000e+00
   outer loop
     vertex  4.563477e+01 -3.698268e+01  3.000000e+00
     vertex  4.540000e+01 -3.700000e+01  3.000000e+00
     vertex  4.547851e+01 -3.699807e+01  3.000000e+00
   endloop
 endfacet
 facet normal  0.000000e+00  0.000000e+00  1.000000e+00
   outer loop
     vertex  4.563477e+01 -3.698268e+01  3.000000e+00
     vertex  4.547851e+01 -3.699807e+01  3.000000e+00
     vertex  4.555683e+01 -3.699230e+01  3.000000e+00
   endloop
 endfacet
 facet normal  0.000000e+00  0.000000e+00  1.000000e+00
   outer loop
     vertex  4.571214e+01 -3.696926e+01  3.000000e+00
     vertex  4.540000e+01 -3.700000e+01  3.000000e+00
     vertex  4.563477e+01 -3.698268e+01  3.000000e+00
   endloop
 endfacet
 facet normal  0.000000e+00  0.000000e+00  1.000000e+00
   outer loop
     vertex  4.578877e+01 -3.695205e+01  3.000000e+00
     vertex  4.540000e+01 -3.700000e+01  3.000000e+00
     vertex  4.571214e+01 -3.696926e+01  3.000000e+00
   endloop
 endfacet
 facet normal  0.000000e+00  0.000000e+00  1.000000e+00
   outer loop
     vertex  4.586446e+01 -3.693110e+01  3.000000e+00
     vertex  4.540000e+01 -3.700000e+01  3.000000e+00
     vertex  4.578877e+01 -3.695205e+01  3.000000e+00
   endloop
 endfacet
 facet normal  0.000000e+00  0.000000e+00  1.000000e+00
   outer loop
     vertex  4.593902e+01 -3.690647e+01  3.000000e+00
     vertex  4.540000e+01 -3.700000e+01  3.000000e+00
     vertex  4.586446e+01 -3.693110e+01  3.000000e+00
   endloop
 endfacet
 facet normal  0.000000e+00  0.000000e+00  1.000000e+00
   outer loop
     vertex  4.608409e+01 -3.684638e+01  3.000000e+00
     vertex  4.593902e+01 -3.690647e+01  3.000000e+00
     vertex  4.601229e+01 -3.687821e+01  3.000000e+00
   endloop
 endfacet
 facet normal  0.000000e+00  0.000000e+00  1.000000e+00
   outer loop
     vertex  4.615423e+01 -3.681107e+01  3.000000e+00
     vertex  4.593902e+01 -3.690647e+01  3.000000e+00
     vertex  4.608409e+01 -3.684638e+01  3.000000e+00
   endloop
 endfacet
 facet normal  0.000000e+00  0.000000e+00  1.000000e+00
   outer loop
     vertex  4.622256e+01 -3.677237e+01  3.000000e+00
     vertex  4.540000e+01 -3.700000e+01  3.000000e+00
     vertex  4.593902e+01 -3.690647e+01  3.000000e+00
   endloop
 endfacet
 facet normal  0.000000e+00  0.000000e+00  1.000000e+00
   outer loop
     vertex  4.622256e+01 -3.677237e+01  3.000000e+00
     vertex  4.593902e+01 -3.690647e+01  3.000000e+00
     vertex  4.615423e+01 -3.681107e+01  3.000000e+00
   endloop
 endfacet
 facet normal  0.000000e+00  0.000000e+00  1.000000e+00
   outer loop
     vertex  4.628891e+01 -3.673035e+01  3.000000e+00
     vertex  4.540000e+01 -3.700000e+01  3.000000e+00
     vertex  4.622256e+01 -3.677237e+01  3.000000e+00
   endloop
 endfacet
 facet normal  0.000000e+00  0.000000e+00  1.000000e+00
   outer loop
     vertex  4.641503e+01 -3.663682e+01  3.000000e+00
     vertex  4.628891e+01 -3.673035e+01  3.000000e+00
     vertex  4.635312e+01 -3.668513e+01  3.000000e+00
   endloop
 endfacet
 facet normal  0.000000e+00  0.000000e+00  1.000000e+00
   outer loop
     vertex  4.647449e+01 -3.658552e+01  3.000000e+00
     vertex  4.628891e+01 -3.673035e+01  3.000000e+00
     vertex  4.641503e+01 -3.663682e+01  3.000000e+00
   endloop
 endfacet
 facet normal  0.000000e+00  0.000000e+00  1.000000e+00
   outer loop
     vertex  4.658552e+01 -3.647449e+01  3.000000e+00
     vertex  4.647449e+01 -3.658552e+01  3.000000e+00
     vertex  4.653137e+01 -3.653137e+01  3.000000e+00
   endloop
 endfacet
 facet normal  0.000000e+00  0.000000e+00  1.000000e+00
   outer loop
     vertex  4.658552e+01 -3.647449e+01  3.000000e+00
     vertex  4.540000e+01 -3.700000e+01  3.000000e+00
     vertex  4.628891e+01 -3.673035e+01  3.000000e+00
   endloop
 endfacet
 facet normal  0.000000e+00  0.000000e+00  1.000000e+00
   outer loop
     vertex  4.658552e+01 -3.647449e+01  3.000000e+00
     vertex  4.628891e+01 -3.673035e+01  3.000000e+00
     vertex  4.647449e+01 -3.658552e+01  3.000000e+00
   endloop
 endfacet
 facet normal  0.000000e+00  0.000000e+00  1.000000e+00
   outer loop
     vertex  4.663682e+01 -3.641503e+01  3.000000e+00
     vertex  4.540000e+01 -3.700000e+01  3.000000e+00
     vertex  4.658552e+01 -3.647449e+01  3.000000e+00
   endloop
 endfacet
 facet normal  0.000000e+00  0.000000e+00  1.000000e+00
   outer loop
     vertex  4.673035e+01 -3.628891e+01  3.000000e+00
     vertex  4.663682e+01 -3.641503e+01  3.000000e+00
     vertex  4.668513e+01 -3.635312e+01  3.000000e+00
   endloop
 endfacet
 facet normal  0.000000e+00  0.000000e+00  1.000000e+00
   outer loop
     vertex  4.673035e+01 -3.628891e+01  3.000000e+00
     vertex  4.540000e+01 -3.700000e+01  3.000000e+00
     vertex  4.663682e+01 -3.641503e+01  3.000000e+00
   endloop
 endfacet
 facet normal  0.000000e+00  0.000000e+00  1.000000e+00
   outer loop
     vertex  4.681107e+01 -3.615423e+01  3.000000e+00
     vertex  4.673035e+01 -3.628891e+01  3.000000e+00
     vertex  4.677237e+01 -3.622256e+01  3.000000e+00
   endloop
 endfacet
 facet normal  0.000000e+00  0.000000e+00  1.000000e+00
   outer loop
     vertex  4.693110e+01 -3.586446e+01  3.000000e+00
     vertex  4.684638e+01 -3.608409e+01  3.000000e+00
     vertex  4.687821e+01 -3.601229e+01  3.000000e+00
   endloop
 endfacet
 facet normal  0.000000e+00  0.000000e+00  1.000000e+00
   outer loop
     vertex  4.693110e+01 -3.586446e+01  3.000000e+00
     vertex  4.687821e+01 -3.601229e+01  3.000000e+00
     vertex  4.690647e+01 -3.593902e+01  3.000000e+00
   endloop
 endfacet
 facet normal  0.000000e+00  0.000000e+00  1.000000e+00
   outer loop
     vertex  4.695205e+01 -3.578877e+01  3.000000e+00
     vertex  4.684638e+01 -3.608409e+01  3.000000e+00
     vertex  4.693110e+01 -3.586446e+01  3.000000e+00
   endloop
 endfacet
 facet normal  0.000000e+00  0.000000e+00  1.000000e+00
   outer loop
     vertex  4.698268e+01 -3.563477e+01  3.000000e+00
     vertex  4.673035e+01 -3.628891e+01  3.000000e+00
     vertex  4.681107e+01 -3.615423e+01  3.000000e+00
   endloop
 endfacet
 facet normal  0.000000e+00  0.000000e+00  1.000000e+00
   outer loop
     vertex  4.698268e+01 -3.563477e+01  3.000000e+00
     vertex  4.540000e+01 -3.700000e+01  3.000000e+00
     vertex  4.673035e+01 -3.628891e+01  3.000000e+00
   endloop
 endfacet
 facet normal  0.000000e+00  0.000000e+00  1.000000e+00
   outer loop
     vertex  4.698268e+01 -3.563477e+01  3.000000e+00
     vertex  4.684638e+01 -3.608409e+01  3.000000e+00
     vertex  4.695205e+01 -3.578877e+01  3.000000e+00
   endloop
 endfacet
 facet normal  0.000000e+00  0.000000e+00  1.000000e+00
   outer loop
     vertex  4.698268e+01 -3.563477e+01  3.000000e+00
     vertex  4.681107e+01 -3.615423e+01  3.000000e+00
     vertex  4.684638e+01 -3.608409e+01  3.000000e+00
   endloop
 endfacet
 facet normal  0.000000e+00  0.000000e+00  1.000000e+00
   outer loop
     vertex  4.698268e+01 -3.563477e+01  3.000000e+00
     vertex  4.695205e+01 -3.578877e+01  3.000000e+00
     vertex  4.696926e+01 -3.571214e+01  3.000000e+00
   endloop
 endfacet
 facet normal  0.000000e+00  0.000000e+00  1.000000e+00
   outer loop
     vertex  4.699807e+01 -3.547851e+01  3.000000e+00
     vertex  4.698268e+01 -3.563477e+01  3.000000e+00
     vertex  4.699230e+01 -3.555683e+01  3.000000e+00
   endloop
 endfacet
 facet normal  0.000000e+00  0.000000e+00  1.000000e+00
   outer loop
     vertex  4.700000e+01 -3.540000e+01  3.000000e+00
     vertex  4.540000e+01 -3.700000e+01  3.000000e+00
     vertex  4.698268e+01 -3.563477e+01  3.000000e+00
   endloop
 endfacet
 facet normal  0.000000e+00  0.000000e+00  1.000000e+00
   outer loop
     vertex  4.700000e+01 -3.540000e+01  3.000000e+00
     vertex  4.698268e+01 -3.563477e+01  3.000000e+00
     vertex  4.699807e+01 -3.547851e+01  3.000000e+00
   endloop
 endfacet
 facet normal  0.000000e+00  0.000000e+00  1.000000e+00
   outer loop
     vertex  4.540000e+01  3.700000e+01  3.000000e+00
     vertex -4.540000e+01 -3.700000e+01  3.000000e+00
     vertex  4.540000e+01 -3.700000e+01  3.000000e+00
   endloop
 endfacet
 facet normal  0.000000e+00  0.000000e+00  1.000000e+00
   outer loop
     vertex  4.540000e+01  3.700000e+01  3.000000e+00
     vertex -4.540000e+01  3.700000e+01  3.000000e+00
     vertex -4.540000e+01 -3.700000e+01  3.000000e+00
   endloop
 endfacet
 facet normal  0.000000e+00  0.000000e+00  1.000000e+00
   outer loop
     vertex  4.700000e+01  3.540000e+01  3.000000e+00
     vertex  4.540000e+01 -3.700000e+01  3.000000e+00
     vertex  4.700000e+01 -3.540000e+01  3.000000e+00
   endloop
 endfacet
 facet normal  0.000000e+00  0.000000e+00  1.000000e+00
   outer loop
     vertex  4.700000e+01  3.540000e+01  3.000000e+00
     vertex  4.540000e+01  3.700000e+01  3.000000e+00
     vertex  4.540000e+01 -3.700000e+01  3.000000e+00
   endloop
 endfacet
 facet normal  0.000000e+00  0.000000e+00  1.000000e+00
   outer loop
     vertex  4.563477e+01  3.698268e+01  3.000000e+00
     vertex  4.555683e+01  3.699230e+01  3.000000e+00
     vertex  4.547851e+01  3.699807e+01  3.000000e+00
   endloop
 endfacet
 facet normal  0.000000e+00  0.000000e+00  1.000000e+00
   outer loop
     vertex  4.563477e+01  3.698268e+01  3.000000e+00
     vertex  4.547851e+01  3.699807e+01  3.000000e+00
     vertex  4.540000e+01  3.700000e+01  3.000000e+00
   endloop
 endfacet
 facet normal  0.000000e+00  0.000000e+00  1.000000e+00
   outer loop
     vertex  4.571214e+01  3.696926e+01  3.000000e+00
     vertex  4.563477e+01  3.698268e+01  3.000000e+00
     vertex  4.540000e+01  3.700000e+01  3.000000e+00
   endloop
 endfacet
 facet normal  0.000000e+00  0.000000e+00  1.000000e+00
   outer loop
     vertex  4.696926e+01  3.571214e+01  3.000000e+00
     vertex  4.699807e+01  3.547851e+01  3.000000e+00
     vertex  4.699230e+01  3.555683e+01  3.000000e+00
   endloop
 endfacet
 facet normal  0.000000e+00  0.000000e+00  1.000000e+00
   outer loop
     vertex  4.696926e+01  3.571214e+01  3.000000e+00
     vertex  4.699230e+01  3.555683e+01  3.000000e+00
     vertex  4.698268e+01  3.563477e+01  3.000000e+00
   endloop
 endfacet
 facet normal  0.000000e+00  0.000000e+00  1.000000e+00
   outer loop
     vertex  4.578877e+01  3.695205e+01  3.000000e+00
     vertex  4.571214e+01  3.696926e+01  3.000000e+00
     vertex  4.540000e+01  3.700000e+01  3.000000e+00
   endloop
 endfacet
 facet normal  0.000000e+00  0.000000e+00  1.000000e+00
   outer loop
     vertex  4.586446e+01  3.693110e+01  3.000000e+00
     vertex  4.578877e+01  3.695205e+01  3.000000e+00
     vertex  4.540000e+01  3.700000e+01  3.000000e+00
   endloop
 endfacet
 facet normal  0.000000e+00  0.000000e+00  1.000000e+00
   outer loop
     vertex  4.593902e+01  3.690647e+01  3.000000e+00
     vertex  4.586446e+01  3.693110e+01  3.000000e+00
     vertex  4.540000e+01  3.700000e+01  3.000000e+00
   endloop
 endfacet
 facet normal  0.000000e+00  0.000000e+00  1.000000e+00
   outer loop
     vertex  4.687821e+01  3.601229e+01  3.000000e+00
     vertex  4.695205e+01  3.578877e+01  3.000000e+00
     vertex  4.693110e+01  3.586446e+01  3.000000e+00
   endloop
 endfacet
 facet normal  0.000000e+00  0.000000e+00  1.000000e+00
   outer loop
     vertex  4.687821e+01  3.601229e+01  3.000000e+00
     vertex  4.693110e+01  3.586446e+01  3.000000e+00
     vertex  4.690647e+01  3.593902e+01  3.000000e+00
   endloop
 endfacet
 facet normal  0.000000e+00  0.000000e+00  1.000000e+00
   outer loop
     vertex  4.601229e+01  3.687821e+01  3.000000e+00
     vertex  4.593902e+01  3.690647e+01  3.000000e+00
     vertex  4.540000e+01  3.700000e+01  3.000000e+00
   endloop
 endfacet
 facet normal  0.000000e+00  0.000000e+00  1.000000e+00
   outer loop
     vertex  4.615423e+01  3.681107e+01  3.000000e+00
     vertex  4.608409e+01  3.684638e+01  3.000000e+00
     vertex  4.601229e+01  3.687821e+01  3.000000e+00
   endloop
 endfacet
 facet normal  0.000000e+00  0.000000e+00  1.000000e+00
   outer loop
     vertex  4.681107e+01  3.615423e+01  3.000000e+00
     vertex  4.699807e+01  3.547851e+01  3.000000e+00
     vertex  4.696926e+01  3.571214e+01  3.000000e+00
   endloop
 endfacet
 facet normal  0.000000e+00  0.000000e+00  1.000000e+00
   outer loop
     vertex  4.681107e+01  3.615423e+01  3.000000e+00
     vertex  4.695205e+01  3.578877e+01  3.000000e+00
     vertex  4.687821e+01  3.601229e+01  3.000000e+00
   endloop
 endfacet
 facet normal  0.000000e+00  0.000000e+00  1.000000e+00
   outer loop
     vertex  4.681107e+01  3.615423e+01  3.000000e+00
     vertex  4.696926e+01  3.571214e+01  3.000000e+00
     vertex  4.695205e+01  3.578877e+01  3.000000e+00
   endloop
 endfacet
 facet normal  0.000000e+00  0.000000e+00  1.000000e+00
   outer loop
     vertex  4.681107e+01  3.615423e+01  3.000000e+00
     vertex  4.687821e+01  3.601229e+01  3.000000e+00
     vertex  4.684638e+01  3.608409e+01  3.000000e+00
   endloop
 endfacet
 facet normal  0.000000e+00  0.000000e+00  1.000000e+00
   outer loop
     vertex  4.622256e+01  3.677237e+01  3.000000e+00
     vertex  4.615423e+01  3.681107e+01  3.000000e+00
     vertex  4.601229e+01  3.687821e+01  3.000000e+00
   endloop
 endfacet
 facet normal  0.000000e+00  0.000000e+00  1.000000e+00
   outer loop
     vertex  4.677237e+01  3.622256e+01  3.000000e+00
     vertex  4.540000e+01  3.700000e+01  3.000000e+00
     vertex  4.700000e+01  3.540000e+01  3.000000e+00
   endloop
 endfacet
 facet normal  0.000000e+00  0.000000e+00  1.000000e+00
   outer loop
     vertex  4.677237e+01  3.622256e+01  3.000000e+00
     vertex  4.700000e+01  3.540000e+01  3.000000e+00
     vertex  4.699807e+01  3.547851e+01  3.000000e+00
   endloop
 endfacet
 facet normal  0.000000e+00  0.000000e+00  1.000000e+00
   outer loop
     vertex  4.677237e+01  3.622256e+01  3.000000e+00
     vertex  4.699807e+01  3.547851e+01  3.000000e+00
     vertex  4.681107e+01  3.615423e+01  3.000000e+00
   endloop
 endfacet
 facet normal  0.000000e+00  0.000000e+00  1.000000e+00
   outer loop
     vertex  4.628891e+01  3.673035e+01  3.000000e+00
     vertex  4.622256e+01  3.677237e+01  3.000000e+00
     vertex  4.601229e+01  3.687821e+01  3.000000e+00
   endloop
 endfacet
 facet normal  0.000000e+00  0.000000e+00  1.000000e+00
   outer loop
     vertex  4.635312e+01  3.668513e+01  3.000000e+00
     vertex  4.601229e+01  3.687821e+01  3.000000e+00
     vertex  4.540000e+01  3.700000e+01  3.000000e+00
   endloop
 endfacet
 facet normal  0.000000e+00  0.000000e+00  1.000000e+00
   outer loop
     vertex  4.635312e+01  3.668513e+01  3.000000e+00
     vertex  4.628891e+01  3.673035e+01  3.000000e+00
     vertex  4.601229e+01  3.687821e+01  3.000000e+00
   endloop
 endfacet
 facet normal  0.000000e+00  0.000000e+00  1.000000e+00
   outer loop
     vertex  4.641503e+01  3.663682e+01  3.000000e+00
     vertex  4.635312e+01  3.668513e+01  3.000000e+00
     vertex  4.540000e+01  3.700000e+01  3.000000e+00
   endloop
 endfacet
 facet normal  0.000000e+00  0.000000e+00  1.000000e+00
   outer loop
     vertex  4.663682e+01  3.641503e+01  3.000000e+00
     vertex  4.540000e+01  3.700000e+01  3.000000e+00
     vertex  4.677237e+01  3.622256e+01  3.000000e+00
   endloop
 endfacet
 facet normal  0.000000e+00  0.000000e+00  1.000000e+00
   outer loop
     vertex  4.663682e+01  3.641503e+01  3.000000e+00
     vertex  4.677237e+01  3.622256e+01  3.000000e+00
     vertex  4.673035e+01  3.628891e+01  3.000000e+00
   endloop
 endfacet
 facet normal  0.000000e+00  0.000000e+00  1.000000e+00
   outer loop
     vertex  4.663682e+01  3.641503e+01  3.000000e+00
     vertex  4.673035e+01  3.628891e+01  3.000000e+00
     vertex  4.668513e+01  3.635312e+01  3.000000e+00
   endloop
 endfacet
 facet normal  0.000000e+00  0.000000e+00  1.000000e+00
   outer loop
     vertex  4.653137e+01  3.653137e+01  3.000000e+00
     vertex  4.663682e+01  3.641503e+01  3.000000e+00
     vertex  4.658552e+01  3.647449e+01  3.000000e+00
   endloop
 endfacet
 facet normal  0.000000e+00  0.000000e+00  1.000000e+00
   outer loop
     vertex  4.653137e+01  3.653137e+01  3.000000e+00
     vertex  4.641503e+01  3.663682e+01  3.000000e+00
     vertex  4.540000e+01  3.700000e+01  3.000000e+00
   endloop
 endfacet
 facet normal  0.000000e+00  0.000000e+00  1.000000e+00
   outer loop
     vertex  4.653137e+01  3.653137e+01  3.000000e+00
     vertex  4.647449e+01  3.658552e+01  3.000000e+00
     vertex  4.641503e+01  3.663682e+01  3.000000e+00
   endloop
 endfacet
 facet normal  0.000000e+00  0.000000e+00  1.000000e+00
   outer loop
     vertex  4.653137e+01  3.653137e+01  3.000000e+00
     vertex  4.540000e+01  3.700000e+01  3.000000e+00
     vertex  4.663682e+01  3.641503e+01  3.000000e+00
   endloop
 endfacet
endsolid
